commodity_id,commodity,market_id,market,admin1,admin2,date,price,monthly_change_pct,absolute_change_pct,spike_flag,month_inserted,n_merged
108,Lentils,360,Ampara,Eastern,Ampara,2023-06-01,287.35,NA,NA,FALSE,FALSE,1
108,Lentils,360,Ampara,Eastern,Ampara,2023-07-01,283.58,-1.3119888637550159,1.3119888637550159,FALSE,FALSE,1
108,Lentils,360,Ampara,Eastern,Ampara,2023-08-01,295.56,4.224557444107489,4.224557444107489,FALSE,FALSE,1
108,Lentils,360,Ampara,Eastern,Ampara,2023-09-01,317.4,7.389362565976443,7.389362565976443,FALSE,FALSE,1
108,Lentils,360,Ampara,Eastern,Ampara,2023-10-01,304.5,-4.06427221172022,4.06427221172022,FALSE,FALSE,1
108,Lentils,360,Ampara,Eastern,Ampara,2023-11-01,306.77,0.7454844006568085,0.7454844006568085,FALSE,FALSE,1
108,Lentils,360,Ampara,Eastern,Ampara,2023-12-01,313.33,2.1384098836261702,2.1384098836261702,FALSE,FALSE,1
108,Lentils,360,Ampara,Eastern,Ampara,2024-01-01,312.5,-0.2648964350684531,0.2648964350684531,FALSE,FALSE,1
108,Lentils,360,Ampara,Eastern,Ampara,2024-02-01,311.56,-0.3007999999999993,0.3007999999999993,FALSE,FALSE,1
108,Lentils,360,Ampara,Eastern,Ampara,2024-03-01,305.31,-2.0060341507253816,2.0060341507253816,FALSE,FALSE,1
108,Lentils,360,Ampara,Eastern,Ampara,2024-04-01,294.42,-3.566866463594375,3.566866463594375,FALSE,FALSE,1
108,Lentils,360,Ampara,Eastern,Ampara,2024-05-01,295.46,0.3532368724950627,0.3532368724950627,FALSE,FALSE,1
108,Lentils,360,Ampara,Eastern,Ampara,2024-06-01,295.46,0,0,FALSE,FALSE,1
108,Lentils,360,Ampara,Eastern,Ampara,2024-07-01,295.81,0.11845935151967195,0.11845935151967195,FALSE,FALSE,1
108,Lentils,360,Ampara,Eastern,Ampara,2024-08-01,295.92,0.03718603157432597,0.03718603157432597,FALSE,FALSE,1
108,Lentils,360,Ampara,Eastern,Ampara,2024-09-01,277.25,-6.309137604758047,6.309137604758047,FALSE,FALSE,1
108,Lentils,360,Ampara,Eastern,Ampara,2024-10-01,284.62,2.6582506762849434,2.6582506762849434,FALSE,FALSE,1
108,Lentils,360,Ampara,Eastern,Ampara,2024-11-01,286.25,0.5726934157824451,0.5726934157824451,FALSE,FALSE,1
108,Lentils,360,Ampara,Eastern,Ampara,2024-12-01,284.27,-0.6917030567685654,0.6917030567685654,FALSE,FALSE,1
108,Lentils,360,Ampara,Eastern,Ampara,2025-01-01,284.67,0.14071129559926623,0.14071129559926623,FALSE,FALSE,1
108,Lentils,360,Ampara,Eastern,Ampara,2025-02-01,280.83,-1.3489303403941517,1.3489303403941517,FALSE,FALSE,1
108,Lentils,360,Ampara,Eastern,Ampara,2025-03-01,274.5,-2.254032688815292,2.254032688815292,FALSE,FALSE,1
108,Lentils,360,Ampara,Eastern,Ampara,2025-04-01,271.67,-1.0309653916211237,1.0309653916211237,FALSE,FALSE,1
108,Lentils,360,Ampara,Eastern,Ampara,2025-05-01,266.04,-2.0723672102182777,2.0723672102182777,FALSE,FALSE,1
108,Lentils,360,Ampara,Eastern,Ampara,2025-06-01,265.5,-0.20297699594046775,0.20297699594046775,FALSE,FALSE,1
108,Lentils,360,Ampara,Eastern,Ampara,2025-07-01,261.88,-1.3634651600753314,1.3634651600753314,FALSE,FALSE,1
108,Lentils,360,Ampara,Eastern,Ampara,2025-08-01,256.67,-1.9894608217504124,1.9894608217504124,FALSE,FALSE,1
108,Lentils,360,Ampara,Eastern,Ampara,2025-09-01,255.33,-0.522071141933223,0.522071141933223,FALSE,FALSE,1
108,Lentils,361,Batticaloa,Eastern,Batticaloa,2023-06-01,304.65,NA,NA,FALSE,FALSE,1
108,Lentils,361,Batticaloa,Eastern,Batticaloa,2023-07-01,297.76,-2.2616116855407804,2.2616116855407804,FALSE,FALSE,1
108,Lentils,361,Batticaloa,Eastern,Batticaloa,2023-08-01,314.4,5.588393336915632,5.588393336915632,FALSE,FALSE,1
108,Lentils,361,Batticaloa,Eastern,Batticaloa,2023-09-01,330.05,4.977735368956755,4.977735368956755,FALSE,FALSE,1
108,Lentils,361,Batticaloa,Eastern,Batticaloa,2023-10-01,325.44,-1.3967580669595556,1.3967580669595556,FALSE,FALSE,1
108,Lentils,361,Batticaloa,Eastern,Batticaloa,2023-11-01,323.95,-0.45784169124877366,0.45784169124877366,FALSE,FALSE,1
108,Lentils,361,Batticaloa,Eastern,Batticaloa,2023-12-01,325.3,0.41673097700263095,0.41673097700263095,FALSE,FALSE,1
108,Lentils,361,Batticaloa,Eastern,Batticaloa,2024-01-01,326.28,0.3012603750384142,0.3012603750384142,FALSE,FALSE,1
108,Lentils,361,Batticaloa,Eastern,Batticaloa,2024-02-01,323.05,-0.9899472845408733,0.9899472845408733,FALSE,FALSE,1
108,Lentils,361,Batticaloa,Eastern,Batticaloa,2024-03-01,319.85,-0.9905587370376067,0.9905587370376067,FALSE,FALSE,1
108,Lentils,361,Batticaloa,Eastern,Batticaloa,2024-04-01,318.88,-0.30326715647960834,0.30326715647960834,FALSE,FALSE,1
108,Lentils,361,Batticaloa,Eastern,Batticaloa,2024-05-01,317.3,-0.4954841946813799,0.4954841946813799,FALSE,FALSE,1
108,Lentils,361,Batticaloa,Eastern,Batticaloa,2024-06-01,317.3,0,0,FALSE,FALSE,1
108,Lentils,361,Batticaloa,Eastern,Batticaloa,2024-07-01,314,-1.0400252127324334,1.0400252127324334,FALSE,FALSE,1
108,Lentils,361,Batticaloa,Eastern,Batticaloa,2024-08-01,301.8,-3.885350318471334,3.885350318471334,FALSE,FALSE,1
108,Lentils,361,Batticaloa,Eastern,Batticaloa,2024-09-01,NA,NA,NA,FALSE,TRUE,NA
108,Lentils,361,Batticaloa,Eastern,Batticaloa,2024-10-01,NA,NA,NA,FALSE,TRUE,NA
108,Lentils,361,Batticaloa,Eastern,Batticaloa,2024-11-01,NA,NA,NA,FALSE,TRUE,NA
108,Lentils,361,Batticaloa,Eastern,Batticaloa,2024-12-01,297.5,NA,NA,FALSE,FALSE,1
108,Lentils,361,Batticaloa,Eastern,Batticaloa,2025-01-01,293.75,-1.2605042016806722,1.2605042016806722,FALSE,FALSE,1
108,Lentils,361,Batticaloa,Eastern,Batticaloa,2025-02-01,292.5,-0.425531914893617,0.425531914893617,FALSE,FALSE,1
108,Lentils,361,Batticaloa,Eastern,Batticaloa,2025-03-01,287.75,-1.6239316239316242,1.6239316239316242,FALSE,FALSE,1
108,Lentils,361,Batticaloa,Eastern,Batticaloa,2025-04-01,286.25,-0.5212858384013901,0.5212858384013901,FALSE,FALSE,1
108,Lentils,361,Batticaloa,Eastern,Batticaloa,2025-05-01,NA,NA,NA,FALSE,TRUE,NA
108,Lentils,361,Batticaloa,Eastern,Batticaloa,2025-06-01,293.75,NA,NA,FALSE,FALSE,1
108,Lentils,361,Batticaloa,Eastern,Batticaloa,2025-07-01,277.81,-5.426382978723403,5.426382978723403,FALSE,FALSE,1
108,Lentils,361,Batticaloa,Eastern,Batticaloa,2025-08-01,285,2.5880997804254697,2.5880997804254697,FALSE,FALSE,1
108,Lentils,361,Batticaloa,Eastern,Batticaloa,2025-09-01,291,2.1052631578947367,2.1052631578947367,FALSE,FALSE,1
108,Lentils,362,Jaffna,Northern,Jaffna,2023-06-01,293.96,NA,NA,FALSE,FALSE,1
108,Lentils,362,Jaffna,Northern,Jaffna,2023-07-01,283.33,-3.6161382501020536,3.6161382501020536,FALSE,FALSE,1
108,Lentils,362,Jaffna,Northern,Jaffna,2023-08-01,291.67,2.9435640419299163,2.9435640419299163,FALSE,FALSE,1
108,Lentils,362,Jaffna,Northern,Jaffna,2023-09-01,294.08,0.826276271128319,0.826276271128319,FALSE,FALSE,1
108,Lentils,362,Jaffna,Northern,Jaffna,2023-10-01,328.6,11.738302502720362,11.738302502720362,FALSE,FALSE,1
108,Lentils,362,Jaffna,Northern,Jaffna,2023-11-01,321,-2.3128423615337863,2.3128423615337863,FALSE,FALSE,1
108,Lentils,362,Jaffna,Northern,Jaffna,2023-12-01,317.75,-1.0124610591900312,1.0124610591900312,FALSE,FALSE,1
108,Lentils,362,Jaffna,Northern,Jaffna,2024-01-01,317.2,-0.17309205350118376,0.17309205350118376,FALSE,FALSE,1
108,Lentils,362,Jaffna,Northern,Jaffna,2024-02-01,317,-0.06305170239596111,0.06305170239596111,FALSE,FALSE,1
108,Lentils,362,Jaffna,Northern,Jaffna,2024-03-01,319.25,0.7097791798107256,0.7097791798107256,FALSE,FALSE,1
108,Lentils,362,Jaffna,Northern,Jaffna,2024-04-01,319,-0.07830853563038372,0.07830853563038372,FALSE,FALSE,1
108,Lentils,362,Jaffna,Northern,Jaffna,2024-05-01,317,-0.6269592476489028,0.6269592476489028,FALSE,FALSE,1
108,Lentils,362,Jaffna,Northern,Jaffna,2024-06-01,315,-0.6309148264984227,0.6309148264984227,FALSE,FALSE,1
108,Lentils,362,Jaffna,Northern,Jaffna,2024-07-01,313.75,-0.3968253968253968,0.3968253968253968,FALSE,FALSE,1
108,Lentils,362,Jaffna,Northern,Jaffna,2024-08-01,307.25,-2.0717131474103585,2.0717131474103585,FALSE,FALSE,1
108,Lentils,362,Jaffna,Northern,Jaffna,2024-09-01,290,-5.614320585842148,5.614320585842148,FALSE,FALSE,1
108,Lentils,362,Jaffna,Northern,Jaffna,2024-10-01,296,2.0689655172413794,2.0689655172413794,FALSE,FALSE,1
108,Lentils,362,Jaffna,Northern,Jaffna,2024-11-01,294.5,-0.5067567567567568,0.5067567567567568,FALSE,FALSE,1
108,Lentils,362,Jaffna,Northern,Jaffna,2024-12-01,296.8,0.7809847198641804,0.7809847198641804,FALSE,FALSE,1
108,Lentils,362,Jaffna,Northern,Jaffna,2025-01-01,297.75,0.3200808625336889,0.3200808625336889,FALSE,FALSE,1
108,Lentils,362,Jaffna,Northern,Jaffna,2025-02-01,297,-0.2518891687657431,0.2518891687657431,FALSE,FALSE,1
108,Lentils,362,Jaffna,Northern,Jaffna,2025-03-01,296.5,-0.16835016835016833,0.16835016835016833,FALSE,FALSE,1
108,Lentils,362,Jaffna,Northern,Jaffna,2025-04-01,NA,NA,NA,FALSE,TRUE,NA
108,Lentils,362,Jaffna,Northern,Jaffna,2025-05-01,NA,NA,NA,FALSE,TRUE,NA
108,Lentils,362,Jaffna,Northern,Jaffna,2025-06-01,271,NA,NA,FALSE,FALSE,1
108,Lentils,362,Jaffna,Northern,Jaffna,2025-07-01,262.25,-3.2287822878228782,3.2287822878228782,FALSE,FALSE,1
108,Lentils,362,Jaffna,Northern,Jaffna,2025-08-01,254,-3.145853193517636,3.145853193517636,FALSE,FALSE,1
108,Lentils,362,Jaffna,Northern,Jaffna,2025-09-01,254.4,0.15748031496063214,0.15748031496063214,FALSE,FALSE,1
108,Lentils,363,Kilinochchi,Northern,Kilinochchi,2023-06-01,307.75,NA,NA,FALSE,FALSE,1
108,Lentils,363,Kilinochchi,Northern,Kilinochchi,2023-07-01,297.6,-3.2981316003249312,3.2981316003249312,FALSE,FALSE,1
108,Lentils,363,Kilinochchi,Northern,Kilinochchi,2023-08-01,324.5,9.038978494623647,9.038978494623647,FALSE,FALSE,1
108,Lentils,363,Kilinochchi,Northern,Kilinochchi,2023-09-01,332.25,2.3882896764252695,2.3882896764252695,FALSE,FALSE,1
108,Lentils,363,Kilinochchi,Northern,Kilinochchi,2023-10-01,325.6,-2.001504890895403,2.001504890895403,FALSE,FALSE,1
108,Lentils,363,Kilinochchi,Northern,Kilinochchi,2023-11-01,325.5,-0.030712530712537694,0.030712530712537694,FALSE,FALSE,1
108,Lentils,363,Kilinochchi,Northern,Kilinochchi,2023-12-01,326.75,0.38402457757296465,0.38402457757296465,FALSE,FALSE,1
108,Lentils,363,Kilinochchi,Northern,Kilinochchi,2024-01-01,326.8,0.01530221882173263,0.01530221882173263,FALSE,FALSE,1
108,Lentils,363,Kilinochchi,Northern,Kilinochchi,2024-02-01,325,-0.5507955936352543,0.5507955936352543,FALSE,FALSE,1
108,Lentils,363,Kilinochchi,Northern,Kilinochchi,2024-03-01,317,-2.4615384615384617,2.4615384615384617,FALSE,FALSE,1
108,Lentils,363,Kilinochchi,Northern,Kilinochchi,2024-04-01,317.2,0.06309148264983869,0.06309148264983869,FALSE,FALSE,1
108,Lentils,363,Kilinochchi,Northern,Kilinochchi,2024-05-01,321.25,1.2767969735182885,1.2767969735182885,FALSE,FALSE,1
108,Lentils,363,Kilinochchi,Northern,Kilinochchi,2024-06-01,321.25,0,0,FALSE,FALSE,1
108,Lentils,363,Kilinochchi,Northern,Kilinochchi,2024-07-01,315.2,-1.883268482490276,1.883268482490276,FALSE,FALSE,1
108,Lentils,363,Kilinochchi,Northern,Kilinochchi,2024-08-01,304.25,-3.4739847715736003,3.4739847715736003,FALSE,FALSE,1
108,Lentils,363,Kilinochchi,Northern,Kilinochchi,2024-09-01,299.72,-1.4889071487263674,1.4889071487263674,FALSE,FALSE,1
108,Lentils,363,Kilinochchi,Northern,Kilinochchi,2024-10-01,304.75,1.678233017482975,1.678233017482975,FALSE,FALSE,1
108,Lentils,363,Kilinochchi,Northern,Kilinochchi,2024-11-01,305,0.08203445447087777,0.08203445447087777,FALSE,FALSE,1
108,Lentils,363,Kilinochchi,Northern,Kilinochchi,2024-12-01,304.6,-0.1311475409835991,0.1311475409835991,FALSE,FALSE,1
108,Lentils,363,Kilinochchi,Northern,Kilinochchi,2025-01-01,305,0.131319763624418,0.131319763624418,FALSE,FALSE,1
108,Lentils,363,Kilinochchi,Northern,Kilinochchi,2025-02-01,300,-1.639344262295082,1.639344262295082,FALSE,FALSE,1
108,Lentils,363,Kilinochchi,Northern,Kilinochchi,2025-03-01,291.4,-2.8666666666666742,2.8666666666666742,FALSE,FALSE,1
108,Lentils,363,Kilinochchi,Northern,Kilinochchi,2025-04-01,285,-2.1962937542896284,2.1962937542896284,FALSE,FALSE,1
108,Lentils,363,Kilinochchi,Northern,Kilinochchi,2025-05-01,284.5,-0.17543859649122806,0.17543859649122806,FALSE,FALSE,1
108,Lentils,363,Kilinochchi,Northern,Kilinochchi,2025-06-01,276.5,-2.8119507908611596,2.8119507908611596,FALSE,FALSE,1
108,Lentils,363,Kilinochchi,Northern,Kilinochchi,2025-07-01,NA,NA,NA,FALSE,TRUE,NA
108,Lentils,363,Kilinochchi,Northern,Kilinochchi,2025-08-01,NA,NA,NA,FALSE,TRUE,NA
108,Lentils,363,Kilinochchi,Northern,Kilinochchi,2025-09-01,258.16,NA,NA,FALSE,FALSE,1
108,Lentils,364,Mannar,Northern,Mannar,2023-06-01,297.5,NA,NA,FALSE,FALSE,1
108,Lentils,364,Mannar,Northern,Mannar,2023-07-01,307.8,3.4621848739495835,3.4621848739495835,FALSE,FALSE,1
108,Lentils,364,Mannar,Northern,Mannar,2023-08-01,313.5,1.8518518518518479,1.8518518518518479,FALSE,FALSE,1
108,Lentils,364,Mannar,Northern,Mannar,2023-09-01,340,8.452950558213717,8.452950558213717,FALSE,FALSE,1
108,Lentils,364,Mannar,Northern,Mannar,2023-10-01,332.2,-2.294117647058827,2.294117647058827,FALSE,FALSE,1
108,Lentils,364,Mannar,Northern,Mannar,2023-11-01,336,1.1438892233594253,1.1438892233594253,FALSE,FALSE,1
108,Lentils,364,Mannar,Northern,Mannar,2023-12-01,336,0,0,FALSE,FALSE,1
108,Lentils,364,Mannar,Northern,Mannar,2024-01-01,336,0,0,FALSE,FALSE,1
108,Lentils,364,Mannar,Northern,Mannar,2024-02-01,332,-1.1904761904761905,1.1904761904761905,FALSE,FALSE,1
108,Lentils,364,Mannar,Northern,Mannar,2024-03-01,332,0,0,FALSE,FALSE,1
108,Lentils,364,Mannar,Northern,Mannar,2024-04-01,316,-4.819277108433735,4.819277108433735,FALSE,FALSE,1
108,Lentils,364,Mannar,Northern,Mannar,2024-05-01,316.33,0.10443037974683039,0.10443037974683039,FALSE,FALSE,1
108,Lentils,364,Mannar,Northern,Mannar,2024-06-01,316.33,0,0,FALSE,FALSE,1
108,Lentils,364,Mannar,Northern,Mannar,2024-07-01,323.5,2.266620301583794,2.266620301583794,FALSE,FALSE,1
108,Lentils,364,Mannar,Northern,Mannar,2024-08-01,313,-3.2457496136012365,3.2457496136012365,FALSE,FALSE,1
108,Lentils,364,Mannar,Northern,Mannar,2024-09-01,310.8,-0.7028753993610187,0.7028753993610187,FALSE,FALSE,1
108,Lentils,364,Mannar,Northern,Mannar,2024-10-01,312,0.38610038610038244,0.38610038610038244,FALSE,FALSE,1
108,Lentils,364,Mannar,Northern,Mannar,2024-11-01,310.5,-0.4807692307692308,0.4807692307692308,FALSE,FALSE,1
108,Lentils,364,Mannar,Northern,Mannar,2024-12-01,305.6,-1.578099838969397,1.578099838969397,FALSE,FALSE,1
108,Lentils,364,Mannar,Northern,Mannar,2025-01-01,313.5,2.585078534031406,2.585078534031406,FALSE,FALSE,1
108,Lentils,364,Mannar,Northern,Mannar,2025-02-01,NA,NA,NA,FALSE,TRUE,NA
108,Lentils,364,Mannar,Northern,Mannar,2025-03-01,NA,NA,NA,FALSE,TRUE,NA
108,Lentils,364,Mannar,Northern,Mannar,2025-04-01,NA,NA,NA,FALSE,TRUE,NA
108,Lentils,364,Mannar,Northern,Mannar,2025-05-01,NA,NA,NA,FALSE,TRUE,NA
108,Lentils,364,Mannar,Northern,Mannar,2025-06-01,292.5,NA,NA,FALSE,FALSE,1
108,Lentils,364,Mannar,Northern,Mannar,2025-07-01,284.69,-2.670085470085471,2.670085470085471,FALSE,FALSE,1
108,Lentils,364,Mannar,Northern,Mannar,2025-08-01,272.25,-4.369665249920966,4.369665249920966,FALSE,FALSE,1
108,Lentils,364,Mannar,Northern,Mannar,2025-09-01,273.6,0.49586776859504966,0.49586776859504966,FALSE,FALSE,1
108,Lentils,366,Trincomalee,Eastern,Trincomalee,2023-06-01,311.85,NA,NA,FALSE,FALSE,1
108,Lentils,366,Trincomalee,Eastern,Trincomalee,2023-07-01,300,-3.7999037999038068,3.7999037999038068,FALSE,FALSE,1
108,Lentils,366,Trincomalee,Eastern,Trincomalee,2023-08-01,303.25,1.0833333333333335,1.0833333333333335,FALSE,FALSE,1
108,Lentils,366,Trincomalee,Eastern,Trincomalee,2023-09-01,321,5.85325638911789,5.85325638911789,FALSE,FALSE,1
108,Lentils,366,Trincomalee,Eastern,Trincomalee,2023-10-01,315.6,-1.6822429906541985,1.6822429906541985,FALSE,FALSE,1
108,Lentils,366,Trincomalee,Eastern,Trincomalee,2023-11-01,315.5,-0.03168567807351798,0.03168567807351798,FALSE,FALSE,1
108,Lentils,366,Trincomalee,Eastern,Trincomalee,2023-12-01,321.25,1.8225039619651346,1.8225039619651346,FALSE,FALSE,1
108,Lentils,366,Trincomalee,Eastern,Trincomalee,2024-01-01,317.96,-1.0241245136186834,1.0241245136186834,FALSE,FALSE,1
108,Lentils,366,Trincomalee,Eastern,Trincomalee,2024-02-01,314.1,-1.2139891810290468,1.2139891810290468,FALSE,FALSE,1
108,Lentils,366,Trincomalee,Eastern,Trincomalee,2024-03-01,323.2,2.897166507481683,2.897166507481683,FALSE,FALSE,1
108,Lentils,366,Trincomalee,Eastern,Trincomalee,2024-04-01,326.13,0.9065594059405963,0.9065594059405963,FALSE,FALSE,1
108,Lentils,366,Trincomalee,Eastern,Trincomalee,2024-05-01,310.55,-4.777236071505223,4.777236071505223,FALSE,FALSE,1
108,Lentils,366,Trincomalee,Eastern,Trincomalee,2024-06-01,310.55,0,0,FALSE,FALSE,1
108,Lentils,366,Trincomalee,Eastern,Trincomalee,2024-07-01,317.08,2.10272097890838,2.10272097890838,FALSE,FALSE,1
108,Lentils,366,Trincomalee,Eastern,Trincomalee,2024-08-01,307.35,-3.0686262142046052,3.0686262142046052,FALSE,FALSE,1
108,Lentils,366,Trincomalee,Eastern,Trincomalee,2024-09-01,302,-1.7406865137465501,1.7406865137465501,FALSE,FALSE,1
108,Lentils,366,Trincomalee,Eastern,Trincomalee,2024-10-01,295.6,-2.119205298013237,2.119205298013237,FALSE,FALSE,1
108,Lentils,366,Trincomalee,Eastern,Trincomalee,2024-11-01,302.85,2.4526387009472255,2.4526387009472255,FALSE,FALSE,1
108,Lentils,366,Trincomalee,Eastern,Trincomalee,2024-12-01,303.76,0.3004787848769913,0.3004787848769913,FALSE,FALSE,1
108,Lentils,366,Trincomalee,Eastern,Trincomalee,2025-01-01,305.7,0.6386621016592039,0.6386621016592039,FALSE,FALSE,1
108,Lentils,366,Trincomalee,Eastern,Trincomalee,2025-02-01,301.2,-1.4720314033366046,1.4720314033366046,FALSE,FALSE,1
108,Lentils,366,Trincomalee,Eastern,Trincomalee,2025-03-01,291.56,-3.200531208499332,3.200531208499332,FALSE,FALSE,1
108,Lentils,366,Trincomalee,Eastern,Trincomalee,2025-04-01,285.6,-2.0441761558512757,2.0441761558512757,FALSE,FALSE,1
108,Lentils,366,Trincomalee,Eastern,Trincomalee,2025-05-01,284.07,-0.535714285714296,0.535714285714296,FALSE,FALSE,1
108,Lentils,366,Trincomalee,Eastern,Trincomalee,2025-06-01,283.32,-0.26401943183018267,0.26401943183018267,FALSE,FALSE,1
108,Lentils,366,Trincomalee,Eastern,Trincomalee,2025-07-01,283.45,0.0458845122123378,0.0458845122123378,FALSE,FALSE,1
108,Lentils,366,Trincomalee,Eastern,Trincomalee,2025-08-01,282.5,-0.3351561121890946,0.3351561121890946,FALSE,FALSE,1
108,Lentils,366,Trincomalee,Eastern,Trincomalee,2025-09-01,282.75,0.08849557522123894,0.08849557522123894,FALSE,FALSE,1
108,Lentils,367,Vavuniya,Northern,Vavuniya,2023-06-01,303.25,NA,NA,FALSE,FALSE,1
108,Lentils,367,Vavuniya,Northern,Vavuniya,2023-07-01,298.92,-1.4278647980214292,1.4278647980214292,FALSE,FALSE,1
108,Lentils,367,Vavuniya,Northern,Vavuniya,2023-08-01,306.75,2.6194299478121184,2.6194299478121184,FALSE,FALSE,1
108,Lentils,367,Vavuniya,Northern,Vavuniya,2023-09-01,328.85,7.204563977180121,7.204563977180121,FALSE,FALSE,1
108,Lentils,367,Vavuniya,Northern,Vavuniya,2023-10-01,323.6,-1.5964725558765394,1.5964725558765394,FALSE,FALSE,1
108,Lentils,367,Vavuniya,Northern,Vavuniya,2023-11-01,NA,NA,NA,FALSE,TRUE,NA
108,Lentils,367,Vavuniya,Northern,Vavuniya,2023-12-01,NA,NA,NA,FALSE,TRUE,NA
108,Lentils,367,Vavuniya,Northern,Vavuniya,2024-01-01,321.76,NA,NA,FALSE,FALSE,1
108,Lentils,367,Vavuniya,Northern,Vavuniya,2024-02-01,321.45,-0.09634510193933438,0.09634510193933438,FALSE,FALSE,1
108,Lentils,367,Vavuniya,Northern,Vavuniya,2024-03-01,322.45,0.31109037175299425,0.31109037175299425,FALSE,FALSE,1
108,Lentils,367,Vavuniya,Northern,Vavuniya,2024-04-01,317.8,-1.4420840440378284,1.4420840440378284,FALSE,FALSE,1
108,Lentils,367,Vavuniya,Northern,Vavuniya,2024-05-01,321.05,1.0226557583385776,1.0226557583385776,FALSE,FALSE,1
108,Lentils,367,Vavuniya,Northern,Vavuniya,2024-06-01,314.15,-2.149197944245455,2.149197944245455,FALSE,FALSE,1
108,Lentils,367,Vavuniya,Northern,Vavuniya,2024-07-01,317.96,1.2127964348241296,1.2127964348241296,FALSE,FALSE,1
108,Lentils,367,Vavuniya,Northern,Vavuniya,2024-08-01,304.27,-4.305573028053843,4.305573028053843,FALSE,FALSE,1
108,Lentils,367,Vavuniya,Northern,Vavuniya,2024-09-01,NA,NA,NA,FALSE,TRUE,NA
108,Lentils,367,Vavuniya,Northern,Vavuniya,2024-10-01,302.8,NA,NA,FALSE,FALSE,1
108,Lentils,367,Vavuniya,Northern,Vavuniya,2024-11-01,NA,NA,NA,FALSE,TRUE,NA
108,Lentils,367,Vavuniya,Northern,Vavuniya,2024-12-01,303.7,NA,NA,FALSE,FALSE,1
108,Lentils,367,Vavuniya,Northern,Vavuniya,2025-01-01,307.8,1.3500164636154175,1.3500164636154175,FALSE,FALSE,1
108,Lentils,367,Vavuniya,Northern,Vavuniya,2025-02-01,313.1,1.7218973359324274,1.7218973359324274,FALSE,FALSE,1
108,Lentils,367,Vavuniya,Northern,Vavuniya,2025-03-01,312.32,-0.249121686362194,0.249121686362194,FALSE,FALSE,1
108,Lentils,367,Vavuniya,Northern,Vavuniya,2025-04-01,287.05,-8.091060450819667,8.091060450819667,FALSE,FALSE,1
108,Lentils,367,Vavuniya,Northern,Vavuniya,2025-05-01,286.2,-0.2961156592928141,0.2961156592928141,FALSE,FALSE,1
108,Lentils,367,Vavuniya,Northern,Vavuniya,2025-06-01,296.3,3.5290006988120277,3.5290006988120277,FALSE,FALSE,1
108,Lentils,367,Vavuniya,Northern,Vavuniya,2025-07-01,287.2,-3.0712116098548843,3.0712116098548843,FALSE,FALSE,1
108,Lentils,367,Vavuniya,Northern,Vavuniya,2025-08-01,NA,NA,NA,FALSE,TRUE,NA
108,Lentils,367,Vavuniya,Northern,Vavuniya,2025-09-01,287.72,NA,NA,FALSE,FALSE,1
108,Lentils,368,Colombo City,Western,Colombo,2023-06-01,310.07,NA,NA,FALSE,FALSE,1
108,Lentils,368,Colombo City,Western,Colombo,2023-07-01,307.36,-0.8739961944077078,0.8739961944077078,FALSE,FALSE,1
108,Lentils,368,Colombo City,Western,Colombo,2023-08-01,325.71,5.970197813638718,5.970197813638718,FALSE,FALSE,1
108,Lentils,368,Colombo City,Western,Colombo,2023-09-01,337.62,3.656627060882388,3.656627060882388,FALSE,FALSE,1
108,Lentils,368,Colombo City,Western,Colombo,2023-10-01,336.88,-0.21918132812037472,0.21918132812037472,FALSE,FALSE,1
108,Lentils,368,Colombo City,Western,Colombo,2023-11-01,338.96,0.6174305390643505,0.6174305390643505,FALSE,FALSE,1
108,Lentils,368,Colombo City,Western,Colombo,2023-12-01,339.87,0.2684682558414046,0.2684682558414046,FALSE,FALSE,1
108,Lentils,368,Colombo City,Western,Colombo,2024-01-01,NA,NA,NA,FALSE,TRUE,NA
108,Lentils,368,Colombo City,Western,Colombo,2024-02-01,NA,NA,NA,FALSE,TRUE,NA
108,Lentils,368,Colombo City,Western,Colombo,2024-03-01,335.56,NA,NA,FALSE,FALSE,1
108,Lentils,368,Colombo City,Western,Colombo,2024-04-01,NA,NA,NA,FALSE,TRUE,NA
108,Lentils,368,Colombo City,Western,Colombo,2024-05-01,328.72,NA,NA,FALSE,FALSE,1
108,Lentils,368,Colombo City,Western,Colombo,2024-06-01,330.12,0.4258943781942009,0.4258943781942009,FALSE,FALSE,1
108,Lentils,368,Colombo City,Western,Colombo,2024-07-01,329.38,-0.2241609111838147,0.2241609111838147,FALSE,FALSE,1
108,Lentils,368,Colombo City,Western,Colombo,2024-08-01,321.09,-2.5168498390916327,2.5168498390916327,FALSE,FALSE,1
108,Lentils,368,Colombo City,Western,Colombo,2024-09-01,313.51,-2.3607088355289747,2.3607088355289747,FALSE,FALSE,1
108,Lentils,368,Colombo City,Western,Colombo,2024-10-01,313.71,0.06379381837899545,0.06379381837899545,FALSE,FALSE,1
108,Lentils,368,Colombo City,Western,Colombo,2024-11-01,307.6,-1.9476586656466028,1.9476586656466028,FALSE,FALSE,1
108,Lentils,368,Colombo City,Western,Colombo,2024-12-01,309.23,0.529908972691806,0.529908972691806,FALSE,FALSE,1
108,Lentils,368,Colombo City,Western,Colombo,2025-01-01,313.31,1.319406267179764,1.319406267179764,FALSE,FALSE,1
108,Lentils,368,Colombo City,Western,Colombo,2025-02-01,NA,NA,NA,FALSE,TRUE,NA
108,Lentils,368,Colombo City,Western,Colombo,2025-03-01,NA,NA,NA,FALSE,TRUE,NA
108,Lentils,368,Colombo City,Western,Colombo,2025-04-01,298.44,NA,NA,FALSE,FALSE,1
108,Lentils,368,Colombo City,Western,Colombo,2025-05-01,291.38,-2.365634633427155,2.365634633427155,FALSE,FALSE,1
108,Lentils,368,Colombo City,Western,Colombo,2025-06-01,289.7,-0.5765666826824102,0.5765666826824102,FALSE,FALSE,1
108,Lentils,368,Colombo City,Western,Colombo,2025-07-01,287.16,-0.876769071453215,0.876769071453215,FALSE,FALSE,1
108,Lentils,368,Colombo City,Western,Colombo,2025-08-01,281.26,-2.0546037052514396,2.0546037052514396,FALSE,FALSE,1
108,Lentils,368,Colombo City,Western,Colombo,2025-09-01,277.07,-1.4897248097845401,1.4897248097845401,FALSE,FALSE,1
108,Lentils,1888,Polonnaruwa,North Central,Polonnaruwa,2023-06-01,302,NA,NA,FALSE,FALSE,1
108,Lentils,1888,Polonnaruwa,North Central,Polonnaruwa,2023-07-01,296.2,-1.9205298013245071,1.9205298013245071,FALSE,FALSE,1
108,Lentils,1888,Polonnaruwa,North Central,Polonnaruwa,2023-08-01,318,7.359891964888593,7.359891964888593,FALSE,FALSE,1
108,Lentils,1888,Polonnaruwa,North Central,Polonnaruwa,2023-09-01,324.25,1.9654088050314464,1.9654088050314464,FALSE,FALSE,1
108,Lentils,1888,Polonnaruwa,North Central,Polonnaruwa,2023-10-01,329.2,1.526599845797992,1.526599845797992,FALSE,FALSE,1
108,Lentils,1888,Polonnaruwa,North Central,Polonnaruwa,2023-11-01,327,-0.668286755771564,0.668286755771564,FALSE,FALSE,1
108,Lentils,1888,Polonnaruwa,North Central,Polonnaruwa,2023-12-01,328,0.3058103975535168,0.3058103975535168,FALSE,FALSE,1
108,Lentils,1888,Polonnaruwa,North Central,Polonnaruwa,2024-01-01,328,0,0,FALSE,FALSE,1
108,Lentils,1888,Polonnaruwa,North Central,Polonnaruwa,2024-02-01,328,0,0,FALSE,FALSE,1
108,Lentils,1888,Polonnaruwa,North Central,Polonnaruwa,2024-03-01,328,0,0,FALSE,FALSE,1
108,Lentils,1888,Polonnaruwa,North Central,Polonnaruwa,2024-04-01,324,-1.2195121951219512,1.2195121951219512,FALSE,FALSE,1
108,Lentils,1888,Polonnaruwa,North Central,Polonnaruwa,2024-05-01,324,0,0,FALSE,FALSE,1
108,Lentils,1888,Polonnaruwa,North Central,Polonnaruwa,2024-06-01,NA,NA,NA,FALSE,TRUE,NA
108,Lentils,1888,Polonnaruwa,North Central,Polonnaruwa,2024-07-01,NA,NA,NA,FALSE,TRUE,NA
108,Lentils,1888,Polonnaruwa,North Central,Polonnaruwa,2024-08-01,309.8,NA,NA,FALSE,FALSE,1
108,Lentils,1888,Polonnaruwa,North Central,Polonnaruwa,2024-09-01,308,-0.5810200129115595,0.5810200129115595,FALSE,FALSE,1
108,Lentils,1888,Polonnaruwa,North Central,Polonnaruwa,2024-10-01,309.5,0.487012987012987,0.487012987012987,FALSE,FALSE,1
108,Lentils,1888,Polonnaruwa,North Central,Polonnaruwa,2024-11-01,310,0.16155088852988692,0.16155088852988692,FALSE,FALSE,1
108,Lentils,1888,Polonnaruwa,North Central,Polonnaruwa,2024-12-01,307.6,-0.7741935483870894,0.7741935483870894,FALSE,FALSE,1
108,Lentils,1888,Polonnaruwa,North Central,Polonnaruwa,2025-01-01,310,0.7802340702210588,0.7802340702210588,FALSE,FALSE,1
108,Lentils,1888,Polonnaruwa,North Central,Polonnaruwa,2025-02-01,308.5,-0.4838709677419355,0.4838709677419355,FALSE,FALSE,1
108,Lentils,1888,Polonnaruwa,North Central,Polonnaruwa,2025-03-01,298.4,-3.2739059967585167,3.2739059967585167,FALSE,FALSE,1
108,Lentils,1888,Polonnaruwa,North Central,Polonnaruwa,2025-04-01,293,-1.8096514745308236,1.8096514745308236,FALSE,FALSE,1
108,Lentils,1888,Polonnaruwa,North Central,Polonnaruwa,2025-05-01,292,-0.3412969283276451,0.3412969283276451,FALSE,FALSE,1
108,Lentils,1888,Polonnaruwa,North Central,Polonnaruwa,2025-06-01,292,0,0,FALSE,FALSE,1
108,Lentils,1888,Polonnaruwa,North Central,Polonnaruwa,2025-07-01,290,-0.684931506849315,0.684931506849315,FALSE,FALSE,1
108,Lentils,1888,Polonnaruwa,North Central,Polonnaruwa,2025-08-01,282,-2.7586206896551726,2.7586206896551726,FALSE,FALSE,1
108,Lentils,1888,Polonnaruwa,North Central,Polonnaruwa,2025-09-01,275.33,-2.36524822695036,2.36524822695036,FALSE,FALSE,1
108,Lentils,1889,Monaragala,Uva,Moneragala,2023-06-01,298,NA,NA,FALSE,FALSE,1
108,Lentils,1889,Monaragala,Uva,Moneragala,2023-07-01,294.4,-1.2080536912751754,1.2080536912751754,FALSE,FALSE,1
108,Lentils,1889,Monaragala,Uva,Moneragala,2023-08-01,306.5,4.110054347826095,4.110054347826095,FALSE,FALSE,1
108,Lentils,1889,Monaragala,Uva,Moneragala,2023-09-01,327,6.688417618270799,6.688417618270799,FALSE,FALSE,1
108,Lentils,1889,Monaragala,Uva,Moneragala,2023-10-01,323.2,-1.1620795107033672,1.1620795107033672,FALSE,FALSE,1
108,Lentils,1889,Monaragala,Uva,Moneragala,2023-11-01,320.5,-0.835396039603957,0.835396039603957,FALSE,FALSE,1
108,Lentils,1889,Monaragala,Uva,Moneragala,2023-12-01,329,2.65210608424337,2.65210608424337,FALSE,FALSE,1
108,Lentils,1889,Monaragala,Uva,Moneragala,2024-01-01,328,-0.303951367781155,0.303951367781155,FALSE,FALSE,1
108,Lentils,1889,Monaragala,Uva,Moneragala,2024-02-01,328,0,0,FALSE,FALSE,1
108,Lentils,1889,Monaragala,Uva,Moneragala,2024-03-01,316,-3.6585365853658534,3.6585365853658534,FALSE,FALSE,1
108,Lentils,1889,Monaragala,Uva,Moneragala,2024-04-01,311.2,-1.5189873417721556,1.5189873417721556,FALSE,FALSE,1
108,Lentils,1889,Monaragala,Uva,Moneragala,2024-05-01,310,-0.3856041131105362,0.3856041131105362,FALSE,FALSE,1
108,Lentils,1889,Monaragala,Uva,Moneragala,2024-06-01,308,-0.6451612903225806,0.6451612903225806,FALSE,FALSE,1
108,Lentils,1889,Monaragala,Uva,Moneragala,2024-07-01,309.6,0.5194805194805269,0.5194805194805269,FALSE,FALSE,1
108,Lentils,1889,Monaragala,Uva,Moneragala,2024-08-01,305,-1.4857881136950977,1.4857881136950977,FALSE,FALSE,1
108,Lentils,1889,Monaragala,Uva,Moneragala,2024-09-01,301.6,-1.1147540983606483,1.1147540983606483,FALSE,FALSE,1
108,Lentils,1889,Monaragala,Uva,Moneragala,2024-10-01,305,1.1273209549071541,1.1273209549071541,FALSE,FALSE,1
108,Lentils,1889,Monaragala,Uva,Moneragala,2024-11-01,303.5,-0.49180327868852464,0.49180327868852464,FALSE,FALSE,1
108,Lentils,1889,Monaragala,Uva,Moneragala,2024-12-01,305.6,0.6919275123558559,0.6919275123558559,FALSE,FALSE,1
108,Lentils,1889,Monaragala,Uva,Moneragala,2025-01-01,307,0.4581151832460658,0.4581151832460658,FALSE,FALSE,1
108,Lentils,1889,Monaragala,Uva,Moneragala,2025-02-01,301,-1.9543973941368076,1.9543973941368076,FALSE,FALSE,1
108,Lentils,1889,Monaragala,Uva,Moneragala,2025-03-01,288,-4.318936877076411,4.318936877076411,FALSE,FALSE,1
108,Lentils,1889,Monaragala,Uva,Moneragala,2025-04-01,285.75,-0.78125,0.78125,FALSE,FALSE,1
108,Lentils,1889,Monaragala,Uva,Moneragala,2025-05-01,280.5,-1.837270341207349,1.837270341207349,FALSE,FALSE,1
108,Lentils,1889,Monaragala,Uva,Moneragala,2025-06-01,278.8,-0.606060606060602,0.606060606060602,FALSE,FALSE,1
108,Lentils,1889,Monaragala,Uva,Moneragala,2025-07-01,282,1.1477761836441853,1.1477761836441853,FALSE,FALSE,1
108,Lentils,1889,Monaragala,Uva,Moneragala,2025-08-01,273,-3.1914893617021276,3.1914893617021276,FALSE,FALSE,1
108,Lentils,1889,Monaragala,Uva,Moneragala,2025-09-01,268.8,-1.5384615384615343,1.5384615384615343,FALSE,FALSE,1
108,Lentils,1906,Anuradhapura,North Central,Anuradhapura,2023-06-01,300,NA,NA,FALSE,FALSE,1
108,Lentils,1906,Anuradhapura,North Central,Anuradhapura,2023-07-01,293.2,-2.26666666666667,2.26666666666667,FALSE,FALSE,1
108,Lentils,1906,Anuradhapura,North Central,Anuradhapura,2023-08-01,306.5,4.536152796725788,4.536152796725788,FALSE,FALSE,1
108,Lentils,1906,Anuradhapura,North Central,Anuradhapura,2023-09-01,328,7.01468189233279,7.01468189233279,FALSE,FALSE,1
108,Lentils,1906,Anuradhapura,North Central,Anuradhapura,2023-10-01,326.8,-0.3658536585365819,0.3658536585365819,FALSE,FALSE,1
108,Lentils,1906,Anuradhapura,North Central,Anuradhapura,2023-11-01,328,0.3671970624234971,0.3671970624234971,FALSE,FALSE,1
108,Lentils,1906,Anuradhapura,North Central,Anuradhapura,2023-12-01,328,0,0,FALSE,FALSE,1
108,Lentils,1906,Anuradhapura,North Central,Anuradhapura,2024-01-01,328,0,0,FALSE,FALSE,1
108,Lentils,1906,Anuradhapura,North Central,Anuradhapura,2024-02-01,323.5,-1.3719512195121952,1.3719512195121952,FALSE,FALSE,1
108,Lentils,1906,Anuradhapura,North Central,Anuradhapura,2024-03-01,320.5,-0.9273570324574961,0.9273570324574961,FALSE,FALSE,1
108,Lentils,1906,Anuradhapura,North Central,Anuradhapura,2024-04-01,311.6,-2.7769110764430502,2.7769110764430502,FALSE,FALSE,1
108,Lentils,1906,Anuradhapura,North Central,Anuradhapura,2024-05-01,305.75,-1.8774069319640638,1.8774069319640638,FALSE,FALSE,1
108,Lentils,1906,Anuradhapura,North Central,Anuradhapura,2024-06-01,306.5,0.24529844644317253,0.24529844644317253,FALSE,FALSE,1
108,Lentils,1906,Anuradhapura,North Central,Anuradhapura,2024-07-01,310.8,1.4029363784665616,1.4029363784665616,FALSE,FALSE,1
108,Lentils,1906,Anuradhapura,North Central,Anuradhapura,2024-08-01,305,-1.8661518661518697,1.8661518661518697,FALSE,FALSE,1
108,Lentils,1906,Anuradhapura,North Central,Anuradhapura,2024-09-01,303.2,-0.5901639344262333,0.5901639344262333,FALSE,FALSE,1
108,Lentils,1906,Anuradhapura,North Central,Anuradhapura,2024-10-01,305,0.5936675461741463,0.5936675461741463,FALSE,FALSE,1
108,Lentils,1906,Anuradhapura,North Central,Anuradhapura,2024-11-01,304.25,-0.24590163934426232,0.24590163934426232,FALSE,FALSE,1
108,Lentils,1906,Anuradhapura,North Central,Anuradhapura,2024-12-01,302.4,-0.6080525883319713,0.6080525883319713,FALSE,FALSE,1
108,Lentils,1906,Anuradhapura,North Central,Anuradhapura,2025-01-01,300,-0.7936507936507862,0.7936507936507862,FALSE,FALSE,1
108,Lentils,1906,Anuradhapura,North Central,Anuradhapura,2025-02-01,295.75,-1.4166666666666665,1.4166666666666665,FALSE,FALSE,1
108,Lentils,1906,Anuradhapura,North Central,Anuradhapura,2025-03-01,289.2,-2.214708368554526,2.214708368554526,FALSE,FALSE,1
108,Lentils,1906,Anuradhapura,North Central,Anuradhapura,2025-04-01,285.5,-1.2793914246196365,1.2793914246196365,FALSE,FALSE,1
108,Lentils,1906,Anuradhapura,North Central,Anuradhapura,2025-05-01,280.5,-1.7513134851138354,1.7513134851138354,FALSE,FALSE,1
108,Lentils,1906,Anuradhapura,North Central,Anuradhapura,2025-06-01,279.8,-0.24955436720142196,0.24955436720142196,FALSE,FALSE,1
108,Lentils,1906,Anuradhapura,North Central,Anuradhapura,2025-07-01,282,0.7862759113652569,0.7862759113652569,FALSE,FALSE,1
108,Lentils,1906,Anuradhapura,North Central,Anuradhapura,2025-08-01,274,-2.8368794326241136,2.8368794326241136,FALSE,FALSE,1
108,Lentils,1906,Anuradhapura,North Central,Anuradhapura,2025-09-01,268.8,-1.8978102189780979,1.8978102189780979,FALSE,FALSE,1
108,Lentils,1907,Badulla,Uva,Badulla,2023-06-01,302.5,NA,NA,FALSE,FALSE,1
108,Lentils,1907,Badulla,Uva,Badulla,2023-07-01,294,-2.809917355371901,2.809917355371901,FALSE,FALSE,1
108,Lentils,1907,Badulla,Uva,Badulla,2023-08-01,311.5,5.952380952380952,5.952380952380952,FALSE,FALSE,1
108,Lentils,1907,Badulla,Uva,Badulla,2023-09-01,336.5,8.025682182985554,8.025682182985554,FALSE,FALSE,1
108,Lentils,1907,Badulla,Uva,Badulla,2023-10-01,327.6,-2.644873699851405,2.644873699851405,FALSE,FALSE,1
108,Lentils,1907,Badulla,Uva,Badulla,2023-11-01,326,-0.4884004884004953,0.4884004884004953,FALSE,FALSE,1
108,Lentils,1907,Badulla,Uva,Badulla,2023-12-01,326.5,0.15337423312883436,0.15337423312883436,FALSE,FALSE,1
108,Lentils,1907,Badulla,Uva,Badulla,2024-01-01,326,-0.1531393568147014,0.1531393568147014,FALSE,FALSE,1
108,Lentils,1907,Badulla,Uva,Badulla,2024-02-01,321,-1.5337423312883436,1.5337423312883436,FALSE,FALSE,1
108,Lentils,1907,Badulla,Uva,Badulla,2024-03-01,323,0.6230529595015576,0.6230529595015576,FALSE,FALSE,1
108,Lentils,1907,Badulla,Uva,Badulla,2024-04-01,318.4,-1.4241486068111526,1.4241486068111526,FALSE,FALSE,1
108,Lentils,1907,Badulla,Uva,Badulla,2024-05-01,326.5,2.5439698492462384,2.5439698492462384,FALSE,FALSE,1
108,Lentils,1907,Badulla,Uva,Badulla,2024-06-01,316,-3.215926493108729,3.215926493108729,FALSE,FALSE,1
108,Lentils,1907,Badulla,Uva,Badulla,2024-07-01,312.8,-1.0126582278480976,1.0126582278480976,FALSE,FALSE,1
108,Lentils,1907,Badulla,Uva,Badulla,2024-08-01,295.5,-5.530690537084403,5.530690537084403,FALSE,FALSE,1
108,Lentils,1907,Badulla,Uva,Badulla,2024-09-01,297,0.5076142131979695,0.5076142131979695,FALSE,FALSE,1
108,Lentils,1907,Badulla,Uva,Badulla,2024-10-01,300,1.0101010101010102,1.0101010101010102,FALSE,FALSE,1
108,Lentils,1907,Badulla,Uva,Badulla,2024-11-01,299,-0.33333333333333337,0.33333333333333337,FALSE,FALSE,1
108,Lentils,1907,Badulla,Uva,Badulla,2024-12-01,314,5.016722408026756,5.016722408026756,FALSE,FALSE,1
108,Lentils,1907,Badulla,Uva,Badulla,2025-01-01,302,-3.821656050955414,3.821656050955414,FALSE,FALSE,1
108,Lentils,1907,Badulla,Uva,Badulla,2025-02-01,296,-1.9867549668874174,1.9867549668874174,FALSE,FALSE,1
108,Lentils,1907,Badulla,Uva,Badulla,2025-03-01,287.62,-2.8310810810810794,2.8310810810810794,FALSE,FALSE,1
108,Lentils,1907,Badulla,Uva,Badulla,2025-04-01,284.38,-1.126486336137963,1.126486336137963,FALSE,FALSE,1
108,Lentils,1907,Badulla,Uva,Badulla,2025-05-01,283.33,-0.36922427737534685,0.36922427737534685,FALSE,FALSE,1
108,Lentils,1907,Badulla,Uva,Badulla,2025-06-01,281,-0.8223626160307713,0.8223626160307713,FALSE,FALSE,1
108,Lentils,1907,Badulla,Uva,Badulla,2025-07-01,275.42,-1.9857651245551544,1.9857651245551544,FALSE,FALSE,1
108,Lentils,1907,Badulla,Uva,Badulla,2025-08-01,274.17,-0.4538522983080386,0.4538522983080386,FALSE,FALSE,1
108,Lentils,1907,Badulla,Uva,Badulla,2025-09-01,271,-1.1562169456906357,1.1562169456906357,FALSE,FALSE,1
108,Lentils,1908,Hambantota,Southern,Hambantota,2023-06-01,308.25,NA,NA,FALSE,FALSE,1
108,Lentils,1908,Hambantota,Southern,Hambantota,2023-07-01,293,-4.94728304947283,4.94728304947283,FALSE,FALSE,1
108,Lentils,1908,Hambantota,Southern,Hambantota,2023-08-01,307,4.778156996587031,4.778156996587031,FALSE,FALSE,1
108,Lentils,1908,Hambantota,Southern,Hambantota,2023-09-01,320.75,4.478827361563518,4.478827361563518,FALSE,FALSE,1
108,Lentils,1908,Hambantota,Southern,Hambantota,2023-10-01,324,1.0132501948558068,1.0132501948558068,FALSE,FALSE,1
108,Lentils,1908,Hambantota,Southern,Hambantota,2023-11-01,328,1.2345679012345678,1.2345679012345678,FALSE,FALSE,1
108,Lentils,1908,Hambantota,Southern,Hambantota,2023-12-01,327,-0.3048780487804878,0.3048780487804878,FALSE,FALSE,1
108,Lentils,1908,Hambantota,Southern,Hambantota,2024-01-01,325.6,-0.4281345565749166,0.4281345565749166,FALSE,FALSE,1
108,Lentils,1908,Hambantota,Southern,Hambantota,2024-02-01,326,0.12285012285011586,0.12285012285011586,FALSE,FALSE,1
108,Lentils,1908,Hambantota,Southern,Hambantota,2024-03-01,326,0,0,FALSE,FALSE,1
108,Lentils,1908,Hambantota,Southern,Hambantota,2024-04-01,326,0,0,FALSE,FALSE,1
108,Lentils,1908,Hambantota,Southern,Hambantota,2024-05-01,322.5,-1.0736196319018405,1.0736196319018405,FALSE,FALSE,1
108,Lentils,1908,Hambantota,Southern,Hambantota,2024-06-01,316,-2.0155038759689923,2.0155038759689923,FALSE,FALSE,1
108,Lentils,1908,Hambantota,Southern,Hambantota,2024-07-01,308,-2.5316455696202533,2.5316455696202533,FALSE,FALSE,1
108,Lentils,1908,Hambantota,Southern,Hambantota,2024-08-01,304.83,-1.0292207792207844,1.0292207792207844,FALSE,FALSE,1
108,Lentils,1908,Hambantota,Southern,Hambantota,2024-09-01,286.33,-6.068956467539285,6.068956467539285,FALSE,FALSE,1
108,Lentils,1908,Hambantota,Southern,Hambantota,2024-10-01,297.75,3.9884049872524767,3.9884049872524767,FALSE,FALSE,1
108,Lentils,1908,Hambantota,Southern,Hambantota,2024-11-01,303.38,1.8908480268681767,1.8908480268681767,FALSE,FALSE,1
108,Lentils,1908,Hambantota,Southern,Hambantota,2024-12-01,296.4,-2.300744940338855,2.300744940338855,FALSE,FALSE,1
108,Lentils,1908,Hambantota,Southern,Hambantota,2025-01-01,307.83,3.8562753036437276,3.8562753036437276,FALSE,FALSE,1
108,Lentils,1908,Hambantota,Southern,Hambantota,2025-02-01,293,-4.817594126628329,4.817594126628329,FALSE,FALSE,1
108,Lentils,1908,Hambantota,Southern,Hambantota,2025-03-01,282,-3.754266211604096,3.754266211604096,FALSE,FALSE,1
108,Lentils,1908,Hambantota,Southern,Hambantota,2025-04-01,280.12,-0.6666666666666651,0.6666666666666651,FALSE,FALSE,1
108,Lentils,1908,Hambantota,Southern,Hambantota,2025-05-01,280,-0.04283878337855367,0.04283878337855367,FALSE,FALSE,1
108,Lentils,1908,Hambantota,Southern,Hambantota,2025-06-01,NA,NA,NA,FALSE,TRUE,NA
108,Lentils,1908,Hambantota,Southern,Hambantota,2025-07-01,NA,NA,NA,FALSE,TRUE,NA
108,Lentils,1908,Hambantota,Southern,Hambantota,2025-08-01,292.22,NA,NA,FALSE,FALSE,1
108,Lentils,1908,Hambantota,Southern,Hambantota,2025-09-01,281.33,-3.726644309082213,3.726644309082213,FALSE,FALSE,1
108,Lentils,1909,Gampaha,Western,Gampaha,2023-06-01,334,NA,NA,FALSE,FALSE,1
108,Lentils,1909,Gampaha,Western,Gampaha,2023-07-01,300,-10.179640718562874,10.179640718562874,FALSE,FALSE,1
108,Lentils,1909,Gampaha,Western,Gampaha,2023-08-01,308.5,2.833333333333333,2.833333333333333,FALSE,FALSE,1
108,Lentils,1909,Gampaha,Western,Gampaha,2023-09-01,345,11.831442463533225,11.831442463533225,FALSE,FALSE,1
108,Lentils,1909,Gampaha,Western,Gampaha,2023-10-01,340.4,-1.33333333333334,1.33333333333334,FALSE,FALSE,1
108,Lentils,1909,Gampaha,Western,Gampaha,2023-11-01,337,-0.9988249118683835,0.9988249118683835,FALSE,FALSE,1
108,Lentils,1909,Gampaha,Western,Gampaha,2023-12-01,333.5,-1.0385756676557862,1.0385756676557862,FALSE,FALSE,1
108,Lentils,1909,Gampaha,Western,Gampaha,2024-01-01,347.2,4.107946026986503,4.107946026986503,FALSE,FALSE,1
108,Lentils,1909,Gampaha,Western,Gampaha,2024-02-01,349,0.5184331797235056,0.5184331797235056,FALSE,FALSE,1
108,Lentils,1909,Gampaha,Western,Gampaha,2024-03-01,NA,NA,NA,FALSE,TRUE,NA
108,Lentils,1909,Gampaha,Western,Gampaha,2024-04-01,NA,NA,NA,FALSE,TRUE,NA
108,Lentils,1909,Gampaha,Western,Gampaha,2024-05-01,NA,NA,NA,FALSE,TRUE,NA
108,Lentils,1909,Gampaha,Western,Gampaha,2024-06-01,NA,NA,NA,FALSE,TRUE,NA
108,Lentils,1909,Gampaha,Western,Gampaha,2024-07-01,328,NA,NA,FALSE,FALSE,1
108,Lentils,1909,Gampaha,Western,Gampaha,2024-08-01,324.25,-1.1432926829268293,1.1432926829268293,FALSE,FALSE,1
108,Lentils,1909,Gampaha,Western,Gampaha,2024-09-01,330.1,1.8041634541249105,1.8041634541249105,FALSE,FALSE,1
108,Lentils,1909,Gampaha,Western,Gampaha,2024-10-01,310.83,-5.837624962132698,5.837624962132698,FALSE,FALSE,1
108,Lentils,1909,Gampaha,Western,Gampaha,2024-11-01,310.35,-0.15442524852812192,0.15442524852812192,FALSE,FALSE,1
108,Lentils,1909,Gampaha,Western,Gampaha,2024-12-01,306,-1.401643305944908,1.401643305944908,FALSE,FALSE,1
108,Lentils,1909,Gampaha,Western,Gampaha,2025-01-01,293.33,-4.140522875816998,4.140522875816998,FALSE,FALSE,1
108,Lentils,1909,Gampaha,Western,Gampaha,2025-02-01,295.42,0.7125080966829277,0.7125080966829277,FALSE,FALSE,1
108,Lentils,1909,Gampaha,Western,Gampaha,2025-03-01,292.83,-0.8767178931690581,0.8767178931690581,FALSE,FALSE,1
108,Lentils,1909,Gampaha,Western,Gampaha,2025-04-01,297.08,1.4513540279342965,1.4513540279342965,FALSE,FALSE,1
108,Lentils,1909,Gampaha,Western,Gampaha,2025-05-01,294.27,-0.9458731654773133,0.9458731654773133,FALSE,FALSE,1
108,Lentils,1909,Gampaha,Western,Gampaha,2025-06-01,291.33,-0.9990824752778054,0.9990824752778054,FALSE,FALSE,1
108,Lentils,1909,Gampaha,Western,Gampaha,2025-07-01,289.9,-0.4908522980812161,0.4908522980812161,FALSE,FALSE,1
108,Lentils,1909,Gampaha,Western,Gampaha,2025-08-01,268.02,-7.547430148327009,7.547430148327009,FALSE,FALSE,1
108,Lentils,1909,Gampaha,Western,Gampaha,2025-09-01,271.75,1.391687187523326,1.391687187523326,FALSE,FALSE,1
108,Lentils,1910,Galle,Southern,Galle,2023-06-01,309.25,NA,NA,FALSE,FALSE,1
108,Lentils,1910,Galle,Southern,Galle,2023-07-01,293.6,-5.060630557801125,5.060630557801125,FALSE,FALSE,1
108,Lentils,1910,Galle,Southern,Galle,2023-08-01,317.33,8.082425068119878,8.082425068119878,FALSE,FALSE,1
108,Lentils,1910,Galle,Southern,Galle,2023-09-01,333.5,5.095641760942873,5.095641760942873,FALSE,FALSE,1
108,Lentils,1910,Galle,Southern,Galle,2023-10-01,328.4,-1.5292353823088525,1.5292353823088525,FALSE,FALSE,1
108,Lentils,1910,Galle,Southern,Galle,2023-11-01,326.5,-0.5785627283800175,0.5785627283800175,FALSE,FALSE,1
108,Lentils,1910,Galle,Southern,Galle,2023-12-01,332.25,1.761102603369066,1.761102603369066,FALSE,FALSE,1
108,Lentils,1910,Galle,Southern,Galle,2024-01-01,323.75,-2.558314522197141,2.558314522197141,FALSE,FALSE,1
108,Lentils,1910,Galle,Southern,Galle,2024-02-01,323.12,-0.1945945945945932,0.1945945945945932,FALSE,FALSE,1
108,Lentils,1910,Galle,Southern,Galle,2024-03-01,322.19,-0.2878187670215421,0.2878187670215421,FALSE,FALSE,1
108,Lentils,1910,Galle,Southern,Galle,2024-04-01,316.25,-1.843632639125981,1.843632639125981,FALSE,FALSE,1
108,Lentils,1910,Galle,Southern,Galle,2024-05-01,317.69,0.45533596837944595,0.45533596837944595,FALSE,FALSE,1
108,Lentils,1910,Galle,Southern,Galle,2024-06-01,304.06,-4.290345934716231,4.290345934716231,FALSE,FALSE,1
108,Lentils,1910,Galle,Southern,Galle,2024-07-01,317.5,4.42018022758666,4.42018022758666,FALSE,FALSE,1
108,Lentils,1910,Galle,Southern,Galle,2024-08-01,313.75,-1.1811023622047243,1.1811023622047243,FALSE,FALSE,1
108,Lentils,1910,Galle,Southern,Galle,2024-09-01,307,-2.1513944223107573,2.1513944223107573,FALSE,FALSE,1
108,Lentils,1910,Galle,Southern,Galle,2024-10-01,306.88,-0.03908794788273764,0.03908794788273764,FALSE,FALSE,1
108,Lentils,1910,Galle,Southern,Galle,2024-11-01,306,-0.28675703858185464,0.28675703858185464,FALSE,FALSE,1
108,Lentils,1910,Galle,Southern,Galle,2024-12-01,306.1,0.03267973856209894,0.03267973856209894,FALSE,FALSE,1
108,Lentils,1910,Galle,Southern,Galle,2025-01-01,307.25,0.3756942175759481,0.3756942175759481,FALSE,FALSE,1
108,Lentils,1910,Galle,Southern,Galle,2025-02-01,302.5,-1.545972335231896,1.545972335231896,FALSE,FALSE,1
108,Lentils,1910,Galle,Southern,Galle,2025-03-01,300,-0.8264462809917356,0.8264462809917356,FALSE,FALSE,1
108,Lentils,1910,Galle,Southern,Galle,2025-04-01,299.58,-0.14000000000000531,0.14000000000000531,FALSE,FALSE,1
108,Lentils,1910,Galle,Southern,Galle,2025-05-01,299.69,0.03671807196742561,0.03671807196742561,FALSE,FALSE,1
108,Lentils,1910,Galle,Southern,Galle,2025-06-01,295.6,-1.3647435683539575,1.3647435683539575,FALSE,FALSE,1
108,Lentils,1910,Galle,Southern,Galle,2025-07-01,292.38,-1.0893098782138115,1.0893098782138115,FALSE,FALSE,1
108,Lentils,1910,Galle,Southern,Galle,2025-08-01,282,-3.550174430535603,3.550174430535603,FALSE,FALSE,1
108,Lentils,1910,Galle,Southern,Galle,2025-09-01,279.2,-0.9929078014184437,0.9929078014184437,FALSE,FALSE,1
108,Lentils,1911,Kalutara,Western,Kalutara,2023-06-01,297.25,NA,NA,FALSE,FALSE,1
108,Lentils,1911,Kalutara,Western,Kalutara,2023-07-01,289.24,-2.6947014297729153,2.6947014297729153,FALSE,FALSE,1
108,Lentils,1911,Kalutara,Western,Kalutara,2023-08-01,300.5,3.8929608629511794,3.8929608629511794,FALSE,FALSE,1
108,Lentils,1911,Kalutara,Western,Kalutara,2023-09-01,327.75,9.068219633943428,9.068219633943428,FALSE,FALSE,1
108,Lentils,1911,Kalutara,Western,Kalutara,2023-10-01,323.2,-1.388253241800156,1.388253241800156,FALSE,FALSE,1
108,Lentils,1911,Kalutara,Western,Kalutara,2023-11-01,314,-2.8465346534653433,2.8465346534653433,FALSE,FALSE,1
108,Lentils,1911,Kalutara,Western,Kalutara,2023-12-01,320.5,2.0700636942675157,2.0700636942675157,FALSE,FALSE,1
108,Lentils,1911,Kalutara,Western,Kalutara,2024-01-01,317,-1.0920436817472698,1.0920436817472698,FALSE,FALSE,1
108,Lentils,1911,Kalutara,Western,Kalutara,2024-02-01,321,1.2618296529968454,1.2618296529968454,FALSE,FALSE,1
108,Lentils,1911,Kalutara,Western,Kalutara,2024-03-01,320.25,-0.23364485981308408,0.23364485981308408,FALSE,FALSE,1
108,Lentils,1911,Kalutara,Western,Kalutara,2024-04-01,311.4,-2.763466042154574,2.763466042154574,FALSE,FALSE,1
108,Lentils,1911,Kalutara,Western,Kalutara,2024-05-01,308,-1.091843288375073,1.091843288375073,FALSE,FALSE,1
108,Lentils,1911,Kalutara,Western,Kalutara,2024-06-01,306.5,-0.487012987012987,0.487012987012987,FALSE,FALSE,1
108,Lentils,1911,Kalutara,Western,Kalutara,2024-07-01,305.5,-0.3262642740619902,0.3262642740619902,FALSE,FALSE,1
108,Lentils,1911,Kalutara,Western,Kalutara,2024-08-01,NA,NA,NA,FALSE,TRUE,NA
108,Lentils,1911,Kalutara,Western,Kalutara,2024-09-01,283.25,NA,NA,FALSE,FALSE,1
108,Lentils,1911,Kalutara,Western,Kalutara,2024-10-01,285.27,0.7131509267431533,0.7131509267431533,FALSE,FALSE,1
108,Lentils,1911,Kalutara,Western,Kalutara,2024-11-01,288.59,1.163809724121006,1.163809724121006,FALSE,FALSE,1
108,Lentils,1911,Kalutara,Western,Kalutara,2024-12-01,286.44,-0.7450015593055814,0.7450015593055814,FALSE,FALSE,1
108,Lentils,1911,Kalutara,Western,Kalutara,2025-01-01,285,-0.5027230833682439,0.5027230833682439,FALSE,FALSE,1
108,Lentils,1911,Kalutara,Western,Kalutara,2025-02-01,285.6,0.21052631578948167,0.21052631578948167,FALSE,FALSE,1
108,Lentils,1911,Kalutara,Western,Kalutara,2025-03-01,275.66,-3.480392156862744,3.480392156862744,FALSE,FALSE,1
108,Lentils,1911,Kalutara,Western,Kalutara,2025-04-01,272.65,-1.091924834941612,1.091924834941612,FALSE,FALSE,1
108,Lentils,1911,Kalutara,Western,Kalutara,2025-05-01,267.89,-1.7458279845956322,1.7458279845956322,FALSE,FALSE,1
108,Lentils,1911,Kalutara,Western,Kalutara,2025-06-01,266.65,-0.46287655380940274,0.46287655380940274,FALSE,FALSE,1
108,Lentils,1911,Kalutara,Western,Kalutara,2025-07-01,263.75,-1.087567972998304,1.087567972998304,FALSE,FALSE,1
108,Lentils,1911,Kalutara,Western,Kalutara,2025-08-01,254.75,-3.4123222748815163,3.4123222748815163,FALSE,FALSE,1
108,Lentils,1911,Kalutara,Western,Kalutara,2025-09-01,258,1.2757605495583906,1.2757605495583906,FALSE,FALSE,1
108,Lentils,1912,Kandy,Central,Kandy,2023-06-01,317.5,NA,NA,FALSE,FALSE,1
108,Lentils,1912,Kandy,Central,Kandy,2023-07-01,302.8,-4.629921259842516,4.629921259842516,FALSE,FALSE,1
108,Lentils,1912,Kandy,Central,Kandy,2023-08-01,315,4.029062087186257,4.029062087186257,FALSE,FALSE,1
108,Lentils,1912,Kandy,Central,Kandy,2023-09-01,335,6.349206349206349,6.349206349206349,FALSE,FALSE,1
108,Lentils,1912,Kandy,Central,Kandy,2023-10-01,341.1,1.8208955223880667,1.8208955223880667,FALSE,FALSE,1
108,Lentils,1912,Kandy,Central,Kandy,2023-11-01,345.38,1.2547639988273154,1.2547639988273154,FALSE,FALSE,1
108,Lentils,1912,Kandy,Central,Kandy,2023-12-01,339,-1.8472407203659724,1.8472407203659724,FALSE,FALSE,1
108,Lentils,1912,Kandy,Central,Kandy,2024-01-01,340.4,0.4129793510324417,0.4129793510324417,FALSE,FALSE,1
108,Lentils,1912,Kandy,Central,Kandy,2024-02-01,340,-0.11750881316098039,0.11750881316098039,FALSE,FALSE,1
108,Lentils,1912,Kandy,Central,Kandy,2024-03-01,340,0,0,FALSE,FALSE,1
108,Lentils,1912,Kandy,Central,Kandy,2024-04-01,338,-0.5882352941176471,0.5882352941176471,FALSE,FALSE,1
108,Lentils,1912,Kandy,Central,Kandy,2024-05-01,312,-7.6923076923076925,7.6923076923076925,FALSE,FALSE,1
108,Lentils,1912,Kandy,Central,Kandy,2024-06-01,314.5,0.8012820512820512,0.8012820512820512,FALSE,FALSE,1
108,Lentils,1912,Kandy,Central,Kandy,2024-07-01,318,1.1128775834658187,1.1128775834658187,FALSE,FALSE,1
108,Lentils,1912,Kandy,Central,Kandy,2024-08-01,307.1,-3.4276729559748356,3.4276729559748356,FALSE,FALSE,1
108,Lentils,1912,Kandy,Central,Kandy,2024-09-01,304.8,-0.7489417127971382,0.7489417127971382,FALSE,FALSE,1
108,Lentils,1912,Kandy,Central,Kandy,2024-10-01,307,0.7217847769028835,0.7217847769028835,FALSE,FALSE,1
108,Lentils,1912,Kandy,Central,Kandy,2024-11-01,308.2,0.39087947882735785,0.39087947882735785,FALSE,FALSE,1
108,Lentils,1912,Kandy,Central,Kandy,2024-12-01,306.4,-0.58403634003893945,0.58403634003893945,FALSE,FALSE,1
108,Lentils,1912,Kandy,Central,Kandy,2025-01-01,306.4,0,0,FALSE,FALSE,1
108,Lentils,1912,Kandy,Central,Kandy,2025-02-01,303.5,-0.9464751958224469,0.9464751958224469,FALSE,FALSE,1
108,Lentils,1912,Kandy,Central,Kandy,2025-03-01,299.6,-1.2850082372322824,1.2850082372322824,FALSE,FALSE,1
108,Lentils,1912,Kandy,Central,Kandy,2025-04-01,293,-2.202937249666229,2.202937249666229,FALSE,FALSE,1
108,Lentils,1912,Kandy,Central,Kandy,2025-05-01,290,-1.023890784982935,1.023890784982935,FALSE,FALSE,1
108,Lentils,1912,Kandy,Central,Kandy,2025-06-01,284,-2.0689655172413794,2.0689655172413794,FALSE,FALSE,1
108,Lentils,1912,Kandy,Central,Kandy,2025-07-01,281,-1.056338028169014,1.056338028169014,FALSE,FALSE,1
108,Lentils,1912,Kandy,Central,Kandy,2025-08-01,270,-3.9145907473309607,3.9145907473309607,FALSE,FALSE,1
108,Lentils,1912,Kandy,Central,Kandy,2025-09-01,270,0,0,FALSE,FALSE,1
108,Lentils,1913,Kegalle,Sabaragamuwa,Kegalle,2023-06-01,320.62,NA,NA,FALSE,FALSE,1
108,Lentils,1913,Kegalle,Sabaragamuwa,Kegalle,2023-07-01,310.7,-3.0940053646060806,3.0940053646060806,FALSE,FALSE,1
108,Lentils,1913,Kegalle,Sabaragamuwa,Kegalle,2023-08-01,323.12,3.997425168973291,3.997425168973291,FALSE,FALSE,1
108,Lentils,1913,Kegalle,Sabaragamuwa,Kegalle,2023-09-01,334.38,3.484773458776922,3.484773458776922,FALSE,FALSE,1
108,Lentils,1913,Kegalle,Sabaragamuwa,Kegalle,2023-10-01,327.17,-2.1562294395597763,2.1562294395597763,FALSE,FALSE,1
108,Lentils,1913,Kegalle,Sabaragamuwa,Kegalle,2023-11-01,329.69,0.7702417703334602,0.7702417703334602,FALSE,FALSE,1
108,Lentils,1913,Kegalle,Sabaragamuwa,Kegalle,2023-12-01,346.88,5.213988898662379,5.213988898662379,FALSE,FALSE,1
108,Lentils,1913,Kegalle,Sabaragamuwa,Kegalle,2024-01-01,343.67,-0.9253920664206583,0.9253920664206583,FALSE,FALSE,1
108,Lentils,1913,Kegalle,Sabaragamuwa,Kegalle,2024-02-01,345.42,0.5092094160095441,0.5092094160095441,FALSE,FALSE,1
108,Lentils,1913,Kegalle,Sabaragamuwa,Kegalle,2024-03-01,340,-1.5691042788489422,1.5691042788489422,FALSE,FALSE,1
108,Lentils,1913,Kegalle,Sabaragamuwa,Kegalle,2024-04-01,330.6,-2.7647058823529345,2.7647058823529345,FALSE,FALSE,1
108,Lentils,1913,Kegalle,Sabaragamuwa,Kegalle,2024-05-01,322.5,-2.4500907441016397,2.4500907441016397,FALSE,FALSE,1
108,Lentils,1913,Kegalle,Sabaragamuwa,Kegalle,2024-06-01,322.5,0,0,FALSE,FALSE,1
108,Lentils,1913,Kegalle,Sabaragamuwa,Kegalle,2024-07-01,317.5,-1.550387596899225,1.550387596899225,FALSE,FALSE,1
108,Lentils,1913,Kegalle,Sabaragamuwa,Kegalle,2024-08-01,308.75,-2.7559055118110236,2.7559055118110236,FALSE,FALSE,1
108,Lentils,1913,Kegalle,Sabaragamuwa,Kegalle,2024-09-01,307.5,-0.4048582995951417,0.4048582995951417,FALSE,FALSE,1
108,Lentils,1913,Kegalle,Sabaragamuwa,Kegalle,2024-10-01,308.75,0.40650406504065045,0.40650406504065045,FALSE,FALSE,1
108,Lentils,1913,Kegalle,Sabaragamuwa,Kegalle,2024-11-01,307.5,-0.4048582995951417,0.4048582995951417,FALSE,FALSE,1
108,Lentils,1913,Kegalle,Sabaragamuwa,Kegalle,2024-12-01,299.33,-2.6569105691056962,2.6569105691056962,FALSE,FALSE,1
108,Lentils,1913,Kegalle,Sabaragamuwa,Kegalle,2025-01-01,303.33,1.3363177763672203,1.3363177763672203,FALSE,FALSE,1
108,Lentils,1913,Kegalle,Sabaragamuwa,Kegalle,2025-02-01,295.83,-2.4725546434576207,2.4725546434576207,FALSE,FALSE,1
108,Lentils,1913,Kegalle,Sabaragamuwa,Kegalle,2025-03-01,287.67,-2.758340939052824,2.758340939052824,FALSE,FALSE,1
108,Lentils,1913,Kegalle,Sabaragamuwa,Kegalle,2025-04-01,284.44,-1.1228143358709695,1.1228143358709695,FALSE,FALSE,1
108,Lentils,1913,Kegalle,Sabaragamuwa,Kegalle,2025-05-01,282.92,-0.5343833497398333,0.5343833497398333,FALSE,FALSE,1
108,Lentils,1913,Kegalle,Sabaragamuwa,Kegalle,2025-06-01,282,-0.32518026297187047,0.32518026297187047,FALSE,FALSE,1
108,Lentils,1913,Kegalle,Sabaragamuwa,Kegalle,2025-07-01,290.83,3.13120567375886,3.13120567375886,FALSE,FALSE,1
108,Lentils,1913,Kegalle,Sabaragamuwa,Kegalle,2025-08-01,284.17,-2.2899975930956122,2.2899975930956122,FALSE,FALSE,1
108,Lentils,1913,Kegalle,Sabaragamuwa,Kegalle,2025-09-01,278.67,-1.935461167610937,1.935461167610937,FALSE,FALSE,1
108,Lentils,1914,Kurunegala,North Western,Kurunegala,2023-06-01,321.17,NA,NA,FALSE,FALSE,1
108,Lentils,1914,Kurunegala,North Western,Kurunegala,2023-07-01,314.67,-2.0238502973503127,2.0238502973503127,FALSE,FALSE,1
108,Lentils,1914,Kurunegala,North Western,Kurunegala,2023-08-01,314,-0.2129214732894829,0.2129214732894829,FALSE,FALSE,1
108,Lentils,1914,Kurunegala,North Western,Kurunegala,2023-09-01,342,8.9171974522293,8.9171974522293,FALSE,FALSE,1
108,Lentils,1914,Kurunegala,North Western,Kurunegala,2023-10-01,346,1.1695906432748537,1.1695906432748537,FALSE,FALSE,1
108,Lentils,1914,Kurunegala,North Western,Kurunegala,2023-11-01,343.5,-0.7225433526011561,0.7225433526011561,FALSE,FALSE,1
108,Lentils,1914,Kurunegala,North Western,Kurunegala,2023-12-01,342.38,-0.3260553129548776,0.3260553129548776,FALSE,FALSE,1
108,Lentils,1914,Kurunegala,North Western,Kurunegala,2024-01-01,347.2,1.4077925112448137,1.4077925112448137,FALSE,FALSE,1
108,Lentils,1914,Kurunegala,North Western,Kurunegala,2024-02-01,349.12,0.5529953917050737,0.5529953917050737,FALSE,FALSE,1
108,Lentils,1914,Kurunegala,North Western,Kurunegala,2024-03-01,342,-2.0394133822181497,2.0394133822181497,FALSE,FALSE,1
108,Lentils,1914,Kurunegala,North Western,Kurunegala,2024-04-01,333.4,-2.5146198830409423,2.5146198830409423,FALSE,FALSE,1
108,Lentils,1914,Kurunegala,North Western,Kurunegala,2024-05-01,329.62,-1.1337732453509217,1.1337732453509217,FALSE,FALSE,1
108,Lentils,1914,Kurunegala,North Western,Kurunegala,2024-06-01,342,3.755840058248891,3.755840058248891,FALSE,FALSE,1
108,Lentils,1914,Kurunegala,North Western,Kurunegala,2024-07-01,NA,NA,NA,FALSE,TRUE,NA
108,Lentils,1914,Kurunegala,North Western,Kurunegala,2024-08-01,NA,NA,NA,FALSE,TRUE,NA
108,Lentils,1914,Kurunegala,North Western,Kurunegala,2024-09-01,312.75,NA,NA,FALSE,FALSE,1
108,Lentils,1914,Kurunegala,North Western,Kurunegala,2024-10-01,301.04,-3.7442046362909607,3.7442046362909607,FALSE,FALSE,1
108,Lentils,1914,Kurunegala,North Western,Kurunegala,2024-11-01,302.08,0.34546904065903655,0.34546904065903655,FALSE,FALSE,1
108,Lentils,1914,Kurunegala,North Western,Kurunegala,2024-12-01,316.33,4.71729343220339,4.71729343220339,FALSE,FALSE,1
108,Lentils,1914,Kurunegala,North Western,Kurunegala,2025-01-01,302.5,-4.372016564979605,4.372016564979605,FALSE,FALSE,1
108,Lentils,1914,Kurunegala,North Western,Kurunegala,2025-02-01,301.56,-0.31074380165289184,0.31074380165289184,FALSE,FALSE,1
108,Lentils,1914,Kurunegala,North Western,Kurunegala,2025-03-01,301.5,-0.019896538002388338,0.019896538002388338,FALSE,FALSE,1
108,Lentils,1914,Kurunegala,North Western,Kurunegala,2025-04-01,287.08,-4.7827529021558925,4.7827529021558925,FALSE,FALSE,1
108,Lentils,1914,Kurunegala,North Western,Kurunegala,2025-05-01,283.44,-1.2679392503831637,1.2679392503831637,FALSE,FALSE,1
108,Lentils,1914,Kurunegala,North Western,Kurunegala,2025-06-01,288.92,1.93338978267006,1.93338978267006,FALSE,FALSE,1
108,Lentils,1914,Kurunegala,North Western,Kurunegala,2025-07-01,283.88,-1.7444275231898172,1.7444275231898172,FALSE,FALSE,1
108,Lentils,1914,Kurunegala,North Western,Kurunegala,2025-08-01,278.33,-1.9550514301817712,1.9550514301817712,FALSE,FALSE,1
108,Lentils,1914,Kurunegala,North Western,Kurunegala,2025-09-01,268.33,-3.592857399489814,3.592857399489814,FALSE,FALSE,1
108,Lentils,1915,Matale,Central,Matale,2023-06-01,286,NA,NA,FALSE,FALSE,1
108,Lentils,1915,Matale,Central,Matale,2023-07-01,279.4,-2.307692307692316,2.307692307692316,FALSE,FALSE,1
108,Lentils,1915,Matale,Central,Matale,2023-08-01,294.4,5.368647100930566,5.368647100930566,FALSE,FALSE,1
108,Lentils,1915,Matale,Central,Matale,2023-09-01,320,8.695652173913052,8.695652173913052,FALSE,FALSE,1
108,Lentils,1915,Matale,Central,Matale,2023-10-01,312.8,-2.2499999999999964,2.2499999999999964,FALSE,FALSE,1
108,Lentils,1915,Matale,Central,Matale,2023-11-01,312,-0.25575447570332843,0.25575447570332843,FALSE,FALSE,1
108,Lentils,1915,Matale,Central,Matale,2023-12-01,320,2.564102564102564,2.564102564102564,FALSE,FALSE,1
108,Lentils,1915,Matale,Central,Matale,2024-01-01,315.8,-1.3124999999999964,1.3124999999999964,FALSE,FALSE,1
108,Lentils,1915,Matale,Central,Matale,2024-02-01,312.65,-0.9974667511083071,0.9974667511083071,FALSE,FALSE,1
108,Lentils,1915,Matale,Central,Matale,2024-03-01,308.5,-1.327362865824397,1.327362865824397,FALSE,FALSE,1
108,Lentils,1915,Matale,Central,Matale,2024-04-01,304.6,-1.264181523500803,1.264181523500803,FALSE,FALSE,1
108,Lentils,1915,Matale,Central,Matale,2024-05-01,301.33,-1.0735390676296908,1.0735390676296908,FALSE,FALSE,1
108,Lentils,1915,Matale,Central,Matale,2024-06-01,301.33,0,0,FALSE,FALSE,1
108,Lentils,1915,Matale,Central,Matale,2024-07-01,301.6,0.08960276109250279,0.08960276109250279,FALSE,FALSE,1
108,Lentils,1915,Matale,Central,Matale,2024-08-01,294.25,-2.4370026525199013,2.4370026525199013,FALSE,FALSE,1
108,Lentils,1915,Matale,Central,Matale,2024-09-01,283.8,-3.5514018691588745,3.5514018691588745,FALSE,FALSE,1
108,Lentils,1915,Matale,Central,Matale,2024-10-01,294.15,3.646934460887937,3.646934460887937,FALSE,FALSE,1
108,Lentils,1915,Matale,Central,Matale,2024-11-01,295.15,0.33996260411354756,0.33996260411354756,FALSE,FALSE,1
108,Lentils,1915,Matale,Central,Matale,2024-12-01,292.75,-0.813145858038278,0.813145858038278,FALSE,FALSE,1
108,Lentils,1915,Matale,Central,Matale,2025-01-01,286.88,-2.0051238257899247,2.0051238257899247,FALSE,FALSE,1
108,Lentils,1915,Matale,Central,Matale,2025-02-01,284.88,-0.6971556051310653,0.6971556051310653,FALSE,FALSE,1
108,Lentils,1915,Matale,Central,Matale,2025-03-01,278.4,-2.2746419545071674,2.2746419545071674,FALSE,FALSE,1
108,Lentils,1915,Matale,Central,Matale,2025-04-01,276.19,-0.7938218390804525,0.7938218390804525,FALSE,FALSE,1
108,Lentils,1915,Matale,Central,Matale,2025-05-01,278.25,0.7458633549368197,0.7458633549368197,FALSE,FALSE,1
108,Lentils,1915,Matale,Central,Matale,2025-06-01,271.2,-2.533692722371972,2.533692722371972,FALSE,FALSE,1
108,Lentils,1915,Matale,Central,Matale,2025-07-01,266.81,-1.6187315634218242,1.6187315634218242,FALSE,FALSE,1
108,Lentils,1915,Matale,Central,Matale,2025-08-01,261.75,-1.8964806416551114,1.8964806416551114,FALSE,FALSE,1
108,Lentils,1915,Matale,Central,Matale,2025-09-01,255.75,-2.292263610315186,2.292263610315186,FALSE,FALSE,1
108,Lentils,1916,Matara,Southern,Matara,2023-06-01,311.05,NA,NA,FALSE,FALSE,1
108,Lentils,1916,Matara,Southern,Matara,2023-07-01,299.72,-3.642501205593951,3.642501205593951,FALSE,FALSE,1
108,Lentils,1916,Matara,Southern,Matara,2023-08-01,313,4.4308020819431375,4.4308020819431375,FALSE,FALSE,1
108,Lentils,1916,Matara,Southern,Matara,2023-09-01,330.25,5.5111821086261985,5.5111821086261985,FALSE,FALSE,1
108,Lentils,1916,Matara,Southern,Matara,2023-10-01,328,-0.6813020439061317,0.6813020439061317,FALSE,FALSE,1
108,Lentils,1916,Matara,Southern,Matara,2023-11-01,328,0,0,FALSE,FALSE,1
108,Lentils,1916,Matara,Southern,Matara,2023-12-01,329.5,0.45731707317073167,0.45731707317073167,FALSE,FALSE,1
108,Lentils,1916,Matara,Southern,Matara,2024-01-01,327.6,-0.5766312594840599,0.5766312594840599,FALSE,FALSE,1
108,Lentils,1916,Matara,Southern,Matara,2024-02-01,328.5,0.27472527472526775,0.27472527472526775,FALSE,FALSE,1
108,Lentils,1916,Matara,Southern,Matara,2024-03-01,325,-1.06544901065449,1.06544901065449,FALSE,FALSE,1
108,Lentils,1916,Matara,Southern,Matara,2024-04-01,324.8,-0.06153846153845804,0.06153846153845804,FALSE,FALSE,1
108,Lentils,1916,Matara,Southern,Matara,2024-05-01,319.5,-1.6317733990147818,1.6317733990147818,FALSE,FALSE,1
108,Lentils,1916,Matara,Southern,Matara,2024-06-01,314.25,-1.643192488262911,1.643192488262911,FALSE,FALSE,1
108,Lentils,1916,Matara,Southern,Matara,2024-07-01,319.2,1.5751789976133617,1.5751789976133617,FALSE,FALSE,1
108,Lentils,1916,Matara,Southern,Matara,2024-08-01,313,-1.9423558897243072,1.9423558897243072,FALSE,FALSE,1
108,Lentils,1916,Matara,Southern,Matara,2024-09-01,303.2,-3.130990415335467,3.130990415335467,FALSE,FALSE,1
108,Lentils,1916,Matara,Southern,Matara,2024-10-01,310.25,2.325197889182062,2.325197889182062,FALSE,FALSE,1
108,Lentils,1916,Matara,Southern,Matara,2024-11-01,312.75,0.8058017727639,0.8058017727639,FALSE,FALSE,1
108,Lentils,1916,Matara,Southern,Matara,2024-12-01,313,0.07993605115907274,0.07993605115907274,FALSE,FALSE,1
108,Lentils,1916,Matara,Southern,Matara,2025-01-01,316.75,1.1980830670926517,1.1980830670926517,FALSE,FALSE,1
108,Lentils,1916,Matara,Southern,Matara,2025-02-01,308,-2.7624309392265194,2.7624309392265194,FALSE,FALSE,1
108,Lentils,1916,Matara,Southern,Matara,2025-03-01,304.2,-1.2337662337662374,1.2337662337662374,FALSE,FALSE,1
108,Lentils,1916,Matara,Southern,Matara,2025-04-01,298.08,-2.011834319526629,2.011834319526629,FALSE,FALSE,1
108,Lentils,1916,Matara,Southern,Matara,2025-05-01,296,-0.6977992485238809,0.6977992485238809,FALSE,FALSE,1
108,Lentils,1916,Matara,Southern,Matara,2025-06-01,289,-2.364864864864865,2.364864864864865,FALSE,FALSE,1
108,Lentils,1916,Matara,Southern,Matara,2025-07-01,285.5,-1.2110726643598615,1.2110726643598615,FALSE,FALSE,1
108,Lentils,1916,Matara,Southern,Matara,2025-08-01,281.5,-1.4010507880910683,1.4010507880910683,FALSE,FALSE,1
108,Lentils,1916,Matara,Southern,Matara,2025-09-01,282.6,0.3907637655417488,0.3907637655417488,FALSE,FALSE,1
108,Lentils,1917,Nuwara Eliya,Central,Nuwara Eliya,2023-06-01,309.6,NA,NA,FALSE,FALSE,1
108,Lentils,1917,Nuwara Eliya,Central,Nuwara Eliya,2023-07-01,293.8,-5.103359173126618,5.103359173126618,FALSE,FALSE,1
108,Lentils,1917,Nuwara Eliya,Central,Nuwara Eliya,2023-08-01,304.17,3.5296119809394155,3.5296119809394155,FALSE,FALSE,1
108,Lentils,1917,Nuwara Eliya,Central,Nuwara Eliya,2023-09-01,319.26,4.961041522832618,4.961041522832618,FALSE,FALSE,1
108,Lentils,1917,Nuwara Eliya,Central,Nuwara Eliya,2023-10-01,329.56,3.226210612040347,3.226210612040347,FALSE,FALSE,1
108,Lentils,1917,Nuwara Eliya,Central,Nuwara Eliya,2023-11-01,316.75,-3.887000849617673,3.887000849617673,FALSE,FALSE,1
108,Lentils,1917,Nuwara Eliya,Central,Nuwara Eliya,2023-12-01,323.25,2.0520915548539858,2.0520915548539858,FALSE,FALSE,1
108,Lentils,1917,Nuwara Eliya,Central,Nuwara Eliya,2024-01-01,315.92,-2.2675947409126014,2.2675947409126014,FALSE,FALSE,1
108,Lentils,1917,Nuwara Eliya,Central,Nuwara Eliya,2024-02-01,316,0.02532286654848825,0.02532286654848825,FALSE,FALSE,1
108,Lentils,1917,Nuwara Eliya,Central,Nuwara Eliya,2024-03-01,319,0.949367088607595,0.949367088607595,FALSE,FALSE,1
108,Lentils,1917,Nuwara Eliya,Central,Nuwara Eliya,2024-04-01,314.6,-1.379310344827579,1.379310344827579,FALSE,FALSE,1
108,Lentils,1917,Nuwara Eliya,Central,Nuwara Eliya,2024-05-01,304.85,-3.099173553719008,3.099173553719008,FALSE,FALSE,1
108,Lentils,1917,Nuwara Eliya,Central,Nuwara Eliya,2024-06-01,301.7,-1.0332950631458206,1.0332950631458206,FALSE,FALSE,1
108,Lentils,1917,Nuwara Eliya,Central,Nuwara Eliya,2024-07-01,304.12,0.8021213125621531,0.8021213125621531,FALSE,FALSE,1
108,Lentils,1917,Nuwara Eliya,Central,Nuwara Eliya,2024-08-01,303.05,-0.3518348020518194,0.3518348020518194,FALSE,FALSE,1
108,Lentils,1917,Nuwara Eliya,Central,Nuwara Eliya,2024-09-01,294,-2.986305890117146,2.986305890117146,FALSE,FALSE,1
108,Lentils,1917,Nuwara Eliya,Central,Nuwara Eliya,2024-10-01,296.75,0.935374149659864,0.935374149659864,FALSE,FALSE,1
108,Lentils,1917,Nuwara Eliya,Central,Nuwara Eliya,2024-11-01,298.4,0.5560235888795206,0.5560235888795206,FALSE,FALSE,1
108,Lentils,1917,Nuwara Eliya,Central,Nuwara Eliya,2024-12-01,290.4,-2.680965147453083,2.680965147453083,FALSE,FALSE,1
108,Lentils,1917,Nuwara Eliya,Central,Nuwara Eliya,2025-01-01,288.47,-0.6646005509641701,0.6646005509641701,FALSE,FALSE,1
108,Lentils,1917,Nuwara Eliya,Central,Nuwara Eliya,2025-02-01,287.3,-0.4055881027489915,0.4055881027489915,FALSE,FALSE,1
108,Lentils,1917,Nuwara Eliya,Central,Nuwara Eliya,2025-03-01,285.4,-0.6613296206056506,0.6613296206056506,FALSE,FALSE,1
108,Lentils,1917,Nuwara Eliya,Central,Nuwara Eliya,2025-04-01,282.57,-0.9915907498248018,0.9915907498248018,FALSE,FALSE,1
108,Lentils,1917,Nuwara Eliya,Central,Nuwara Eliya,2025-05-01,272.75,-3.4752450720175507,3.4752450720175507,FALSE,FALSE,1
108,Lentils,1917,Nuwara Eliya,Central,Nuwara Eliya,2025-06-01,264.64,-2.9734188817598586,2.9734188817598586,FALSE,FALSE,1
108,Lentils,1917,Nuwara Eliya,Central,Nuwara Eliya,2025-07-01,270,2.025392986698917,2.025392986698917,FALSE,FALSE,1
108,Lentils,1917,Nuwara Eliya,Central,Nuwara Eliya,2025-08-01,275.67,2.100000000000006,2.100000000000006,FALSE,FALSE,1
108,Lentils,1917,Nuwara Eliya,Central,Nuwara Eliya,2025-09-01,267,-3.1450647513331216,3.1450647513331216,FALSE,FALSE,1
108,Lentils,1918,Puttalam,North Western,Puttalam,2023-06-01,295.75,NA,NA,FALSE,FALSE,1
108,Lentils,1918,Puttalam,North Western,Puttalam,2023-07-01,291,-1.6060862214708367,1.6060862214708367,FALSE,FALSE,1
108,Lentils,1918,Puttalam,North Western,Puttalam,2023-08-01,309.75,6.443298969072164,6.443298969072164,FALSE,FALSE,1
108,Lentils,1918,Puttalam,North Western,Puttalam,2023-09-01,324.5,4.761904761904762,4.761904761904762,FALSE,FALSE,1
108,Lentils,1918,Puttalam,North Western,Puttalam,2023-10-01,313.32,-3.445300462249617,3.445300462249617,FALSE,FALSE,1
108,Lentils,1918,Puttalam,North Western,Puttalam,2023-11-01,326.25,4.126771351972427,4.126771351972427,FALSE,FALSE,1
108,Lentils,1918,Puttalam,North Western,Puttalam,2023-12-01,317.8,-2.5900383141762418,2.5900383141762418,FALSE,FALSE,1
108,Lentils,1918,Puttalam,North Western,Puttalam,2024-01-01,318.4,0.18879798615480362,0.18879798615480362,FALSE,FALSE,1
108,Lentils,1918,Puttalam,North Western,Puttalam,2024-02-01,322.75,1.366206030150761,1.366206030150761,FALSE,FALSE,1
108,Lentils,1918,Puttalam,North Western,Puttalam,2024-03-01,315.8,-2.1533694810224597,2.1533694810224597,FALSE,FALSE,1
108,Lentils,1918,Puttalam,North Western,Puttalam,2024-04-01,315.68,-0.037998733375555586,0.037998733375555586,FALSE,FALSE,1
108,Lentils,1918,Puttalam,North Western,Puttalam,2024-05-01,308.9,-2.1477445514445104,2.1477445514445104,FALSE,FALSE,1
108,Lentils,1918,Puttalam,North Western,Puttalam,2024-06-01,308.9,0,0,FALSE,FALSE,1
108,Lentils,1918,Puttalam,North Western,Puttalam,2024-07-01,309.58,0.22013596633214855,0.22013596633214855,FALSE,FALSE,1
108,Lentils,1918,Puttalam,North Western,Puttalam,2024-08-01,308.12,-0.47160669293881374,0.47160669293881374,FALSE,FALSE,1
108,Lentils,1918,Puttalam,North Western,Puttalam,2024-09-01,291.25,-5.475139556017138,5.475139556017138,FALSE,FALSE,1
108,Lentils,1918,Puttalam,North Western,Puttalam,2024-10-01,292.5,0.4291845493562232,0.4291845493562232,FALSE,FALSE,1
108,Lentils,1918,Puttalam,North Western,Puttalam,2024-11-01,297.5,1.7094017094017095,1.7094017094017095,FALSE,FALSE,1
108,Lentils,1918,Puttalam,North Western,Puttalam,2024-12-01,300.83,1.1193277310924317,1.1193277310924317,FALSE,FALSE,1
108,Lentils,1918,Puttalam,North Western,Puttalam,2025-01-01,298.33,-0.8310341388824253,0.8310341388824253,FALSE,FALSE,1
108,Lentils,1918,Puttalam,North Western,Puttalam,2025-02-01,290,-2.7922099688264623,2.7922099688264623,FALSE,FALSE,1
108,Lentils,1918,Puttalam,North Western,Puttalam,2025-03-01,288,-0.6896551724137931,0.6896551724137931,FALSE,FALSE,1
108,Lentils,1918,Puttalam,North Western,Puttalam,2025-04-01,285,-1.0416666666666665,1.0416666666666665,FALSE,FALSE,1
108,Lentils,1918,Puttalam,North Western,Puttalam,2025-05-01,285,0,0,FALSE,FALSE,1
108,Lentils,1918,Puttalam,North Western,Puttalam,2025-06-01,285,0,0,FALSE,FALSE,1
108,Lentils,1918,Puttalam,North Western,Puttalam,2025-07-01,285,0,0,FALSE,FALSE,1
108,Lentils,1918,Puttalam,North Western,Puttalam,2025-08-01,NA,NA,NA,FALSE,TRUE,NA
108,Lentils,1918,Puttalam,North Western,Puttalam,2025-09-01,277.22,NA,NA,FALSE,FALSE,1
108,Lentils,1919,Rathnapura,Sabaragamuwa,Ratnapura,2023-06-01,297.25,NA,NA,FALSE,FALSE,1
108,Lentils,1919,Rathnapura,Sabaragamuwa,Ratnapura,2023-07-01,292.6,-1.5643397813288402,1.5643397813288402,FALSE,FALSE,1
108,Lentils,1919,Rathnapura,Sabaragamuwa,Ratnapura,2023-08-01,307.75,5.177717019822275,5.177717019822275,FALSE,FALSE,1
108,Lentils,1919,Rathnapura,Sabaragamuwa,Ratnapura,2023-09-01,321.75,4.54914703493095,4.54914703493095,FALSE,FALSE,1
108,Lentils,1919,Rathnapura,Sabaragamuwa,Ratnapura,2023-10-01,316,-1.7871017871017871,1.7871017871017871,FALSE,FALSE,1
108,Lentils,1919,Rathnapura,Sabaragamuwa,Ratnapura,2023-11-01,NA,NA,NA,FALSE,TRUE,NA
108,Lentils,1919,Rathnapura,Sabaragamuwa,Ratnapura,2023-12-01,NA,NA,NA,FALSE,TRUE,NA
108,Lentils,1919,Rathnapura,Sabaragamuwa,Ratnapura,2024-01-01,329,NA,NA,FALSE,FALSE,1
108,Lentils,1919,Rathnapura,Sabaragamuwa,Ratnapura,2024-02-01,329,0,0,FALSE,FALSE,1
108,Lentils,1919,Rathnapura,Sabaragamuwa,Ratnapura,2024-03-01,328.5,-0.1519756838905775,0.1519756838905775,FALSE,FALSE,1
108,Lentils,1919,Rathnapura,Sabaragamuwa,Ratnapura,2024-04-01,327.6,-0.2739726027397191,0.2739726027397191,FALSE,FALSE,1
108,Lentils,1919,Rathnapura,Sabaragamuwa,Ratnapura,2024-05-01,331,1.0378510378510308,1.0378510378510308,FALSE,FALSE,1
108,Lentils,1919,Rathnapura,Sabaragamuwa,Ratnapura,2024-06-01,316,-4.531722054380665,4.531722054380665,FALSE,FALSE,1
108,Lentils,1919,Rathnapura,Sabaragamuwa,Ratnapura,2024-07-01,320.8,1.5189873417721556,1.5189873417721556,FALSE,FALSE,1
108,Lentils,1919,Rathnapura,Sabaragamuwa,Ratnapura,2024-08-01,307.75,-4.067955112219455,4.067955112219455,FALSE,FALSE,1
108,Lentils,1919,Rathnapura,Sabaragamuwa,Ratnapura,2024-09-01,308,0.08123476848090982,0.08123476848090982,FALSE,FALSE,1
108,Lentils,1919,Rathnapura,Sabaragamuwa,Ratnapura,2024-10-01,313,1.6233766233766231,1.6233766233766231,FALSE,FALSE,1
108,Lentils,1919,Rathnapura,Sabaragamuwa,Ratnapura,2024-11-01,310,-0.9584664536741214,0.9584664536741214,FALSE,FALSE,1
108,Lentils,1919,Rathnapura,Sabaragamuwa,Ratnapura,2024-12-01,310,0,0,FALSE,FALSE,1
108,Lentils,1919,Rathnapura,Sabaragamuwa,Ratnapura,2025-01-01,310,0,0,FALSE,FALSE,1
108,Lentils,1919,Rathnapura,Sabaragamuwa,Ratnapura,2025-02-01,310,0,0,FALSE,FALSE,1
108,Lentils,1919,Rathnapura,Sabaragamuwa,Ratnapura,2025-03-01,304,-1.935483870967742,1.935483870967742,FALSE,FALSE,1
108,Lentils,1919,Rathnapura,Sabaragamuwa,Ratnapura,2025-04-01,284,-6.578947368421052,6.578947368421052,FALSE,FALSE,1
108,Lentils,1919,Rathnapura,Sabaragamuwa,Ratnapura,2025-05-01,287,1.056338028169014,1.056338028169014,FALSE,FALSE,1
108,Lentils,1919,Rathnapura,Sabaragamuwa,Ratnapura,2025-06-01,288.2,0.4181184668989507,0.4181184668989507,FALSE,FALSE,1
108,Lentils,1919,Rathnapura,Sabaragamuwa,Ratnapura,2025-07-01,293.5,1.83900069396253,1.83900069396253,FALSE,FALSE,1
108,Lentils,1919,Rathnapura,Sabaragamuwa,Ratnapura,2025-08-01,292.45,-0.35775127768313847,0.35775127768313847,FALSE,FALSE,1
108,Lentils,1919,Rathnapura,Sabaragamuwa,Ratnapura,2025-09-01,283.61,-3.02273892973157,3.02273892973157,FALSE,FALSE,1
108,Lentils,5287,Dammbagalla,Uva,Moneragala,2023-06-01,290,NA,NA,FALSE,FALSE,1
108,Lentils,5287,Dammbagalla,Uva,Moneragala,2023-07-01,287,-1.0344827586206897,1.0344827586206897,FALSE,FALSE,1
108,Lentils,5287,Dammbagalla,Uva,Moneragala,2023-08-01,301.75,5.139372822299651,5.139372822299651,FALSE,FALSE,1
108,Lentils,5287,Dammbagalla,Uva,Moneragala,2023-09-01,321.5,6.545153272576636,6.545153272576636,FALSE,FALSE,1
108,Lentils,5287,Dammbagalla,Uva,Moneragala,2023-10-01,315.2,-1.9595645412130671,1.9595645412130671,FALSE,FALSE,1
108,Lentils,5287,Dammbagalla,Uva,Moneragala,2023-11-01,321.5,1.9987309644670086,1.9987309644670086,FALSE,FALSE,1
108,Lentils,5287,Dammbagalla,Uva,Moneragala,2023-12-01,320.75,-0.23328149300155523,0.23328149300155523,FALSE,FALSE,1
108,Lentils,5287,Dammbagalla,Uva,Moneragala,2024-01-01,319.2,-0.4832424006235421,0.4832424006235421,FALSE,FALSE,1
108,Lentils,5287,Dammbagalla,Uva,Moneragala,2024-02-01,316.5,-0.8458646616541319,0.8458646616541319,FALSE,FALSE,1
108,Lentils,5287,Dammbagalla,Uva,Moneragala,2024-03-01,310,-2.0537124802527646,2.0537124802527646,FALSE,FALSE,1
108,Lentils,5287,Dammbagalla,Uva,Moneragala,2024-04-01,303.3,-2.1612903225806415,2.1612903225806415,FALSE,FALSE,1
108,Lentils,5287,Dammbagalla,Uva,Moneragala,2024-05-01,297.5,-1.9122980547312929,1.9122980547312929,FALSE,FALSE,1
108,Lentils,5287,Dammbagalla,Uva,Moneragala,2024-06-01,297.5,0,0,FALSE,FALSE,1
108,Lentils,5287,Dammbagalla,Uva,Moneragala,2024-07-01,297,-0.16806722689075632,0.16806722689075632,FALSE,FALSE,1
108,Lentils,5287,Dammbagalla,Uva,Moneragala,2024-08-01,292,-1.6835016835016834,1.6835016835016834,FALSE,FALSE,1
108,Lentils,5287,Dammbagalla,Uva,Moneragala,2024-09-01,281.6,-3.561643835616431,3.561643835616431,FALSE,FALSE,1
108,Lentils,5287,Dammbagalla,Uva,Moneragala,2024-10-01,292.75,3.9595170454545374,3.9595170454545374,FALSE,FALSE,1
108,Lentils,5287,Dammbagalla,Uva,Moneragala,2024-11-01,296,1.1101622544833476,1.1101622544833476,FALSE,FALSE,1
108,Lentils,5287,Dammbagalla,Uva,Moneragala,2024-12-01,292.6,-1.148648648648641,1.148648648648641,FALSE,FALSE,1
108,Lentils,5287,Dammbagalla,Uva,Moneragala,2025-01-01,291.5,-0.3759398496240679,0.3759398496240679,FALSE,FALSE,1
108,Lentils,5287,Dammbagalla,Uva,Moneragala,2025-02-01,288.33,-1.0874785591766778,1.0874785591766778,FALSE,FALSE,1
108,Lentils,5287,Dammbagalla,Uva,Moneragala,2025-03-01,285,-1.154926646550822,1.154926646550822,FALSE,FALSE,1
108,Lentils,5287,Dammbagalla,Uva,Moneragala,2025-04-01,279,-2.1052631578947367,2.1052631578947367,FALSE,FALSE,1
108,Lentils,5287,Dammbagalla,Uva,Moneragala,2025-05-01,277.5,-0.5376344086021506,0.5376344086021506,FALSE,FALSE,1
108,Lentils,5287,Dammbagalla,Uva,Moneragala,2025-06-01,274.5,-1.0810810810810811,1.0810810810810811,FALSE,FALSE,1
108,Lentils,5287,Dammbagalla,Uva,Moneragala,2025-07-01,270.25,-1.5482695810564664,1.5482695810564664,FALSE,FALSE,1
108,Lentils,5287,Dammbagalla,Uva,Moneragala,2025-08-01,263.75,-2.4051803885291396,2.4051803885291396,FALSE,FALSE,1
108,Lentils,5287,Dammbagalla,Uva,Moneragala,2025-09-01,262.8,-0.3601895734597113,0.3601895734597113,FALSE,FALSE,1
108,Lentils,5346,Thambuttegama,North Central,Anuradhapura,2023-06-01,296.4,NA,NA,FALSE,FALSE,1
108,Lentils,5346,Thambuttegama,North Central,Anuradhapura,2023-07-01,289.27,-2.4055330634277987,2.4055330634277987,FALSE,FALSE,1
108,Lentils,5346,Thambuttegama,North Central,Anuradhapura,2023-08-01,293.46,1.4484737442527735,1.4484737442527735,FALSE,FALSE,1
108,Lentils,5346,Thambuttegama,North Central,Anuradhapura,2023-09-01,314.04,7.012880801472106,7.012880801472106,FALSE,FALSE,1
108,Lentils,5346,Thambuttegama,North Central,Anuradhapura,2023-10-01,304.99,-2.8817984970067543,2.8817984970067543,FALSE,FALSE,1
108,Lentils,5346,Thambuttegama,North Central,Anuradhapura,2023-11-01,307.47,0.8131414144726117,0.8131414144726117,FALSE,FALSE,1
108,Lentils,5346,Thambuttegama,North Central,Anuradhapura,2023-12-01,313.98,2.1172797346082515,2.1172797346082515,FALSE,FALSE,1
108,Lentils,5346,Thambuttegama,North Central,Anuradhapura,2024-01-01,318,1.28033632715459,1.28033632715459,FALSE,FALSE,1
108,Lentils,5346,Thambuttegama,North Central,Anuradhapura,2024-02-01,318.19,0.05974842767295526,0.05974842767295526,FALSE,FALSE,1
108,Lentils,5346,Thambuttegama,North Central,Anuradhapura,2024-03-01,317.11,-0.33941984348973386,0.33941984348973386,FALSE,FALSE,1
108,Lentils,5346,Thambuttegama,North Central,Anuradhapura,2024-04-01,308.32,-2.7719088013623097,2.7719088013623097,FALSE,FALSE,1
108,Lentils,5346,Thambuttegama,North Central,Anuradhapura,2024-05-01,309.75,0.4638038401660634,0.4638038401660634,FALSE,FALSE,1
108,Lentils,5346,Thambuttegama,North Central,Anuradhapura,2024-06-01,NA,NA,NA,FALSE,TRUE,NA
108,Lentils,5346,Thambuttegama,North Central,Anuradhapura,2024-07-01,296.25,NA,NA,FALSE,FALSE,1
108,Lentils,5346,Thambuttegama,North Central,Anuradhapura,2024-08-01,290.83,-1.8295358649789084,1.8295358649789084,FALSE,FALSE,1
108,Lentils,5346,Thambuttegama,North Central,Anuradhapura,2024-09-01,300.75,3.4109273458721647,3.4109273458721647,FALSE,FALSE,1
108,Lentils,5346,Thambuttegama,North Central,Anuradhapura,2024-10-01,303.55,0.9310058187863712,0.9310058187863712,FALSE,FALSE,1
108,Lentils,5346,Thambuttegama,North Central,Anuradhapura,2024-11-01,310.1,2.1577993740734676,2.1577993740734676,FALSE,FALSE,1
108,Lentils,5346,Thambuttegama,North Central,Anuradhapura,2024-12-01,297.6,-4.030957755562722,4.030957755562722,FALSE,FALSE,1
108,Lentils,5346,Thambuttegama,North Central,Anuradhapura,2025-01-01,300.5,0.9744623655913902,0.9744623655913902,FALSE,FALSE,1
108,Lentils,5346,Thambuttegama,North Central,Anuradhapura,2025-02-01,294.5,-1.9966722129783694,1.9966722129783694,FALSE,FALSE,1
108,Lentils,5346,Thambuttegama,North Central,Anuradhapura,2025-03-01,292.6,-0.645161290322573,0.645161290322573,FALSE,FALSE,1
108,Lentils,5346,Thambuttegama,North Central,Anuradhapura,2025-04-01,285.67,-2.368421052631581,2.368421052631581,FALSE,FALSE,1
108,Lentils,5346,Thambuttegama,North Central,Anuradhapura,2025-05-01,284.15,-0.5320824727832949,0.5320824727832949,FALSE,FALSE,1
108,Lentils,5346,Thambuttegama,North Central,Anuradhapura,2025-06-01,281.12,-1.0663382016540464,1.0663382016540464,FALSE,FALSE,1
108,Lentils,5346,Thambuttegama,North Central,Anuradhapura,2025-07-01,267.55,-4.8271200910643115,4.8271200910643115,FALSE,FALSE,1
108,Lentils,5346,Thambuttegama,North Central,Anuradhapura,2025-08-01,260,-2.8219024481405386,2.8219024481405386,FALSE,FALSE,1
108,Lentils,5346,Thambuttegama,North Central,Anuradhapura,2025-09-01,260,0,0,FALSE,FALSE,1
108,Lentils,7833,Embilipitiya,Sabaragamuwa,Ratnapura,2023-06-01,308.22,NA,NA,FALSE,FALSE,1
108,Lentils,7833,Embilipitiya,Sabaragamuwa,Ratnapura,2023-07-01,292.93,-4.960742326909356,4.960742326909356,FALSE,FALSE,1
108,Lentils,7833,Embilipitiya,Sabaragamuwa,Ratnapura,2023-08-01,317.5,8.387669409073837,8.387669409073837,FALSE,FALSE,1
108,Lentils,7833,Embilipitiya,Sabaragamuwa,Ratnapura,2023-09-01,358.85,13.023622047244102,13.023622047244102,FALSE,FALSE,1
108,Lentils,7833,Embilipitiya,Sabaragamuwa,Ratnapura,2023-10-01,350.7,-2.2711439320050255,2.2711439320050255,FALSE,FALSE,1
108,Lentils,7833,Embilipitiya,Sabaragamuwa,Ratnapura,2023-11-01,345.21,-1.5654405474764783,1.5654405474764783,FALSE,FALSE,1
108,Lentils,7833,Embilipitiya,Sabaragamuwa,Ratnapura,2023-12-01,347.79,0.7473711653776081,0.7473711653776081,FALSE,FALSE,1
108,Lentils,7833,Embilipitiya,Sabaragamuwa,Ratnapura,2024-01-01,343.93,-1.1098651485091617,1.1098651485091617,FALSE,FALSE,1
108,Lentils,7833,Embilipitiya,Sabaragamuwa,Ratnapura,2024-02-01,345.83,0.5524379961038517,0.5524379961038517,FALSE,FALSE,1
108,Lentils,7833,Embilipitiya,Sabaragamuwa,Ratnapura,2024-03-01,348.58,0.7951883873579505,0.7951883873579505,FALSE,FALSE,1
108,Lentils,7833,Embilipitiya,Sabaragamuwa,Ratnapura,2024-04-01,315.82,-9.398129554191287,9.398129554191287,FALSE,FALSE,1
108,Lentils,7833,Embilipitiya,Sabaragamuwa,Ratnapura,2024-05-01,305.85,-3.1568615033879963,3.1568615033879963,FALSE,FALSE,1
108,Lentils,7833,Embilipitiya,Sabaragamuwa,Ratnapura,2024-06-01,305.6,-0.08173941474579041,0.08173941474579041,FALSE,FALSE,1
108,Lentils,7833,Embilipitiya,Sabaragamuwa,Ratnapura,2024-07-01,306.4,0.261780104712027,0.261780104712027,FALSE,FALSE,1
108,Lentils,7833,Embilipitiya,Sabaragamuwa,Ratnapura,2024-08-01,301.4,-1.6318537859007836,1.6318537859007836,FALSE,FALSE,1
108,Lentils,7833,Embilipitiya,Sabaragamuwa,Ratnapura,2024-09-01,290,-3.7823490378234834,3.7823490378234834,FALSE,FALSE,1
108,Lentils,7833,Embilipitiya,Sabaragamuwa,Ratnapura,2024-10-01,294.5,1.5517241379310345,1.5517241379310345,FALSE,FALSE,1
108,Lentils,7833,Embilipitiya,Sabaragamuwa,Ratnapura,2024-11-01,296.25,0.5942275042444821,0.5942275042444821,FALSE,FALSE,1
108,Lentils,7833,Embilipitiya,Sabaragamuwa,Ratnapura,2024-12-01,298.6,0.7932489451476871,0.7932489451476871,FALSE,FALSE,1
108,Lentils,7833,Embilipitiya,Sabaragamuwa,Ratnapura,2025-01-01,309,3.482920294708632,3.482920294708632,FALSE,FALSE,1
108,Lentils,7833,Embilipitiya,Sabaragamuwa,Ratnapura,2025-02-01,306.25,-0.889967637540453,0.889967637540453,FALSE,FALSE,1
108,Lentils,7833,Embilipitiya,Sabaragamuwa,Ratnapura,2025-03-01,291.8,-4.718367346938772,4.718367346938772,FALSE,FALSE,1
108,Lentils,7833,Embilipitiya,Sabaragamuwa,Ratnapura,2025-04-01,283.56,-2.823851953392738,2.823851953392738,FALSE,FALSE,1
108,Lentils,7833,Embilipitiya,Sabaragamuwa,Ratnapura,2025-05-01,282.5,-0.37381859218507624,0.37381859218507624,FALSE,FALSE,1
108,Lentils,7833,Embilipitiya,Sabaragamuwa,Ratnapura,2025-06-01,281.25,-0.4424778761061947,0.4424778761061947,FALSE,FALSE,1
108,Lentils,7833,Embilipitiya,Sabaragamuwa,Ratnapura,2025-07-01,279.69,-0.5546666666666674,0.5546666666666674,FALSE,FALSE,1
108,Lentils,7833,Embilipitiya,Sabaragamuwa,Ratnapura,2025-08-01,289.85,3.6325932282169635,3.6325932282169635,FALSE,FALSE,1
108,Lentils,7833,Embilipitiya,Sabaragamuwa,Ratnapura,2025-09-01,280.43,-3.249956874245304,3.249956874245304,FALSE,FALSE,1
108,Lentils,7834,Tissamaharama,Southern,Hambantota,2023-06-01,305.62,NA,NA,FALSE,FALSE,1
108,Lentils,7834,Tissamaharama,Southern,Hambantota,2023-07-01,299,-2.166088606766574,2.166088606766574,FALSE,FALSE,1
108,Lentils,7834,Tissamaharama,Southern,Hambantota,2023-08-01,299.38,0.12709030100334298,0.12709030100334298,FALSE,FALSE,1
108,Lentils,7834,Tissamaharama,Southern,Hambantota,2023-09-01,333.75,11.480392811811079,11.480392811811079,FALSE,FALSE,1
108,Lentils,7834,Tissamaharama,Southern,Hambantota,2023-10-01,321,-3.8202247191011236,3.8202247191011236,FALSE,FALSE,1
108,Lentils,7834,Tissamaharama,Southern,Hambantota,2023-11-01,318,-0.9345794392523363,0.9345794392523363,FALSE,FALSE,1
108,Lentils,7834,Tissamaharama,Southern,Hambantota,2023-12-01,322.25,1.3364779874213837,1.3364779874213837,FALSE,FALSE,1
108,Lentils,7834,Tissamaharama,Southern,Hambantota,2024-01-01,325,0.8533747090768037,0.8533747090768037,FALSE,FALSE,1
108,Lentils,7834,Tissamaharama,Southern,Hambantota,2024-02-01,325,0,0,FALSE,FALSE,1
108,Lentils,7834,Tissamaharama,Southern,Hambantota,2024-03-01,325,0,0,FALSE,FALSE,1
108,Lentils,7834,Tissamaharama,Southern,Hambantota,2024-04-01,332.8,2.4000000000000035,2.4000000000000035,FALSE,FALSE,1
108,Lentils,7834,Tissamaharama,Southern,Hambantota,2024-05-01,324,-2.6442307692307727,2.6442307692307727,FALSE,FALSE,1
108,Lentils,7834,Tissamaharama,Southern,Hambantota,2024-06-01,NA,NA,NA,FALSE,TRUE,NA
108,Lentils,7834,Tissamaharama,Southern,Hambantota,2024-07-01,NA,NA,NA,FALSE,TRUE,NA
108,Lentils,7834,Tissamaharama,Southern,Hambantota,2024-08-01,NA,NA,NA,FALSE,TRUE,NA
108,Lentils,7834,Tissamaharama,Southern,Hambantota,2024-09-01,310.85,NA,NA,FALSE,FALSE,1
108,Lentils,7834,Tissamaharama,Southern,Hambantota,2024-10-01,301.81,-2.908155058709995,2.908155058709995,FALSE,FALSE,1
108,Lentils,7834,Tissamaharama,Southern,Hambantota,2024-11-01,298.75,-1.0138829064643327,1.0138829064643327,FALSE,FALSE,1
108,Lentils,7834,Tissamaharama,Southern,Hambantota,2024-12-01,301.4,0.8870292887029212,0.8870292887029212,FALSE,FALSE,1
108,Lentils,7834,Tissamaharama,Southern,Hambantota,2025-01-01,301.38,-0.006635700066350965,0.006635700066350965,FALSE,FALSE,1
108,Lentils,7834,Tissamaharama,Southern,Hambantota,2025-02-01,293.75,-2.5316875705089905,2.5316875705089905,FALSE,FALSE,1
108,Lentils,7834,Tissamaharama,Southern,Hambantota,2025-03-01,287.65,-2.076595744680859,2.076595744680859,FALSE,FALSE,1
108,Lentils,7834,Tissamaharama,Southern,Hambantota,2025-04-01,285,-0.921258473839728,0.921258473839728,FALSE,FALSE,1
108,Lentils,7834,Tissamaharama,Southern,Hambantota,2025-05-01,NA,NA,NA,FALSE,TRUE,NA
108,Lentils,7834,Tissamaharama,Southern,Hambantota,2025-06-01,277.19,NA,NA,FALSE,FALSE,1
108,Lentils,7834,Tissamaharama,Southern,Hambantota,2025-07-01,269.38,-2.8175619611097087,2.8175619611097087,FALSE,FALSE,1
108,Lentils,7834,Tissamaharama,Southern,Hambantota,2025-08-01,267.5,-0.6978988789071183,0.6978988789071183,FALSE,FALSE,1
108,Lentils,7834,Tissamaharama,Southern,Hambantota,2025-09-01,267.5,0,0,FALSE,FALSE,1
108,Lentils,7835,Galenbindunuwewa,North Central,Anuradhapura,2023-06-01,293,NA,NA,FALSE,FALSE,1
108,Lentils,7835,Galenbindunuwewa,North Central,Anuradhapura,2023-07-01,290.8,-0.7508532423208153,0.7508532423208153,FALSE,FALSE,1
108,Lentils,7835,Galenbindunuwewa,North Central,Anuradhapura,2023-08-01,300.5,3.3356258596973825,3.3356258596973825,FALSE,FALSE,1
108,Lentils,7835,Galenbindunuwewa,North Central,Anuradhapura,2023-09-01,325.5,8.319467554076539,8.319467554076539,FALSE,FALSE,1
108,Lentils,7835,Galenbindunuwewa,North Central,Anuradhapura,2023-10-01,315.2,-3.1643625192012323,3.1643625192012323,FALSE,FALSE,1
108,Lentils,7835,Galenbindunuwewa,North Central,Anuradhapura,2023-11-01,314.5,-0.2220812182741081,0.2220812182741081,FALSE,FALSE,1
108,Lentils,7835,Galenbindunuwewa,North Central,Anuradhapura,2023-12-01,326.5,3.815580286168521,3.815580286168521,FALSE,FALSE,1
108,Lentils,7835,Galenbindunuwewa,North Central,Anuradhapura,2024-01-01,322,-1.3782542113323124,1.3782542113323124,FALSE,FALSE,1
108,Lentils,7835,Galenbindunuwewa,North Central,Anuradhapura,2024-02-01,321.5,-0.15527950310559005,0.15527950310559005,FALSE,FALSE,1
108,Lentils,7835,Galenbindunuwewa,North Central,Anuradhapura,2024-03-01,309.5,-3.7325038880248838,3.7325038880248838,FALSE,FALSE,1
108,Lentils,7835,Galenbindunuwewa,North Central,Anuradhapura,2024-04-01,305.4,-1.32471728594508,1.32471728594508,FALSE,FALSE,1
108,Lentils,7835,Galenbindunuwewa,North Central,Anuradhapura,2024-05-01,299.5,-1.9318925998690168,1.9318925998690168,FALSE,FALSE,1
108,Lentils,7835,Galenbindunuwewa,North Central,Anuradhapura,2024-06-01,299,-0.1669449081803005,0.1669449081803005,FALSE,FALSE,1
108,Lentils,7835,Galenbindunuwewa,North Central,Anuradhapura,2024-07-01,314,5.016722408026756,5.016722408026756,FALSE,FALSE,1
108,Lentils,7835,Galenbindunuwewa,North Central,Anuradhapura,2024-08-01,NA,NA,NA,FALSE,TRUE,NA
108,Lentils,7835,Galenbindunuwewa,North Central,Anuradhapura,2024-09-01,NA,NA,NA,FALSE,TRUE,NA
108,Lentils,7835,Galenbindunuwewa,North Central,Anuradhapura,2024-10-01,NA,NA,NA,FALSE,TRUE,NA
108,Lentils,7835,Galenbindunuwewa,North Central,Anuradhapura,2024-11-01,NA,NA,NA,FALSE,TRUE,NA
108,Lentils,7835,Galenbindunuwewa,North Central,Anuradhapura,2024-12-01,293.67,NA,NA,FALSE,FALSE,1
108,Lentils,7835,Galenbindunuwewa,North Central,Anuradhapura,2025-01-01,302,2.836517179146656,2.836517179146656,FALSE,FALSE,1
108,Lentils,7835,Galenbindunuwewa,North Central,Anuradhapura,2025-02-01,300.62,-0.45695364238410446,0.45695364238410446,FALSE,FALSE,1
108,Lentils,7835,Galenbindunuwewa,North Central,Anuradhapura,2025-03-01,285.75,-4.946444015700886,4.946444015700886,FALSE,FALSE,1
108,Lentils,7835,Galenbindunuwewa,North Central,Anuradhapura,2025-04-01,285,-0.26246719160104987,0.26246719160104987,FALSE,FALSE,1
108,Lentils,7835,Galenbindunuwewa,North Central,Anuradhapura,2025-05-01,NA,NA,NA,FALSE,TRUE,NA
108,Lentils,7835,Galenbindunuwewa,North Central,Anuradhapura,2025-06-01,276,NA,NA,FALSE,FALSE,1
108,Lentils,7835,Galenbindunuwewa,North Central,Anuradhapura,2025-07-01,276.25,0.09057971014492754,0.09057971014492754,FALSE,FALSE,1
108,Lentils,7835,Galenbindunuwewa,North Central,Anuradhapura,2025-08-01,271.75,-1.6289592760180998,1.6289592760180998,FALSE,FALSE,1
108,Lentils,7835,Galenbindunuwewa,North Central,Anuradhapura,2025-09-01,267,-1.7479300827966882,1.7479300827966882,FALSE,FALSE,1
108,Lentils,7836,Bandarawela,Uva,Badulla,2023-06-01,298,NA,NA,FALSE,FALSE,1
108,Lentils,7836,Bandarawela,Uva,Badulla,2023-07-01,301,1.006711409395973,1.006711409395973,FALSE,FALSE,1
108,Lentils,7836,Bandarawela,Uva,Badulla,2023-08-01,308,2.3255813953488373,2.3255813953488373,FALSE,FALSE,1
108,Lentils,7836,Bandarawela,Uva,Badulla,2023-09-01,329.5,6.98051948051948,6.98051948051948,FALSE,FALSE,1
108,Lentils,7836,Bandarawela,Uva,Badulla,2023-10-01,328,-0.4552352048558422,0.4552352048558422,FALSE,FALSE,1
108,Lentils,7836,Bandarawela,Uva,Badulla,2023-11-01,328,0,0,FALSE,FALSE,1
108,Lentils,7836,Bandarawela,Uva,Badulla,2023-12-01,328,0,0,FALSE,FALSE,1
108,Lentils,7836,Bandarawela,Uva,Badulla,2024-01-01,328,0,0,FALSE,FALSE,1
108,Lentils,7836,Bandarawela,Uva,Badulla,2024-02-01,328,0,0,FALSE,FALSE,1
108,Lentils,7836,Bandarawela,Uva,Badulla,2024-03-01,NA,NA,NA,FALSE,TRUE,NA
108,Lentils,7836,Bandarawela,Uva,Badulla,2024-04-01,NA,NA,NA,FALSE,TRUE,NA
108,Lentils,7836,Bandarawela,Uva,Badulla,2024-05-01,326.67,NA,NA,FALSE,FALSE,1
108,Lentils,7836,Bandarawela,Uva,Badulla,2024-06-01,344.25,5.381577739002658,5.381577739002658,FALSE,FALSE,1
108,Lentils,7836,Bandarawela,Uva,Badulla,2024-07-01,335.6,-2.5127087872185845,2.5127087872185845,FALSE,FALSE,1
108,Lentils,7836,Bandarawela,Uva,Badulla,2024-08-01,308.5,-8.0750893921335,8.0750893921335,FALSE,FALSE,1
108,Lentils,7836,Bandarawela,Uva,Badulla,2024-09-01,296.8,-3.792544570502428,3.792544570502428,FALSE,FALSE,1
108,Lentils,7836,Bandarawela,Uva,Badulla,2024-10-01,297.5,0.23584905660376976,0.23584905660376976,FALSE,FALSE,1
108,Lentils,7836,Bandarawela,Uva,Badulla,2024-11-01,302,1.5126050420168067,1.5126050420168067,FALSE,FALSE,1
108,Lentils,7836,Bandarawela,Uva,Badulla,2024-12-01,301.2,-0.2649006622516594,0.2649006622516594,FALSE,FALSE,1
108,Lentils,7836,Bandarawela,Uva,Badulla,2025-01-01,302,0.2656042496679985,0.2656042496679985,FALSE,FALSE,1
108,Lentils,7836,Bandarawela,Uva,Badulla,2025-02-01,302,0,0,FALSE,FALSE,1
108,Lentils,7836,Bandarawela,Uva,Badulla,2025-03-01,302,0,0,FALSE,FALSE,1
108,Lentils,7836,Bandarawela,Uva,Badulla,2025-04-01,296.5,-1.8211920529801324,1.8211920529801324,FALSE,FALSE,1
108,Lentils,7836,Bandarawela,Uva,Badulla,2025-05-01,291,-1.854974704890388,1.854974704890388,FALSE,FALSE,1
108,Lentils,7836,Bandarawela,Uva,Badulla,2025-06-01,278.4,-4.3298969072165026,4.3298969072165026,FALSE,FALSE,1
108,Lentils,7836,Bandarawela,Uva,Badulla,2025-07-01,283.5,1.8318965517241461,1.8318965517241461,FALSE,FALSE,1
108,Lentils,7836,Bandarawela,Uva,Badulla,2025-08-01,274.75,-3.0864197530864197,3.0864197530864197,FALSE,FALSE,1
108,Lentils,7836,Bandarawela,Uva,Badulla,2025-09-01,266.8,-2.8935395814376665,2.8935395814376665,FALSE,FALSE,1
108,Lentils,7837,Dehiattakandiya,Eastern,Ampara,2023-06-01,295.1,NA,NA,FALSE,FALSE,1
108,Lentils,7837,Dehiattakandiya,Eastern,Ampara,2023-07-01,285.33,-3.310742121314821,3.310742121314821,FALSE,FALSE,1
108,Lentils,7837,Dehiattakandiya,Eastern,Ampara,2023-08-01,294.58,3.241860302106333,3.241860302106333,FALSE,FALSE,1
108,Lentils,7837,Dehiattakandiya,Eastern,Ampara,2023-09-01,319.17,8.347477764953503,8.347477764953503,FALSE,FALSE,1
108,Lentils,7837,Dehiattakandiya,Eastern,Ampara,2023-10-01,312,-2.2464517341855483,2.2464517341855483,FALSE,FALSE,1
108,Lentils,7837,Dehiattakandiya,Eastern,Ampara,2023-11-01,313.75,0.5608974358974359,0.5608974358974359,FALSE,FALSE,1
108,Lentils,7837,Dehiattakandiya,Eastern,Ampara,2023-12-01,322.92,2.9227091633466187,2.9227091633466187,FALSE,FALSE,1
108,Lentils,7837,Dehiattakandiya,Eastern,Ampara,2024-01-01,323.33,0.12696643131424754,0.12696643131424754,FALSE,FALSE,1
108,Lentils,7837,Dehiattakandiya,Eastern,Ampara,2024-02-01,320.83,-0.773203847462345,0.773203847462345,FALSE,FALSE,1
108,Lentils,7837,Dehiattakandiya,Eastern,Ampara,2024-03-01,308.33,-3.8961443755259797,3.8961443755259797,FALSE,FALSE,1
108,Lentils,7837,Dehiattakandiya,Eastern,Ampara,2024-04-01,316,2.487594460480659,2.487594460480659,FALSE,FALSE,1
108,Lentils,7837,Dehiattakandiya,Eastern,Ampara,2024-05-01,303.75,-3.8765822784810124,3.8765822784810124,FALSE,FALSE,1
108,Lentils,7837,Dehiattakandiya,Eastern,Ampara,2024-06-01,305.83,0.684773662551435,0.684773662551435,FALSE,FALSE,1
108,Lentils,7837,Dehiattakandiya,Eastern,Ampara,2024-07-01,309.67,1.2555995160710303,1.2555995160710303,FALSE,FALSE,1
108,Lentils,7837,Dehiattakandiya,Eastern,Ampara,2024-08-01,299.17,-3.3907062356702293,3.3907062356702293,FALSE,FALSE,1
108,Lentils,7837,Dehiattakandiya,Eastern,Ampara,2024-09-01,290.33,-2.9548417287829767,2.9548417287829767,FALSE,FALSE,1
108,Lentils,7837,Dehiattakandiya,Eastern,Ampara,2024-10-01,295.42,1.7531774187993083,1.7531774187993083,FALSE,FALSE,1
108,Lentils,7837,Dehiattakandiya,Eastern,Ampara,2024-11-01,296.67,0.42312639631710786,0.42312639631710786,FALSE,FALSE,1
108,Lentils,7837,Dehiattakandiya,Eastern,Ampara,2024-12-01,302,1.7966090268648611,1.7966090268648611,FALSE,FALSE,1
108,Lentils,7837,Dehiattakandiya,Eastern,Ampara,2025-01-01,300,-0.6622516556291391,0.6622516556291391,FALSE,FALSE,1
108,Lentils,7837,Dehiattakandiya,Eastern,Ampara,2025-02-01,290.42,-3.193333333333328,3.193333333333328,FALSE,FALSE,1
108,Lentils,7837,Dehiattakandiya,Eastern,Ampara,2025-03-01,283.83,-2.26912747055989,2.26912747055989,FALSE,FALSE,1
108,Lentils,7837,Dehiattakandiya,Eastern,Ampara,2025-04-01,277.92,-2.082232322164665,2.082232322164665,FALSE,FALSE,1
108,Lentils,7837,Dehiattakandiya,Eastern,Ampara,2025-05-01,270.62,-2.6266551525618924,2.6266551525618924,FALSE,FALSE,1
108,Lentils,7837,Dehiattakandiya,Eastern,Ampara,2025-06-01,273.53,1.0753085507353366,1.0753085507353366,FALSE,FALSE,1
108,Lentils,7837,Dehiattakandiya,Eastern,Ampara,2025-07-01,266.5,-2.5701019997806362,2.5701019997806362,FALSE,FALSE,1
108,Lentils,7837,Dehiattakandiya,Eastern,Ampara,2025-08-01,260,-2.4390243902439024,2.4390243902439024,FALSE,FALSE,1
108,Lentils,7837,Dehiattakandiya,Eastern,Ampara,2025-09-01,256.33,-1.4115384615384676,1.4115384615384676,FALSE,FALSE,1
108,Lentils,7839,Keppetipola (DEC},Uva,Badulla,2023-06-01,303.5,NA,NA,FALSE,FALSE,1
108,Lentils,7839,Keppetipola (DEC},Uva,Badulla,2023-07-01,295.68,-2.576606260296538,2.576606260296538,FALSE,FALSE,1
108,Lentils,7839,Keppetipola (DEC},Uva,Badulla,2023-08-01,302.96,2.462121212121203,2.462121212121203,FALSE,FALSE,1
108,Lentils,7839,Keppetipola (DEC},Uva,Badulla,2023-09-01,316,4.304198574069191,4.304198574069191,FALSE,FALSE,1
108,Lentils,7839,Keppetipola (DEC},Uva,Badulla,2023-10-01,330.4,4.556962025316449,4.556962025316449,FALSE,FALSE,1
108,Lentils,7839,Keppetipola (DEC},Uva,Badulla,2023-11-01,313.65,-5.069612590799031,5.069612590799031,FALSE,FALSE,1
108,Lentils,7839,Keppetipola (DEC},Uva,Badulla,2023-12-01,323,2.9810298102981103,2.9810298102981103,FALSE,FALSE,1
108,Lentils,7839,Keppetipola (DEC},Uva,Badulla,2024-01-01,314.8,-2.5386996904024732,2.5386996904024732,FALSE,FALSE,1
108,Lentils,7839,Keppetipola (DEC},Uva,Badulla,2024-02-01,317.5,0.8576874205844945,0.8576874205844945,FALSE,FALSE,1
108,Lentils,7839,Keppetipola (DEC},Uva,Badulla,2024-03-01,321.25,1.1811023622047243,1.1811023622047243,FALSE,FALSE,1
108,Lentils,7839,Keppetipola (DEC},Uva,Badulla,2024-04-01,318.42,-0.8809338521400728,0.8809338521400728,FALSE,FALSE,1
108,Lentils,7839,Keppetipola (DEC},Uva,Badulla,2024-05-01,308.62,-3.0776961246152914,3.0776961246152914,FALSE,FALSE,1
108,Lentils,7839,Keppetipola (DEC},Uva,Badulla,2024-06-01,304.65,-1.2863715896571923,1.2863715896571923,FALSE,FALSE,1
108,Lentils,7839,Keppetipola (DEC},Uva,Badulla,2024-07-01,308.6,1.2965698342360235,1.2965698342360235,FALSE,FALSE,1
108,Lentils,7839,Keppetipola (DEC},Uva,Badulla,2024-08-01,304.75,-1.247569669475056,1.247569669475056,FALSE,FALSE,1
108,Lentils,7839,Keppetipola (DEC},Uva,Badulla,2024-09-01,293.56,-3.671862182116488,3.671862182116488,FALSE,FALSE,1
108,Lentils,7839,Keppetipola (DEC},Uva,Badulla,2024-10-01,295.65,0.7119498569287284,0.7119498569287284,FALSE,FALSE,1
108,Lentils,7839,Keppetipola (DEC},Uva,Badulla,2024-11-01,295.25,-0.13529511246405454,0.13529511246405454,FALSE,FALSE,1
108,Lentils,7839,Keppetipola (DEC},Uva,Badulla,2024-12-01,294.28,-0.3285351397121176,0.3285351397121176,FALSE,FALSE,1
108,Lentils,7839,Keppetipola (DEC},Uva,Badulla,2025-01-01,288.65,-1.9131439445426113,1.9131439445426113,FALSE,FALSE,1
108,Lentils,7839,Keppetipola (DEC},Uva,Badulla,2025-02-01,287.05,-0.5543045210462381,0.5543045210462381,FALSE,FALSE,1
108,Lentils,7839,Keppetipola (DEC},Uva,Badulla,2025-03-01,285.92,-0.3936596411774936,0.3936596411774936,FALSE,FALSE,1
108,Lentils,7839,Keppetipola (DEC},Uva,Badulla,2025-04-01,282.75,-1.1087017347509849,1.1087017347509849,FALSE,FALSE,1
108,Lentils,7839,Keppetipola (DEC},Uva,Badulla,2025-05-01,275.5,-2.564102564102564,2.564102564102564,FALSE,FALSE,1
108,Lentils,7839,Keppetipola (DEC},Uva,Badulla,2025-06-01,267.4,-2.9401088929219683,2.9401088929219683,FALSE,FALSE,1
108,Lentils,7839,Keppetipola (DEC},Uva,Badulla,2025-07-01,290.31,8.567688855646981,8.567688855646981,FALSE,FALSE,1
108,Lentils,7839,Keppetipola (DEC},Uva,Badulla,2025-08-01,284.44,-2.021976507870898,2.021976507870898,FALSE,FALSE,1
108,Lentils,7839,Keppetipola (DEC},Uva,Badulla,2025-09-01,268.2,-5.70946421037829,5.70946421037829,FALSE,FALSE,1
108,Lentils,7840,Hanguranketha,Central,Nuwara Eliya,2023-06-01,283.14,NA,NA,FALSE,FALSE,1
108,Lentils,7840,Hanguranketha,Central,Nuwara Eliya,2023-07-01,279.55,-1.2679239951967136,1.2679239951967136,FALSE,FALSE,1
108,Lentils,7840,Hanguranketha,Central,Nuwara Eliya,2023-08-01,290.6,3.952781255589344,3.952781255589344,FALSE,FALSE,1
108,Lentils,7840,Hanguranketha,Central,Nuwara Eliya,2023-09-01,316.15,8.79215416379902,8.79215416379902,FALSE,FALSE,1
108,Lentils,7840,Hanguranketha,Central,Nuwara Eliya,2023-10-01,302.08,-4.450419104855288,4.450419104855288,FALSE,FALSE,1
108,Lentils,7840,Hanguranketha,Central,Nuwara Eliya,2023-11-01,307.75,1.8769862288135646,1.8769862288135646,FALSE,FALSE,1
108,Lentils,7840,Hanguranketha,Central,Nuwara Eliya,2023-12-01,317.16,3.057676685621454,3.057676685621454,FALSE,FALSE,1
108,Lentils,7840,Hanguranketha,Central,Nuwara Eliya,2024-01-01,314.5,-0.8386934039601541,0.8386934039601541,FALSE,FALSE,1
108,Lentils,7840,Hanguranketha,Central,Nuwara Eliya,2024-02-01,312.83,-0.5310015898251242,0.5310015898251242,FALSE,FALSE,1
108,Lentils,7840,Hanguranketha,Central,Nuwara Eliya,2024-03-01,304.28,-2.73311383179363,2.73311383179363,FALSE,FALSE,1
108,Lentils,7840,Hanguranketha,Central,Nuwara Eliya,2024-04-01,297.36,-2.2742211121335476,2.2742211121335476,FALSE,FALSE,1
108,Lentils,7840,Hanguranketha,Central,Nuwara Eliya,2024-05-01,296.72,-0.21522733387139706,0.21522733387139706,FALSE,FALSE,1
108,Lentils,7840,Hanguranketha,Central,Nuwara Eliya,2024-06-01,298,0.4313831221353372,0.4313831221353372,FALSE,FALSE,1
108,Lentils,7840,Hanguranketha,Central,Nuwara Eliya,2024-07-01,296.84,-0.3892617449664514,0.3892617449664514,FALSE,FALSE,1
108,Lentils,7840,Hanguranketha,Central,Nuwara Eliya,2024-08-01,288.33,-2.8668643040021533,2.8668643040021533,FALSE,FALSE,1
108,Lentils,7840,Hanguranketha,Central,Nuwara Eliya,2024-09-01,277.89,-3.6208511081052954,3.6208511081052954,FALSE,FALSE,1
108,Lentils,7840,Hanguranketha,Central,Nuwara Eliya,2024-10-01,286.75,3.1883119219835234,3.1883119219835234,FALSE,FALSE,1
108,Lentils,7840,Hanguranketha,Central,Nuwara Eliya,2024-11-01,286.52,-0.08020924149957043,0.08020924149957043,FALSE,FALSE,1
108,Lentils,7840,Hanguranketha,Central,Nuwara Eliya,2024-12-01,284.59,-0.673600446740195,0.673600446740195,FALSE,FALSE,1
108,Lentils,7840,Hanguranketha,Central,Nuwara Eliya,2025-01-01,287.8,1.1279384377525692,1.1279384377525692,FALSE,FALSE,1
108,Lentils,7840,Hanguranketha,Central,Nuwara Eliya,2025-02-01,282.63,-1.7963863794301653,1.7963863794301653,FALSE,FALSE,1
108,Lentils,7840,Hanguranketha,Central,Nuwara Eliya,2025-03-01,277.6,-1.7797119909422117,1.7797119909422117,FALSE,FALSE,1
108,Lentils,7840,Hanguranketha,Central,Nuwara Eliya,2025-04-01,273.94,-1.318443804034591,1.318443804034591,FALSE,FALSE,1
108,Lentils,7840,Hanguranketha,Central,Nuwara Eliya,2025-05-01,267.5,-2.350879754690807,2.350879754690807,FALSE,FALSE,1
108,Lentils,7840,Hanguranketha,Central,Nuwara Eliya,2025-06-01,NA,NA,NA,FALSE,TRUE,NA
108,Lentils,7840,Hanguranketha,Central,Nuwara Eliya,2025-07-01,NA,NA,NA,FALSE,TRUE,NA
108,Lentils,7840,Hanguranketha,Central,Nuwara Eliya,2025-08-01,251.5,NA,NA,FALSE,FALSE,1
108,Lentils,7840,Hanguranketha,Central,Nuwara Eliya,2025-09-01,251,-0.19880715705765406,0.19880715705765406,FALSE,FALSE,1
108,Lentils,7841,Meegoda(DEC),Western,Colombo,2023-06-01,299,NA,NA,FALSE,FALSE,1
108,Lentils,7841,Meegoda(DEC),Western,Colombo,2023-07-01,308.67,3.2341137123745876,3.2341137123745876,FALSE,FALSE,1
108,Lentils,7841,Meegoda(DEC),Western,Colombo,2023-08-01,314.5,1.8887485016360461,1.8887485016360461,FALSE,FALSE,1
108,Lentils,7841,Meegoda(DEC),Western,Colombo,2023-09-01,330.5,5.087440381558029,5.087440381558029,FALSE,FALSE,1
108,Lentils,7841,Meegoda(DEC),Western,Colombo,2023-10-01,325.2,-1.6036308623298068,1.6036308623298068,FALSE,FALSE,1
108,Lentils,7841,Meegoda(DEC),Western,Colombo,2023-11-01,325.62,0.12915129151292004,0.12915129151292004,FALSE,FALSE,1
108,Lentils,7841,Meegoda(DEC),Western,Colombo,2023-12-01,324,-0.4975124378109467,0.4975124378109467,FALSE,FALSE,1
108,Lentils,7841,Meegoda(DEC),Western,Colombo,2024-01-01,321.6,-0.7407407407407337,0.7407407407407337,FALSE,FALSE,1
108,Lentils,7841,Meegoda(DEC),Western,Colombo,2024-02-01,330.38,2.7300995024875534,2.7300995024875534,FALSE,FALSE,1
108,Lentils,7841,Meegoda(DEC),Western,Colombo,2024-03-01,325.69,-1.419577456262485,1.419577456262485,FALSE,FALSE,1
108,Lentils,7841,Meegoda(DEC),Western,Colombo,2024-04-01,316.05,-2.959869814854612,2.959869814854612,FALSE,FALSE,1
108,Lentils,7841,Meegoda(DEC),Western,Colombo,2024-05-01,317.5,0.4587881664293588,0.4587881664293588,FALSE,FALSE,1
108,Lentils,7841,Meegoda(DEC),Western,Colombo,2024-06-01,322,1.4173228346456692,1.4173228346456692,FALSE,FALSE,1
108,Lentils,7841,Meegoda(DEC),Western,Colombo,2024-07-01,313.2,-2.732919254658389,2.732919254658389,FALSE,FALSE,1
108,Lentils,7841,Meegoda(DEC),Western,Colombo,2024-08-01,296.25,-5.4118773946360115,5.4118773946360115,FALSE,FALSE,1
108,Lentils,7841,Meegoda(DEC),Western,Colombo,2024-09-01,297.8,0.5232067510548561,0.5232067510548561,FALSE,FALSE,1
108,Lentils,7841,Meegoda(DEC),Western,Colombo,2024-10-01,304.25,2.1658831430490224,2.1658831430490224,FALSE,FALSE,1
108,Lentils,7841,Meegoda(DEC),Western,Colombo,2024-11-01,300.5,-1.2325390304026294,1.2325390304026294,FALSE,FALSE,1
108,Lentils,7841,Meegoda(DEC),Western,Colombo,2024-12-01,301.2,0.2329450915141393,0.2329450915141393,FALSE,FALSE,1
108,Lentils,7841,Meegoda(DEC),Western,Colombo,2025-01-01,300.5,-0.2324037184594916,0.2324037184594916,FALSE,FALSE,1
108,Lentils,7841,Meegoda(DEC),Western,Colombo,2025-02-01,295.5,-1.6638935108153077,1.6638935108153077,FALSE,FALSE,1
108,Lentils,7841,Meegoda(DEC),Western,Colombo,2025-03-01,293.55,-0.6598984771573566,0.6598984771573566,FALSE,FALSE,1
108,Lentils,7841,Meegoda(DEC),Western,Colombo,2025-04-01,287.33,-2.1188894566513463,2.1188894566513463,FALSE,FALSE,1
108,Lentils,7841,Meegoda(DEC),Western,Colombo,2025-05-01,285,-0.8109142797480194,0.8109142797480194,FALSE,FALSE,1
108,Lentils,7841,Meegoda(DEC),Western,Colombo,2025-06-01,282.8,-0.7719298245613996,0.7719298245613996,FALSE,FALSE,1
108,Lentils,7841,Meegoda(DEC),Western,Colombo,2025-07-01,272.5,-3.642149929278646,3.642149929278646,FALSE,FALSE,1
108,Lentils,7841,Meegoda(DEC),Western,Colombo,2025-08-01,272,-0.1834862385321101,0.1834862385321101,FALSE,FALSE,1
108,Lentils,7841,Meegoda(DEC),Western,Colombo,2025-09-01,270.8,-0.4411764705882311,0.4411764705882311,FALSE,FALSE,1
108,Lentils,7842,Nikaweratiya,North Western,Kurunegala,2023-06-01,307.19,NA,NA,FALSE,FALSE,1
108,Lentils,7842,Nikaweratiya,North Western,Kurunegala,2023-07-01,298,-2.9916338422474684,2.9916338422474684,FALSE,FALSE,1
108,Lentils,7842,Nikaweratiya,North Western,Kurunegala,2023-08-01,315,5.704697986577181,5.704697986577181,FALSE,FALSE,1
108,Lentils,7842,Nikaweratiya,North Western,Kurunegala,2023-09-01,330,4.761904761904762,4.761904761904762,FALSE,FALSE,1
108,Lentils,7842,Nikaweratiya,North Western,Kurunegala,2023-10-01,329.5,-0.15151515151515152,0.15151515151515152,FALSE,FALSE,1
108,Lentils,7842,Nikaweratiya,North Western,Kurunegala,2023-11-01,334.69,1.5751138088012133,1.5751138088012133,FALSE,FALSE,1
108,Lentils,7842,Nikaweratiya,North Western,Kurunegala,2023-12-01,335,0.09262302429113575,0.09262302429113575,FALSE,FALSE,1
108,Lentils,7842,Nikaweratiya,North Western,Kurunegala,2024-01-01,334.75,-0.0746268656716418,0.0746268656716418,FALSE,FALSE,1
108,Lentils,7842,Nikaweratiya,North Western,Kurunegala,2024-02-01,349.12,4.29275578790142,4.29275578790142,FALSE,FALSE,1
108,Lentils,7842,Nikaweratiya,North Western,Kurunegala,2024-03-01,328.75,-5.83467002749771,5.83467002749771,FALSE,FALSE,1
108,Lentils,7842,Nikaweratiya,North Western,Kurunegala,2024-04-01,320,-2.6615969581749046,2.6615969581749046,FALSE,FALSE,1
108,Lentils,7842,Nikaweratiya,North Western,Kurunegala,2024-05-01,316.25,-1.171875,1.171875,FALSE,FALSE,1
108,Lentils,7842,Nikaweratiya,North Western,Kurunegala,2024-06-01,NA,NA,NA,FALSE,TRUE,NA
108,Lentils,7842,Nikaweratiya,North Western,Kurunegala,2024-07-01,314.6,NA,NA,FALSE,FALSE,1
108,Lentils,7842,Nikaweratiya,North Western,Kurunegala,2024-08-01,299.29,-4.866497139224412,4.866497139224412,FALSE,FALSE,1
108,Lentils,7842,Nikaweratiya,North Western,Kurunegala,2024-09-01,291.64,-2.5560493167162397,2.5560493167162397,FALSE,FALSE,1
108,Lentils,7842,Nikaweratiya,North Western,Kurunegala,2024-10-01,305.25,4.66671238513236,4.66671238513236,FALSE,FALSE,1
108,Lentils,7842,Nikaweratiya,North Western,Kurunegala,2024-11-01,307,0.5733005733005733,0.5733005733005733,FALSE,FALSE,1
108,Lentils,7842,Nikaweratiya,North Western,Kurunegala,2024-12-01,293,-4.5602605863192185,4.5602605863192185,FALSE,FALSE,1
108,Lentils,7842,Nikaweratiya,North Western,Kurunegala,2025-01-01,NA,NA,NA,FALSE,TRUE,NA
108,Lentils,7842,Nikaweratiya,North Western,Kurunegala,2025-02-01,NA,NA,NA,FALSE,TRUE,NA
108,Lentils,7842,Nikaweratiya,North Western,Kurunegala,2025-03-01,281.5,NA,NA,FALSE,FALSE,1
108,Lentils,7842,Nikaweratiya,North Western,Kurunegala,2025-04-01,278.38,-1.1083481349911206,1.1083481349911206,FALSE,FALSE,1
108,Lentils,7842,Nikaweratiya,North Western,Kurunegala,2025-05-01,289.5,3.9945398376320154,3.9945398376320154,FALSE,FALSE,1
108,Lentils,7842,Nikaweratiya,North Western,Kurunegala,2025-06-01,283.2,-2.176165803108812,2.176165803108812,FALSE,FALSE,1
108,Lentils,7842,Nikaweratiya,North Western,Kurunegala,2025-07-01,282,-0.423728813559318,0.423728813559318,FALSE,FALSE,1
108,Lentils,7842,Nikaweratiya,North Western,Kurunegala,2025-08-01,282,0,0,FALSE,FALSE,1
108,Lentils,7842,Nikaweratiya,North Western,Kurunegala,2025-09-01,279.6,-0.851063829787226,0.851063829787226,FALSE,FALSE,1
108,Lentils,7843,Mullativu,Northern,Mullattivu,2023-06-01,309.5,NA,NA,FALSE,FALSE,1
108,Lentils,7843,Mullativu,Northern,Mullattivu,2023-07-01,302,-2.4232633279483036,2.4232633279483036,FALSE,FALSE,1
108,Lentils,7843,Mullativu,Northern,Mullattivu,2023-08-01,312,3.3112582781456954,3.3112582781456954,FALSE,FALSE,1
108,Lentils,7843,Mullativu,Northern,Mullattivu,2023-09-01,337.5,8.173076923076923,8.173076923076923,FALSE,FALSE,1
108,Lentils,7843,Mullativu,Northern,Mullattivu,2023-10-01,NA,NA,NA,FALSE,TRUE,NA
108,Lentils,7843,Mullativu,Northern,Mullattivu,2023-11-01,NA,NA,NA,FALSE,TRUE,NA
108,Lentils,7843,Mullativu,Northern,Mullattivu,2023-12-01,NA,NA,NA,FALSE,TRUE,NA
108,Lentils,7843,Mullativu,Northern,Mullattivu,2024-01-01,NA,NA,NA,FALSE,TRUE,NA
108,Lentils,7843,Mullativu,Northern,Mullattivu,2024-02-01,NA,NA,NA,FALSE,TRUE,NA
108,Lentils,7843,Mullativu,Northern,Mullattivu,2024-03-01,NA,NA,NA,FALSE,TRUE,NA
108,Lentils,7843,Mullativu,Northern,Mullattivu,2024-04-01,NA,NA,NA,FALSE,TRUE,NA
108,Lentils,7843,Mullativu,Northern,Mullattivu,2024-05-01,303.67,NA,NA,FALSE,FALSE,1
108,Lentils,7843,Mullativu,Northern,Mullattivu,2024-06-01,300.75,-0.9615701254651483,0.9615701254651483,FALSE,FALSE,1
108,Lentils,7843,Mullativu,Northern,Mullattivu,2024-07-01,307.6,2.277639235245228,2.277639235245228,FALSE,FALSE,1
108,Lentils,7843,Mullativu,Northern,Mullattivu,2024-08-01,297.81,-3.1827048114434398,3.1827048114434398,FALSE,FALSE,1
108,Lentils,7843,Mullativu,Northern,Mullattivu,2024-09-01,296,-0.6077700547328841,0.6077700547328841,FALSE,FALSE,1
108,Lentils,7843,Mullativu,Northern,Mullattivu,2024-10-01,293,-1.0135135135135136,1.0135135135135136,FALSE,FALSE,1
108,Lentils,7843,Mullativu,Northern,Mullattivu,2024-11-01,292.5,-0.17064846416382254,0.17064846416382254,FALSE,FALSE,1
108,Lentils,7843,Mullativu,Northern,Mullattivu,2024-12-01,295.5,1.0256410256410255,1.0256410256410255,FALSE,FALSE,1
108,Lentils,7843,Mullativu,Northern,Mullattivu,2025-01-01,298.5,1.015228426395939,1.015228426395939,FALSE,FALSE,1
108,Lentils,7843,Mullativu,Northern,Mullattivu,2025-02-01,294.75,-1.256281407035176,1.256281407035176,FALSE,FALSE,1
108,Lentils,7843,Mullativu,Northern,Mullattivu,2025-03-01,293.2,-0.5258693808312167,0.5258693808312167,FALSE,FALSE,1
108,Lentils,7843,Mullativu,Northern,Mullattivu,2025-04-01,287.5,-1.9440654843110465,1.9440654843110465,FALSE,FALSE,1
108,Lentils,7843,Mullativu,Northern,Mullattivu,2025-05-01,284,-1.2173913043478262,1.2173913043478262,FALSE,FALSE,1
108,Lentils,7843,Mullativu,Northern,Mullattivu,2025-06-01,282.88,-0.39436619718310023,0.39436619718310023,FALSE,FALSE,1
108,Lentils,7843,Mullativu,Northern,Mullattivu,2025-07-01,282.3,-0.20503393665157807,0.20503393665157807,FALSE,FALSE,1
108,Lentils,7843,Mullativu,Northern,Mullattivu,2025-08-01,282.45,0.05313496280551798,0.05313496280551798,FALSE,FALSE,1
108,Lentils,7843,Mullativu,Northern,Mullattivu,2025-09-01,277.6,-1.7171180739953853,1.7171180739953853,FALSE,FALSE,1
114,Tomatoes,360,Ampara,Eastern,Ampara,2023-06-01,314.17,NA,NA,FALSE,FALSE,1
114,Tomatoes,360,Ampara,Eastern,Ampara,2023-07-01,442,40.68816245981474,40.68816245981474,FALSE,FALSE,1
114,Tomatoes,360,Ampara,Eastern,Ampara,2023-08-01,280,-36.65158371040724,36.65158371040724,FALSE,FALSE,1
114,Tomatoes,360,Ampara,Eastern,Ampara,2023-09-01,216.67,-22.617857142857147,22.617857142857147,FALSE,FALSE,1
114,Tomatoes,360,Ampara,Eastern,Ampara,2023-10-01,256,18.15202843033185,18.15202843033185,FALSE,FALSE,1
114,Tomatoes,360,Ampara,Eastern,Ampara,2023-11-01,310,21.09375,21.09375,FALSE,FALSE,1
114,Tomatoes,360,Ampara,Eastern,Ampara,2023-12-01,703.33,126.88064516129035,126.88064516129035,TRUE,FALSE,1
114,Tomatoes,360,Ampara,Eastern,Ampara,2024-01-01,752.67,7.015199124166453,7.015199124166453,FALSE,FALSE,1
114,Tomatoes,360,Ampara,Eastern,Ampara,2024-02-01,921.67,22.453399232067177,22.453399232067177,FALSE,FALSE,1
114,Tomatoes,360,Ampara,Eastern,Ampara,2024-03-01,408.33,-55.69672442414313,55.69672442414313,TRUE,FALSE,1
114,Tomatoes,360,Ampara,Eastern,Ampara,2024-04-01,198.67,-51.345725271226705,51.345725271226705,TRUE,FALSE,1
114,Tomatoes,360,Ampara,Eastern,Ampara,2024-05-01,183.33,-7.721346957265805,7.721346957265805,FALSE,FALSE,1
114,Tomatoes,360,Ampara,Eastern,Ampara,2024-06-01,183.33,0,0,FALSE,FALSE,1
114,Tomatoes,360,Ampara,Eastern,Ampara,2024-07-01,401.67,119.09671084928817,119.09671084928817,TRUE,FALSE,1
114,Tomatoes,360,Ampara,Eastern,Ampara,2024-08-01,293.75,-26.867826823013917,26.867826823013917,FALSE,FALSE,1
114,Tomatoes,360,Ampara,Eastern,Ampara,2024-09-01,256.33,-12.738723404255325,12.738723404255325,FALSE,FALSE,1
114,Tomatoes,360,Ampara,Eastern,Ampara,2024-10-01,341.67,33.29302071548396,33.29302071548396,FALSE,FALSE,1
114,Tomatoes,360,Ampara,Eastern,Ampara,2024-11-01,321.67,-5.853601428278749,5.853601428278749,FALSE,FALSE,1
114,Tomatoes,360,Ampara,Eastern,Ampara,2024-12-01,446,38.65141293872602,38.65141293872602,FALSE,FALSE,1
114,Tomatoes,360,Ampara,Eastern,Ampara,2025-01-01,410.83,-7.88565022421525,7.88565022421525,FALSE,FALSE,1
114,Tomatoes,360,Ampara,Eastern,Ampara,2025-02-01,292.5,-28.80266777012389,28.80266777012389,FALSE,FALSE,1
114,Tomatoes,360,Ampara,Eastern,Ampara,2025-03-01,316,8.034188034188034,8.034188034188034,FALSE,FALSE,1
114,Tomatoes,360,Ampara,Eastern,Ampara,2025-04-01,536.67,69.83227848101265,69.83227848101265,TRUE,FALSE,1
114,Tomatoes,360,Ampara,Eastern,Ampara,2025-05-01,873.33,62.7312873833082,62.7312873833082,TRUE,FALSE,1
114,Tomatoes,360,Ampara,Eastern,Ampara,2025-06-01,500.67,-42.671155233416926,42.671155233416926,FALSE,FALSE,1
114,Tomatoes,360,Ampara,Eastern,Ampara,2025-07-01,190,-62.0508518585096,62.0508518585096,TRUE,FALSE,1
114,Tomatoes,360,Ampara,Eastern,Ampara,2025-08-01,223.33,17.5421052631579,17.5421052631579,FALSE,FALSE,1
114,Tomatoes,360,Ampara,Eastern,Ampara,2025-09-01,242.67,8.659830743742432,8.659830743742432,FALSE,FALSE,1
114,Tomatoes,361,Batticaloa,Eastern,Batticaloa,2023-06-01,376.5,NA,NA,FALSE,FALSE,1
114,Tomatoes,361,Batticaloa,Eastern,Batticaloa,2023-07-01,476.8,26.64010624169987,26.64010624169987,FALSE,FALSE,1
114,Tomatoes,361,Batticaloa,Eastern,Batticaloa,2023-08-01,268.5,-43.68708053691275,43.68708053691275,FALSE,FALSE,1
114,Tomatoes,361,Batticaloa,Eastern,Batticaloa,2023-09-01,244,-9.124767225325884,9.124767225325884,FALSE,FALSE,1
114,Tomatoes,361,Batticaloa,Eastern,Batticaloa,2023-10-01,286.8,17.540983606557383,17.540983606557383,FALSE,FALSE,1
114,Tomatoes,361,Batticaloa,Eastern,Batticaloa,2023-11-01,360,25.52301255230125,25.52301255230125,FALSE,FALSE,1
114,Tomatoes,361,Batticaloa,Eastern,Batticaloa,2023-12-01,759,110.83333333333334,110.83333333333334,TRUE,FALSE,1
114,Tomatoes,361,Batticaloa,Eastern,Batticaloa,2024-01-01,776,2.2397891963109355,2.2397891963109355,FALSE,FALSE,1
114,Tomatoes,361,Batticaloa,Eastern,Batticaloa,2024-02-01,913,17.65463917525773,17.65463917525773,FALSE,FALSE,1
114,Tomatoes,361,Batticaloa,Eastern,Batticaloa,2024-03-01,459,-49.726177437020816,49.726177437020816,FALSE,FALSE,1
114,Tomatoes,361,Batticaloa,Eastern,Batticaloa,2024-04-01,196.8,-57.124183006535944,57.124183006535944,TRUE,FALSE,1
114,Tomatoes,361,Batticaloa,Eastern,Batticaloa,2024-05-01,264.5,34.40040650406503,34.40040650406503,FALSE,FALSE,1
114,Tomatoes,361,Batticaloa,Eastern,Batticaloa,2024-06-01,264.5,0,0,FALSE,FALSE,1
114,Tomatoes,361,Batticaloa,Eastern,Batticaloa,2024-07-01,494.4,86.91871455576559,86.91871455576559,TRUE,FALSE,1
114,Tomatoes,361,Batticaloa,Eastern,Batticaloa,2024-08-01,384,-22.330097087378636,22.330097087378636,FALSE,FALSE,1
114,Tomatoes,361,Batticaloa,Eastern,Batticaloa,2024-09-01,NA,NA,NA,FALSE,TRUE,NA
114,Tomatoes,361,Batticaloa,Eastern,Batticaloa,2024-10-01,NA,NA,NA,FALSE,TRUE,NA
114,Tomatoes,361,Batticaloa,Eastern,Batticaloa,2024-11-01,NA,NA,NA,FALSE,TRUE,NA
114,Tomatoes,361,Batticaloa,Eastern,Batticaloa,2024-12-01,479.33,NA,NA,FALSE,FALSE,1
114,Tomatoes,361,Batticaloa,Eastern,Batticaloa,2025-01-01,386.25,-19.418772035966867,19.418772035966867,FALSE,FALSE,1
114,Tomatoes,361,Batticaloa,Eastern,Batticaloa,2025-02-01,255,-33.980582524271846,33.980582524271846,FALSE,FALSE,1
114,Tomatoes,361,Batticaloa,Eastern,Batticaloa,2025-03-01,316,23.92156862745098,23.92156862745098,FALSE,FALSE,1
114,Tomatoes,361,Batticaloa,Eastern,Batticaloa,2025-04-01,417.5,32.120253164556964,32.120253164556964,FALSE,FALSE,1
114,Tomatoes,361,Batticaloa,Eastern,Batticaloa,2025-05-01,NA,NA,NA,FALSE,TRUE,NA
114,Tomatoes,361,Batticaloa,Eastern,Batticaloa,2025-06-01,535.5,NA,NA,FALSE,FALSE,1
114,Tomatoes,361,Batticaloa,Eastern,Batticaloa,2025-07-01,176.88,-66.96918767507003,66.96918767507003,TRUE,FALSE,1
114,Tomatoes,361,Batticaloa,Eastern,Batticaloa,2025-08-01,169.38,-4.240162822252374,4.240162822252374,FALSE,FALSE,1
114,Tomatoes,361,Batticaloa,Eastern,Batticaloa,2025-09-01,275,62.35683079466289,62.35683079466289,TRUE,FALSE,1
114,Tomatoes,362,Jaffna,Northern,Jaffna,2023-06-01,285.83,NA,NA,FALSE,FALSE,1
114,Tomatoes,362,Jaffna,Northern,Jaffna,2023-07-01,444,55.33708847916594,55.33708847916594,TRUE,FALSE,1
114,Tomatoes,362,Jaffna,Northern,Jaffna,2023-08-01,217.92,-50.91891891891892,50.91891891891892,TRUE,FALSE,1
114,Tomatoes,362,Jaffna,Northern,Jaffna,2023-09-01,190,-12.812041116005869,12.812041116005869,FALSE,FALSE,1
114,Tomatoes,362,Jaffna,Northern,Jaffna,2023-10-01,202,6.315789473684211,6.315789473684211,FALSE,FALSE,1
114,Tomatoes,362,Jaffna,Northern,Jaffna,2023-11-01,303.5,50.24752475247525,50.24752475247525,TRUE,FALSE,1
114,Tomatoes,362,Jaffna,Northern,Jaffna,2023-12-01,NA,NA,NA,FALSE,TRUE,NA
114,Tomatoes,362,Jaffna,Northern,Jaffna,2024-01-01,663.4,NA,NA,FALSE,FALSE,1
114,Tomatoes,362,Jaffna,Northern,Jaffna,2024-02-01,714,7.6273741332529426,7.6273741332529426,FALSE,FALSE,1
114,Tomatoes,362,Jaffna,Northern,Jaffna,2024-03-01,263,-63.16526610644257,63.16526610644257,TRUE,FALSE,1
114,Tomatoes,362,Jaffna,Northern,Jaffna,2024-04-01,96.8,-63.19391634980989,63.19391634980989,TRUE,FALSE,1
114,Tomatoes,362,Jaffna,Northern,Jaffna,2024-05-01,186.5,92.66528925619836,92.66528925619836,TRUE,FALSE,1
114,Tomatoes,362,Jaffna,Northern,Jaffna,2024-06-01,592,217.42627345844502,217.42627345844502,TRUE,FALSE,1
114,Tomatoes,362,Jaffna,Northern,Jaffna,2024-07-01,340,-42.567567567567565,42.567567567567565,FALSE,FALSE,1
114,Tomatoes,362,Jaffna,Northern,Jaffna,2024-08-01,277.5,-18.38235294117647,18.38235294117647,FALSE,FALSE,1
114,Tomatoes,362,Jaffna,Northern,Jaffna,2024-09-01,221.2,-20.288288288288292,20.288288288288292,FALSE,FALSE,1
114,Tomatoes,362,Jaffna,Northern,Jaffna,2024-10-01,318.5,43.98734177215191,43.98734177215191,FALSE,FALSE,1
114,Tomatoes,362,Jaffna,Northern,Jaffna,2024-11-01,NA,NA,NA,FALSE,TRUE,NA
114,Tomatoes,362,Jaffna,Northern,Jaffna,2024-12-01,447.2,NA,NA,FALSE,FALSE,1
114,Tomatoes,362,Jaffna,Northern,Jaffna,2025-01-01,364.5,-18.492844364937387,18.492844364937387,FALSE,FALSE,1
114,Tomatoes,362,Jaffna,Northern,Jaffna,2025-02-01,215.12,-40.98216735253772,40.98216735253772,FALSE,FALSE,1
114,Tomatoes,362,Jaffna,Northern,Jaffna,2025-03-01,172.5,-19.81219784306434,19.81219784306434,FALSE,FALSE,1
114,Tomatoes,362,Jaffna,Northern,Jaffna,2025-04-01,NA,NA,NA,FALSE,TRUE,NA
114,Tomatoes,362,Jaffna,Northern,Jaffna,2025-05-01,NA,NA,NA,FALSE,TRUE,NA
114,Tomatoes,362,Jaffna,Northern,Jaffna,2025-06-01,338,NA,NA,FALSE,FALSE,1
114,Tomatoes,362,Jaffna,Northern,Jaffna,2025-07-01,159,-52.95857988165681,52.95857988165681,TRUE,FALSE,1
114,Tomatoes,362,Jaffna,Northern,Jaffna,2025-08-01,190,19.49685534591195,19.49685534591195,FALSE,FALSE,1
114,Tomatoes,362,Jaffna,Northern,Jaffna,2025-09-01,181.6,-4.4210526315789505,4.4210526315789505,FALSE,FALSE,1
114,Tomatoes,363,Kilinochchi,Northern,Kilinochchi,2023-06-01,379,NA,NA,FALSE,FALSE,1
114,Tomatoes,363,Kilinochchi,Northern,Kilinochchi,2023-07-01,488.4,28.86543535620052,28.86543535620052,FALSE,FALSE,1
114,Tomatoes,363,Kilinochchi,Northern,Kilinochchi,2023-08-01,321,-34.27518427518427,34.27518427518427,FALSE,FALSE,1
114,Tomatoes,363,Kilinochchi,Northern,Kilinochchi,2023-09-01,242.5,-24.45482866043614,24.45482866043614,FALSE,FALSE,1
114,Tomatoes,363,Kilinochchi,Northern,Kilinochchi,2023-10-01,284,17.11340206185567,17.11340206185567,FALSE,FALSE,1
114,Tomatoes,363,Kilinochchi,Northern,Kilinochchi,2023-11-01,358.5,26.23239436619718,26.23239436619718,FALSE,FALSE,1
114,Tomatoes,363,Kilinochchi,Northern,Kilinochchi,2023-12-01,705.5,96.79218967921896,96.79218967921896,TRUE,FALSE,1
114,Tomatoes,363,Kilinochchi,Northern,Kilinochchi,2024-01-01,680.4,-3.557760453579025,3.557760453579025,FALSE,FALSE,1
114,Tomatoes,363,Kilinochchi,Northern,Kilinochchi,2024-02-01,NA,NA,NA,FALSE,TRUE,NA
114,Tomatoes,363,Kilinochchi,Northern,Kilinochchi,2024-03-01,NA,NA,NA,FALSE,TRUE,NA
114,Tomatoes,363,Kilinochchi,Northern,Kilinochchi,2024-04-01,NA,NA,NA,FALSE,TRUE,NA
114,Tomatoes,363,Kilinochchi,Northern,Kilinochchi,2024-05-01,239,NA,NA,FALSE,FALSE,1
114,Tomatoes,363,Kilinochchi,Northern,Kilinochchi,2024-06-01,239,0,0,FALSE,FALSE,1
114,Tomatoes,363,Kilinochchi,Northern,Kilinochchi,2024-07-01,526,120.08368200836821,120.08368200836821,TRUE,FALSE,1
114,Tomatoes,363,Kilinochchi,Northern,Kilinochchi,2024-08-01,308,-41.44486692015209,41.44486692015209,FALSE,FALSE,1
114,Tomatoes,363,Kilinochchi,Northern,Kilinochchi,2024-09-01,292,-5.194805194805195,5.194805194805195,FALSE,FALSE,1
114,Tomatoes,363,Kilinochchi,Northern,Kilinochchi,2024-10-01,388.5,33.04794520547945,33.04794520547945,FALSE,FALSE,1
114,Tomatoes,363,Kilinochchi,Northern,Kilinochchi,2024-11-01,401.5,3.346203346203346,3.346203346203346,FALSE,FALSE,1
114,Tomatoes,363,Kilinochchi,Northern,Kilinochchi,2024-12-01,525,30.759651307596513,30.759651307596513,FALSE,FALSE,1
114,Tomatoes,363,Kilinochchi,Northern,Kilinochchi,2025-01-01,NA,NA,NA,FALSE,TRUE,NA
114,Tomatoes,363,Kilinochchi,Northern,Kilinochchi,2025-02-01,NA,NA,NA,FALSE,TRUE,NA
114,Tomatoes,363,Kilinochchi,Northern,Kilinochchi,2025-03-01,280,NA,NA,FALSE,FALSE,1
114,Tomatoes,363,Kilinochchi,Northern,Kilinochchi,2025-04-01,NA,NA,NA,FALSE,TRUE,NA
114,Tomatoes,363,Kilinochchi,Northern,Kilinochchi,2025-05-01,982,NA,NA,FALSE,FALSE,1
114,Tomatoes,363,Kilinochchi,Northern,Kilinochchi,2025-06-01,662.5,-32.5356415478615,32.5356415478615,FALSE,FALSE,1
114,Tomatoes,363,Kilinochchi,Northern,Kilinochchi,2025-07-01,NA,NA,NA,FALSE,TRUE,NA
114,Tomatoes,363,Kilinochchi,Northern,Kilinochchi,2025-08-01,NA,NA,NA,FALSE,TRUE,NA
114,Tomatoes,363,Kilinochchi,Northern,Kilinochchi,2025-09-01,241.6,NA,NA,FALSE,FALSE,1
114,Tomatoes,364,Mannar,Northern,Mannar,2023-06-01,388,NA,NA,FALSE,FALSE,1
114,Tomatoes,364,Mannar,Northern,Mannar,2023-07-01,510.8,31.64948453608248,31.64948453608248,FALSE,FALSE,1
114,Tomatoes,364,Mannar,Northern,Mannar,2023-08-01,302.5,-40.77916992952232,40.77916992952232,FALSE,FALSE,1
114,Tomatoes,364,Mannar,Northern,Mannar,2023-09-01,252,-16.694214876033058,16.694214876033058,FALSE,FALSE,1
114,Tomatoes,364,Mannar,Northern,Mannar,2023-10-01,280.4,11.26984126984126,11.26984126984126,FALSE,FALSE,1
114,Tomatoes,364,Mannar,Northern,Mannar,2023-11-01,376.5,34.27246790299573,34.27246790299573,FALSE,FALSE,1
114,Tomatoes,364,Mannar,Northern,Mannar,2023-12-01,686,82.20451527224436,82.20451527224436,TRUE,FALSE,1
114,Tomatoes,364,Mannar,Northern,Mannar,2024-01-01,825.2,20.29154518950438,20.29154518950438,FALSE,FALSE,1
114,Tomatoes,364,Mannar,Northern,Mannar,2024-02-01,875,6.03490063015026,6.03490063015026,FALSE,FALSE,1
114,Tomatoes,364,Mannar,Northern,Mannar,2024-03-01,644,-26.400000000000002,26.400000000000002,FALSE,FALSE,1
114,Tomatoes,364,Mannar,Northern,Mannar,2024-04-01,142.67,-77.84627329192547,77.84627329192547,TRUE,FALSE,1
114,Tomatoes,364,Mannar,Northern,Mannar,2024-05-01,226.67,58.87712903904115,58.87712903904115,TRUE,FALSE,1
114,Tomatoes,364,Mannar,Northern,Mannar,2024-06-01,226.67,0,0,FALSE,FALSE,1
114,Tomatoes,364,Mannar,Northern,Mannar,2024-07-01,594.5,162.27555477125338,162.27555477125338,TRUE,FALSE,1
114,Tomatoes,364,Mannar,Northern,Mannar,2024-08-01,348.5,-41.37931034482759,41.37931034482759,FALSE,FALSE,1
114,Tomatoes,364,Mannar,Northern,Mannar,2024-09-01,307.2,-11.85078909612626,11.85078909612626,FALSE,FALSE,1
114,Tomatoes,364,Mannar,Northern,Mannar,2024-10-01,328,6.7708333333333375,6.7708333333333375,FALSE,FALSE,1
114,Tomatoes,364,Mannar,Northern,Mannar,2024-11-01,358,9.146341463414634,9.146341463414634,FALSE,FALSE,1
114,Tomatoes,364,Mannar,Northern,Mannar,2024-12-01,536.8,49.94413407821228,49.94413407821228,FALSE,FALSE,1
114,Tomatoes,364,Mannar,Northern,Mannar,2025-01-01,420.5,-21.665424739195224,21.665424739195224,FALSE,FALSE,1
114,Tomatoes,364,Mannar,Northern,Mannar,2025-02-01,NA,NA,NA,FALSE,TRUE,NA
114,Tomatoes,364,Mannar,Northern,Mannar,2025-03-01,NA,NA,NA,FALSE,TRUE,NA
114,Tomatoes,364,Mannar,Northern,Mannar,2025-04-01,NA,NA,NA,FALSE,TRUE,NA
114,Tomatoes,364,Mannar,Northern,Mannar,2025-05-01,NA,NA,NA,FALSE,TRUE,NA
114,Tomatoes,364,Mannar,Northern,Mannar,2025-06-01,570,NA,NA,FALSE,FALSE,1
114,Tomatoes,364,Mannar,Northern,Mannar,2025-07-01,275,-51.75438596491229,51.75438596491229,TRUE,FALSE,1
114,Tomatoes,364,Mannar,Northern,Mannar,2025-08-01,234.38,-14.770909090909093,14.770909090909093,FALSE,FALSE,1
114,Tomatoes,364,Mannar,Northern,Mannar,2025-09-01,271,15.624200017066306,15.624200017066306,FALSE,FALSE,1
114,Tomatoes,366,Trincomalee,Eastern,Trincomalee,2023-06-01,352.75,NA,NA,FALSE,FALSE,1
114,Tomatoes,366,Trincomalee,Eastern,Trincomalee,2023-07-01,515.2,46.052445074415324,46.052445074415324,FALSE,FALSE,1
114,Tomatoes,366,Trincomalee,Eastern,Trincomalee,2023-08-01,296,-42.54658385093168,42.54658385093168,FALSE,FALSE,1
114,Tomatoes,366,Trincomalee,Eastern,Trincomalee,2023-09-01,203.5,-31.25,31.25,FALSE,FALSE,1
114,Tomatoes,366,Trincomalee,Eastern,Trincomalee,2023-10-01,275.2,35.23341523341523,35.23341523341523,FALSE,FALSE,1
114,Tomatoes,366,Trincomalee,Eastern,Trincomalee,2023-11-01,345,25.363372093023262,25.363372093023262,FALSE,FALSE,1
114,Tomatoes,366,Trincomalee,Eastern,Trincomalee,2023-12-01,739,114.20289855072463,114.20289855072463,TRUE,FALSE,1
114,Tomatoes,366,Trincomalee,Eastern,Trincomalee,2024-01-01,742,0.40595399188092013,0.40595399188092013,FALSE,FALSE,1
114,Tomatoes,366,Trincomalee,Eastern,Trincomalee,2024-02-01,889.5,19.878706199460915,19.878706199460915,FALSE,FALSE,1
114,Tomatoes,366,Trincomalee,Eastern,Trincomalee,2024-03-01,443.33,-50.15964024732996,50.15964024732996,TRUE,FALSE,1
114,Tomatoes,366,Trincomalee,Eastern,Trincomalee,2024-04-01,212.67,-52.02896262377913,52.02896262377913,TRUE,FALSE,1
114,Tomatoes,366,Trincomalee,Eastern,Trincomalee,2024-05-01,216,1.5658061785865485,1.5658061785865485,FALSE,FALSE,1
114,Tomatoes,366,Trincomalee,Eastern,Trincomalee,2024-06-01,216,0,0,FALSE,FALSE,1
114,Tomatoes,366,Trincomalee,Eastern,Trincomalee,2024-07-01,514.4,138.14814814814812,138.14814814814812,TRUE,FALSE,1
114,Tomatoes,366,Trincomalee,Eastern,Trincomalee,2024-08-01,326,-36.625194401244165,36.625194401244165,FALSE,FALSE,1
114,Tomatoes,366,Trincomalee,Eastern,Trincomalee,2024-09-01,313.2,-3.926380368098163,3.926380368098163,FALSE,FALSE,1
114,Tomatoes,366,Trincomalee,Eastern,Trincomalee,2024-10-01,411.33,31.331417624521073,31.331417624521073,FALSE,FALSE,1
114,Tomatoes,366,Trincomalee,Eastern,Trincomalee,2024-11-01,406.25,-1.2350181119782133,1.2350181119782133,FALSE,FALSE,1
114,Tomatoes,366,Trincomalee,Eastern,Trincomalee,2024-12-01,470.2,15.74153846153846,15.74153846153846,FALSE,FALSE,1
114,Tomatoes,366,Trincomalee,Eastern,Trincomalee,2025-01-01,467,-0.6805614632071435,0.6805614632071435,FALSE,FALSE,1
114,Tomatoes,366,Trincomalee,Eastern,Trincomalee,2025-02-01,359,-23.126338329764454,23.126338329764454,FALSE,FALSE,1
114,Tomatoes,366,Trincomalee,Eastern,Trincomalee,2025-03-01,334.6,-6.796657381615592,6.796657381615592,FALSE,FALSE,1
114,Tomatoes,366,Trincomalee,Eastern,Trincomalee,2025-04-01,471.33,40.863717872086056,40.863717872086056,FALSE,FALSE,1
114,Tomatoes,366,Trincomalee,Eastern,Trincomalee,2025-05-01,1042.67,121.21867905713621,121.21867905713621,TRUE,FALSE,1
114,Tomatoes,366,Trincomalee,Eastern,Trincomalee,2025-06-01,687,-34.11146383803121,34.11146383803121,FALSE,FALSE,1
114,Tomatoes,366,Trincomalee,Eastern,Trincomalee,2025-07-01,242.5,-64.70160116448326,64.70160116448326,TRUE,FALSE,1
114,Tomatoes,366,Trincomalee,Eastern,Trincomalee,2025-08-01,212,-12.577319587628866,12.577319587628866,FALSE,FALSE,1
114,Tomatoes,366,Trincomalee,Eastern,Trincomalee,2025-09-01,252.5,19.10377358490566,19.10377358490566,FALSE,FALSE,1
114,Tomatoes,367,Vavuniya,Northern,Vavuniya,2023-06-01,325.5,NA,NA,FALSE,FALSE,1
114,Tomatoes,367,Vavuniya,Northern,Vavuniya,2023-07-01,498.8,53.241167434715834,53.241167434715834,TRUE,FALSE,1
114,Tomatoes,367,Vavuniya,Northern,Vavuniya,2023-08-01,279,-44.065757818765036,44.065757818765036,FALSE,FALSE,1
114,Tomatoes,367,Vavuniya,Northern,Vavuniya,2023-09-01,228.5,-18.100358422939067,18.100358422939067,FALSE,FALSE,1
114,Tomatoes,367,Vavuniya,Northern,Vavuniya,2023-10-01,246.5,7.87746170678337,7.87746170678337,FALSE,FALSE,1
114,Tomatoes,367,Vavuniya,Northern,Vavuniya,2023-11-01,368.5,49.49290060851927,49.49290060851927,FALSE,FALSE,1
114,Tomatoes,367,Vavuniya,Northern,Vavuniya,2023-12-01,762.83,107.00949796472186,107.00949796472186,TRUE,FALSE,1
114,Tomatoes,367,Vavuniya,Northern,Vavuniya,2024-01-01,843.3,10.548877207241445,10.548877207241445,FALSE,FALSE,1
114,Tomatoes,367,Vavuniya,Northern,Vavuniya,2024-02-01,918.5,8.91734851179889,8.91734851179889,FALSE,FALSE,1
114,Tomatoes,367,Vavuniya,Northern,Vavuniya,2024-03-01,391,-57.43059335873707,57.43059335873707,TRUE,FALSE,1
114,Tomatoes,367,Vavuniya,Northern,Vavuniya,2024-04-01,156.6,-59.948849104859335,59.948849104859335,TRUE,FALSE,1
114,Tomatoes,367,Vavuniya,Northern,Vavuniya,2024-05-01,221.5,41.44316730523628,41.44316730523628,FALSE,FALSE,1
114,Tomatoes,367,Vavuniya,Northern,Vavuniya,2024-06-01,622,180.81264108352144,180.81264108352144,TRUE,FALSE,1
114,Tomatoes,367,Vavuniya,Northern,Vavuniya,2024-07-01,515.8,-17.07395498392284,17.07395498392284,FALSE,FALSE,1
114,Tomatoes,367,Vavuniya,Northern,Vavuniya,2024-08-01,301,-41.64404808065141,41.64404808065141,FALSE,FALSE,1
114,Tomatoes,367,Vavuniya,Northern,Vavuniya,2024-09-01,289.4,-3.853820598006652,3.853820598006652,FALSE,FALSE,1
114,Tomatoes,367,Vavuniya,Northern,Vavuniya,2024-10-01,413,42.709053213545275,42.709053213545275,FALSE,FALSE,1
114,Tomatoes,367,Vavuniya,Northern,Vavuniya,2024-11-01,376,-8.958837772397095,8.958837772397095,FALSE,FALSE,1
114,Tomatoes,367,Vavuniya,Northern,Vavuniya,2024-12-01,517.5,37.63297872340425,37.63297872340425,FALSE,FALSE,1
114,Tomatoes,367,Vavuniya,Northern,Vavuniya,2025-01-01,430.08,-16.89275362318841,16.89275362318841,FALSE,FALSE,1
114,Tomatoes,367,Vavuniya,Northern,Vavuniya,2025-02-01,300.25,-30.187406994047617,30.187406994047617,FALSE,FALSE,1
114,Tomatoes,367,Vavuniya,Northern,Vavuniya,2025-03-01,295.2,-1.6819317235637006,1.6819317235637006,FALSE,FALSE,1
114,Tomatoes,367,Vavuniya,Northern,Vavuniya,2025-04-01,730.5,147.45934959349594,147.45934959349594,TRUE,FALSE,1
114,Tomatoes,367,Vavuniya,Northern,Vavuniya,2025-05-01,978,33.880903490759756,33.880903490759756,FALSE,FALSE,1
114,Tomatoes,367,Vavuniya,Northern,Vavuniya,2025-06-01,555.25,-43.22597137014315,43.22597137014315,FALSE,FALSE,1
114,Tomatoes,367,Vavuniya,Northern,Vavuniya,2025-07-01,209.75,-62.224223322827555,62.224223322827555,TRUE,FALSE,1
114,Tomatoes,367,Vavuniya,Northern,Vavuniya,2025-08-01,200.67,-4.328963051251495,4.328963051251495,FALSE,FALSE,1
114,Tomatoes,367,Vavuniya,Northern,Vavuniya,2025-09-01,239.2,19.20067772960582,19.20067772960582,FALSE,FALSE,1
114,Tomatoes,368,Colombo City,Western,Colombo,2023-06-01,360.2,NA,NA,FALSE,FALSE,1
114,Tomatoes,368,Colombo City,Western,Colombo,2023-07-01,494.96,37.41254858411993,37.41254858411993,FALSE,FALSE,1
114,Tomatoes,368,Colombo City,Western,Colombo,2023-08-01,271.22,-45.20365282042992,45.20365282042992,FALSE,FALSE,1
114,Tomatoes,368,Colombo City,Western,Colombo,2023-09-01,233.15,-14.036575473785126,14.036575473785126,FALSE,FALSE,1
114,Tomatoes,368,Colombo City,Western,Colombo,2023-10-01,264.34,13.37765387089855,13.37765387089855,FALSE,FALSE,1
114,Tomatoes,368,Colombo City,Western,Colombo,2023-11-01,346.77,31.18332450631763,31.18332450631763,FALSE,FALSE,1
114,Tomatoes,368,Colombo City,Western,Colombo,2023-12-01,672.02,93.794157510742,93.794157510742,TRUE,FALSE,1
114,Tomatoes,368,Colombo City,Western,Colombo,2024-01-01,711.34,5.8510163387994485,5.8510163387994485,FALSE,FALSE,1
114,Tomatoes,368,Colombo City,Western,Colombo,2024-02-01,940.62,32.23212528467399,32.23212528467399,FALSE,FALSE,1
114,Tomatoes,368,Colombo City,Western,Colombo,2024-03-01,432.46,-54.02394165550382,54.02394165550382,TRUE,FALSE,1
114,Tomatoes,368,Colombo City,Western,Colombo,2024-04-01,206.97,-52.14123849604587,52.14123849604587,TRUE,FALSE,1
114,Tomatoes,368,Colombo City,Western,Colombo,2024-05-01,214.35,3.5657341643716456,3.5657341643716456,FALSE,FALSE,1
114,Tomatoes,368,Colombo City,Western,Colombo,2024-06-01,544.8,154.16375087473756,154.16375087473756,TRUE,FALSE,1
114,Tomatoes,368,Colombo City,Western,Colombo,2024-07-01,486.44,-10.712187958883987,10.712187958883987,FALSE,FALSE,1
114,Tomatoes,368,Colombo City,Western,Colombo,2024-08-01,315.76,-35.08757503494779,35.08757503494779,FALSE,FALSE,1
114,Tomatoes,368,Colombo City,Western,Colombo,2024-09-01,287.46,-8.962503166962254,8.962503166962254,FALSE,FALSE,1
114,Tomatoes,368,Colombo City,Western,Colombo,2024-10-01,364.93,26.949836498991175,26.949836498991175,FALSE,FALSE,1
114,Tomatoes,368,Colombo City,Western,Colombo,2024-11-01,336.38,-7.823418189789826,7.823418189789826,FALSE,FALSE,1
114,Tomatoes,368,Colombo City,Western,Colombo,2024-12-01,454.12,35.00208097984422,35.00208097984422,FALSE,FALSE,1
114,Tomatoes,368,Colombo City,Western,Colombo,2025-01-01,420.47,-7.409935699815022,7.409935699815022,FALSE,FALSE,1
114,Tomatoes,368,Colombo City,Western,Colombo,2025-02-01,296.84,-29.40281113991487,29.40281113991487,FALSE,FALSE,1
114,Tomatoes,368,Colombo City,Western,Colombo,2025-03-01,347.75,17.15065355073441,17.15065355073441,FALSE,FALSE,1
114,Tomatoes,368,Colombo City,Western,Colombo,2025-04-01,688.23,97.90941768511863,97.90941768511863,TRUE,FALSE,1
114,Tomatoes,368,Colombo City,Western,Colombo,2025-05-01,882.98,28.297226217979453,28.297226217979453,FALSE,FALSE,1
114,Tomatoes,368,Colombo City,Western,Colombo,2025-06-01,541.56,-38.66678746970487,38.66678746970487,FALSE,FALSE,1
114,Tomatoes,368,Colombo City,Western,Colombo,2025-07-01,213.29,-60.61562892384962,60.61562892384962,TRUE,FALSE,1
114,Tomatoes,368,Colombo City,Western,Colombo,2025-08-01,235.79,10.549017769234375,10.549017769234375,FALSE,FALSE,1
114,Tomatoes,368,Colombo City,Western,Colombo,2025-09-01,243.66,3.3377157640273145,3.3377157640273145,FALSE,FALSE,1
114,Tomatoes,1888,Polonnaruwa,North Central,Polonnaruwa,2023-06-01,362,NA,NA,FALSE,FALSE,1
114,Tomatoes,1888,Polonnaruwa,North Central,Polonnaruwa,2023-07-01,422,16.574585635359114,16.574585635359114,FALSE,FALSE,1
114,Tomatoes,1888,Polonnaruwa,North Central,Polonnaruwa,2023-08-01,202,-52.13270142180095,52.13270142180095,TRUE,FALSE,1
114,Tomatoes,1888,Polonnaruwa,North Central,Polonnaruwa,2023-09-01,188,-6.9306930693069315,6.9306930693069315,FALSE,FALSE,1
114,Tomatoes,1888,Polonnaruwa,North Central,Polonnaruwa,2023-10-01,228,21.27659574468085,21.27659574468085,FALSE,FALSE,1
114,Tomatoes,1888,Polonnaruwa,North Central,Polonnaruwa,2023-11-01,277.5,21.710526315789476,21.710526315789476,FALSE,FALSE,1
114,Tomatoes,1888,Polonnaruwa,North Central,Polonnaruwa,2023-12-01,702.67,153.2144144144144,153.2144144144144,TRUE,FALSE,1
114,Tomatoes,1888,Polonnaruwa,North Central,Polonnaruwa,2024-01-01,623.2,-11.30971864459845,11.30971864459845,FALSE,FALSE,1
114,Tomatoes,1888,Polonnaruwa,North Central,Polonnaruwa,2024-02-01,801.5,28.610397946084714,28.610397946084714,FALSE,FALSE,1
114,Tomatoes,1888,Polonnaruwa,North Central,Polonnaruwa,2024-03-01,372.33,-53.54585152838428,53.54585152838428,TRUE,FALSE,1
114,Tomatoes,1888,Polonnaruwa,North Central,Polonnaruwa,2024-04-01,203.6,-45.31732602798593,45.31732602798593,FALSE,FALSE,1
114,Tomatoes,1888,Polonnaruwa,North Central,Polonnaruwa,2024-05-01,163.33,-19.778978388998027,19.778978388998027,FALSE,FALSE,1
114,Tomatoes,1888,Polonnaruwa,North Central,Polonnaruwa,2024-06-01,NA,NA,NA,FALSE,TRUE,NA
114,Tomatoes,1888,Polonnaruwa,North Central,Polonnaruwa,2024-07-01,NA,NA,NA,FALSE,TRUE,NA
114,Tomatoes,1888,Polonnaruwa,North Central,Polonnaruwa,2024-08-01,374.17,NA,NA,FALSE,FALSE,1
114,Tomatoes,1888,Polonnaruwa,North Central,Polonnaruwa,2024-09-01,268.6,-28.214447978191725,28.214447978191725,FALSE,FALSE,1
114,Tomatoes,1888,Polonnaruwa,North Central,Polonnaruwa,2024-10-01,351.5,30.86373790022337,30.86373790022337,FALSE,FALSE,1
114,Tomatoes,1888,Polonnaruwa,North Central,Polonnaruwa,2024-11-01,349.5,-0.5689900426742532,0.5689900426742532,FALSE,FALSE,1
114,Tomatoes,1888,Polonnaruwa,North Central,Polonnaruwa,2024-12-01,510.1,45.9513590844063,45.9513590844063,FALSE,FALSE,1
114,Tomatoes,1888,Polonnaruwa,North Central,Polonnaruwa,2025-01-01,420.5,-17.56518329739267,17.56518329739267,FALSE,FALSE,1
114,Tomatoes,1888,Polonnaruwa,North Central,Polonnaruwa,2025-02-01,319,-24.137931034482758,24.137931034482758,FALSE,FALSE,1
114,Tomatoes,1888,Polonnaruwa,North Central,Polonnaruwa,2025-03-01,344,7.836990595611286,7.836990595611286,FALSE,FALSE,1
114,Tomatoes,1888,Polonnaruwa,North Central,Polonnaruwa,2025-04-01,559,62.5,62.5,TRUE,FALSE,1
114,Tomatoes,1888,Polonnaruwa,North Central,Polonnaruwa,2025-05-01,885,58.31842576028623,58.31842576028623,TRUE,FALSE,1
114,Tomatoes,1888,Polonnaruwa,North Central,Polonnaruwa,2025-06-01,538.4,-39.163841807909606,39.163841807909606,FALSE,FALSE,1
114,Tomatoes,1888,Polonnaruwa,North Central,Polonnaruwa,2025-07-01,209,-61.18127786032689,61.18127786032689,TRUE,FALSE,1
114,Tomatoes,1888,Polonnaruwa,North Central,Polonnaruwa,2025-08-01,242,15.789473684210526,15.789473684210526,FALSE,FALSE,1
114,Tomatoes,1888,Polonnaruwa,North Central,Polonnaruwa,2025-09-01,240,-0.8264462809917356,0.8264462809917356,FALSE,FALSE,1
114,Tomatoes,1889,Monaragala,Uva,Moneragala,2023-06-01,326,NA,NA,FALSE,FALSE,1
114,Tomatoes,1889,Monaragala,Uva,Moneragala,2023-07-01,446.4,36.932515337423304,36.932515337423304,FALSE,FALSE,1
114,Tomatoes,1889,Monaragala,Uva,Moneragala,2023-08-01,255,-42.876344086021504,42.876344086021504,FALSE,FALSE,1
114,Tomatoes,1889,Monaragala,Uva,Moneragala,2023-09-01,213,-16.470588235294116,16.470588235294116,FALSE,FALSE,1
114,Tomatoes,1889,Monaragala,Uva,Moneragala,2023-10-01,208,-2.3474178403755865,2.3474178403755865,FALSE,FALSE,1
114,Tomatoes,1889,Monaragala,Uva,Moneragala,2023-11-01,291.33,40.06249999999999,40.06249999999999,FALSE,FALSE,1
114,Tomatoes,1889,Monaragala,Uva,Moneragala,2023-12-01,620,112.81708028695982,112.81708028695982,TRUE,FALSE,1
114,Tomatoes,1889,Monaragala,Uva,Moneragala,2024-01-01,670.4,8.129032258064512,8.129032258064512,FALSE,FALSE,1
114,Tomatoes,1889,Monaragala,Uva,Moneragala,2024-02-01,816,21.718377088305495,21.718377088305495,FALSE,FALSE,1
114,Tomatoes,1889,Monaragala,Uva,Moneragala,2024-03-01,412,-49.50980392156863,49.50980392156863,FALSE,FALSE,1
114,Tomatoes,1889,Monaragala,Uva,Moneragala,2024-04-01,167.2,-59.417475728155345,59.417475728155345,TRUE,FALSE,1
114,Tomatoes,1889,Monaragala,Uva,Moneragala,2024-05-01,193,15.430622009569387,15.430622009569387,FALSE,FALSE,1
114,Tomatoes,1889,Monaragala,Uva,Moneragala,2024-06-01,490,153.8860103626943,153.8860103626943,TRUE,FALSE,1
114,Tomatoes,1889,Monaragala,Uva,Moneragala,2024-07-01,400,-18.367346938775512,18.367346938775512,FALSE,FALSE,1
114,Tomatoes,1889,Monaragala,Uva,Moneragala,2024-08-01,301,-24.75,24.75,FALSE,FALSE,1
114,Tomatoes,1889,Monaragala,Uva,Moneragala,2024-09-01,296,-1.6611295681063125,1.6611295681063125,FALSE,FALSE,1
114,Tomatoes,1889,Monaragala,Uva,Moneragala,2024-10-01,324,9.45945945945946,9.45945945945946,FALSE,FALSE,1
114,Tomatoes,1889,Monaragala,Uva,Moneragala,2024-11-01,284,-12.345679012345679,12.345679012345679,FALSE,FALSE,1
114,Tomatoes,1889,Monaragala,Uva,Moneragala,2024-12-01,475.2,67.32394366197182,67.32394366197182,TRUE,FALSE,1
114,Tomatoes,1889,Monaragala,Uva,Moneragala,2025-01-01,377,-20.664983164983163,20.664983164983163,FALSE,FALSE,1
114,Tomatoes,1889,Monaragala,Uva,Moneragala,2025-02-01,228,-39.52254641909814,39.52254641909814,FALSE,FALSE,1
114,Tomatoes,1889,Monaragala,Uva,Moneragala,2025-03-01,307.2,34.73684210526316,34.73684210526316,FALSE,FALSE,1
114,Tomatoes,1889,Monaragala,Uva,Moneragala,2025-04-01,575,87.17447916666667,87.17447916666667,TRUE,FALSE,1
114,Tomatoes,1889,Monaragala,Uva,Moneragala,2025-05-01,772,34.26086956521739,34.26086956521739,FALSE,FALSE,1
114,Tomatoes,1889,Monaragala,Uva,Moneragala,2025-06-01,457.6,-40.725388601036265,40.725388601036265,FALSE,FALSE,1
114,Tomatoes,1889,Monaragala,Uva,Moneragala,2025-07-01,171.5,-62.52185314685315,62.52185314685315,TRUE,FALSE,1
114,Tomatoes,1889,Monaragala,Uva,Moneragala,2025-08-01,222,29.44606413994169,29.44606413994169,FALSE,FALSE,1
114,Tomatoes,1889,Monaragala,Uva,Moneragala,2025-09-01,250.4,12.792792792792795,12.792792792792795,FALSE,FALSE,1
114,Tomatoes,1906,Anuradhapura,North Central,Anuradhapura,2023-06-01,331,NA,NA,FALSE,FALSE,1
114,Tomatoes,1906,Anuradhapura,North Central,Anuradhapura,2023-07-01,449.6,35.83081570996979,35.83081570996979,FALSE,FALSE,1
114,Tomatoes,1906,Anuradhapura,North Central,Anuradhapura,2023-08-01,243,-45.95195729537367,45.95195729537367,FALSE,FALSE,1
114,Tomatoes,1906,Anuradhapura,North Central,Anuradhapura,2023-09-01,201,-17.28395061728395,17.28395061728395,FALSE,FALSE,1
114,Tomatoes,1906,Anuradhapura,North Central,Anuradhapura,2023-10-01,224.8,11.840796019900504,11.840796019900504,FALSE,FALSE,1
114,Tomatoes,1906,Anuradhapura,North Central,Anuradhapura,2023-11-01,302,34.34163701067615,34.34163701067615,FALSE,FALSE,1
114,Tomatoes,1906,Anuradhapura,North Central,Anuradhapura,2023-12-01,662,119.20529801324504,119.20529801324504,TRUE,FALSE,1
114,Tomatoes,1906,Anuradhapura,North Central,Anuradhapura,2024-01-01,675.2,1.9939577039274994,1.9939577039274994,FALSE,FALSE,1
114,Tomatoes,1906,Anuradhapura,North Central,Anuradhapura,2024-02-01,845,25.148104265402836,25.148104265402836,FALSE,FALSE,1
114,Tomatoes,1906,Anuradhapura,North Central,Anuradhapura,2024-03-01,392,-53.609467455621306,53.609467455621306,TRUE,FALSE,1
114,Tomatoes,1906,Anuradhapura,North Central,Anuradhapura,2024-04-01,193.6,-50.61224489795918,50.61224489795918,TRUE,FALSE,1
114,Tomatoes,1906,Anuradhapura,North Central,Anuradhapura,2024-05-01,207,6.921487603305788,6.921487603305788,FALSE,FALSE,1
114,Tomatoes,1906,Anuradhapura,North Central,Anuradhapura,2024-06-01,543,162.31884057971016,162.31884057971016,TRUE,FALSE,1
114,Tomatoes,1906,Anuradhapura,North Central,Anuradhapura,2024-07-01,460,-15.285451197053407,15.285451197053407,FALSE,FALSE,1
114,Tomatoes,1906,Anuradhapura,North Central,Anuradhapura,2024-08-01,305,-33.69565217391305,33.69565217391305,FALSE,FALSE,1
114,Tomatoes,1906,Anuradhapura,North Central,Anuradhapura,2024-09-01,268.8,-11.86885245901639,11.86885245901639,FALSE,FALSE,1
114,Tomatoes,1906,Anuradhapura,North Central,Anuradhapura,2024-10-01,354,31.696428571428566,31.696428571428566,FALSE,FALSE,1
114,Tomatoes,1906,Anuradhapura,North Central,Anuradhapura,2024-11-01,337,-4.80225988700565,4.80225988700565,FALSE,FALSE,1
114,Tomatoes,1906,Anuradhapura,North Central,Anuradhapura,2024-12-01,486.4,44.33234421364985,44.33234421364985,FALSE,FALSE,1
114,Tomatoes,1906,Anuradhapura,North Central,Anuradhapura,2025-01-01,414,-14.884868421052627,14.884868421052627,FALSE,FALSE,1
114,Tomatoes,1906,Anuradhapura,North Central,Anuradhapura,2025-02-01,266,-35.748792270531396,35.748792270531396,FALSE,FALSE,1
114,Tomatoes,1906,Anuradhapura,North Central,Anuradhapura,2025-03-01,321.6,20.902255639097753,20.902255639097753,FALSE,FALSE,1
114,Tomatoes,1906,Anuradhapura,North Central,Anuradhapura,2025-04-01,536,66.66666666666666,66.66666666666666,TRUE,FALSE,1
114,Tomatoes,1906,Anuradhapura,North Central,Anuradhapura,2025-05-01,881,64.36567164179104,64.36567164179104,TRUE,FALSE,1
114,Tomatoes,1906,Anuradhapura,North Central,Anuradhapura,2025-06-01,513.6,-41.70261066969353,41.70261066969353,FALSE,FALSE,1
114,Tomatoes,1906,Anuradhapura,North Central,Anuradhapura,2025-07-01,199,-61.253894080996886,61.253894080996886,TRUE,FALSE,1
114,Tomatoes,1906,Anuradhapura,North Central,Anuradhapura,2025-08-01,222,11.557788944723619,11.557788944723619,FALSE,FALSE,1
114,Tomatoes,1906,Anuradhapura,North Central,Anuradhapura,2025-09-01,246.4,10.990990990990994,10.990990990990994,FALSE,FALSE,1
114,Tomatoes,1907,Badulla,Uva,Badulla,2023-06-01,263,NA,NA,FALSE,FALSE,1
114,Tomatoes,1907,Badulla,Uva,Badulla,2023-07-01,397.6,51.17870722433461,51.17870722433461,TRUE,FALSE,1
114,Tomatoes,1907,Badulla,Uva,Badulla,2023-08-01,210,-47.183098591549296,47.183098591549296,FALSE,FALSE,1
114,Tomatoes,1907,Badulla,Uva,Badulla,2023-09-01,202,-3.8095238095238098,3.8095238095238098,FALSE,FALSE,1
114,Tomatoes,1907,Badulla,Uva,Badulla,2023-10-01,196,-2.9702970297029703,2.9702970297029703,FALSE,FALSE,1
114,Tomatoes,1907,Badulla,Uva,Badulla,2023-11-01,280,42.857142857142854,42.857142857142854,FALSE,FALSE,1
114,Tomatoes,1907,Badulla,Uva,Badulla,2023-12-01,580,107.14285714285714,107.14285714285714,TRUE,FALSE,1
114,Tomatoes,1907,Badulla,Uva,Badulla,2024-01-01,685,18.103448275862068,18.103448275862068,FALSE,FALSE,1
114,Tomatoes,1907,Badulla,Uva,Badulla,2024-02-01,890,29.927007299270077,29.927007299270077,FALSE,FALSE,1
114,Tomatoes,1907,Badulla,Uva,Badulla,2024-03-01,379,-57.41573033707865,57.41573033707865,TRUE,FALSE,1
114,Tomatoes,1907,Badulla,Uva,Badulla,2024-04-01,140.8,-62.84960422163588,62.84960422163588,TRUE,FALSE,1
114,Tomatoes,1907,Badulla,Uva,Badulla,2024-05-01,129.25,-8.203125000000007,8.203125000000007,FALSE,FALSE,1
114,Tomatoes,1907,Badulla,Uva,Badulla,2024-06-01,443.12,242.83945841392648,242.83945841392648,TRUE,FALSE,1
114,Tomatoes,1907,Badulla,Uva,Badulla,2024-07-01,416.5,-6.007402058133238,6.007402058133238,FALSE,FALSE,1
114,Tomatoes,1907,Badulla,Uva,Badulla,2024-08-01,270,-35.17406962785114,35.17406962785114,FALSE,FALSE,1
114,Tomatoes,1907,Badulla,Uva,Badulla,2024-09-01,273.75,1.3888888888888888,1.3888888888888888,FALSE,FALSE,1
114,Tomatoes,1907,Badulla,Uva,Badulla,2024-10-01,283,3.3789954337899544,3.3789954337899544,FALSE,FALSE,1
114,Tomatoes,1907,Badulla,Uva,Badulla,2024-11-01,257,-9.187279151943462,9.187279151943462,FALSE,FALSE,1
114,Tomatoes,1907,Badulla,Uva,Badulla,2024-12-01,363,41.245136186770424,41.245136186770424,FALSE,FALSE,1
114,Tomatoes,1907,Badulla,Uva,Badulla,2025-01-01,380,4.683195592286501,4.683195592286501,FALSE,FALSE,1
114,Tomatoes,1907,Badulla,Uva,Badulla,2025-02-01,320,-15.789473684210526,15.789473684210526,FALSE,FALSE,1
114,Tomatoes,1907,Badulla,Uva,Badulla,2025-03-01,330.62,3.3187500000000014,3.3187500000000014,FALSE,FALSE,1
114,Tomatoes,1907,Badulla,Uva,Badulla,2025-04-01,478.75,44.803702135382004,44.803702135382004,FALSE,FALSE,1
114,Tomatoes,1907,Badulla,Uva,Badulla,2025-05-01,682.08,42.471018276762415,42.471018276762415,FALSE,FALSE,1
114,Tomatoes,1907,Badulla,Uva,Badulla,2025-06-01,363.67,-46.682207365704905,46.682207365704905,FALSE,FALSE,1
114,Tomatoes,1907,Badulla,Uva,Badulla,2025-07-01,135,-62.878433744878606,62.878433744878606,TRUE,FALSE,1
114,Tomatoes,1907,Badulla,Uva,Badulla,2025-08-01,198.75,47.22222222222222,47.22222222222222,FALSE,FALSE,1
114,Tomatoes,1907,Badulla,Uva,Badulla,2025-09-01,182,-8.427672955974842,8.427672955974842,FALSE,FALSE,1
114,Tomatoes,1908,Hambantota,Southern,Hambantota,2023-06-01,293.99,NA,NA,FALSE,FALSE,1
114,Tomatoes,1908,Hambantota,Southern,Hambantota,2023-07-01,442.05,50.36225721963332,50.36225721963332,TRUE,FALSE,1
114,Tomatoes,1908,Hambantota,Southern,Hambantota,2023-08-01,190,-57.01843682841308,57.01843682841308,TRUE,FALSE,1
114,Tomatoes,1908,Hambantota,Southern,Hambantota,2023-09-01,175.42,-7.673684210526323,7.673684210526323,FALSE,FALSE,1
114,Tomatoes,1908,Hambantota,Southern,Hambantota,2023-10-01,204.67,16.67426747235207,16.67426747235207,FALSE,FALSE,1
114,Tomatoes,1908,Hambantota,Southern,Hambantota,2023-11-01,289.58,41.4862950114819,41.4862950114819,FALSE,FALSE,1
114,Tomatoes,1908,Hambantota,Southern,Hambantota,2023-12-01,608.33,110.07320947579255,110.07320947579255,TRUE,FALSE,1
114,Tomatoes,1908,Hambantota,Southern,Hambantota,2024-01-01,572.67,-5.861949928492772,5.861949928492772,FALSE,FALSE,1
114,Tomatoes,1908,Hambantota,Southern,Hambantota,2024-02-01,797.92,39.333298409206,39.333298409206,FALSE,FALSE,1
114,Tomatoes,1908,Hambantota,Southern,Hambantota,2024-03-01,325,-59.26909965911369,59.26909965911369,TRUE,FALSE,1
114,Tomatoes,1908,Hambantota,Southern,Hambantota,2024-04-01,155,-52.307692307692314,52.307692307692314,TRUE,FALSE,1
114,Tomatoes,1908,Hambantota,Southern,Hambantota,2024-05-01,188.33,21.50322580645162,21.50322580645162,FALSE,FALSE,1
114,Tomatoes,1908,Hambantota,Southern,Hambantota,2024-06-01,464.44,146.6096745075134,146.6096745075134,TRUE,FALSE,1
114,Tomatoes,1908,Hambantota,Southern,Hambantota,2024-07-01,300,-35.406080440961155,35.406080440961155,FALSE,FALSE,1
114,Tomatoes,1908,Hambantota,Southern,Hambantota,2024-08-01,279,-7.000000000000001,7.000000000000001,FALSE,FALSE,1
114,Tomatoes,1908,Hambantota,Southern,Hambantota,2024-09-01,261.6,-6.236559139784938,6.236559139784938,FALSE,FALSE,1
114,Tomatoes,1908,Hambantota,Southern,Hambantota,2024-10-01,356.5,36.27675840978592,36.27675840978592,FALSE,FALSE,1
114,Tomatoes,1908,Hambantota,Southern,Hambantota,2024-11-01,324.5,-8.976157082748948,8.976157082748948,FALSE,FALSE,1
114,Tomatoes,1908,Hambantota,Southern,Hambantota,2024-12-01,402.4,24.006163328197218,24.006163328197218,FALSE,FALSE,1
114,Tomatoes,1908,Hambantota,Southern,Hambantota,2025-01-01,405.62,0.8001988071570645,0.8001988071570645,FALSE,FALSE,1
114,Tomatoes,1908,Hambantota,Southern,Hambantota,2025-02-01,250.33,-38.284601351018196,38.284601351018196,FALSE,FALSE,1
114,Tomatoes,1908,Hambantota,Southern,Hambantota,2025-03-01,315.6,26.073582870610796,26.073582870610796,FALSE,FALSE,1
114,Tomatoes,1908,Hambantota,Southern,Hambantota,2025-04-01,778.12,146.552598225602,146.552598225602,TRUE,FALSE,1
114,Tomatoes,1908,Hambantota,Southern,Hambantota,2025-05-01,935,20.16141469182131,20.16141469182131,FALSE,FALSE,1
114,Tomatoes,1908,Hambantota,Southern,Hambantota,2025-06-01,NA,NA,NA,FALSE,TRUE,NA
114,Tomatoes,1908,Hambantota,Southern,Hambantota,2025-07-01,NA,NA,NA,FALSE,TRUE,NA
114,Tomatoes,1908,Hambantota,Southern,Hambantota,2025-08-01,166.5,NA,NA,FALSE,FALSE,1
114,Tomatoes,1908,Hambantota,Southern,Hambantota,2025-09-01,169.1,1.5615615615615581,1.5615615615615581,FALSE,FALSE,1
114,Tomatoes,1909,Gampaha,Western,Gampaha,2023-06-01,351,NA,NA,FALSE,FALSE,1
114,Tomatoes,1909,Gampaha,Western,Gampaha,2023-07-01,466,32.763532763532766,32.763532763532766,FALSE,FALSE,1
114,Tomatoes,1909,Gampaha,Western,Gampaha,2023-08-01,300,-35.622317596566525,35.622317596566525,FALSE,FALSE,1
114,Tomatoes,1909,Gampaha,Western,Gampaha,2023-09-01,230,-23.333333333333332,23.333333333333332,FALSE,FALSE,1
114,Tomatoes,1909,Gampaha,Western,Gampaha,2023-10-01,256,11.304347826086957,11.304347826086957,FALSE,FALSE,1
114,Tomatoes,1909,Gampaha,Western,Gampaha,2023-11-01,323.75,26.46484375,26.46484375,FALSE,FALSE,1
114,Tomatoes,1909,Gampaha,Western,Gampaha,2023-12-01,721.25,122.77992277992279,122.77992277992279,TRUE,FALSE,1
114,Tomatoes,1909,Gampaha,Western,Gampaha,2024-01-01,726.67,0.7514731369150723,0.7514731369150723,FALSE,FALSE,1
114,Tomatoes,1909,Gampaha,Western,Gampaha,2024-02-01,910,25.228783354204804,25.228783354204804,FALSE,FALSE,1
114,Tomatoes,1909,Gampaha,Western,Gampaha,2024-03-01,NA,NA,NA,FALSE,TRUE,NA
114,Tomatoes,1909,Gampaha,Western,Gampaha,2024-04-01,NA,NA,NA,FALSE,TRUE,NA
114,Tomatoes,1909,Gampaha,Western,Gampaha,2024-05-01,NA,NA,NA,FALSE,TRUE,NA
114,Tomatoes,1909,Gampaha,Western,Gampaha,2024-06-01,NA,NA,NA,FALSE,TRUE,NA
114,Tomatoes,1909,Gampaha,Western,Gampaha,2024-07-01,412.5,NA,NA,FALSE,FALSE,1
114,Tomatoes,1909,Gampaha,Western,Gampaha,2024-08-01,335.75,-18.606060606060606,18.606060606060606,FALSE,FALSE,1
114,Tomatoes,1909,Gampaha,Western,Gampaha,2024-09-01,290,-13.62620997766195,13.62620997766195,FALSE,FALSE,1
114,Tomatoes,1909,Gampaha,Western,Gampaha,2024-10-01,386.25,33.189655172413794,33.189655172413794,FALSE,FALSE,1
114,Tomatoes,1909,Gampaha,Western,Gampaha,2024-11-01,358.75,-7.119741100323624,7.119741100323624,FALSE,FALSE,1
114,Tomatoes,1909,Gampaha,Western,Gampaha,2024-12-01,506,41.045296167247386,41.045296167247386,FALSE,FALSE,1
114,Tomatoes,1909,Gampaha,Western,Gampaha,2025-01-01,458.12,-9.462450592885375,9.462450592885375,FALSE,FALSE,1
114,Tomatoes,1909,Gampaha,Western,Gampaha,2025-02-01,353.75,-22.782240461014585,22.782240461014585,FALSE,FALSE,1
114,Tomatoes,1909,Gampaha,Western,Gampaha,2025-03-01,422,19.29328621908127,19.29328621908127,FALSE,FALSE,1
114,Tomatoes,1909,Gampaha,Western,Gampaha,2025-04-01,625,48.1042654028436,48.1042654028436,FALSE,FALSE,1
114,Tomatoes,1909,Gampaha,Western,Gampaha,2025-05-01,887.29,41.96639999999999,41.96639999999999,FALSE,FALSE,1
114,Tomatoes,1909,Gampaha,Western,Gampaha,2025-06-01,563.5,-36.49201501200284,36.49201501200284,FALSE,FALSE,1
114,Tomatoes,1909,Gampaha,Western,Gampaha,2025-07-01,272.5,-51.641526175687666,51.641526175687666,TRUE,FALSE,1
114,Tomatoes,1909,Gampaha,Western,Gampaha,2025-08-01,271.25,-0.45871559633027525,0.45871559633027525,FALSE,FALSE,1
114,Tomatoes,1909,Gampaha,Western,Gampaha,2025-09-01,247,-8.940092165898617,8.940092165898617,FALSE,FALSE,1
114,Tomatoes,1910,Galle,Southern,Galle,2023-06-01,348.25,NA,NA,FALSE,FALSE,1
114,Tomatoes,1910,Galle,Southern,Galle,2023-07-01,457.87,31.47738693467337,31.47738693467337,FALSE,FALSE,1
114,Tomatoes,1910,Galle,Southern,Galle,2023-08-01,268,-41.46810229977941,41.46810229977941,FALSE,FALSE,1
114,Tomatoes,1910,Galle,Southern,Galle,2023-09-01,199,-25.74626865671642,25.74626865671642,FALSE,FALSE,1
114,Tomatoes,1910,Galle,Southern,Galle,2023-10-01,222.4,11.758793969849249,11.758793969849249,FALSE,FALSE,1
114,Tomatoes,1910,Galle,Southern,Galle,2023-11-01,312.5,40.51258992805755,40.51258992805755,FALSE,FALSE,1
114,Tomatoes,1910,Galle,Southern,Galle,2023-12-01,636.5,103.67999999999999,103.67999999999999,TRUE,FALSE,1
114,Tomatoes,1910,Galle,Southern,Galle,2024-01-01,744,16.889238020424195,16.889238020424195,FALSE,FALSE,1
114,Tomatoes,1910,Galle,Southern,Galle,2024-02-01,835,12.231182795698924,12.231182795698924,FALSE,FALSE,1
114,Tomatoes,1910,Galle,Southern,Galle,2024-03-01,351.25,-57.93413173652695,57.93413173652695,TRUE,FALSE,1
114,Tomatoes,1910,Galle,Southern,Galle,2024-04-01,220,-37.36654804270463,37.36654804270463,FALSE,FALSE,1
114,Tomatoes,1910,Galle,Southern,Galle,2024-05-01,160.62,-26.99090909090909,26.99090909090909,FALSE,FALSE,1
114,Tomatoes,1910,Galle,Southern,Galle,2024-06-01,487.5,203.5113933507658,203.5113933507658,TRUE,FALSE,1
114,Tomatoes,1910,Galle,Southern,Galle,2024-07-01,456.33,-6.393846153846157,6.393846153846157,FALSE,FALSE,1
114,Tomatoes,1910,Galle,Southern,Galle,2024-08-01,311.25,-31.79278153967523,31.79278153967523,FALSE,FALSE,1
114,Tomatoes,1910,Galle,Southern,Galle,2024-09-01,263.33,-15.395983935742978,15.395983935742978,FALSE,FALSE,1
114,Tomatoes,1910,Galle,Southern,Galle,2024-10-01,351.25,33.38776440208105,33.38776440208105,FALSE,FALSE,1
114,Tomatoes,1910,Galle,Southern,Galle,2024-11-01,339,-3.4875444839857654,3.4875444839857654,FALSE,FALSE,1
114,Tomatoes,1910,Galle,Southern,Galle,2024-12-01,466,37.46312684365782,37.46312684365782,FALSE,FALSE,1
114,Tomatoes,1910,Galle,Southern,Galle,2025-01-01,428.33,-8.083690987124466,8.083690987124466,FALSE,FALSE,1
114,Tomatoes,1910,Galle,Southern,Galle,2025-02-01,274.25,-35.97226437559825,35.97226437559825,FALSE,FALSE,1
114,Tomatoes,1910,Galle,Southern,Galle,2025-03-01,378,37.83044667274385,37.83044667274385,FALSE,FALSE,1
114,Tomatoes,1910,Galle,Southern,Galle,2025-04-01,770,103.7037037037037,103.7037037037037,TRUE,FALSE,1
114,Tomatoes,1910,Galle,Southern,Galle,2025-05-01,910,18.181818181818183,18.181818181818183,FALSE,FALSE,1
114,Tomatoes,1910,Galle,Southern,Galle,2025-06-01,522,-42.637362637362635,42.637362637362635,FALSE,FALSE,1
114,Tomatoes,1910,Galle,Southern,Galle,2025-07-01,196.25,-62.40421455938697,62.40421455938697,TRUE,FALSE,1
114,Tomatoes,1910,Galle,Southern,Galle,2025-08-01,240,22.29299363057325,22.29299363057325,FALSE,FALSE,1
114,Tomatoes,1910,Galle,Southern,Galle,2025-09-01,271,12.916666666666668,12.916666666666668,FALSE,FALSE,1
114,Tomatoes,1911,Kalutara,Western,Kalutara,2023-06-01,299,NA,NA,FALSE,FALSE,1
114,Tomatoes,1911,Kalutara,Western,Kalutara,2023-07-01,450.4,50.63545150501672,50.63545150501672,TRUE,FALSE,1
114,Tomatoes,1911,Kalutara,Western,Kalutara,2023-08-01,255,-43.383658969804614,43.383658969804614,FALSE,FALSE,1
114,Tomatoes,1911,Kalutara,Western,Kalutara,2023-09-01,190,-25.49019607843137,25.49019607843137,FALSE,FALSE,1
114,Tomatoes,1911,Kalutara,Western,Kalutara,2023-10-01,210.8,10.947368421052637,10.947368421052637,FALSE,FALSE,1
114,Tomatoes,1911,Kalutara,Western,Kalutara,2023-11-01,301,42.78937381404174,42.78937381404174,FALSE,FALSE,1
114,Tomatoes,1911,Kalutara,Western,Kalutara,2023-12-01,635.5,111.12956810631229,111.12956810631229,TRUE,FALSE,1
114,Tomatoes,1911,Kalutara,Western,Kalutara,2024-01-01,687.6,8.19826907946499,8.19826907946499,FALSE,FALSE,1
114,Tomatoes,1911,Kalutara,Western,Kalutara,2024-02-01,856,24.490983129726583,24.490983129726583,FALSE,FALSE,1
114,Tomatoes,1911,Kalutara,Western,Kalutara,2024-03-01,402.5,-52.978971962616825,52.978971962616825,TRUE,FALSE,1
114,Tomatoes,1911,Kalutara,Western,Kalutara,2024-04-01,188.8,-53.09316770186335,53.09316770186335,TRUE,FALSE,1
114,Tomatoes,1911,Kalutara,Western,Kalutara,2024-05-01,198,4.872881355932197,4.872881355932197,FALSE,FALSE,1
114,Tomatoes,1911,Kalutara,Western,Kalutara,2024-06-01,508,156.56565656565658,156.56565656565658,TRUE,FALSE,1
114,Tomatoes,1911,Kalutara,Western,Kalutara,2024-07-01,462,-9.05511811023622,9.05511811023622,FALSE,FALSE,1
114,Tomatoes,1911,Kalutara,Western,Kalutara,2024-08-01,NA,NA,NA,FALSE,TRUE,NA
114,Tomatoes,1911,Kalutara,Western,Kalutara,2024-09-01,334.67,NA,NA,FALSE,FALSE,1
114,Tomatoes,1911,Kalutara,Western,Kalutara,2024-10-01,411.33,22.90614635312396,22.90614635312396,FALSE,FALSE,1
114,Tomatoes,1911,Kalutara,Western,Kalutara,2024-11-01,371.5,-9.683222716553615,9.683222716553615,FALSE,FALSE,1
114,Tomatoes,1911,Kalutara,Western,Kalutara,2024-12-01,522.4,40.61911170928667,40.61911170928667,FALSE,FALSE,1
114,Tomatoes,1911,Kalutara,Western,Kalutara,2025-01-01,458.5,-12.23200612557427,12.23200612557427,FALSE,FALSE,1
114,Tomatoes,1911,Kalutara,Western,Kalutara,2025-02-01,395,-13.849509269356597,13.849509269356597,FALSE,FALSE,1
114,Tomatoes,1911,Kalutara,Western,Kalutara,2025-03-01,369.5,-6.455696202531645,6.455696202531645,FALSE,FALSE,1
114,Tomatoes,1911,Kalutara,Western,Kalutara,2025-04-01,536,45.06089309878214,45.06089309878214,FALSE,FALSE,1
114,Tomatoes,1911,Kalutara,Western,Kalutara,2025-05-01,1079.5,101.3992537313433,101.3992537313433,TRUE,FALSE,1
114,Tomatoes,1911,Kalutara,Western,Kalutara,2025-06-01,513.79,-52.40481704492821,52.40481704492821,TRUE,FALSE,1
114,Tomatoes,1911,Kalutara,Western,Kalutara,2025-07-01,218,-57.57021351135678,57.57021351135678,TRUE,FALSE,1
114,Tomatoes,1911,Kalutara,Western,Kalutara,2025-08-01,227,4.128440366972478,4.128440366972478,FALSE,FALSE,1
114,Tomatoes,1911,Kalutara,Western,Kalutara,2025-09-01,259,14.096916299559473,14.096916299559473,FALSE,FALSE,1
114,Tomatoes,1912,Kandy,Central,Kandy,2023-06-01,267,NA,NA,FALSE,FALSE,1
114,Tomatoes,1912,Kandy,Central,Kandy,2023-07-01,447.6,67.64044943820225,67.64044943820225,TRUE,FALSE,1
114,Tomatoes,1912,Kandy,Central,Kandy,2023-08-01,201,-55.093833780160864,55.093833780160864,TRUE,FALSE,1
114,Tomatoes,1912,Kandy,Central,Kandy,2023-09-01,166,-17.412935323383085,17.412935323383085,FALSE,FALSE,1
114,Tomatoes,1912,Kandy,Central,Kandy,2023-10-01,183,10.240963855421686,10.240963855421686,FALSE,FALSE,1
114,Tomatoes,1912,Kandy,Central,Kandy,2023-11-01,348.75,90.57377049180327,90.57377049180327,TRUE,FALSE,1
114,Tomatoes,1912,Kandy,Central,Kandy,2023-12-01,726.5,108.31541218637992,108.31541218637992,TRUE,FALSE,1
114,Tomatoes,1912,Kandy,Central,Kandy,2024-01-01,712,-1.9958706125258088,1.9958706125258088,FALSE,FALSE,1
114,Tomatoes,1912,Kandy,Central,Kandy,2024-02-01,882.5,23.946629213483146,23.946629213483146,FALSE,FALSE,1
114,Tomatoes,1912,Kandy,Central,Kandy,2024-03-01,411,-53.42776203966005,53.42776203966005,TRUE,FALSE,1
114,Tomatoes,1912,Kandy,Central,Kandy,2024-04-01,193.6,-52.89537712895377,52.89537712895377,TRUE,FALSE,1
114,Tomatoes,1912,Kandy,Central,Kandy,2024-05-01,153,-20.971074380165287,20.971074380165287,FALSE,FALSE,1
114,Tomatoes,1912,Kandy,Central,Kandy,2024-06-01,549,258.8235294117647,258.8235294117647,TRUE,FALSE,1
114,Tomatoes,1912,Kandy,Central,Kandy,2024-07-01,456,-16.939890710382514,16.939890710382514,FALSE,FALSE,1
114,Tomatoes,1912,Kandy,Central,Kandy,2024-08-01,266,-41.66666666666667,41.66666666666667,FALSE,FALSE,1
114,Tomatoes,1912,Kandy,Central,Kandy,2024-09-01,269.6,1.3533834586466251,1.3533834586466251,FALSE,FALSE,1
114,Tomatoes,1912,Kandy,Central,Kandy,2024-10-01,320,18.694362017804146,18.694362017804146,FALSE,FALSE,1
114,Tomatoes,1912,Kandy,Central,Kandy,2024-11-01,268,-16.25,16.25,FALSE,FALSE,1
114,Tomatoes,1912,Kandy,Central,Kandy,2024-12-01,458.8,71.19402985074628,71.19402985074628,TRUE,FALSE,1
114,Tomatoes,1912,Kandy,Central,Kandy,2025-01-01,369,-19.572798605056672,19.572798605056672,FALSE,FALSE,1
114,Tomatoes,1912,Kandy,Central,Kandy,2025-02-01,203,-44.986449864498645,44.986449864498645,FALSE,FALSE,1
114,Tomatoes,1912,Kandy,Central,Kandy,2025-03-01,317.6,56.45320197044336,56.45320197044336,TRUE,FALSE,1
114,Tomatoes,1912,Kandy,Central,Kandy,2025-04-01,623,96.15869017632241,96.15869017632241,TRUE,FALSE,1
114,Tomatoes,1912,Kandy,Central,Kandy,2025-05-01,930,49.2776886035313,49.2776886035313,FALSE,FALSE,1
114,Tomatoes,1912,Kandy,Central,Kandy,2025-06-01,396.4,-57.376344086021504,57.376344086021504,TRUE,FALSE,1
114,Tomatoes,1912,Kandy,Central,Kandy,2025-07-01,150,-62.15943491422805,62.15943491422805,TRUE,FALSE,1
114,Tomatoes,1912,Kandy,Central,Kandy,2025-08-01,156,4,4,FALSE,FALSE,1
114,Tomatoes,1912,Kandy,Central,Kandy,2025-09-01,189.6,21.538461538461533,21.538461538461533,FALSE,FALSE,1
114,Tomatoes,1913,Kegalle,Sabaragamuwa,Kegalle,2023-06-01,357.5,NA,NA,FALSE,FALSE,1
114,Tomatoes,1913,Kegalle,Sabaragamuwa,Kegalle,2023-07-01,477.2,33.48251748251748,33.48251748251748,FALSE,FALSE,1
114,Tomatoes,1913,Kegalle,Sabaragamuwa,Kegalle,2023-08-01,279,-41.53394803017603,41.53394803017603,FALSE,FALSE,1
114,Tomatoes,1913,Kegalle,Sabaragamuwa,Kegalle,2023-09-01,239,-14.336917562724013,14.336917562724013,FALSE,FALSE,1
114,Tomatoes,1913,Kegalle,Sabaragamuwa,Kegalle,2023-10-01,260.4,8.953974895397481,8.953974895397481,FALSE,FALSE,1
114,Tomatoes,1913,Kegalle,Sabaragamuwa,Kegalle,2023-11-01,357.5,37.28878648233488,37.28878648233488,FALSE,FALSE,1
114,Tomatoes,1913,Kegalle,Sabaragamuwa,Kegalle,2023-12-01,667,86.57342657342657,86.57342657342657,TRUE,FALSE,1
114,Tomatoes,1913,Kegalle,Sabaragamuwa,Kegalle,2024-01-01,731.2,9.62518740629686,9.62518740629686,FALSE,FALSE,1
114,Tomatoes,1913,Kegalle,Sabaragamuwa,Kegalle,2024-02-01,849,16.110503282275705,16.110503282275705,FALSE,FALSE,1
114,Tomatoes,1913,Kegalle,Sabaragamuwa,Kegalle,2024-03-01,427.5,-49.64664310954063,49.64664310954063,FALSE,FALSE,1
114,Tomatoes,1913,Kegalle,Sabaragamuwa,Kegalle,2024-04-01,218.4,-48.91228070175438,48.91228070175438,FALSE,FALSE,1
114,Tomatoes,1913,Kegalle,Sabaragamuwa,Kegalle,2024-05-01,239,9.432234432234429,9.432234432234429,FALSE,FALSE,1
114,Tomatoes,1913,Kegalle,Sabaragamuwa,Kegalle,2024-06-01,239,0,0,FALSE,FALSE,1
114,Tomatoes,1913,Kegalle,Sabaragamuwa,Kegalle,2024-07-01,459.2,92.13389121338912,92.13389121338912,TRUE,FALSE,1
114,Tomatoes,1913,Kegalle,Sabaragamuwa,Kegalle,2024-08-01,336,-26.829268292682922,26.829268292682922,FALSE,FALSE,1
114,Tomatoes,1913,Kegalle,Sabaragamuwa,Kegalle,2024-09-01,272,-19.047619047619047,19.047619047619047,FALSE,FALSE,1
114,Tomatoes,1913,Kegalle,Sabaragamuwa,Kegalle,2024-10-01,381,40.07352941176471,40.07352941176471,FALSE,FALSE,1
114,Tomatoes,1913,Kegalle,Sabaragamuwa,Kegalle,2024-11-01,366,-3.937007874015748,3.937007874015748,FALSE,FALSE,1
114,Tomatoes,1913,Kegalle,Sabaragamuwa,Kegalle,2024-12-01,516,40.98360655737705,40.98360655737705,FALSE,FALSE,1
114,Tomatoes,1913,Kegalle,Sabaragamuwa,Kegalle,2025-01-01,466,-9.689922480620156,9.689922480620156,FALSE,FALSE,1
114,Tomatoes,1913,Kegalle,Sabaragamuwa,Kegalle,2025-02-01,316,-32.18884120171674,32.18884120171674,FALSE,FALSE,1
114,Tomatoes,1913,Kegalle,Sabaragamuwa,Kegalle,2025-03-01,403.6,27.72151898734178,27.72151898734178,FALSE,FALSE,1
114,Tomatoes,1913,Kegalle,Sabaragamuwa,Kegalle,2025-04-01,576,42.71555996035678,42.71555996035678,FALSE,FALSE,1
114,Tomatoes,1913,Kegalle,Sabaragamuwa,Kegalle,2025-05-01,918.5,59.46180555555556,59.46180555555556,TRUE,FALSE,1
114,Tomatoes,1913,Kegalle,Sabaragamuwa,Kegalle,2025-06-01,528,-42.51497005988024,42.51497005988024,FALSE,FALSE,1
114,Tomatoes,1913,Kegalle,Sabaragamuwa,Kegalle,2025-07-01,226,-57.1969696969697,57.1969696969697,TRUE,FALSE,1
114,Tomatoes,1913,Kegalle,Sabaragamuwa,Kegalle,2025-08-01,256,13.274336283185843,13.274336283185843,FALSE,FALSE,1
114,Tomatoes,1913,Kegalle,Sabaragamuwa,Kegalle,2025-09-01,270.4,5.624999999999991,5.624999999999991,FALSE,FALSE,1
114,Tomatoes,1914,Kurunegala,North Western,Kurunegala,2023-06-01,342.5,NA,NA,FALSE,FALSE,1
114,Tomatoes,1914,Kurunegala,North Western,Kurunegala,2023-07-01,491.8,43.59124087591241,43.59124087591241,FALSE,FALSE,1
114,Tomatoes,1914,Kurunegala,North Western,Kurunegala,2023-08-01,263,-46.52297681984547,46.52297681984547,FALSE,FALSE,1
114,Tomatoes,1914,Kurunegala,North Western,Kurunegala,2023-09-01,232,-11.787072243346007,11.787072243346007,FALSE,FALSE,1
114,Tomatoes,1914,Kurunegala,North Western,Kurunegala,2023-10-01,261.6,12.758620689655181,12.758620689655181,FALSE,FALSE,1
114,Tomatoes,1914,Kurunegala,North Western,Kurunegala,2023-11-01,345,31.880733944954116,31.880733944954116,FALSE,FALSE,1
114,Tomatoes,1914,Kurunegala,North Western,Kurunegala,2023-12-01,691.25,100.36231884057972,100.36231884057972,TRUE,FALSE,1
114,Tomatoes,1914,Kurunegala,North Western,Kurunegala,2024-01-01,744.8,7.746835443037968,7.746835443037968,FALSE,FALSE,1
114,Tomatoes,1914,Kurunegala,North Western,Kurunegala,2024-02-01,874.42,17.403329752953812,17.403329752953812,FALSE,FALSE,1
114,Tomatoes,1914,Kurunegala,North Western,Kurunegala,2024-03-01,459.25,-47.479472107225355,47.479472107225355,FALSE,FALSE,1
114,Tomatoes,1914,Kurunegala,North Western,Kurunegala,2024-04-01,273.6,-40.42460533478497,40.42460533478497,FALSE,FALSE,1
114,Tomatoes,1914,Kurunegala,North Western,Kurunegala,2024-05-01,214,-21.783625730994157,21.783625730994157,FALSE,FALSE,1
114,Tomatoes,1914,Kurunegala,North Western,Kurunegala,2024-06-01,523,144.39252336448598,144.39252336448598,TRUE,FALSE,1
114,Tomatoes,1914,Kurunegala,North Western,Kurunegala,2024-07-01,NA,NA,NA,FALSE,TRUE,NA
114,Tomatoes,1914,Kurunegala,North Western,Kurunegala,2024-08-01,NA,NA,NA,FALSE,TRUE,NA
114,Tomatoes,1914,Kurunegala,North Western,Kurunegala,2024-09-01,277.5,NA,NA,FALSE,FALSE,1
114,Tomatoes,1914,Kurunegala,North Western,Kurunegala,2024-10-01,320.83,15.61441441441441,15.61441441441441,FALSE,FALSE,1
114,Tomatoes,1914,Kurunegala,North Western,Kurunegala,2024-11-01,403.33,25.714552878471466,25.714552878471466,FALSE,FALSE,1
114,Tomatoes,1914,Kurunegala,North Western,Kurunegala,2024-12-01,499.67,23.886147819403476,23.886147819403476,FALSE,FALSE,1
114,Tomatoes,1914,Kurunegala,North Western,Kurunegala,2025-01-01,493.54,-1.226809694398302,1.226809694398302,FALSE,FALSE,1
114,Tomatoes,1914,Kurunegala,North Western,Kurunegala,2025-02-01,372.5,-24.524861206791755,24.524861206791755,FALSE,FALSE,1
114,Tomatoes,1914,Kurunegala,North Western,Kurunegala,2025-03-01,338.33,-9.173154362416112,9.173154362416112,FALSE,FALSE,1
114,Tomatoes,1914,Kurunegala,North Western,Kurunegala,2025-04-01,628.33,85.71513019832709,85.71513019832709,TRUE,FALSE,1
114,Tomatoes,1914,Kurunegala,North Western,Kurunegala,2025-05-01,860,36.87075262998742,36.87075262998742,FALSE,FALSE,1
114,Tomatoes,1914,Kurunegala,North Western,Kurunegala,2025-06-01,458.33,-46.705813953488374,46.705813953488374,FALSE,FALSE,1
114,Tomatoes,1914,Kurunegala,North Western,Kurunegala,2025-07-01,225.42,-50.817096851613464,50.817096851613464,TRUE,FALSE,1
114,Tomatoes,1914,Kurunegala,North Western,Kurunegala,2025-08-01,261.67,16.081093070712463,16.081093070712463,FALSE,FALSE,1
114,Tomatoes,1914,Kurunegala,North Western,Kurunegala,2025-09-01,257.5,-1.5936102724806112,1.5936102724806112,FALSE,FALSE,1
114,Tomatoes,1915,Matale,Central,Matale,2023-06-01,355,NA,NA,FALSE,FALSE,1
114,Tomatoes,1915,Matale,Central,Matale,2023-07-01,460.4,29.690140845070417,29.690140845070417,FALSE,FALSE,1
114,Tomatoes,1915,Matale,Central,Matale,2023-08-01,206,-55.25629887054735,55.25629887054735,TRUE,FALSE,1
114,Tomatoes,1915,Matale,Central,Matale,2023-09-01,194,-5.825242718446602,5.825242718446602,FALSE,FALSE,1
114,Tomatoes,1915,Matale,Central,Matale,2023-10-01,190.4,-1.8556701030927807,1.8556701030927807,FALSE,FALSE,1
114,Tomatoes,1915,Matale,Central,Matale,2023-11-01,332,74.36974789915965,74.36974789915965,TRUE,FALSE,1
114,Tomatoes,1915,Matale,Central,Matale,2023-12-01,707,112.95180722891567,112.95180722891567,TRUE,FALSE,1
114,Tomatoes,1915,Matale,Central,Matale,2024-01-01,652.8,-7.666195190947672,7.666195190947672,FALSE,FALSE,1
114,Tomatoes,1915,Matale,Central,Matale,2024-02-01,900,37.867647058823536,37.867647058823536,FALSE,FALSE,1
114,Tomatoes,1915,Matale,Central,Matale,2024-03-01,344,-61.77777777777778,61.77777777777778,TRUE,FALSE,1
114,Tomatoes,1915,Matale,Central,Matale,2024-04-01,163.2,-52.55813953488372,52.55813953488372,TRUE,FALSE,1
114,Tomatoes,1915,Matale,Central,Matale,2024-05-01,186.67,14.381127450980394,14.381127450980394,FALSE,FALSE,1
114,Tomatoes,1915,Matale,Central,Matale,2024-06-01,186.67,0,0,FALSE,FALSE,1
114,Tomatoes,1915,Matale,Central,Matale,2024-07-01,432.53,131.7083623506723,131.7083623506723,TRUE,FALSE,1
114,Tomatoes,1915,Matale,Central,Matale,2024-08-01,272,-37.11418861119459,37.11418861119459,FALSE,FALSE,1
114,Tomatoes,1915,Matale,Central,Matale,2024-09-01,235.2,-13.529411764705888,13.529411764705888,FALSE,FALSE,1
114,Tomatoes,1915,Matale,Central,Matale,2024-10-01,306,30.102040816326536,30.102040816326536,FALSE,FALSE,1
114,Tomatoes,1915,Matale,Central,Matale,2024-11-01,314,2.6143790849673203,2.6143790849673203,FALSE,FALSE,1
114,Tomatoes,1915,Matale,Central,Matale,2024-12-01,439.2,39.87261146496815,39.87261146496815,FALSE,FALSE,1
114,Tomatoes,1915,Matale,Central,Matale,2025-01-01,354,-19.398907103825135,19.398907103825135,FALSE,FALSE,1
114,Tomatoes,1915,Matale,Central,Matale,2025-02-01,232,-34.463276836158194,34.463276836158194,FALSE,FALSE,1
114,Tomatoes,1915,Matale,Central,Matale,2025-03-01,312,34.48275862068966,34.48275862068966,FALSE,FALSE,1
114,Tomatoes,1915,Matale,Central,Matale,2025-04-01,571.75,83.25320512820514,83.25320512820514,TRUE,FALSE,1
114,Tomatoes,1915,Matale,Central,Matale,2025-05-01,940,64.40752076956711,64.40752076956711,TRUE,FALSE,1
114,Tomatoes,1915,Matale,Central,Matale,2025-06-01,457.6,-51.31914893617021,51.31914893617021,TRUE,FALSE,1
114,Tomatoes,1915,Matale,Central,Matale,2025-07-01,150,-67.22027972027972,67.22027972027972,TRUE,FALSE,1
114,Tomatoes,1915,Matale,Central,Matale,2025-08-01,178,18.666666666666668,18.666666666666668,FALSE,FALSE,1
114,Tomatoes,1915,Matale,Central,Matale,2025-09-01,200,12.359550561797752,12.359550561797752,FALSE,FALSE,1
114,Tomatoes,1916,Matara,Southern,Matara,2023-06-01,305,NA,NA,FALSE,FALSE,1
114,Tomatoes,1916,Matara,Southern,Matara,2023-07-01,466.5,52.950819672131146,52.950819672131146,TRUE,FALSE,1
114,Tomatoes,1916,Matara,Southern,Matara,2023-08-01,193.33,-58.55734190782421,58.55734190782421,TRUE,FALSE,1
114,Tomatoes,1916,Matara,Southern,Matara,2023-09-01,180,-6.8949464645942236,6.8949464645942236,FALSE,FALSE,1
114,Tomatoes,1916,Matara,Southern,Matara,2023-10-01,203,12.777777777777777,12.777777777777777,FALSE,FALSE,1
114,Tomatoes,1916,Matara,Southern,Matara,2023-11-01,318.75,57.019704433497544,57.019704433497544,TRUE,FALSE,1
114,Tomatoes,1916,Matara,Southern,Matara,2023-12-01,691,116.78431372549018,116.78431372549018,TRUE,FALSE,1
114,Tomatoes,1916,Matara,Southern,Matara,2024-01-01,613.5,-11.215629522431259,11.215629522431259,FALSE,FALSE,1
114,Tomatoes,1916,Matara,Southern,Matara,2024-02-01,855,39.36430317848411,39.36430317848411,FALSE,FALSE,1
114,Tomatoes,1916,Matara,Southern,Matara,2024-03-01,325,-61.98830409356725,61.98830409356725,TRUE,FALSE,1
114,Tomatoes,1916,Matara,Southern,Matara,2024-04-01,165.67,-49.02461538461539,49.02461538461539,FALSE,FALSE,1
114,Tomatoes,1916,Matara,Southern,Matara,2024-05-01,205,23.73996499064406,23.73996499064406,FALSE,FALSE,1
114,Tomatoes,1916,Matara,Southern,Matara,2024-06-01,547.5,167.0731707317073,167.0731707317073,TRUE,FALSE,1
114,Tomatoes,1916,Matara,Southern,Matara,2024-07-01,431,-21.27853881278539,21.27853881278539,FALSE,FALSE,1
114,Tomatoes,1916,Matara,Southern,Matara,2024-08-01,286.88,-33.438515081206496,33.438515081206496,FALSE,FALSE,1
114,Tomatoes,1916,Matara,Southern,Matara,2024-09-01,245.5,-14.42414947016174,14.42414947016174,FALSE,FALSE,1
114,Tomatoes,1916,Matara,Southern,Matara,2024-10-01,362.5,47.657841140529534,47.657841140529534,FALSE,FALSE,1
114,Tomatoes,1916,Matara,Southern,Matara,2024-11-01,315.62,-12.932413793103448,12.932413793103448,FALSE,FALSE,1
114,Tomatoes,1916,Matara,Southern,Matara,2024-12-01,395.5,25.30891578480451,25.30891578480451,FALSE,FALSE,1
114,Tomatoes,1916,Matara,Southern,Matara,2025-01-01,347.5,-12.13653603034134,12.13653603034134,FALSE,FALSE,1
114,Tomatoes,1916,Matara,Southern,Matara,2025-02-01,215,-38.1294964028777,38.1294964028777,FALSE,FALSE,1
114,Tomatoes,1916,Matara,Southern,Matara,2025-03-01,303.5,41.16279069767442,41.16279069767442,FALSE,FALSE,1
114,Tomatoes,1916,Matara,Southern,Matara,2025-04-01,655.83,116.08896210873148,116.08896210873148,TRUE,FALSE,1
114,Tomatoes,1916,Matara,Southern,Matara,2025-05-01,941.88,43.616485979598366,43.616485979598366,FALSE,FALSE,1
114,Tomatoes,1916,Matara,Southern,Matara,2025-06-01,517,-45.10978043912176,45.10978043912176,FALSE,FALSE,1
114,Tomatoes,1916,Matara,Southern,Matara,2025-07-01,165,-68.08510638297872,68.08510638297872,TRUE,FALSE,1
114,Tomatoes,1916,Matara,Southern,Matara,2025-08-01,193.75,17.424242424242426,17.424242424242426,FALSE,FALSE,1
114,Tomatoes,1916,Matara,Southern,Matara,2025-09-01,201.5,4,4,FALSE,FALSE,1
114,Tomatoes,1917,Nuwara Eliya,Central,Nuwara Eliya,2023-06-01,252,NA,NA,FALSE,FALSE,1
114,Tomatoes,1917,Nuwara Eliya,Central,Nuwara Eliya,2023-07-01,374.4,48.57142857142856,48.57142857142856,FALSE,FALSE,1
114,Tomatoes,1917,Nuwara Eliya,Central,Nuwara Eliya,2023-08-01,228.5,-38.96901709401709,38.96901709401709,FALSE,FALSE,1
114,Tomatoes,1917,Nuwara Eliya,Central,Nuwara Eliya,2023-09-01,207.5,-9.190371991247265,9.190371991247265,FALSE,FALSE,1
114,Tomatoes,1917,Nuwara Eliya,Central,Nuwara Eliya,2023-10-01,218.4,5.253012048192774,5.253012048192774,FALSE,FALSE,1
114,Tomatoes,1917,Nuwara Eliya,Central,Nuwara Eliya,2023-11-01,275.5,26.144688644688642,26.144688644688642,FALSE,FALSE,1
114,Tomatoes,1917,Nuwara Eliya,Central,Nuwara Eliya,2023-12-01,552,100.36297640653358,100.36297640653358,TRUE,FALSE,1
114,Tomatoes,1917,Nuwara Eliya,Central,Nuwara Eliya,2024-01-01,627.6,13.695652173913048,13.695652173913048,FALSE,FALSE,1
114,Tomatoes,1917,Nuwara Eliya,Central,Nuwara Eliya,2024-02-01,793.33,26.40694710006374,26.40694710006374,FALSE,FALSE,1
114,Tomatoes,1917,Nuwara Eliya,Central,Nuwara Eliya,2024-03-01,352.5,-55.567040197647884,55.567040197647884,TRUE,FALSE,1
114,Tomatoes,1917,Nuwara Eliya,Central,Nuwara Eliya,2024-04-01,158.8,-54.95035460992908,54.95035460992908,TRUE,FALSE,1
114,Tomatoes,1917,Nuwara Eliya,Central,Nuwara Eliya,2024-05-01,171,7.682619647355156,7.682619647355156,FALSE,FALSE,1
114,Tomatoes,1917,Nuwara Eliya,Central,Nuwara Eliya,2024-06-01,451.5,164.03508771929825,164.03508771929825,TRUE,FALSE,1
114,Tomatoes,1917,Nuwara Eliya,Central,Nuwara Eliya,2024-07-01,354,-21.59468438538206,21.59468438538206,FALSE,FALSE,1
114,Tomatoes,1917,Nuwara Eliya,Central,Nuwara Eliya,2024-08-01,310,-12.429378531073446,12.429378531073446,FALSE,FALSE,1
114,Tomatoes,1917,Nuwara Eliya,Central,Nuwara Eliya,2024-09-01,270.5,-12.741935483870966,12.741935483870966,FALSE,FALSE,1
114,Tomatoes,1917,Nuwara Eliya,Central,Nuwara Eliya,2024-10-01,303,12.014787430683919,12.014787430683919,FALSE,FALSE,1
114,Tomatoes,1917,Nuwara Eliya,Central,Nuwara Eliya,2024-11-01,330.5,9.075907590759076,9.075907590759076,FALSE,FALSE,1
114,Tomatoes,1917,Nuwara Eliya,Central,Nuwara Eliya,2024-12-01,395,19.51588502269289,19.51588502269289,FALSE,FALSE,1
114,Tomatoes,1917,Nuwara Eliya,Central,Nuwara Eliya,2025-01-01,342,-13.41772151898734,13.41772151898734,FALSE,FALSE,1
114,Tomatoes,1917,Nuwara Eliya,Central,Nuwara Eliya,2025-02-01,257.5,-24.707602339181285,24.707602339181285,FALSE,FALSE,1
114,Tomatoes,1917,Nuwara Eliya,Central,Nuwara Eliya,2025-03-01,360,39.80582524271845,39.80582524271845,FALSE,FALSE,1
114,Tomatoes,1917,Nuwara Eliya,Central,Nuwara Eliya,2025-04-01,633.33,75.92500000000001,75.92500000000001,TRUE,FALSE,1
114,Tomatoes,1917,Nuwara Eliya,Central,Nuwara Eliya,2025-05-01,692.5,9.342680750951313,9.342680750951313,FALSE,FALSE,1
114,Tomatoes,1917,Nuwara Eliya,Central,Nuwara Eliya,2025-06-01,365.5,-47.22021660649819,47.22021660649819,FALSE,FALSE,1
114,Tomatoes,1917,Nuwara Eliya,Central,Nuwara Eliya,2025-07-01,179,-51.02599179206566,51.02599179206566,TRUE,FALSE,1
114,Tomatoes,1917,Nuwara Eliya,Central,Nuwara Eliya,2025-08-01,252,40.78212290502793,40.78212290502793,FALSE,FALSE,1
114,Tomatoes,1917,Nuwara Eliya,Central,Nuwara Eliya,2025-09-01,257.6,2.222222222222231,2.222222222222231,FALSE,FALSE,1
114,Tomatoes,1918,Puttalam,North Western,Puttalam,2023-06-01,378,NA,NA,FALSE,FALSE,1
114,Tomatoes,1918,Puttalam,North Western,Puttalam,2023-07-01,488.8,29.312169312169317,29.312169312169317,FALSE,FALSE,1
114,Tomatoes,1918,Puttalam,North Western,Puttalam,2023-08-01,280,-42.716857610474634,42.716857610474634,FALSE,FALSE,1
114,Tomatoes,1918,Puttalam,North Western,Puttalam,2023-09-01,231.5,-17.32142857142857,17.32142857142857,FALSE,FALSE,1
114,Tomatoes,1918,Puttalam,North Western,Puttalam,2023-10-01,272.8,17.84017278617711,17.84017278617711,FALSE,FALSE,1
114,Tomatoes,1918,Puttalam,North Western,Puttalam,2023-11-01,357,30.865102639296182,30.865102639296182,FALSE,FALSE,1
114,Tomatoes,1918,Puttalam,North Western,Puttalam,2023-12-01,NA,NA,NA,FALSE,TRUE,NA
114,Tomatoes,1918,Puttalam,North Western,Puttalam,2024-01-01,769.6,NA,NA,FALSE,FALSE,1
114,Tomatoes,1918,Puttalam,North Western,Puttalam,2024-02-01,885.5,15.059771309771305,15.059771309771305,FALSE,FALSE,1
114,Tomatoes,1918,Puttalam,North Western,Puttalam,2024-03-01,435.5,-50.81874647092038,50.81874647092038,TRUE,FALSE,1
114,Tomatoes,1918,Puttalam,North Western,Puttalam,2024-04-01,256.8,-41.03329506314581,41.03329506314581,FALSE,FALSE,1
114,Tomatoes,1918,Puttalam,North Western,Puttalam,2024-05-01,250,-2.6479750778816245,2.6479750778816245,FALSE,FALSE,1
114,Tomatoes,1918,Puttalam,North Western,Puttalam,2024-06-01,250,0,0,FALSE,FALSE,1
114,Tomatoes,1918,Puttalam,North Western,Puttalam,2024-07-01,459.38,83.752,83.752,TRUE,FALSE,1
114,Tomatoes,1918,Puttalam,North Western,Puttalam,2024-08-01,326.83,-28.854107710392267,28.854107710392267,FALSE,FALSE,1
114,Tomatoes,1918,Puttalam,North Western,Puttalam,2024-09-01,270,-17.38824465318361,17.38824465318361,FALSE,FALSE,1
114,Tomatoes,1918,Puttalam,North Western,Puttalam,2024-10-01,370,37.03703703703704,37.03703703703704,FALSE,FALSE,1
114,Tomatoes,1918,Puttalam,North Western,Puttalam,2024-11-01,366.67,-0.8999999999999958,0.8999999999999958,FALSE,FALSE,1
114,Tomatoes,1918,Puttalam,North Western,Puttalam,2024-12-01,537.5,46.589576458395825,46.589576458395825,FALSE,FALSE,1
114,Tomatoes,1918,Puttalam,North Western,Puttalam,2025-01-01,446.67,-16.89860465116279,16.89860465116279,FALSE,FALSE,1
114,Tomatoes,1918,Puttalam,North Western,Puttalam,2025-02-01,299.17,-33.02214162580876,33.02214162580876,FALSE,FALSE,1
114,Tomatoes,1918,Puttalam,North Western,Puttalam,2025-03-01,356.67,19.219841561653908,19.219841561653908,FALSE,FALSE,1
114,Tomatoes,1918,Puttalam,North Western,Puttalam,2025-04-01,635,78.03571929234306,78.03571929234306,TRUE,FALSE,1
114,Tomatoes,1918,Puttalam,North Western,Puttalam,2025-05-01,962.5,51.574803149606296,51.574803149606296,TRUE,FALSE,1
114,Tomatoes,1918,Puttalam,North Western,Puttalam,2025-06-01,570,-40.77922077922078,40.77922077922078,FALSE,FALSE,1
114,Tomatoes,1918,Puttalam,North Western,Puttalam,2025-07-01,260,-54.385964912280706,54.385964912280706,TRUE,FALSE,1
114,Tomatoes,1918,Puttalam,North Western,Puttalam,2025-08-01,NA,NA,NA,FALSE,TRUE,NA
114,Tomatoes,1918,Puttalam,North Western,Puttalam,2025-09-01,307,NA,NA,FALSE,FALSE,1
114,Tomatoes,1919,Rathnapura,Sabaragamuwa,Ratnapura,2023-08-01,269,NA,NA,FALSE,FALSE,1
114,Tomatoes,1919,Rathnapura,Sabaragamuwa,Ratnapura,2023-09-01,NA,NA,NA,FALSE,TRUE,NA
114,Tomatoes,1919,Rathnapura,Sabaragamuwa,Ratnapura,2023-10-01,NA,NA,NA,FALSE,TRUE,NA
114,Tomatoes,1919,Rathnapura,Sabaragamuwa,Ratnapura,2023-11-01,NA,NA,NA,FALSE,TRUE,NA
114,Tomatoes,1919,Rathnapura,Sabaragamuwa,Ratnapura,2023-12-01,NA,NA,NA,FALSE,TRUE,NA
114,Tomatoes,1919,Rathnapura,Sabaragamuwa,Ratnapura,2024-01-01,764,NA,NA,FALSE,FALSE,1
114,Tomatoes,1919,Rathnapura,Sabaragamuwa,Ratnapura,2024-02-01,941.5,23.232984293193716,23.232984293193716,FALSE,FALSE,1
114,Tomatoes,1919,Rathnapura,Sabaragamuwa,Ratnapura,2024-03-01,NA,NA,NA,FALSE,TRUE,NA
114,Tomatoes,1919,Rathnapura,Sabaragamuwa,Ratnapura,2024-04-01,NA,NA,NA,FALSE,TRUE,NA
114,Tomatoes,1919,Rathnapura,Sabaragamuwa,Ratnapura,2024-05-01,173,NA,NA,FALSE,FALSE,1
114,Tomatoes,1919,Rathnapura,Sabaragamuwa,Ratnapura,2024-06-01,NA,NA,NA,FALSE,TRUE,NA
114,Tomatoes,1919,Rathnapura,Sabaragamuwa,Ratnapura,2024-07-01,NA,NA,NA,FALSE,TRUE,NA
114,Tomatoes,1919,Rathnapura,Sabaragamuwa,Ratnapura,2024-08-01,282,NA,NA,FALSE,FALSE,1
114,Tomatoes,1919,Rathnapura,Sabaragamuwa,Ratnapura,2024-09-01,266.4,-5.53191489361703,5.53191489361703,FALSE,FALSE,1
114,Tomatoes,1919,Rathnapura,Sabaragamuwa,Ratnapura,2024-10-01,373,40.015015015015024,40.015015015015024,FALSE,FALSE,1
114,Tomatoes,1919,Rathnapura,Sabaragamuwa,Ratnapura,2024-11-01,332.5,-10.857908847184987,10.857908847184987,FALSE,FALSE,1
114,Tomatoes,1919,Rathnapura,Sabaragamuwa,Ratnapura,2024-12-01,432.4,30.04511278195488,30.04511278195488,FALSE,FALSE,1
114,Tomatoes,1919,Rathnapura,Sabaragamuwa,Ratnapura,2025-01-01,358,-17.20629047178538,17.20629047178538,FALSE,FALSE,1
114,Tomatoes,1919,Rathnapura,Sabaragamuwa,Ratnapura,2025-02-01,285,-20.391061452513966,20.391061452513966,FALSE,FALSE,1
114,Tomatoes,1919,Rathnapura,Sabaragamuwa,Ratnapura,2025-03-01,NA,NA,NA,FALSE,TRUE,NA
114,Tomatoes,1919,Rathnapura,Sabaragamuwa,Ratnapura,2025-04-01,NA,NA,NA,FALSE,TRUE,NA
114,Tomatoes,1919,Rathnapura,Sabaragamuwa,Ratnapura,2025-05-01,NA,NA,NA,FALSE,TRUE,NA
114,Tomatoes,1919,Rathnapura,Sabaragamuwa,Ratnapura,2025-06-01,482.4,NA,NA,FALSE,FALSE,1
114,Tomatoes,1919,Rathnapura,Sabaragamuwa,Ratnapura,2025-07-01,187.5,-61.1318407960199,61.1318407960199,TRUE,FALSE,1
114,Tomatoes,1919,Rathnapura,Sabaragamuwa,Ratnapura,2025-08-01,187.5,0,0,FALSE,FALSE,1
114,Tomatoes,1919,Rathnapura,Sabaragamuwa,Ratnapura,2025-09-01,251.2,33.97333333333333,33.97333333333333,FALSE,FALSE,1
114,Tomatoes,5287,Dammbagalla,Uva,Moneragala,2023-06-01,321.5,NA,NA,FALSE,FALSE,1
114,Tomatoes,5287,Dammbagalla,Uva,Moneragala,2023-07-01,448,39.346811819595644,39.346811819595644,FALSE,FALSE,1
114,Tomatoes,5287,Dammbagalla,Uva,Moneragala,2023-08-01,219,-51.11607142857143,51.11607142857143,TRUE,FALSE,1
114,Tomatoes,5287,Dammbagalla,Uva,Moneragala,2023-09-01,186,-15.068493150684931,15.068493150684931,FALSE,FALSE,1
114,Tomatoes,5287,Dammbagalla,Uva,Moneragala,2023-10-01,229.6,23.44086021505376,23.44086021505376,FALSE,FALSE,1
114,Tomatoes,5287,Dammbagalla,Uva,Moneragala,2023-11-01,316,37.63066202090592,37.63066202090592,FALSE,FALSE,1
114,Tomatoes,5287,Dammbagalla,Uva,Moneragala,2023-12-01,659.5,108.70253164556962,108.70253164556962,TRUE,FALSE,1
114,Tomatoes,5287,Dammbagalla,Uva,Moneragala,2024-01-01,652.4,-1.0765731614859777,1.0765731614859777,FALSE,FALSE,1
114,Tomatoes,5287,Dammbagalla,Uva,Moneragala,2024-02-01,NA,NA,NA,FALSE,TRUE,NA
114,Tomatoes,5287,Dammbagalla,Uva,Moneragala,2024-03-01,NA,NA,NA,FALSE,TRUE,NA
114,Tomatoes,5287,Dammbagalla,Uva,Moneragala,2024-04-01,168.4,NA,NA,FALSE,FALSE,1
114,Tomatoes,5287,Dammbagalla,Uva,Moneragala,2024-05-01,197,16.983372921615196,16.983372921615196,FALSE,FALSE,1
114,Tomatoes,5287,Dammbagalla,Uva,Moneragala,2024-06-01,197,0,0,FALSE,FALSE,1
114,Tomatoes,5287,Dammbagalla,Uva,Moneragala,2024-07-01,449.6,128.2233502538071,128.2233502538071,TRUE,FALSE,1
114,Tomatoes,5287,Dammbagalla,Uva,Moneragala,2024-08-01,280,-37.72241992882562,37.72241992882562,FALSE,FALSE,1
114,Tomatoes,5287,Dammbagalla,Uva,Moneragala,2024-09-01,240.8,-13.999999999999996,13.999999999999996,FALSE,FALSE,1
114,Tomatoes,5287,Dammbagalla,Uva,Moneragala,2024-10-01,304,26.245847176079728,26.245847176079728,FALSE,FALSE,1
114,Tomatoes,5287,Dammbagalla,Uva,Moneragala,2024-11-01,331.5,9.046052631578947,9.046052631578947,FALSE,FALSE,1
114,Tomatoes,5287,Dammbagalla,Uva,Moneragala,2024-12-01,454.4,37.07390648567118,37.07390648567118,FALSE,FALSE,1
114,Tomatoes,5287,Dammbagalla,Uva,Moneragala,2025-01-01,NA,NA,NA,FALSE,TRUE,NA
114,Tomatoes,5287,Dammbagalla,Uva,Moneragala,2025-02-01,254.67,NA,NA,FALSE,FALSE,1
114,Tomatoes,5287,Dammbagalla,Uva,Moneragala,2025-03-01,NA,NA,NA,FALSE,TRUE,NA
114,Tomatoes,5287,Dammbagalla,Uva,Moneragala,2025-04-01,645.33,NA,NA,FALSE,FALSE,1
114,Tomatoes,5287,Dammbagalla,Uva,Moneragala,2025-05-01,824,27.686609951497676,27.686609951497676,FALSE,FALSE,1
114,Tomatoes,5287,Dammbagalla,Uva,Moneragala,2025-06-01,463,-43.810679611650485,43.810679611650485,FALSE,FALSE,1
114,Tomatoes,5287,Dammbagalla,Uva,Moneragala,2025-07-01,162,-65.01079913606912,65.01079913606912,TRUE,FALSE,1
114,Tomatoes,5287,Dammbagalla,Uva,Moneragala,2025-08-01,192,18.51851851851852,18.51851851851852,FALSE,FALSE,1
114,Tomatoes,5287,Dammbagalla,Uva,Moneragala,2025-09-01,195.2,1.6666666666666607,1.6666666666666607,FALSE,FALSE,1
114,Tomatoes,5346,Thambuttegama,North Central,Anuradhapura,2023-06-01,307.5,NA,NA,FALSE,FALSE,1
114,Tomatoes,5346,Thambuttegama,North Central,Anuradhapura,2023-07-01,415.2,35.02439024390244,35.02439024390244,FALSE,FALSE,1
114,Tomatoes,5346,Thambuttegama,North Central,Anuradhapura,2023-08-01,189.5,-54.359344894026975,54.359344894026975,TRUE,FALSE,1
114,Tomatoes,5346,Thambuttegama,North Central,Anuradhapura,2023-09-01,161.5,-14.775725593667547,14.775725593667547,FALSE,FALSE,1
114,Tomatoes,5346,Thambuttegama,North Central,Anuradhapura,2023-10-01,198.4,22.848297213622295,22.848297213622295,FALSE,FALSE,1
114,Tomatoes,5346,Thambuttegama,North Central,Anuradhapura,2023-11-01,294,48.18548387096774,48.18548387096774,FALSE,FALSE,1
114,Tomatoes,5346,Thambuttegama,North Central,Anuradhapura,2023-12-01,622,111.56462585034012,111.56462585034012,TRUE,FALSE,1
114,Tomatoes,5346,Thambuttegama,North Central,Anuradhapura,2024-01-01,603.93,-2.90514469453377,2.90514469453377,FALSE,FALSE,1
114,Tomatoes,5346,Thambuttegama,North Central,Anuradhapura,2024-02-01,743.33,23.08214528173797,23.08214528173797,FALSE,FALSE,1
114,Tomatoes,5346,Thambuttegama,North Central,Anuradhapura,2024-03-01,306.25,-58.80026367831246,58.80026367831246,TRUE,FALSE,1
114,Tomatoes,5346,Thambuttegama,North Central,Anuradhapura,2024-04-01,164.87,-46.16489795918367,46.16489795918367,FALSE,FALSE,1
114,Tomatoes,5346,Thambuttegama,North Central,Anuradhapura,2024-05-01,111.43,-32.41341663128525,32.41341663128525,FALSE,FALSE,1
114,Tomatoes,5346,Thambuttegama,North Central,Anuradhapura,2024-06-01,NA,NA,NA,FALSE,TRUE,NA
114,Tomatoes,5346,Thambuttegama,North Central,Anuradhapura,2024-07-01,272,NA,NA,FALSE,FALSE,1
114,Tomatoes,5346,Thambuttegama,North Central,Anuradhapura,2024-08-01,249.5,-8.272058823529411,8.272058823529411,FALSE,FALSE,1
114,Tomatoes,5346,Thambuttegama,North Central,Anuradhapura,2024-09-01,215.2,-13.747494989979964,13.747494989979964,FALSE,FALSE,1
114,Tomatoes,5346,Thambuttegama,North Central,Anuradhapura,2024-10-01,303.5,41.03159851301116,41.03159851301116,FALSE,FALSE,1
114,Tomatoes,5346,Thambuttegama,North Central,Anuradhapura,2024-11-01,302.5,-0.3294892915980231,0.3294892915980231,FALSE,FALSE,1
114,Tomatoes,5346,Thambuttegama,North Central,Anuradhapura,2024-12-01,417.6,38.04958677685951,38.04958677685951,FALSE,FALSE,1
114,Tomatoes,5346,Thambuttegama,North Central,Anuradhapura,2025-01-01,350.62,-16.039272030651343,16.039272030651343,FALSE,FALSE,1
114,Tomatoes,5346,Thambuttegama,North Central,Anuradhapura,2025-02-01,207.5,-40.819120415264386,40.819120415264386,FALSE,FALSE,1
114,Tomatoes,5346,Thambuttegama,North Central,Anuradhapura,2025-03-01,292.4,40.9156626506024,40.9156626506024,FALSE,FALSE,1
114,Tomatoes,5346,Thambuttegama,North Central,Anuradhapura,2025-04-01,569.33,94.70930232558142,94.70930232558142,TRUE,FALSE,1
114,Tomatoes,5346,Thambuttegama,North Central,Anuradhapura,2025-05-01,873.5,53.42595682644511,53.42595682644511,TRUE,FALSE,1
114,Tomatoes,5346,Thambuttegama,North Central,Anuradhapura,2025-06-01,476.8,-45.41499713795077,45.41499713795077,FALSE,FALSE,1
114,Tomatoes,5346,Thambuttegama,North Central,Anuradhapura,2025-07-01,163,-65.81375838926175,65.81375838926175,TRUE,FALSE,1
114,Tomatoes,5346,Thambuttegama,North Central,Anuradhapura,2025-08-01,189.12,16.02453987730062,16.02453987730062,FALSE,FALSE,1
114,Tomatoes,5346,Thambuttegama,North Central,Anuradhapura,2025-09-01,179.5,-5.086717428087989,5.086717428087989,FALSE,FALSE,1
114,Tomatoes,7833,Embilipitiya,Sabaragamuwa,Ratnapura,2023-06-01,329.5,NA,NA,FALSE,FALSE,1
114,Tomatoes,7833,Embilipitiya,Sabaragamuwa,Ratnapura,2023-07-01,543.2,64.85584218512899,64.85584218512899,TRUE,FALSE,1
114,Tomatoes,7833,Embilipitiya,Sabaragamuwa,Ratnapura,2023-08-01,208.57,-61.60346097201768,61.60346097201768,TRUE,FALSE,1
114,Tomatoes,7833,Embilipitiya,Sabaragamuwa,Ratnapura,2023-09-01,166.08,-20.372057342858504,20.372057342858504,FALSE,FALSE,1
114,Tomatoes,7833,Embilipitiya,Sabaragamuwa,Ratnapura,2023-10-01,165.13,-0.5720134874759255,0.5720134874759255,FALSE,FALSE,1
114,Tomatoes,7833,Embilipitiya,Sabaragamuwa,Ratnapura,2023-11-01,336.04,103.50027251256589,103.50027251256589,TRUE,FALSE,1
114,Tomatoes,7833,Embilipitiya,Sabaragamuwa,Ratnapura,2023-12-01,697.38,107.52886561123674,107.52886561123674,TRUE,FALSE,1
114,Tomatoes,7833,Embilipitiya,Sabaragamuwa,Ratnapura,2024-01-01,596.8,-14.422552984025932,14.422552984025932,FALSE,FALSE,1
114,Tomatoes,7833,Embilipitiya,Sabaragamuwa,Ratnapura,2024-02-01,781.38,30.92828418230564,30.92828418230564,FALSE,FALSE,1
114,Tomatoes,7833,Embilipitiya,Sabaragamuwa,Ratnapura,2024-03-01,332.08,-57.50083186157824,57.50083186157824,TRUE,FALSE,1
114,Tomatoes,7833,Embilipitiya,Sabaragamuwa,Ratnapura,2024-04-01,149.33,-55.03192001927246,55.03192001927246,TRUE,FALSE,1
114,Tomatoes,7833,Embilipitiya,Sabaragamuwa,Ratnapura,2024-05-01,191,27.904640728587683,27.904640728587683,FALSE,FALSE,1
114,Tomatoes,7833,Embilipitiya,Sabaragamuwa,Ratnapura,2024-06-01,501.67,162.6544502617801,162.6544502617801,TRUE,FALSE,1
114,Tomatoes,7833,Embilipitiya,Sabaragamuwa,Ratnapura,2024-07-01,391.2,-22.020451691350893,22.020451691350893,FALSE,FALSE,1
114,Tomatoes,7833,Embilipitiya,Sabaragamuwa,Ratnapura,2024-08-01,220.42,-43.65541922290389,43.65541922290389,FALSE,FALSE,1
114,Tomatoes,7833,Embilipitiya,Sabaragamuwa,Ratnapura,2024-09-01,225.47,2.291080664186558,2.291080664186558,FALSE,FALSE,1
114,Tomatoes,7833,Embilipitiya,Sabaragamuwa,Ratnapura,2024-10-01,309,37.04705725817182,37.04705725817182,FALSE,FALSE,1
114,Tomatoes,7833,Embilipitiya,Sabaragamuwa,Ratnapura,2024-11-01,304,-1.6181229773462782,1.6181229773462782,FALSE,FALSE,1
114,Tomatoes,7833,Embilipitiya,Sabaragamuwa,Ratnapura,2024-12-01,405.7,33.45394736842105,33.45394736842105,FALSE,FALSE,1
114,Tomatoes,7833,Embilipitiya,Sabaragamuwa,Ratnapura,2025-01-01,302.67,-25.395612521567656,25.395612521567656,FALSE,FALSE,1
114,Tomatoes,7833,Embilipitiya,Sabaragamuwa,Ratnapura,2025-02-01,222,-26.65279016750917,26.65279016750917,FALSE,FALSE,1
114,Tomatoes,7833,Embilipitiya,Sabaragamuwa,Ratnapura,2025-03-01,290.47,30.842342342342356,30.842342342342356,FALSE,FALSE,1
114,Tomatoes,7833,Embilipitiya,Sabaragamuwa,Ratnapura,2025-04-01,664.75,128.85323785588872,128.85323785588872,TRUE,FALSE,1
114,Tomatoes,7833,Embilipitiya,Sabaragamuwa,Ratnapura,2025-05-01,846.88,27.39827002632569,27.39827002632569,FALSE,FALSE,1
114,Tomatoes,7833,Embilipitiya,Sabaragamuwa,Ratnapura,2025-06-01,437.3,-48.36340449650481,48.36340449650481,FALSE,FALSE,1
114,Tomatoes,7833,Embilipitiya,Sabaragamuwa,Ratnapura,2025-07-01,143.75,-67.12782986508118,67.12782986508118,TRUE,FALSE,1
114,Tomatoes,7833,Embilipitiya,Sabaragamuwa,Ratnapura,2025-08-01,186.75,29.91304347826087,29.91304347826087,FALSE,FALSE,1
114,Tomatoes,7833,Embilipitiya,Sabaragamuwa,Ratnapura,2025-09-01,139.8,-25.14056224899598,25.14056224899598,FALSE,FALSE,1
114,Tomatoes,7834,Tissamaharama,Southern,Hambantota,2023-06-01,295.62,NA,NA,FALSE,FALSE,1
114,Tomatoes,7834,Tissamaharama,Southern,Hambantota,2023-07-01,471.5,59.49529801772545,59.49529801772545,TRUE,FALSE,1
114,Tomatoes,7834,Tissamaharama,Southern,Hambantota,2023-08-01,231.25,-50.95440084835631,50.95440084835631,TRUE,FALSE,1
114,Tomatoes,7834,Tissamaharama,Southern,Hambantota,2023-09-01,213.38,-7.7275675675675695,7.7275675675675695,FALSE,FALSE,1
114,Tomatoes,7834,Tissamaharama,Southern,Hambantota,2023-10-01,184,-13.76886306120536,13.76886306120536,FALSE,FALSE,1
114,Tomatoes,7834,Tissamaharama,Southern,Hambantota,2023-11-01,297,61.41304347826087,61.41304347826087,TRUE,FALSE,1
114,Tomatoes,7834,Tissamaharama,Southern,Hambantota,2023-12-01,600.75,102.27272727272727,102.27272727272727,TRUE,FALSE,1
114,Tomatoes,7834,Tissamaharama,Southern,Hambantota,2024-01-01,602.8,0.34124011652100783,0.34124011652100783,FALSE,FALSE,1
114,Tomatoes,7834,Tissamaharama,Southern,Hambantota,2024-02-01,772.25,28.110484406104852,28.110484406104852,FALSE,FALSE,1
114,Tomatoes,7834,Tissamaharama,Southern,Hambantota,2024-03-01,315.5,-59.145354483651666,59.145354483651666,TRUE,FALSE,1
114,Tomatoes,7834,Tissamaharama,Southern,Hambantota,2024-04-01,139.6,-55.7527733755943,55.7527733755943,TRUE,FALSE,1
114,Tomatoes,7834,Tissamaharama,Southern,Hambantota,2024-05-01,174.25,24.820916905444133,24.820916905444133,FALSE,FALSE,1
114,Tomatoes,7834,Tissamaharama,Southern,Hambantota,2024-06-01,NA,NA,NA,FALSE,TRUE,NA
114,Tomatoes,7834,Tissamaharama,Southern,Hambantota,2024-07-01,NA,NA,NA,FALSE,TRUE,NA
114,Tomatoes,7834,Tissamaharama,Southern,Hambantota,2024-08-01,NA,NA,NA,FALSE,TRUE,NA
114,Tomatoes,7834,Tissamaharama,Southern,Hambantota,2024-09-01,210.33,NA,NA,FALSE,FALSE,1
114,Tomatoes,7834,Tissamaharama,Southern,Hambantota,2024-10-01,347.29,65.11672134265201,65.11672134265201,TRUE,FALSE,1
114,Tomatoes,7834,Tissamaharama,Southern,Hambantota,2024-11-01,287.5,-17.216159405684014,17.216159405684014,FALSE,FALSE,1
114,Tomatoes,7834,Tissamaharama,Southern,Hambantota,2024-12-01,414.6,44.208695652173915,44.208695652173915,FALSE,FALSE,1
114,Tomatoes,7834,Tissamaharama,Southern,Hambantota,2025-01-01,339.25,-18.17414375301496,18.17414375301496,FALSE,FALSE,1
114,Tomatoes,7834,Tissamaharama,Southern,Hambantota,2025-02-01,237.5,-29.99263080324245,29.99263080324245,FALSE,FALSE,1
114,Tomatoes,7834,Tissamaharama,Southern,Hambantota,2025-03-01,245.1,3.1999999999999975,3.1999999999999975,FALSE,FALSE,1
114,Tomatoes,7834,Tissamaharama,Southern,Hambantota,2025-04-01,390,59.11872705018361,59.11872705018361,TRUE,FALSE,1
114,Tomatoes,7834,Tissamaharama,Southern,Hambantota,2025-05-01,NA,NA,NA,FALSE,TRUE,NA
114,Tomatoes,7834,Tissamaharama,Southern,Hambantota,2025-06-01,355,NA,NA,FALSE,FALSE,1
114,Tomatoes,7834,Tissamaharama,Southern,Hambantota,2025-07-01,159.38,-55.10422535211268,55.10422535211268,TRUE,FALSE,1
114,Tomatoes,7834,Tissamaharama,Southern,Hambantota,2025-08-01,185.62,16.46379721420505,16.46379721420505,FALSE,FALSE,1
114,Tomatoes,7834,Tissamaharama,Southern,Hambantota,2025-09-01,177.5,-4.374528606831163,4.374528606831163,FALSE,FALSE,1
114,Tomatoes,7835,Galenbindunuwewa,North Central,Anuradhapura,2023-06-01,332,NA,NA,FALSE,FALSE,1
114,Tomatoes,7835,Galenbindunuwewa,North Central,Anuradhapura,2023-07-01,446.4,34.4578313253012,34.4578313253012,FALSE,FALSE,1
114,Tomatoes,7835,Galenbindunuwewa,North Central,Anuradhapura,2023-08-01,246,-44.89247311827957,44.89247311827957,FALSE,FALSE,1
114,Tomatoes,7835,Galenbindunuwewa,North Central,Anuradhapura,2023-09-01,179,-27.235772357723576,27.235772357723576,FALSE,FALSE,1
114,Tomatoes,7835,Galenbindunuwewa,North Central,Anuradhapura,2023-10-01,212,18.435754189944134,18.435754189944134,FALSE,FALSE,1
114,Tomatoes,7835,Galenbindunuwewa,North Central,Anuradhapura,2023-11-01,313,47.64150943396226,47.64150943396226,FALSE,FALSE,1
114,Tomatoes,7835,Galenbindunuwewa,North Central,Anuradhapura,2023-12-01,636,103.19488817891373,103.19488817891373,TRUE,FALSE,1
114,Tomatoes,7835,Galenbindunuwewa,North Central,Anuradhapura,2024-01-01,667.2,4.9056603773584975,4.9056603773584975,FALSE,FALSE,1
114,Tomatoes,7835,Galenbindunuwewa,North Central,Anuradhapura,2024-02-01,763.5,14.433453237410065,14.433453237410065,FALSE,FALSE,1
114,Tomatoes,7835,Galenbindunuwewa,North Central,Anuradhapura,2024-03-01,389,-49.05042567125082,49.05042567125082,FALSE,FALSE,1
114,Tomatoes,7835,Galenbindunuwewa,North Central,Anuradhapura,2024-04-01,182.4,-53.11053984575835,53.11053984575835,TRUE,FALSE,1
114,Tomatoes,7835,Galenbindunuwewa,North Central,Anuradhapura,2024-05-01,180,-1.3157894736842135,1.3157894736842135,FALSE,FALSE,1
114,Tomatoes,7835,Galenbindunuwewa,North Central,Anuradhapura,2024-06-01,522,190,190,TRUE,FALSE,1
114,Tomatoes,7835,Galenbindunuwewa,North Central,Anuradhapura,2024-07-01,672,28.735632183908045,28.735632183908045,FALSE,FALSE,1
114,Tomatoes,7835,Galenbindunuwewa,North Central,Anuradhapura,2024-08-01,NA,NA,NA,FALSE,TRUE,NA
114,Tomatoes,7835,Galenbindunuwewa,North Central,Anuradhapura,2024-09-01,NA,NA,NA,FALSE,TRUE,NA
114,Tomatoes,7835,Galenbindunuwewa,North Central,Anuradhapura,2024-10-01,NA,NA,NA,FALSE,TRUE,NA
114,Tomatoes,7835,Galenbindunuwewa,North Central,Anuradhapura,2024-11-01,NA,NA,NA,FALSE,TRUE,NA
114,Tomatoes,7835,Galenbindunuwewa,North Central,Anuradhapura,2024-12-01,573,NA,NA,FALSE,FALSE,1
114,Tomatoes,7835,Galenbindunuwewa,North Central,Anuradhapura,2025-01-01,346.88,-39.46247818499128,39.46247818499128,FALSE,FALSE,1
114,Tomatoes,7835,Galenbindunuwewa,North Central,Anuradhapura,2025-02-01,288.12,-16.939575645756456,16.939575645756456,FALSE,FALSE,1
114,Tomatoes,7835,Galenbindunuwewa,North Central,Anuradhapura,2025-03-01,322,11.758989310009717,11.758989310009717,FALSE,FALSE,1
114,Tomatoes,7835,Galenbindunuwewa,North Central,Anuradhapura,2025-04-01,410,27.32919254658385,27.32919254658385,FALSE,FALSE,1
114,Tomatoes,7835,Galenbindunuwewa,North Central,Anuradhapura,2025-05-01,NA,NA,NA,FALSE,TRUE,NA
114,Tomatoes,7835,Galenbindunuwewa,North Central,Anuradhapura,2025-06-01,509.75,NA,NA,FALSE,FALSE,1
114,Tomatoes,7835,Galenbindunuwewa,North Central,Anuradhapura,2025-07-01,242,-52.52574791564493,52.52574791564493,TRUE,FALSE,1
114,Tomatoes,7835,Galenbindunuwewa,North Central,Anuradhapura,2025-08-01,210.5,-13.016528925619836,13.016528925619836,FALSE,FALSE,1
114,Tomatoes,7835,Galenbindunuwewa,North Central,Anuradhapura,2025-09-01,219.2,4.133016627078379,4.133016627078379,FALSE,FALSE,1
114,Tomatoes,7836,Bandarawela,Uva,Badulla,2023-06-01,253,NA,NA,FALSE,FALSE,1
114,Tomatoes,7836,Bandarawela,Uva,Badulla,2023-07-01,308,21.73913043478261,21.73913043478261,FALSE,FALSE,1
114,Tomatoes,7836,Bandarawela,Uva,Badulla,2023-08-01,193,-37.33766233766234,37.33766233766234,FALSE,FALSE,1
114,Tomatoes,7836,Bandarawela,Uva,Badulla,2023-09-01,183,-5.181347150259067,5.181347150259067,FALSE,FALSE,1
114,Tomatoes,7836,Bandarawela,Uva,Badulla,2023-10-01,188,2.73224043715847,2.73224043715847,FALSE,FALSE,1
114,Tomatoes,7836,Bandarawela,Uva,Badulla,2023-11-01,253,34.57446808510639,34.57446808510639,FALSE,FALSE,1
114,Tomatoes,7836,Bandarawela,Uva,Badulla,2023-12-01,533,110.67193675889328,110.67193675889328,TRUE,FALSE,1
114,Tomatoes,7836,Bandarawela,Uva,Badulla,2024-01-01,572.8,7.4671669793620925,7.4671669793620925,FALSE,FALSE,1
114,Tomatoes,7836,Bandarawela,Uva,Badulla,2024-02-01,740,29.18994413407822,29.18994413407822,FALSE,FALSE,1
114,Tomatoes,7836,Bandarawela,Uva,Badulla,2024-03-01,NA,NA,NA,FALSE,TRUE,NA
114,Tomatoes,7836,Bandarawela,Uva,Badulla,2024-04-01,NA,NA,NA,FALSE,TRUE,NA
114,Tomatoes,7836,Bandarawela,Uva,Badulla,2024-05-01,180,NA,NA,FALSE,FALSE,1
114,Tomatoes,7836,Bandarawela,Uva,Badulla,2024-06-01,398.5,121.38888888888889,121.38888888888889,TRUE,FALSE,1
114,Tomatoes,7836,Bandarawela,Uva,Badulla,2024-07-01,369.6,-7.252195734002504,7.252195734002504,FALSE,FALSE,1
114,Tomatoes,7836,Bandarawela,Uva,Badulla,2024-08-01,293,-20.72510822510823,20.72510822510823,FALSE,FALSE,1
114,Tomatoes,7836,Bandarawela,Uva,Badulla,2024-09-01,236,-19.453924914675767,19.453924914675767,FALSE,FALSE,1
114,Tomatoes,7836,Bandarawela,Uva,Badulla,2024-10-01,276,16.94915254237288,16.94915254237288,FALSE,FALSE,1
114,Tomatoes,7836,Bandarawela,Uva,Badulla,2024-11-01,283,2.536231884057971,2.536231884057971,FALSE,FALSE,1
114,Tomatoes,7836,Bandarawela,Uva,Badulla,2024-12-01,370,30.742049469964666,30.742049469964666,FALSE,FALSE,1
114,Tomatoes,7836,Bandarawela,Uva,Badulla,2025-01-01,343,-7.297297297297297,7.297297297297297,FALSE,FALSE,1
114,Tomatoes,7836,Bandarawela,Uva,Badulla,2025-02-01,250,-27.113702623906704,27.113702623906704,FALSE,FALSE,1
114,Tomatoes,7836,Bandarawela,Uva,Badulla,2025-03-01,313.6,25.44000000000001,25.44000000000001,FALSE,FALSE,1
114,Tomatoes,7836,Bandarawela,Uva,Badulla,2025-04-01,561,78.89030612244898,78.89030612244898,TRUE,FALSE,1
114,Tomatoes,7836,Bandarawela,Uva,Badulla,2025-05-01,721.5,28.609625668449194,28.609625668449194,FALSE,FALSE,1
114,Tomatoes,7836,Bandarawela,Uva,Badulla,2025-06-01,367,-49.133749133749134,49.133749133749134,FALSE,FALSE,1
114,Tomatoes,7836,Bandarawela,Uva,Badulla,2025-07-01,117.5,-67.98365122615803,67.98365122615803,TRUE,FALSE,1
114,Tomatoes,7836,Bandarawela,Uva,Badulla,2025-08-01,188,60,60,TRUE,FALSE,1
114,Tomatoes,7836,Bandarawela,Uva,Badulla,2025-09-01,203.2,8.085106382978717,8.085106382978717,FALSE,FALSE,1
114,Tomatoes,7837,Dehiattakandiya,Eastern,Ampara,2023-06-01,318.33,NA,NA,FALSE,FALSE,1
114,Tomatoes,7837,Dehiattakandiya,Eastern,Ampara,2023-07-01,498.67,56.65190211415828,56.65190211415828,TRUE,FALSE,1
114,Tomatoes,7837,Dehiattakandiya,Eastern,Ampara,2023-08-01,204.17,-59.057091864359194,59.057091864359194,TRUE,FALSE,1
114,Tomatoes,7837,Dehiattakandiya,Eastern,Ampara,2023-09-01,166.67,-18.36704706861929,18.36704706861929,FALSE,FALSE,1
114,Tomatoes,7837,Dehiattakandiya,Eastern,Ampara,2023-10-01,192.67,15.599688006239877,15.599688006239877,FALSE,FALSE,1
114,Tomatoes,7837,Dehiattakandiya,Eastern,Ampara,2023-11-01,340,76.46753516375149,76.46753516375149,TRUE,FALSE,1
114,Tomatoes,7837,Dehiattakandiya,Eastern,Ampara,2023-12-01,723.33,112.74411764705883,112.74411764705883,TRUE,FALSE,1
114,Tomatoes,7837,Dehiattakandiya,Eastern,Ampara,2024-01-01,686.67,-5.068226120857711,5.068226120857711,FALSE,FALSE,1
114,Tomatoes,7837,Dehiattakandiya,Eastern,Ampara,2024-02-01,769.58,12.074213231974614,12.074213231974614,FALSE,FALSE,1
114,Tomatoes,7837,Dehiattakandiya,Eastern,Ampara,2024-03-01,380,-50.622417422490194,50.622417422490194,TRUE,FALSE,1
114,Tomatoes,7837,Dehiattakandiya,Eastern,Ampara,2024-04-01,172.67,-54.56052631578948,54.56052631578948,TRUE,FALSE,1
114,Tomatoes,7837,Dehiattakandiya,Eastern,Ampara,2024-05-01,176.67,2.3165575954132165,2.3165575954132165,FALSE,FALSE,1
114,Tomatoes,7837,Dehiattakandiya,Eastern,Ampara,2024-06-01,573.33,224.52029206996102,224.52029206996102,TRUE,FALSE,1
114,Tomatoes,7837,Dehiattakandiya,Eastern,Ampara,2024-07-01,404,-29.534474037639757,29.534474037639757,FALSE,FALSE,1
114,Tomatoes,7837,Dehiattakandiya,Eastern,Ampara,2024-08-01,257.5,-36.26237623762376,36.26237623762376,FALSE,FALSE,1
114,Tomatoes,7837,Dehiattakandiya,Eastern,Ampara,2024-09-01,240,-6.796116504854369,6.796116504854369,FALSE,FALSE,1
114,Tomatoes,7837,Dehiattakandiya,Eastern,Ampara,2024-10-01,291.67,21.529166666666676,21.529166666666676,FALSE,FALSE,1
114,Tomatoes,7837,Dehiattakandiya,Eastern,Ampara,2024-11-01,335,14.855830219083204,14.855830219083204,FALSE,FALSE,1
114,Tomatoes,7837,Dehiattakandiya,Eastern,Ampara,2024-12-01,422.67,26.17014925373135,26.17014925373135,FALSE,FALSE,1
114,Tomatoes,7837,Dehiattakandiya,Eastern,Ampara,2025-01-01,478.33,13.168665862256598,13.168665862256598,FALSE,FALSE,1
114,Tomatoes,7837,Dehiattakandiya,Eastern,Ampara,2025-02-01,298.33,-37.6309242573119,37.6309242573119,FALSE,FALSE,1
114,Tomatoes,7837,Dehiattakandiya,Eastern,Ampara,2025-03-01,309.33,3.687192035665203,3.687192035665203,FALSE,FALSE,1
114,Tomatoes,7837,Dehiattakandiya,Eastern,Ampara,2025-04-01,693.33,124.1392687421201,124.1392687421201,TRUE,FALSE,1
114,Tomatoes,7837,Dehiattakandiya,Eastern,Ampara,2025-05-01,908.33,31.00976447002149,31.00976447002149,FALSE,FALSE,1
114,Tomatoes,7837,Dehiattakandiya,Eastern,Ampara,2025-06-01,432,-52.44019244107319,52.44019244107319,TRUE,FALSE,1
114,Tomatoes,7837,Dehiattakandiya,Eastern,Ampara,2025-07-01,162.5,-62.38425925925925,62.38425925925925,TRUE,FALSE,1
114,Tomatoes,7837,Dehiattakandiya,Eastern,Ampara,2025-08-01,224.17,37.95076923076922,37.95076923076922,FALSE,FALSE,1
114,Tomatoes,7837,Dehiattakandiya,Eastern,Ampara,2025-09-01,201.33,-10.188696078868704,10.188696078868704,FALSE,FALSE,1
114,Tomatoes,7839,Keppetipola (DEC},Uva,Badulla,2023-06-01,250,NA,NA,FALSE,FALSE,1
114,Tomatoes,7839,Keppetipola (DEC},Uva,Badulla,2023-07-01,365.6,46.24000000000001,46.24000000000001,FALSE,FALSE,1
114,Tomatoes,7839,Keppetipola (DEC},Uva,Badulla,2023-08-01,220.5,-39.68818380743983,39.68818380743983,FALSE,FALSE,1
114,Tomatoes,7839,Keppetipola (DEC},Uva,Badulla,2023-09-01,205,-7.029478458049887,7.029478458049887,FALSE,FALSE,1
114,Tomatoes,7839,Keppetipola (DEC},Uva,Badulla,2023-10-01,204,-0.4878048780487805,0.4878048780487805,FALSE,FALSE,1
114,Tomatoes,7839,Keppetipola (DEC},Uva,Badulla,2023-11-01,251.5,23.284313725490197,23.284313725490197,FALSE,FALSE,1
114,Tomatoes,7839,Keppetipola (DEC},Uva,Badulla,2023-12-01,525,108.74751491053678,108.74751491053678,TRUE,FALSE,1
114,Tomatoes,7839,Keppetipola (DEC},Uva,Badulla,2024-01-01,601.2,14.514285714285723,14.514285714285723,FALSE,FALSE,1
114,Tomatoes,7839,Keppetipola (DEC},Uva,Badulla,2024-02-01,722,20.093147039254813,20.093147039254813,FALSE,FALSE,1
114,Tomatoes,7839,Keppetipola (DEC},Uva,Badulla,2024-03-01,325,-54.986149584487535,54.986149584487535,TRUE,FALSE,1
114,Tomatoes,7839,Keppetipola (DEC},Uva,Badulla,2024-04-01,124.5,-61.69230769230769,61.69230769230769,TRUE,FALSE,1
114,Tomatoes,7839,Keppetipola (DEC},Uva,Badulla,2024-05-01,131.5,5.622489959839357,5.622489959839357,FALSE,FALSE,1
114,Tomatoes,7839,Keppetipola (DEC},Uva,Badulla,2024-06-01,426,223.95437262357416,223.95437262357416,TRUE,FALSE,1
114,Tomatoes,7839,Keppetipola (DEC},Uva,Badulla,2024-07-01,351.6,-17.46478873239436,17.46478873239436,FALSE,FALSE,1
114,Tomatoes,7839,Keppetipola (DEC},Uva,Badulla,2024-08-01,262.5,-25.34129692832765,25.34129692832765,FALSE,FALSE,1
114,Tomatoes,7839,Keppetipola (DEC},Uva,Badulla,2024-09-01,248.4,-5.371428571428569,5.371428571428569,FALSE,FALSE,1
114,Tomatoes,7839,Keppetipola (DEC},Uva,Badulla,2024-10-01,275.5,10.909822866344603,10.909822866344603,FALSE,FALSE,1
114,Tomatoes,7839,Keppetipola (DEC},Uva,Badulla,2024-11-01,288.5,4.71869328493648,4.71869328493648,FALSE,FALSE,1
114,Tomatoes,7839,Keppetipola (DEC},Uva,Badulla,2024-12-01,352,22.0103986135182,22.0103986135182,FALSE,FALSE,1
114,Tomatoes,7839,Keppetipola (DEC},Uva,Badulla,2025-01-01,305.5,-13.210227272727273,13.210227272727273,FALSE,FALSE,1
114,Tomatoes,7839,Keppetipola (DEC},Uva,Badulla,2025-02-01,196,-35.84288052373159,35.84288052373159,FALSE,FALSE,1
114,Tomatoes,7839,Keppetipola (DEC},Uva,Badulla,2025-03-01,291.6,48.77551020408165,48.77551020408165,FALSE,FALSE,1
114,Tomatoes,7839,Keppetipola (DEC},Uva,Badulla,2025-04-01,395.75,35.71673525377228,35.71673525377228,FALSE,FALSE,1
114,Tomatoes,7839,Keppetipola (DEC},Uva,Badulla,2025-05-01,586,48.07327858496526,48.07327858496526,FALSE,FALSE,1
114,Tomatoes,7839,Keppetipola (DEC},Uva,Badulla,2025-06-01,287,-51.02389078498294,51.02389078498294,TRUE,FALSE,1
114,Tomatoes,7839,Keppetipola (DEC},Uva,Badulla,2025-07-01,127,-55.749128919860624,55.749128919860624,TRUE,FALSE,1
114,Tomatoes,7839,Keppetipola (DEC},Uva,Badulla,2025-08-01,166,30.708661417322837,30.708661417322837,FALSE,FALSE,1
114,Tomatoes,7839,Keppetipola (DEC},Uva,Badulla,2025-09-01,180.4,8.674698795180728,8.674698795180728,FALSE,FALSE,1
114,Tomatoes,7840,Hanguranketha,Central,Nuwara Eliya,2023-06-01,222,NA,NA,FALSE,FALSE,1
114,Tomatoes,7840,Hanguranketha,Central,Nuwara Eliya,2023-07-01,345.2,55.4954954954955,55.4954954954955,TRUE,FALSE,1
114,Tomatoes,7840,Hanguranketha,Central,Nuwara Eliya,2023-08-01,152.5,-55.82271147161067,55.82271147161067,TRUE,FALSE,1
114,Tomatoes,7840,Hanguranketha,Central,Nuwara Eliya,2023-09-01,134,-12.131147540983607,12.131147540983607,FALSE,FALSE,1
114,Tomatoes,7840,Hanguranketha,Central,Nuwara Eliya,2023-10-01,159.6,19.104477611940293,19.104477611940293,FALSE,FALSE,1
114,Tomatoes,7840,Hanguranketha,Central,Nuwara Eliya,2023-11-01,239,49.74937343358397,49.74937343358397,FALSE,FALSE,1
114,Tomatoes,7840,Hanguranketha,Central,Nuwara Eliya,2023-12-01,546.75,128.76569037656904,128.76569037656904,TRUE,FALSE,1
114,Tomatoes,7840,Hanguranketha,Central,Nuwara Eliya,2024-01-01,599.6,9.666209419295843,9.666209419295843,FALSE,FALSE,1
114,Tomatoes,7840,Hanguranketha,Central,Nuwara Eliya,2024-02-01,730.5,21.831220813875913,21.831220813875913,FALSE,FALSE,1
114,Tomatoes,7840,Hanguranketha,Central,Nuwara Eliya,2024-03-01,307.5,-57.90554414784395,57.90554414784395,TRUE,FALSE,1
114,Tomatoes,7840,Hanguranketha,Central,Nuwara Eliya,2024-04-01,134.27,-56.3349593495935,56.3349593495935,TRUE,FALSE,1
114,Tomatoes,7840,Hanguranketha,Central,Nuwara Eliya,2024-05-01,131,-2.435391375586512,2.435391375586512,FALSE,FALSE,1
114,Tomatoes,7840,Hanguranketha,Central,Nuwara Eliya,2024-06-01,184,40.458015267175576,40.458015267175576,FALSE,FALSE,1
114,Tomatoes,7840,Hanguranketha,Central,Nuwara Eliya,2024-07-01,348.2,89.2391304347826,89.2391304347826,TRUE,FALSE,1
114,Tomatoes,7840,Hanguranketha,Central,Nuwara Eliya,2024-08-01,171,-50.89029293509477,50.89029293509477,TRUE,FALSE,1
114,Tomatoes,7840,Hanguranketha,Central,Nuwara Eliya,2024-09-01,181.2,5.964912280701748,5.964912280701748,FALSE,FALSE,1
114,Tomatoes,7840,Hanguranketha,Central,Nuwara Eliya,2024-10-01,216,19.205298013245038,19.205298013245038,FALSE,FALSE,1
114,Tomatoes,7840,Hanguranketha,Central,Nuwara Eliya,2024-11-01,230.25,6.597222222222222,6.597222222222222,FALSE,FALSE,1
114,Tomatoes,7840,Hanguranketha,Central,Nuwara Eliya,2024-12-01,380.8,65.38545059717698,65.38545059717698,TRUE,FALSE,1
114,Tomatoes,7840,Hanguranketha,Central,Nuwara Eliya,2025-01-01,276,-27.521008403361346,27.521008403361346,FALSE,FALSE,1
114,Tomatoes,7840,Hanguranketha,Central,Nuwara Eliya,2025-02-01,173.12,-37.27536231884058,37.27536231884058,FALSE,FALSE,1
114,Tomatoes,7840,Hanguranketha,Central,Nuwara Eliya,2025-03-01,257,48.45194085027726,48.45194085027726,FALSE,FALSE,1
114,Tomatoes,7840,Hanguranketha,Central,Nuwara Eliya,2025-04-01,461.67,79.63813229571986,79.63813229571986,TRUE,FALSE,1
114,Tomatoes,7840,Hanguranketha,Central,Nuwara Eliya,2025-05-01,782.5,69.49336105876492,69.49336105876492,TRUE,FALSE,1
114,Tomatoes,7840,Hanguranketha,Central,Nuwara Eliya,2025-06-01,NA,NA,NA,FALSE,TRUE,NA
114,Tomatoes,7840,Hanguranketha,Central,Nuwara Eliya,2025-07-01,NA,NA,NA,FALSE,TRUE,NA
114,Tomatoes,7840,Hanguranketha,Central,Nuwara Eliya,2025-08-01,134.17,NA,NA,FALSE,FALSE,1
114,Tomatoes,7840,Hanguranketha,Central,Nuwara Eliya,2025-09-01,158.67,18.260415890288442,18.260415890288442,FALSE,FALSE,1
114,Tomatoes,7841,Meegoda(DEC),Western,Colombo,2023-06-01,295,NA,NA,FALSE,FALSE,1
114,Tomatoes,7841,Meegoda(DEC),Western,Colombo,2023-07-01,450,52.54237288135594,52.54237288135594,TRUE,FALSE,1
114,Tomatoes,7841,Meegoda(DEC),Western,Colombo,2023-08-01,248,-44.888888888888886,44.888888888888886,FALSE,FALSE,1
114,Tomatoes,7841,Meegoda(DEC),Western,Colombo,2023-09-01,214,-13.709677419354838,13.709677419354838,FALSE,FALSE,1
114,Tomatoes,7841,Meegoda(DEC),Western,Colombo,2023-10-01,233.6,9.158878504672895,9.158878504672895,FALSE,FALSE,1
114,Tomatoes,7841,Meegoda(DEC),Western,Colombo,2023-11-01,321.5,37.62842465753425,37.62842465753425,FALSE,FALSE,1
114,Tomatoes,7841,Meegoda(DEC),Western,Colombo,2023-12-01,701.25,118.11819595645412,118.11819595645412,TRUE,FALSE,1
114,Tomatoes,7841,Meegoda(DEC),Western,Colombo,2024-01-01,675.6,-3.657754010695184,3.657754010695184,FALSE,FALSE,1
114,Tomatoes,7841,Meegoda(DEC),Western,Colombo,2024-02-01,839.5,24.259917110716394,24.259917110716394,FALSE,FALSE,1
114,Tomatoes,7841,Meegoda(DEC),Western,Colombo,2024-03-01,374.75,-55.3603335318642,55.3603335318642,TRUE,FALSE,1
114,Tomatoes,7841,Meegoda(DEC),Western,Colombo,2024-04-01,186.4,-50.26017344896597,50.26017344896597,TRUE,FALSE,1
114,Tomatoes,7841,Meegoda(DEC),Western,Colombo,2024-05-01,256,37.33905579399141,37.33905579399141,FALSE,FALSE,1
114,Tomatoes,7841,Meegoda(DEC),Western,Colombo,2024-06-01,586.5,129.1015625,129.1015625,TRUE,FALSE,1
114,Tomatoes,7841,Meegoda(DEC),Western,Colombo,2024-07-01,473.6,-19.249786871270246,19.249786871270246,FALSE,FALSE,1
114,Tomatoes,7841,Meegoda(DEC),Western,Colombo,2024-08-01,317.5,-32.960304054054056,32.960304054054056,FALSE,FALSE,1
114,Tomatoes,7841,Meegoda(DEC),Western,Colombo,2024-09-01,301.6,-5.007874015748024,5.007874015748024,FALSE,FALSE,1
114,Tomatoes,7841,Meegoda(DEC),Western,Colombo,2024-10-01,382.17,26.714190981432356,26.714190981432356,FALSE,FALSE,1
114,Tomatoes,7841,Meegoda(DEC),Western,Colombo,2024-11-01,364,-4.7544286574037775,4.7544286574037775,FALSE,FALSE,1
114,Tomatoes,7841,Meegoda(DEC),Western,Colombo,2024-12-01,477.2,31.098901098901095,31.098901098901095,FALSE,FALSE,1
114,Tomatoes,7841,Meegoda(DEC),Western,Colombo,2025-01-01,425,-10.938809723386418,10.938809723386418,FALSE,FALSE,1
114,Tomatoes,7841,Meegoda(DEC),Western,Colombo,2025-02-01,278,-34.588235294117645,34.588235294117645,FALSE,FALSE,1
114,Tomatoes,7841,Meegoda(DEC),Western,Colombo,2025-03-01,366.4,31.79856115107913,31.79856115107913,FALSE,FALSE,1
114,Tomatoes,7841,Meegoda(DEC),Western,Colombo,2025-04-01,685.33,87.04421397379915,87.04421397379915,TRUE,FALSE,1
114,Tomatoes,7841,Meegoda(DEC),Western,Colombo,2025-05-01,932.5,36.06583689609384,36.06583689609384,FALSE,FALSE,1
114,Tomatoes,7841,Meegoda(DEC),Western,Colombo,2025-06-01,541.2,-41.96246648793565,41.96246648793565,FALSE,FALSE,1
114,Tomatoes,7841,Meegoda(DEC),Western,Colombo,2025-07-01,200,-63.04508499630451,63.04508499630451,TRUE,FALSE,1
114,Tomatoes,7841,Meegoda(DEC),Western,Colombo,2025-08-01,233,16.5,16.5,FALSE,FALSE,1
114,Tomatoes,7841,Meegoda(DEC),Western,Colombo,2025-09-01,259.2,11.244635193133043,11.244635193133043,FALSE,FALSE,1
114,Tomatoes,7842,Nikaweratiya,North Western,Kurunegala,2023-06-01,355,NA,NA,FALSE,FALSE,1
114,Tomatoes,7842,Nikaweratiya,North Western,Kurunegala,2023-07-01,446,25.633802816901408,25.633802816901408,FALSE,FALSE,1
114,Tomatoes,7842,Nikaweratiya,North Western,Kurunegala,2023-08-01,290,-34.97757847533632,34.97757847533632,FALSE,FALSE,1
114,Tomatoes,7842,Nikaweratiya,North Western,Kurunegala,2023-09-01,227.5,-21.551724137931032,21.551724137931032,FALSE,FALSE,1
114,Tomatoes,7842,Nikaweratiya,North Western,Kurunegala,2023-10-01,262,15.164835164835164,15.164835164835164,FALSE,FALSE,1
114,Tomatoes,7842,Nikaweratiya,North Western,Kurunegala,2023-11-01,335,27.86259541984733,27.86259541984733,FALSE,FALSE,1
114,Tomatoes,7842,Nikaweratiya,North Western,Kurunegala,2023-12-01,639,90.74626865671642,90.74626865671642,TRUE,FALSE,1
114,Tomatoes,7842,Nikaweratiya,North Western,Kurunegala,2024-01-01,662,3.599374021909233,3.599374021909233,FALSE,FALSE,1
114,Tomatoes,7842,Nikaweratiya,North Western,Kurunegala,2024-02-01,874.42,32.087613293051355,32.087613293051355,FALSE,FALSE,1
114,Tomatoes,7842,Nikaweratiya,North Western,Kurunegala,2024-03-01,425,-51.39635415475401,51.39635415475401,TRUE,FALSE,1
114,Tomatoes,7842,Nikaweratiya,North Western,Kurunegala,2024-04-01,226,-46.82352941176471,46.82352941176471,FALSE,FALSE,1
114,Tomatoes,7842,Nikaweratiya,North Western,Kurunegala,2024-05-01,230,1.7699115044247788,1.7699115044247788,FALSE,FALSE,1
114,Tomatoes,7842,Nikaweratiya,North Western,Kurunegala,2024-06-01,NA,NA,NA,FALSE,TRUE,NA
114,Tomatoes,7842,Nikaweratiya,North Western,Kurunegala,2024-07-01,484.13,NA,NA,FALSE,FALSE,1
114,Tomatoes,7842,Nikaweratiya,North Western,Kurunegala,2024-08-01,339.5,-29.87420734100345,29.87420734100345,FALSE,FALSE,1
114,Tomatoes,7842,Nikaweratiya,North Western,Kurunegala,2024-09-01,278.9,-17.849779086892497,17.849779086892497,FALSE,FALSE,1
114,Tomatoes,7842,Nikaweratiya,North Western,Kurunegala,2024-10-01,330.5,18.501254930082474,18.501254930082474,FALSE,FALSE,1
114,Tomatoes,7842,Nikaweratiya,North Western,Kurunegala,2024-11-01,336,1.6641452344931922,1.6641452344931922,FALSE,FALSE,1
114,Tomatoes,7842,Nikaweratiya,North Western,Kurunegala,2024-12-01,442.5,31.69642857142857,31.69642857142857,FALSE,FALSE,1
114,Tomatoes,7842,Nikaweratiya,North Western,Kurunegala,2025-01-01,NA,NA,NA,FALSE,TRUE,NA
114,Tomatoes,7842,Nikaweratiya,North Western,Kurunegala,2025-02-01,NA,NA,NA,FALSE,TRUE,NA
114,Tomatoes,7842,Nikaweratiya,North Western,Kurunegala,2025-03-01,349.5,NA,NA,FALSE,FALSE,1
114,Tomatoes,7842,Nikaweratiya,North Western,Kurunegala,2025-04-01,613,75.3934191702432,75.3934191702432,TRUE,FALSE,1
114,Tomatoes,7842,Nikaweratiya,North Western,Kurunegala,2025-05-01,905,47.63458401305057,47.63458401305057,FALSE,FALSE,1
114,Tomatoes,7842,Nikaweratiya,North Western,Kurunegala,2025-06-01,481.6,-46.78453038674033,46.78453038674033,FALSE,FALSE,1
114,Tomatoes,7842,Nikaweratiya,North Western,Kurunegala,2025-07-01,220,-54.31893687707642,54.31893687707642,TRUE,FALSE,1
114,Tomatoes,7842,Nikaweratiya,North Western,Kurunegala,2025-08-01,239.5,8.863636363636363,8.863636363636363,FALSE,FALSE,1
114,Tomatoes,7842,Nikaweratiya,North Western,Kurunegala,2025-09-01,247.2,3.2150313152400787,3.2150313152400787,FALSE,FALSE,1
114,Tomatoes,7843,Mullativu,Northern,Mullattivu,2023-06-01,347.5,NA,NA,FALSE,FALSE,1
114,Tomatoes,7843,Mullativu,Northern,Mullattivu,2023-07-01,447.2,28.690647482014388,28.690647482014388,FALSE,FALSE,1
114,Tomatoes,7843,Mullativu,Northern,Mullattivu,2023-08-01,294.5,-34.14579606440071,34.14579606440071,FALSE,FALSE,1
114,Tomatoes,7843,Mullativu,Northern,Mullattivu,2023-09-01,216,-26.6553480475382,26.6553480475382,FALSE,FALSE,1
114,Tomatoes,7843,Mullativu,Northern,Mullattivu,2023-10-01,NA,NA,NA,FALSE,TRUE,NA
114,Tomatoes,7843,Mullativu,Northern,Mullattivu,2023-11-01,NA,NA,NA,FALSE,TRUE,NA
114,Tomatoes,7843,Mullativu,Northern,Mullattivu,2023-12-01,NA,NA,NA,FALSE,TRUE,NA
114,Tomatoes,7843,Mullativu,Northern,Mullattivu,2024-01-01,NA,NA,NA,FALSE,TRUE,NA
114,Tomatoes,7843,Mullativu,Northern,Mullattivu,2024-02-01,NA,NA,NA,FALSE,TRUE,NA
114,Tomatoes,7843,Mullativu,Northern,Mullattivu,2024-03-01,NA,NA,NA,FALSE,TRUE,NA
114,Tomatoes,7843,Mullativu,Northern,Mullattivu,2024-04-01,NA,NA,NA,FALSE,TRUE,NA
114,Tomatoes,7843,Mullativu,Northern,Mullattivu,2024-05-01,199.67,NA,NA,FALSE,FALSE,1
114,Tomatoes,7843,Mullativu,Northern,Mullattivu,2024-06-01,614.5,207.75780037061153,207.75780037061153,TRUE,FALSE,1
114,Tomatoes,7843,Mullativu,Northern,Mullattivu,2024-07-01,487.2,-20.716029292107407,20.716029292107407,FALSE,FALSE,1
114,Tomatoes,7843,Mullativu,Northern,Mullattivu,2024-08-01,304.5,-37.5,37.5,FALSE,FALSE,1
114,Tomatoes,7843,Mullativu,Northern,Mullattivu,2024-09-01,282,-7.389162561576355,7.389162561576355,FALSE,FALSE,1
114,Tomatoes,7843,Mullativu,Northern,Mullattivu,2024-10-01,371.5,31.73758865248227,31.73758865248227,FALSE,FALSE,1
114,Tomatoes,7843,Mullativu,Northern,Mullattivu,2024-11-01,359,-3.3647375504710633,3.3647375504710633,FALSE,FALSE,1
114,Tomatoes,7843,Mullativu,Northern,Mullattivu,2024-12-01,460.5,28.27298050139276,28.27298050139276,FALSE,FALSE,1
114,Tomatoes,7843,Mullativu,Northern,Mullattivu,2025-01-01,418,-9.229098805646037,9.229098805646037,FALSE,FALSE,1
114,Tomatoes,7843,Mullativu,Northern,Mullattivu,2025-02-01,311,-25.598086124401913,25.598086124401913,FALSE,FALSE,1
114,Tomatoes,7843,Mullativu,Northern,Mullattivu,2025-03-01,284.8,-8.424437299035366,8.424437299035366,FALSE,FALSE,1
114,Tomatoes,7843,Mullativu,Northern,Mullattivu,2025-04-01,631.5,121.73455056179773,121.73455056179773,TRUE,FALSE,1
114,Tomatoes,7843,Mullativu,Northern,Mullattivu,2025-05-01,959.5,51.93982581155978,51.93982581155978,TRUE,FALSE,1
114,Tomatoes,7843,Mullativu,Northern,Mullattivu,2025-06-01,566,-41.01094319958312,41.01094319958312,FALSE,FALSE,1
114,Tomatoes,7843,Mullativu,Northern,Mullattivu,2025-07-01,243,-57.06713780918727,57.06713780918727,TRUE,FALSE,1
114,Tomatoes,7843,Mullativu,Northern,Mullattivu,2025-08-01,207,-14.814814814814813,14.814814814814813,FALSE,FALSE,1
114,Tomatoes,7843,Mullativu,Northern,Mullattivu,2025-09-01,239,15.458937198067632,15.458937198067632,FALSE,FALSE,1
