commodity_id,commodity,market_id,market,admin1,admin2,date,price,monthly_change_pct,absolute_change_pct,log_price,log_change,lag_change_1,rolling_volatility_3m,mean_absolute_change_3m,month_of_year,target_month,next_absolute_change_pct,next_large_change,has_sufficient_history,is_inference_only,spike_flag,month_inserted,split
108,Lentils,360,Ampara,Eastern,Ampara,2023-06-01,287.35,NA,NA,5.660700984953751,NA,NA,NA,NA,6,2023-07-01,1.3119888637550159,0,FALSE,FALSE,FALSE,FALSE,excluded
108,Lentils,360,Ampara,Eastern,Ampara,2023-07-01,283.58,-1.3119888637550159,1.3119888637550159,5.647494270309412,-0.013206714644338646,NA,NA,1.3119888637550159,7,2023-08-01,4.224557444107489,0,FALSE,FALSE,FALSE,FALSE,excluded
108,Lentils,360,Ampara,Eastern,Ampara,2023-08-01,295.56,4.224557444107489,4.224557444107489,5.688871861920447,0.0413775916110346,1.3119888637550159,0.03859693309953771,2.7682731539312524,8,2023-09-01,7.389362565976443,0,TRUE,FALSE,FALSE,FALSE,train
108,Lentils,360,Ampara,Eastern,Ampara,2023-09-01,317.4,7.389362565976443,7.389362565976443,5.760162808092309,0.07129094617186205,4.224557444107489,0.04284489458864353,4.308636291279649,9,2023-10-01,4.06427221172022,0,TRUE,FALSE,FALSE,FALSE,train
108,Lentils,360,Ampara,Eastern,Ampara,2023-10-01,304.5,-4.06427221172022,4.06427221172022,5.718671087149952,-0.04149172094235709,7.389362565976443,0.05842668018629597,5.226064073934717,10,2023-11-01,0.7454844006568085,0,TRUE,FALSE,FALSE,FALSE,train
108,Lentils,360,Ampara,Eastern,Ampara,2023-11-01,306.77,0.7454844006568085,0.7454844006568085,5.726098281139616,0.0074271939896641825,4.06427221172022,0.056556121216469996,4.066373059451157,11,2023-12-01,2.1384098836261702,0,TRUE,FALSE,FALSE,FALSE,train
108,Lentils,360,Ampara,Eastern,Ampara,2023-12-01,313.33,2.1384098836261702,2.1384098836261702,5.74725694824148,0.021158667101864204,0.7454844006568085,0.032930949763732675,2.316055498667733,12,2024-01-01,0.2648964350684531,0,TRUE,FALSE,FALSE,FALSE,train
108,Lentils,360,Ampara,Eastern,Ampara,2024-01-01,312.5,-0.2648964350684531,0.2648964350684531,5.744604469176457,-0.0026524790650235275,2.1384098836261702,0.011952153533299358,1.0495969064504773,1,2024-02-01,0.3007999999999993,0,TRUE,FALSE,FALSE,FALSE,train
108,Lentils,360,Ampara,Eastern,Ampara,2024-02-01,311.56,-0.3007999999999993,0.3007999999999993,5.741591936051748,-0.0030125331247088383,0.2648964350684531,0.01385248016962951,0.9013687728982076,2,2024-03-01,2.0060341507253816,0,TRUE,FALSE,FALSE,FALSE,train
108,Lentils,360,Ampara,Eastern,Ampara,2024-03-01,305.31,-2.0060341507253816,2.0060341507253816,5.72132765387195,-0.02026428217979781,0.3007999999999993,0.010065850629225135,0.8572435285979447,3,2024-04-01,3.566866463594375,0,TRUE,FALSE,FALSE,FALSE,train
108,Lentils,360,Ampara,Eastern,Ampara,2024-04-01,294.42,-3.566866463594375,3.566866463594375,5.685007319329867,-0.03632033454208283,2.0060341507253816,0.01665747729089163,1.9579002047732519,4,2024-05-01,0.3532368724950627,0,TRUE,FALSE,FALSE,FALSE,train
108,Lentils,360,Ampara,Eastern,Ampara,2024-05-01,295.46,0.3532368724950627,0.3532368724950627,5.688533463893462,0.0035261445635947908,3.566866463594375,0.02004795550346041,1.9753791622716064,5,2024-06-01,0,0,TRUE,FALSE,FALSE,FALSE,train
108,Lentils,360,Ampara,Eastern,Ampara,2024-06-01,295.46,0,0,5.688533463893462,0,0.3532368724950627,0.02205803819416476,1.3067011120298127,6,2024-07-01,0.11845935151967195,0,TRUE,FALSE,FALSE,FALSE,train
108,Lentils,360,Ampara,Eastern,Ampara,2024-07-01,295.81,0.11845935151967195,0.11845935151967195,5.689717356331367,0.0011838924379050653,0,0.0017945028006013223,0.1572320746715782,7,2024-08-01,0.03718603157432597,0,TRUE,FALSE,FALSE,FALSE,train
108,Lentils,360,Ampara,Eastern,Ampara,2024-08-01,295.92,0.03718603157432597,0.03718603157432597,5.690089147524199,3.7179119283159423e-4,0.11845935151967195,6.054390181025419e-4,0.05188179436466597,8,2024-09-01,6.309137604758047,0,TRUE,FALSE,FALSE,FALSE,train
108,Lentils,360,Ampara,Eastern,Ampara,2024-09-01,277.25,-6.309137604758047,6.309137604758047,5.624919626230477,-0.065169521293722,0.03718603157432597,0.038076892959582,2.1549276626173484,9,2024-10-01,2.6582506762849434,0,TRUE,FALSE,FALSE,FALSE,train
108,Lentils,360,Ampara,Eastern,Ampara,2024-10-01,284.62,2.6582506762849434,2.6582506762849434,5.651154957255514,0.02623533102503739,6.309137604758047,0.047115873762682815,3.0015247708724386,10,2024-11-01,0.5726934157824451,0,TRUE,FALSE,FALSE,FALSE,train
108,Lentils,360,Ampara,Eastern,Ampara,2024-11-01,286.25,0.5726934157824451,0.5726934157824451,5.65686555486845,0.005710597612935686,2.6582506762849434,0.047958494147324914,3.1800272322751453,11,2024-12-01,0.6917030567685654,0,TRUE,FALSE,FALSE,FALSE,train
108,Lentils,360,Ampara,Eastern,Ampara,2024-12-01,284.27,-0.6917030567685654,0.6917030567685654,5.64992449075352,-0.006941064114929674,0.5726934157824451,0.016743169854189336,1.3075490496119846,12,2025-01-01,0.14071129559926623,0,TRUE,FALSE,FALSE,FALSE,train
108,Lentils,360,Ampara,Eastern,Ampara,2025-01-01,284.67,0.14071129559926623,0.14071129559926623,5.6513306146537765,0.0014061239002565173,0.6917030567685654,0.006432580951431899,0.4683692560500923,1,2025-02-01,1.3489303403941517,0,TRUE,FALSE,FALSE,FALSE,validation
108,Lentils,360,Ampara,Eastern,Ampara,2025-02-01,280.83,-1.3489303403941517,1.3489303403941517,5.637749504051763,-0.013581110602013169,0.14071129559926623,0.007509804293250265,0.7271148975873277,2,2025-03-01,2.254032688815292,0,TRUE,FALSE,FALSE,FALSE,validation
108,Lentils,360,Ampara,Eastern,Ampara,2025-03-01,274.5,-2.254032688815292,2.254032688815292,5.614951260949585,-0.02279824310217826,1.3489303403941517,0.012216274060586669,1.2478914416029032,3,2025-04-01,1.0309653916211237,0,TRUE,FALSE,FALSE,FALSE,validation
108,Lentils,360,Ampara,Eastern,Ampara,2025-04-01,271.67,-1.0309653916211237,1.0309653916211237,5.604588094436128,-0.010363166513457145,2.254032688815292,0.00645422116977244,1.5446428069435225,4,2025-05-01,2.0723672102182777,0,TRUE,FALSE,FALSE,FALSE,test
108,Lentils,360,Ampara,Eastern,Ampara,2025-05-01,266.04,-2.0723672102182777,2.0723672102182777,5.5836466734162205,-0.02094142101990748,1.0309653916211237,0.006707935430217523,1.7857884302182312,5,2025-06-01,0.20297699594046775,0,TRUE,FALSE,FALSE,FALSE,test
108,Lentils,360,Ampara,Eastern,Ampara,2025-06-01,265.5,-0.20297699594046775,0.20297699594046775,5.581614840681993,-0.0020318327342270237,2.0723672102182777,0.00947701711227502,1.1021031992599564,6,2025-07-01,1.3634651600753314,0,TRUE,FALSE,FALSE,FALSE,test
108,Lentils,360,Ampara,Eastern,Ampara,2025-07-01,261.88,-1.3634651600753314,1.3634651600753314,5.5678863835728905,-0.013728457109102976,0.20297699594046775,0.00954297646858196,1.2129364554113589,7,2025-08-01,1.9894608217504124,0,TRUE,FALSE,FALSE,FALSE,test
108,Lentils,360,Ampara,Eastern,Ampara,2025-08-01,256.67,-1.9894608217504124,1.9894608217504124,5.547791213108276,-0.020095170464614398,1.3634651600753314,0.0091617886779841,1.1853009925887372,8,2025-09-01,0.522071141933223,0,TRUE,FALSE,FALSE,FALSE,test
108,Lentils,360,Ampara,Eastern,Ampara,2025-09-01,255.33,-0.522071141933223,0.522071141933223,5.5425568261569795,-0.005234386951296521,1.9894608217504124,0.007455726584609154,1.2916657079196556,9,NA,NA,0,TRUE,TRUE,FALSE,FALSE,inference
108,Lentils,361,Batticaloa,Eastern,Batticaloa,2023-06-01,304.65,NA,NA,5.719163576694504,NA,NA,NA,NA,6,2023-07-01,2.2616116855407804,0,FALSE,FALSE,FALSE,FALSE,excluded
108,Lentils,361,Batticaloa,Eastern,Batticaloa,2023-07-01,297.76,-2.2616116855407804,2.2616116855407804,5.696287792893941,-0.0228757838005631,NA,NA,2.2616116855407804,7,2023-08-01,5.588393336915632,0,FALSE,FALSE,FALSE,FALSE,excluded
108,Lentils,361,Batticaloa,Eastern,Batticaloa,2023-08-01,314.4,5.588393336915632,5.588393336915632,5.7506660605550515,0.05437826766111087,2.2616116855407804,0.054626863662684176,3.9250025112282065,8,2023-09-01,4.977735368956755,0,TRUE,FALSE,FALSE,FALSE,train
108,Lentils,361,Batticaloa,Eastern,Batticaloa,2023-09-01,330.05,4.977735368956755,4.977735368956755,5.79924415813478,0.04857809757972831,5.588393336915632,0.04302613082868884,4.27591346380439,9,2023-10-01,1.3967580669595556,0,TRUE,FALSE,FALSE,FALSE,train
108,Lentils,361,Batticaloa,Eastern,Batticaloa,2023-10-01,325.44,-1.3967580669595556,1.3967580669595556,5.785178112860195,-0.01406604527458466,4.977735368956755,0.037952941432261335,3.987628924277314,10,2023-11-01,0.45784169124877366,0,TRUE,FALSE,FALSE,FALSE,train
108,Lentils,361,Batticaloa,Eastern,Batticaloa,2023-11-01,323.95,-0.45784169124877366,0.45784169124877366,5.780589182895966,-0.004588929964229216,1.3967580669595556,0.03376595219649838,2.2774450423883614,11,2023-12-01,0.41673097700263095,0,TRUE,FALSE,FALSE,FALSE,train
108,Lentils,361,Batticaloa,Eastern,Batticaloa,2023-12-01,325.3,0.41673097700263095,0.41673097700263095,5.784747833479305,0.004158650583339529,0.45784169124877366,0.009114781211086161,0.7571102450703201,12,2024-01-01,0.3012603750384142,0,TRUE,FALSE,FALSE,FALSE,train
108,Lentils,361,Batticaloa,Eastern,Batticaloa,2024-01-01,326.28,0.3012603750384142,0.3012603750384142,5.78775590843238,0.0030080749530743134,0.41673097700263095,0.004753217742236959,0.3919443477632729,1,2024-02-01,0.9899472845408733,0,TRUE,FALSE,FALSE,FALSE,train
108,Lentils,361,Batticaloa,Eastern,Batticaloa,2024-02-01,323.05,-0.9899472845408733,0.9899472845408733,5.777807110004175,-0.009948798428204952,0.3012603750384142,0.007833948660720114,0.5693128788606395,2,2024-03-01,0.9905587370376067,0,TRUE,FALSE,FALSE,FALSE,train
108,Lentils,361,Batticaloa,Eastern,Batticaloa,2024-03-01,319.85,-0.9905587370376067,0.9905587370376067,5.767852135896146,-0.00995497410802848,0.9899472845408733,0.007482437736884088,0.760588798872298,3,2024-04-01,0.30326715647960834,0,TRUE,FALSE,FALSE,FALSE,train
108,Lentils,361,Batticaloa,Eastern,Batticaloa,2024-04-01,318.88,-0.30326715647960834,0.30326715647960834,5.7648148564644845,-0.0030372794316617657,0.9905587370376067,0.003992151312555488,0.7612577260193628,4,2024-05-01,0.4954841946813799,0,TRUE,FALSE,FALSE,FALSE,train
108,Lentils,361,Batticaloa,Eastern,Batticaloa,2024-05-01,317.3,-0.4954841946813799,0.4954841946813799,5.75984769858915,-0.004967157875334749,0.30326715647960834,0.003569716170180974,0.5964366960661983,5,2024-06-01,0,0,TRUE,FALSE,FALSE,FALSE,train
108,Lentils,361,Batticaloa,Eastern,Batticaloa,2024-06-01,317.3,0,0,5.75984769858915,0,0.4954841946813799,0.0025040685065125944,0.2662504503869961,6,2024-07-01,1.0400252127324334,0,TRUE,FALSE,FALSE,FALSE,train
108,Lentils,361,Batticaloa,Eastern,Batticaloa,2024-07-01,314,-1.0400252127324334,1.0400252127324334,5.749392985908253,-0.010454712680896705,0,0.0052295145144753245,0.5118364691379378,7,2024-08-01,3.885350318471334,0,TRUE,FALSE,FALSE,FALSE,train
108,Lentils,361,Batticaloa,Eastern,Batticaloa,2024-08-01,301.8,-3.885350318471334,3.885350318471334,5.709764546333749,-0.03962843957450435,1.0400252127324334,0.02053785359287029,1.641791843734589,8,2024-12-01,NA,0,TRUE,TRUE,FALSE,FALSE,inference
108,Lentils,361,Batticaloa,Eastern,Batticaloa,2024-12-01,297.5,NA,NA,5.695414224985685,NA,3.885350318471334,0.020628940118954317,2.462687765601884,12,2025-01-01,1.2605042016806722,0,TRUE,FALSE,FALSE,FALSE,train
108,Lentils,361,Batticaloa,Eastern,Batticaloa,2025-01-01,293.75,-1.2605042016806722,1.2605042016806722,5.682729065458369,-0.012685159527316081,NA,0.019051776028775027,2.5729272600760034,1,2025-02-01,0.425531914893617,0,FALSE,FALSE,FALSE,FALSE,excluded
108,Lentils,361,Batticaloa,Eastern,Batticaloa,2025-02-01,292.5,-0.425531914893617,0.425531914893617,5.678464666671911,-0.004264398786457235,1.2605042016806722,0.005954377022610745,0.8430180582871446,2,2025-03-01,1.6239316239316242,0,TRUE,FALSE,FALSE,FALSE,validation
108,Lentils,361,Batticaloa,Eastern,Batticaloa,2025-03-01,287.75,-1.6239316239316242,1.6239316239316242,5.662092047601992,-0.01637261906991938,0.425531914893617,0.006206388748243886,1.1033225801686377,3,2025-04-01,0.5212858384013901,0,TRUE,FALSE,FALSE,FALSE,validation
108,Lentils,361,Batticaloa,Eastern,Batticaloa,2025-04-01,286.25,-0.5212858384013901,0.5212858384013901,5.65686555486845,-0.005226492733542365,1.6239316239316242,0.006730165370706469,0.8569164590755438,4,2025-06-01,NA,0,TRUE,TRUE,FALSE,FALSE,inference
108,Lentils,361,Batticaloa,Eastern,Batticaloa,2025-06-01,293.75,NA,NA,5.682729065458369,NA,0.5212858384013901,0.007881501516414157,1.0726087311665071,6,2025-07-01,5.426382978723403,0,TRUE,FALSE,FALSE,FALSE,test
108,Lentils,361,Batticaloa,Eastern,Batticaloa,2025-07-01,277.81,-5.426382978723403,5.426382978723403,5.626937426792593,-0.05579163866577552,NA,0.03575495758036944,2.9738344085623964,7,2025-08-01,2.5880997804254697,0,FALSE,FALSE,FALSE,FALSE,excluded
108,Lentils,361,Batticaloa,Eastern,Batticaloa,2025-08-01,285,2.5880997804254697,2.5880997804254697,5.652489180268651,0.025551753476057648,5.426382978723403,0.057518464188206754,4.007241379574436,8,2025-09-01,2.1052631578947367,0,TRUE,FALSE,FALSE,FALSE,test
108,Lentils,361,Batticaloa,Eastern,Batticaloa,2025-09-01,291,2.1052631578947367,2.1052631578947367,5.673323267171493,0.020834086902842053,2.5880997804254697,0.04566272302063098,3.3732486390145366,9,NA,NA,0,TRUE,TRUE,FALSE,FALSE,inference
108,Lentils,362,Jaffna,Northern,Jaffna,2023-06-01,293.96,NA,NA,5.683443703660671,NA,NA,NA,NA,6,2023-07-01,3.6161382501020536,0,FALSE,FALSE,FALSE,FALSE,excluded
108,Lentils,362,Jaffna,Northern,Jaffna,2023-07-01,283.33,-3.6161382501020536,3.6161382501020536,5.646612296041165,-0.03683140761950554,NA,NA,3.6161382501020536,7,2023-08-01,2.9435640419299163,0,FALSE,FALSE,FALSE,FALSE,excluded
108,Lentils,362,Jaffna,Northern,Jaffna,2023-08-01,291.67,2.9435640419299163,2.9435640419299163,5.675623026195628,0.02901073015446265,3.6161382501020536,0.04655742210779184,3.279851146015985,8,2023-09-01,0.826276271128319,0,TRUE,FALSE,FALSE,FALSE,train
108,Lentils,362,Jaffna,Northern,Jaffna,2023-09-01,294.08,0.826276271128319,0.826276271128319,5.683851839167322,0.00822881297169431,2.9435640419299163,0.0336588241727813,2.461992854386763,9,2023-10-01,11.738302502720362,1,TRUE,FALSE,FALSE,FALSE,train
108,Lentils,362,Jaffna,Northern,Jaffna,2023-10-01,328.6,11.738302502720362,11.738302502720362,5.794841205603168,0.11098936643584612,0.826276271128319,0.05433248910888954,5.169380938592866,10,2023-11-01,2.3128423615337863,0,TRUE,FALSE,FALSE,FALSE,train
108,Lentils,362,Jaffna,Northern,Jaffna,2023-11-01,321,-2.3128423615337863,2.3128423615337863,5.771441123130016,-0.023400082473152395,11.738302502720362,0.07026217848575453,4.959140378460822,11,2023-12-01,1.0124610591900312,0,TRUE,FALSE,FALSE,FALSE,train
108,Lentils,362,Jaffna,Northern,Jaffna,2023-12-01,317.75,-1.0124610591900312,1.0124610591900312,5.761264910069563,-0.010176213060452355,2.3128423615337863,0.07406809069473652,5.021201974481393,12,2024-01-01,0.17309205350118376,0,TRUE,FALSE,FALSE,FALSE,train
108,Lentils,362,Jaffna,Northern,Jaffna,2024-01-01,317.2,-0.17309205350118376,0.17309205350118376,5.7595324897606925,-0.0017324203088708856,1.0124610591900312,0.010921354784253646,1.166131824741667,1,2024-02-01,0.06305170239596111,0,TRUE,FALSE,FALSE,FALSE,train
108,Lentils,362,Jaffna,Northern,Jaffna,2024-02-01,317,-0.06305170239596111,0.06305170239596111,5.75890177387728,-6.307158834122362e-4,0.17309205350118376,0.005222194701936722,0.4162016050290587,2,2024-03-01,0.7097791798107256,0,TRUE,FALSE,FALSE,FALSE,train
108,Lentils,362,Jaffna,Northern,Jaffna,2024-03-01,319.25,0.7097791798107256,0.7097791798107256,5.765974494912649,0.007072721035368268,0.06305170239596111,0.004797346612012647,0.31530764523595683,3,2024-04-01,0.07830853563038372,0,TRUE,FALSE,FALSE,FALSE,train
108,Lentils,362,Jaffna,Northern,Jaffna,2024-04-01,319,-0.07830853563038372,0.07830853563038372,5.765191102784844,-7.833921278042055e-4,0.7097791798107256,0.00449230387124847,0.2837131392790235,4,2024-05-01,0.6269592476489028,0,TRUE,FALSE,FALSE,FALSE,train
108,Lentils,362,Jaffna,Northern,Jaffna,2024-05-01,317,-0.6269592476489028,0.6269592476489028,5.75890177387728,-0.006289328907564062,0.07830853563038372,0.006715383242137687,0.471682321030004,5,2024-06-01,0.6309148264984227,0,TRUE,FALSE,FALSE,FALSE,train
108,Lentils,362,Jaffna,Northern,Jaffna,2024-06-01,315,-0.6309148264984227,0.6309148264984227,5.752572638825633,-0.006329135051647228,0.6269592476489028,0.0031904072083140645,0.4453942032592364,6,2024-07-01,0.3968253968253968,0,TRUE,FALSE,FALSE,FALSE,train
108,Lentils,362,Jaffna,Northern,Jaffna,2024-07-01,313.75,-0.3968253968253968,0.3968253968253968,5.748596490445994,-0.003976148379639,0.6309148264984227,0.0013471534781733174,0.5515664903242408,7,2024-08-01,2.0717131474103585,0,TRUE,FALSE,FALSE,FALSE,train
108,Lentils,362,Jaffna,Northern,Jaffna,2024-08-01,307.25,-2.0717131474103585,2.0717131474103585,5.7276617484461445,-0.02093474199984957,0.3968253968253968,0.009187438872172807,1.0331511235780593,8,2024-09-01,5.614320585842148,0,TRUE,FALSE,FALSE,FALSE,train
108,Lentils,362,Jaffna,Northern,Jaffna,2024-09-01,290,-5.614320585842148,5.614320585842148,5.66988092298052,-0.05778082546562491,2.0717131474103585,0.027508092871824544,2.6942863766926344,9,2024-10-01,2.0689655172413794,0,TRUE,FALSE,FALSE,FALSE,train
108,Lentils,362,Jaffna,Northern,Jaffna,2024-10-01,296,2.0689655172413794,2.0689655172413794,5.69035945432406,0.020478531343540496,5.614320585842148,0.03915188374345371,3.2516664168312954,10,2024-11-01,0.5067567567567568,0,TRUE,FALSE,FALSE,FALSE,train
108,Lentils,362,Jaffna,Northern,Jaffna,2024-11-01,294.5,-0.5067567567567568,0.5067567567567568,5.685279003091641,-0.005080451232418959,2.0689655172413794,0.03990638621161284,2.7300142866134283,11,2024-12-01,0.7809847198641804,0,TRUE,FALSE,FALSE,FALSE,train
108,Lentils,362,Jaffna,Northern,Jaffna,2024-12-01,296.8,0.7809847198641804,0.7809847198641804,5.693058511293225,0.007779508201584129,0.5067567567567568,0.012779575734496219,1.1189023312874389,12,2025-01-01,0.3200808625336889,0,TRUE,FALSE,FALSE,FALSE,train
108,Lentils,362,Jaffna,Northern,Jaffna,2025-01-01,297.75,0.3200808625336889,0.3200808625336889,5.696254208235409,0.003195696942183801,0.7809847198641804,0.006517725969922214,0.5359407797182087,1,2025-02-01,0.2518891687657431,0,TRUE,FALSE,FALSE,FALSE,validation
108,Lentils,362,Jaffna,Northern,Jaffna,2025-02-01,297,-0.2518891687657431,0.2518891687657431,5.6937321388027,-0.002522069432709273,0.3200808625336889,0.005161180093335198,0.45098491705453747,2,2025-03-01,0.16835016835016833,0,TRUE,FALSE,FALSE,FALSE,validation
108,Lentils,362,Jaffna,Northern,Jaffna,2025-03-01,296.5,-0.16835016835016833,0.16835016835016833,5.69204721843778,-0.0016849203649194067,0.2518891687657431,0.003087990073870993,0.2467733998832001,3,2025-06-01,NA,0,TRUE,TRUE,FALSE,FALSE,inference
108,Lentils,362,Jaffna,Northern,Jaffna,2025-06-01,271,NA,NA,5.602118820879701,NA,0.16835016835016833,5.919537826982112e-4,0.21011966855795572,6,2025-07-01,3.2287822878228782,0,TRUE,FALSE,FALSE,FALSE,test
108,Lentils,362,Jaffna,Northern,Jaffna,2025-07-01,262.25,-3.2287822878228782,3.2287822878228782,5.569298247276406,-0.03282057360329471,NA,0.022016231541528066,1.6985662280865232,7,2025-08-01,3.145853193517636,0,FALSE,FALSE,FALSE,FALSE,excluded
108,Lentils,362,Jaffna,Northern,Jaffna,2025-08-01,254,-3.145853193517636,3.145853193517636,5.537334267018537,-0.03196398025786973,3.2287822878228782,6.057029632692761e-4,3.187317740670257,8,2025-09-01,0.15748031496063214,0,TRUE,FALSE,FALSE,FALSE,test
108,Lentils,362,Jaffna,Northern,Jaffna,2025-09-01,254.4,0.15748031496063214,0.15748031496063214,5.538907831465967,0.0015735644474306199,3.145853193517636,0.01961486421599615,2.177371932100382,9,NA,NA,0,TRUE,TRUE,FALSE,FALSE,inference
108,Lentils,363,Kilinochchi,Northern,Kilinochchi,2023-06-01,307.75,NA,NA,5.729287765064563,NA,NA,NA,NA,6,2023-07-01,3.2981316003249312,0,FALSE,FALSE,FALSE,FALSE,excluded
108,Lentils,363,Kilinochchi,Northern,Kilinochchi,2023-07-01,297.6,-3.2981316003249312,3.2981316003249312,5.6957503029589365,-0.03353746210562658,NA,NA,3.2981316003249312,7,2023-08-01,9.038978494623647,0,FALSE,FALSE,FALSE,FALSE,excluded
108,Lentils,363,Kilinochchi,Northern,Kilinochchi,2023-08-01,324.5,9.038978494623647,9.038978494623647,5.782285536144145,0.0865352331852085,3.2981316003249312,0.08490421707549552,6.168555047474289,8,2023-09-01,2.3882896764252695,0,TRUE,FALSE,FALSE,FALSE,train
108,Lentils,363,Kilinochchi,Northern,Kilinochchi,2023-09-01,332.25,2.3882896764252695,2.3882896764252695,5.805887697593355,0.023602161449209902,9.038978494623647,0.06005963737891766,4.908466590457949,9,2023-10-01,2.001504890895403,0,TRUE,FALSE,FALSE,FALSE,train
108,Lentils,363,Kilinochchi,Northern,Kilinochchi,2023-10-01,325.6,-2.001504890895403,2.001504890895403,5.785669634128385,-0.020218063464970015,2.3882896764252695,0.05366105039246914,4.4762576873147735,10,2023-11-01,0.030712530712537694,0,TRUE,FALSE,FALSE,FALSE,train
108,Lentils,363,Kilinochchi,Northern,Kilinochchi,2023-11-01,325.5,-0.030712530712537694,0.030712530712537694,5.785362461648624,-3.071724797605313e-4,2.001504890895403,0.021940495057773984,1.47350236601107,11,2023-12-01,0.38402457757296465,0,TRUE,FALSE,FALSE,FALSE,train
108,Lentils,363,Kilinochchi,Northern,Kilinochchi,2023-12-01,326.75,0.38402457757296465,0.38402457757296465,5.789195352504331,0.0038328908557065944,0.030712530712537694,0.012858409103137191,0.8054139997269685,12,2024-01-01,0.01530221882173263,0,TRUE,FALSE,FALSE,FALSE,train
108,Lentils,363,Kilinochchi,Northern,Kilinochchi,2024-01-01,326.8,0.01530221882173263,0.01530221882173263,5.789348362985848,1.5301048151705743e-4,0.38402457757296465,0.0022691192251574443,0.14334644236907831,1,2024-02-01,0.5507955936352543,0,TRUE,FALSE,FALSE,FALSE,train
108,Lentils,363,Kilinochchi,Northern,Kilinochchi,2024-02-01,325,-0.5507955936352543,0.5507955936352543,5.783825182329737,-0.005523180656110682,0.01530221882173263,0.004713398270417849,0.3167074633433172,2,2024-03-01,2.4615384615384617,0,TRUE,FALSE,FALSE,FALSE,train
108,Lentils,363,Kilinochchi,Northern,Kilinochchi,2024-03-01,317,-2.4615384615384617,2.4615384615384617,5.75890177387728,-0.024923408452456997,0.5507955936352543,0.0131492380700251,1.009212091331816,3,2024-04-01,0.06309148264983869,0,TRUE,FALSE,FALSE,FALSE,train
108,Lentils,363,Kilinochchi,Northern,Kilinochchi,2024-04-01,317.2,0.06309148264983869,0.06309148264983869,5.7595324897606925,6.307158834122362e-4,2.4615384615384617,0.013336994612370163,1.025141845941185,4,2024-05-01,1.2767969735182885,0,TRUE,FALSE,FALSE,FALSE,train
108,Lentils,363,Kilinochchi,Northern,Kilinochchi,2024-05-01,321.25,1.2767969735182885,1.2767969735182885,5.77221963620943,0.012687146448737252,0.06309148264983869,0.01920470701210736,1.2671423059021962,5,2024-06-01,0,0,TRUE,FALSE,FALSE,FALSE,train
108,Lentils,363,Kilinochchi,Northern,Kilinochchi,2024-06-01,321.25,0,0,5.77221963620943,0,1.2767969735182885,0.007149813581646704,0.44662948538937575,6,2024-07-01,1.883268482490276,0,TRUE,FALSE,FALSE,FALSE,train
108,Lentils,363,Kilinochchi,Northern,Kilinochchi,2024-07-01,315.2,-1.883268482490276,1.883268482490276,5.753207357983724,-0.019012278225705614,0,0.0159545392340969,1.0533551520028548,7,2024-08-01,3.4739847715736003,0,TRUE,FALSE,FALSE,FALSE,train
108,Lentils,363,Kilinochchi,Northern,Kilinochchi,2024-08-01,304.25,-3.4739847715736003,3.4739847715736003,5.717849731867637,-0.03535762611608728,1.883268482490276,0.01769556839792693,1.7857510846879587,8,2024-09-01,1.4889071487263674,0,TRUE,FALSE,FALSE,FALSE,train
108,Lentils,363,Kilinochchi,Northern,Kilinochchi,2024-09-01,299.72,-1.4889071487263674,1.4889071487263674,5.70284870549611,-0.015001026371527004,3.4739847715736003,0.010783101689336941,2.282053467596748,9,2024-10-01,1.678233017482975,0,TRUE,FALSE,FALSE,FALSE,train
108,Lentils,363,Kilinochchi,Northern,Kilinochchi,2024-10-01,304.75,1.678233017482975,1.678233017482975,5.719491768361381,0.016643062865271396,1.4889071487263674,0.02620372489845254,2.2137083125943144,10,2024-11-01,0.08203445447087777,0,TRUE,FALSE,FALSE,FALSE,train
108,Lentils,363,Kilinochchi,Northern,Kilinochchi,2024-11-01,305,0.08203445447087777,0.08203445447087777,5.720311776607412,8.20008246030568e-4,1.678233017482975,0.015822044629144775,1.0830582068934067,11,2024-12-01,0.1311475409835991,0,TRUE,FALSE,FALSE,FALSE,train
108,Lentils,363,Kilinochchi,Northern,Kilinochchi,2024-12-01,304.6,-0.1311475409835991,0.1311475409835991,5.718999440461062,-0.0013123361463502903,0.08203445447087777,0.009809113991230653,0.6304716709791506,12,2025-01-01,0.131319763624418,0,TRUE,FALSE,FALSE,FALSE,train
108,Lentils,363,Kilinochchi,Northern,Kilinochchi,2025-01-01,305,0.131319763624418,0.131319763624418,5.720311776607412,0.0013123361463502903,0.1311475409835991,0.00139512150087495,0.11483391969296496,1,2025-02-01,1.639344262295082,0,TRUE,FALSE,FALSE,FALSE,validation
108,Lentils,363,Kilinochchi,Northern,Kilinochchi,2025-02-01,300,-1.639344262295082,1.639344262295082,5.703782474656201,-0.01652930195121094,0.131319763624418,0.009633007517166491,0.6339371889676997,2,2025-03-01,2.8666666666666742,0,TRUE,FALSE,FALSE,FALSE,validation
108,Lentils,363,Kilinochchi,Northern,Kilinochchi,2025-03-01,291.4,-2.8666666666666742,2.8666666666666742,5.674696893761104,-0.02908558089509672,1.639344262295082,0.015275348066845657,1.5457768975287247,3,2025-04-01,2.1962937542896284,0,TRUE,FALSE,FALSE,FALSE,validation
108,Lentils,363,Kilinochchi,Northern,Kilinochchi,2025-04-01,285,-2.1962937542896284,2.1962937542896284,5.652489180268651,-0.02220771349245343,2.8666666666666742,0.006287680528312599,2.234101561083795,4,2025-05-01,0.17543859649122806,0,TRUE,FALSE,FALSE,FALSE,test
108,Lentils,363,Kilinochchi,Northern,Kilinochchi,2025-05-01,284.5,-0.17543859649122806,0.17543859649122806,5.6507332535663855,-0.0017559267022653202,2.1962937542896284,0.014215546895443985,1.7461330058158435,5,2025-06-01,2.8119507908611596,0,TRUE,FALSE,FALSE,FALSE,test
108,Lentils,363,Kilinochchi,Northern,Kilinochchi,2025-06-01,276.5,-2.8119507908611596,2.8119507908611596,5.6222108209623896,-0.028522432603995895,0.17543859649122806,0.013991646904232838,1.7278943805473386,6,2025-09-01,NA,0,TRUE,TRUE,FALSE,FALSE,inference
108,Lentils,363,Kilinochchi,Northern,Kilinochchi,2025-09-01,258.16,NA,NA,5.553579547743706,NA,2.8119507908611596,0.018926777831783436,1.493694693676194,9,NA,NA,0,TRUE,TRUE,FALSE,FALSE,inference
108,Lentils,364,Mannar,Northern,Mannar,2023-06-01,297.5,NA,NA,5.695414224985685,NA,NA,NA,NA,6,2023-07-01,3.4621848739495835,0,FALSE,FALSE,FALSE,FALSE,excluded
108,Lentils,364,Mannar,Northern,Mannar,2023-07-01,307.8,3.4621848739495835,3.4621848739495835,5.729450221404779,0.03403599641909416,NA,NA,3.4621848739495835,7,2023-08-01,1.8518518518518479,0,FALSE,FALSE,FALSE,FALSE,excluded
108,Lentils,364,Mannar,Northern,Mannar,2023-08-01,313.5,1.8518518518518479,1.8518518518518479,5.7477993600729755,0.018349138668196652,3.4621848739495835,0.011092283491168382,2.6570183629007156,8,2023-09-01,8.452950558213717,0,TRUE,FALSE,FALSE,FALSE,train
108,Lentils,364,Mannar,Northern,Mannar,2023-09-01,340,8.452950558213717,8.452950558213717,5.8289456176102075,0.08114625753723193,1.8518518518518479,0.032682646636423035,4.588995761338382,9,2023-10-01,2.294117647058827,0,TRUE,FALSE,FALSE,FALSE,train
108,Lentils,364,Mannar,Northern,Mannar,2023-10-01,332.2,-2.294117647058827,2.294117647058827,5.8057371971791945,-0.02320842043101301,8.452950558213717,0.052536348798383,4.199640019041464,10,2023-11-01,1.1438892233594253,0,TRUE,FALSE,FALSE,FALSE,train
108,Lentils,364,Mannar,Northern,Mannar,2023-11-01,336,1.1438892233594253,1.1438892233594253,5.817111159963204,0.011373962784009706,2.294117647058827,0.05315702079345887,3.9636524762106564,11,2023-12-01,0,0,TRUE,FALSE,FALSE,FALSE,train
108,Lentils,364,Mannar,Northern,Mannar,2023-12-01,336,0,0,5.817111159963204,0,1.1438892233594253,0.017625450524480148,1.1460022901394173,12,2024-01-01,0,0,TRUE,FALSE,FALSE,FALSE,train
108,Lentils,364,Mannar,Northern,Mannar,2024-01-01,336,0,0,5.817111159963204,0,0,0.006566760475100789,0.3812964077864751,1,2024-02-01,1.1904761904761905,0,TRUE,FALSE,FALSE,FALSE,train
108,Lentils,364,Mannar,Northern,Mannar,2024-02-01,332,-1.1904761904761905,1.1904761904761905,5.805134968916488,-0.01197619104671599,0,0.006914457124687862,0.3968253968253968,2,2024-03-01,0,0,TRUE,FALSE,FALSE,FALSE,train
108,Lentils,364,Mannar,Northern,Mannar,2024-03-01,332,0,0,5.805134968916488,0,1.1904761904761905,0.006914457124687862,0.3968253968253968,3,2024-04-01,4.819277108433735,0,TRUE,FALSE,FALSE,FALSE,train
108,Lentils,364,Mannar,Northern,Mannar,2024-04-01,316,-4.819277108433735,4.819277108433735,5.755742213586912,-0.04939275532957588,0,0.02576519847186696,2.0032510996366417,4,2024-05-01,0.10443037974683039,0,TRUE,FALSE,FALSE,FALSE,train
108,Lentils,364,Mannar,Northern,Mannar,2024-05-01,316.33,0.10443037974683039,0.10443037974683039,5.756785972478502,0.0010437588915896967,4.819277108433735,0.02882295288611999,1.6412358293935219,5,2024-06-01,0,0,TRUE,FALSE,FALSE,FALSE,train
108,Lentils,364,Mannar,Northern,Mannar,2024-06-01,316.33,0,0,5.756785972478502,0,0.10443037974683039,0.02882295288611999,1.6412358293935219,6,2024-07-01,2.266620301583794,0,TRUE,FALSE,FALSE,FALSE,train
108,Lentils,364,Mannar,Northern,Mannar,2024-07-01,323.5,2.266620301583794,2.266620301583794,5.7791991139409555,0.022413141462453545,0,0.012649696006226568,0.7903502271102081,7,2024-08-01,3.2457496136012365,0,TRUE,FALSE,FALSE,FALSE,train
108,Lentils,364,Mannar,Northern,Mannar,2024-08-01,313,-3.2457496136012365,3.2457496136012365,5.746203190540153,-0.032995923400802596,2.266620301583794,0.027872460542944875,1.8374566383950102,8,2024-09-01,0.7028753993610187,0,TRUE,FALSE,FALSE,FALSE,train
108,Lentils,364,Mannar,Northern,Mannar,2024-09-01,310.8,-0.7028753993610187,0.7028753993610187,5.739149618493492,-0.007053572046660683,3.2457496136012365,0.027723207089099228,2.0717484381820164,9,2024-10-01,0.38610038610038244,0,TRUE,FALSE,FALSE,FALSE,train
108,Lentils,364,Mannar,Northern,Mannar,2024-10-01,312,0.38610038610038244,0.38610038610038244,5.7430031878094825,0.003853569315990235,0.7028753993610187,0.01892906248766504,1.4449084663542124,10,2024-11-01,0.4807692307692308,0,TRUE,FALSE,FALSE,FALSE,train
108,Lentils,364,Mannar,Northern,Mannar,2024-11-01,310.5,-0.4807692307692308,0.4807692307692308,5.738183901373533,-0.004819286435949088,0.38610038610038244,0.0057615997747881105,0.523248338743544,11,2024-12-01,1.578099838969397,0,TRUE,FALSE,FALSE,FALSE,train
108,Lentils,364,Mannar,Northern,Mannar,2024-12-01,305.6,-1.578099838969397,1.578099838969397,5.722277057292366,-0.015906844081167826,0.4807692307692308,0.009904765680019722,0.8149898186130033,12,2025-01-01,2.585078534031406,0,TRUE,FALSE,FALSE,FALSE,train
108,Lentils,364,Mannar,Northern,Mannar,2025-01-01,313.5,2.585078534031406,2.585078534031406,5.7477993600729755,0.025522302780609962,1.578099838969397,0.021447300453348486,1.5479825345900113,1,2025-06-01,NA,0,TRUE,TRUE,FALSE,FALSE,inference
108,Lentils,364,Mannar,Northern,Mannar,2025-06-01,292.5,NA,NA,5.678464666671911,NA,2.585078534031406,0.02929483068473645,2.0815891865004015,6,2025-07-01,2.670085470085471,0,TRUE,FALSE,FALSE,FALSE,test
108,Lentils,364,Mannar,Northern,Mannar,2025-07-01,284.69,-2.670085470085471,2.670085470085471,5.651400868974447,-0.027063797697464587,NA,0.03718398824420366,2.627582002058438,7,2025-08-01,4.369665249920966,0,FALSE,FALSE,FALSE,FALSE,excluded
108,Lentils,364,Mannar,Northern,Mannar,2025-08-01,272.25,-4.369665249920966,4.369665249920966,5.60672076181307,-0.04468010716137716,2.670085470085471,0.012456611881413332,3.519875360003218,8,2025-09-01,0.49586776859504966,0,TRUE,FALSE,FALSE,FALSE,test
108,Lentils,364,Mannar,Northern,Mannar,2025-09-01,273.6,0.49586776859504966,0.49586776859504966,5.611667185748395,0.004946423935325406,4.369665249920966,0.025158766652337638,2.5118728295338286,9,NA,NA,0,TRUE,TRUE,FALSE,FALSE,inference
108,Lentils,366,Trincomalee,Eastern,Trincomalee,2023-06-01,311.85,NA,NA,5.742522302972132,NA,NA,NA,NA,6,2023-07-01,3.7999037999038068,0,FALSE,FALSE,FALSE,FALSE,excluded
108,Lentils,366,Trincomalee,Eastern,Trincomalee,2023-07-01,300,-3.7999037999038068,3.7999037999038068,5.703782474656201,-0.038739828315931035,NA,NA,3.7999037999038068,7,2023-08-01,1.0833333333333335,0,FALSE,FALSE,FALSE,FALSE,excluded
108,Lentils,366,Trincomalee,Eastern,Trincomalee,2023-08-01,303.25,1.0833333333333335,1.0833333333333335,5.7145575478241595,0.01077507316795856,3.7999037999038068,0.035012322609042176,2.44161856661857,8,2023-09-01,5.85325638911789,0,TRUE,FALSE,FALSE,FALSE,train
108,Lentils,366,Trincomalee,Eastern,Trincomalee,2023-09-01,321,5.85325638911789,5.85325638911789,5.771441123130016,0.056883575305856304,1.0833333333333335,0.04782181294237855,3.5788311741183434,9,2023-10-01,1.6822429906541985,0,TRUE,FALSE,FALSE,FALSE,train
108,Lentils,366,Trincomalee,Eastern,Trincomalee,2023-10-01,315.6,-1.6822429906541985,1.6822429906541985,5.75447558897172,-0.01696553415829616,5.85325638911789,0.03730332030100974,2.872944237701807,10,2023-11-01,0.03168567807351798,0,TRUE,FALSE,FALSE,FALSE,train
108,Lentils,366,Trincomalee,Eastern,Trincomalee,2023-11-01,315.5,-0.03168567807351798,0.03168567807351798,5.754158681981268,-3.1690699045139326e-4,1.6822429906541985,0.038735777885034746,2.522395019281869,11,2023-12-01,1.8225039619651346,0,TRUE,FALSE,FALSE,FALSE,train
108,Lentils,366,Trincomalee,Eastern,Trincomalee,2023-12-01,321.25,1.8225039619651346,1.8225039619651346,5.77221963620943,0.018060954228161563,0.03168567807351798,0.01752035700849707,1.178810876897617,12,2024-01-01,1.0241245136186834,0,TRUE,FALSE,FALSE,FALSE,train
108,Lentils,366,Trincomalee,Eastern,Trincomalee,2024-01-01,317.96,-1.0241245136186834,1.0241245136186834,5.761925588704912,-0.010294047504517678,1.8225039619651346,0.014383411968121842,0.959438051219112,1,2024-02-01,1.2139891810290468,0,TRUE,FALSE,FALSE,FALSE,train
108,Lentils,366,Trincomalee,Eastern,Trincomalee,2024-02-01,314.1,-1.2139891810290468,1.2139891810290468,5.749711406544601,-0.012214182160311005,1.0241245136186834,0.01695227085917615,1.353539218870955,2,2024-03-01,2.897166507481683,0,TRUE,FALSE,FALSE,FALSE,train
108,Lentils,366,Trincomalee,Eastern,Trincomalee,2024-03-01,323.2,2.897166507481683,2.897166507481683,5.77827132664694,0.028559920102338765,1.2139891810290468,0.023006684286731575,1.711760067376471,3,2024-04-01,0.9065594059405963,0,TRUE,FALSE,FALSE,FALSE,train
108,Lentils,366,Trincomalee,Eastern,Trincomalee,2024-04-01,326.13,0.9065594059405963,0.9065594059405963,5.7872960748840185,0.009024748237078661,2.897166507481683,0.020392982941669885,1.672571698150442,4,2024-05-01,4.777236071505223,0,TRUE,FALSE,FALSE,FALSE,train
108,Lentils,366,Trincomalee,Eastern,Trincomalee,2024-05-01,310.55,-4.777236071505223,4.777236071505223,5.738344919005312,-0.04895115587870613,0.9065594059405963,0.040312932783386934,2.860320661642501,5,2024-06-01,0,0,TRUE,FALSE,FALSE,FALSE,train
108,Lentils,366,Trincomalee,Eastern,Trincomalee,2024-06-01,310.55,0,0,5.738344919005312,0,4.777236071505223,0.03119526459963305,1.89459849248194,6,2024-07-01,2.10272097890838,0,TRUE,FALSE,FALSE,FALSE,train
108,Lentils,366,Trincomalee,Eastern,Trincomalee,2024-07-01,317.08,2.10272097890838,2.10272097890838,5.759154107968955,0.02080918896364281,0,0.03581373972772047,2.2933190168045345,7,2024-08-01,3.0686262142046052,0,TRUE,FALSE,FALSE,FALSE,train
108,Lentils,366,Trincomalee,Eastern,Trincomalee,2024-08-01,307.35,-3.0686262142046052,3.0686262142046052,5.727987163353019,-0.031166944615936387,2.10272097890838,0.026159508290166375,1.7237823977043283,8,2024-09-01,1.7406865137465501,0,TRUE,FALSE,FALSE,FALSE,train
108,Lentils,366,Trincomalee,Eastern,Trincomalee,2024-09-01,302,-1.7406865137465501,1.7406865137465501,5.71042701737487,-0.017560145978149144,3.0686262142046052,0.026953259836634994,2.304011235619845,9,2024-10-01,2.119205298013237,0,TRUE,FALSE,FALSE,FALSE,train
108,Lentils,366,Trincomalee,Eastern,Trincomalee,2024-10-01,295.6,-2.119205298013237,2.119205298013237,5.689007189074046,-0.02141982830082334,1.7406865137465501,0.0070124697653726744,2.3095060086547976,10,2024-11-01,2.4526387009472255,0,TRUE,FALSE,FALSE,FALSE,train
108,Lentils,366,Trincomalee,Eastern,Trincomalee,2024-11-01,302.85,2.4526387009472255,2.4526387009472255,5.713237633426957,0.02423044435291022,2.119205298013237,0.02531566702396828,2.104176837569004,11,2024-12-01,0.3004787848769913,0,TRUE,FALSE,FALSE,FALSE,train
108,Lentils,366,Trincomalee,Eastern,Trincomalee,2024-12-01,303.76,0.3004787848769913,0.3004787848769913,5.716237915923547,0.0030002824965906782,2.4526387009472255,0.022843704374012678,1.6241075946124846,12,2025-01-01,0.6386621016592039,0,TRUE,FALSE,FALSE,FALSE,train
108,Lentils,366,Trincomalee,Eastern,Trincomalee,2025-01-01,305.7,0.6386621016592039,0.6386621016592039,5.722604228896789,0.006366312973241861,0.3004787848769913,0.01141035438804978,1.1305931958278068,1,2025-02-01,1.4720314033366046,0,TRUE,FALSE,FALSE,FALSE,validation
108,Lentils,366,Trincomalee,Eastern,Trincomalee,2025-02-01,301.2,-1.4720314033366046,1.4720314033366046,5.707774495925738,-0.014829732971050724,0.6386621016592039,0.01139087336729599,0.8037240966242666,2,2025-03-01,3.200531208499332,0,TRUE,FALSE,FALSE,FALSE,validation
108,Lentils,366,Trincomalee,Eastern,Trincomalee,2025-03-01,291.56,-3.200531208499332,3.200531208499332,5.675245816514012,-0.0325286794117261,1.4720314033366046,0.019473680962644485,1.7704082378317134,3,2025-04-01,2.0441761558512757,0,TRUE,FALSE,FALSE,FALSE,validation
108,Lentils,366,Trincomalee,Eastern,Trincomalee,2025-04-01,285.6,-2.0441761558512757,2.0441761558512757,5.654592230465429,-0.02065358604858325,3.200531208499332,0.009020234773015797,2.2389129225624043,4,2025-05-01,0.535714285714296,0,TRUE,FALSE,FALSE,FALSE,test
108,Lentils,366,Trincomalee,Eastern,Trincomalee,2025-05-01,284.07,-0.535714285714296,0.535714285714296,5.649220686663519,-0.005371543801910406,2.0441761558512757,0.013614138925778431,1.9268072166883012,5,2025-06-01,0.26401943183018267,0,TRUE,FALSE,FALSE,FALSE,test
108,Lentils,366,Trincomalee,Eastern,Trincomalee,2025-06-01,283.32,-0.26401943183018267,0.26401943183018267,5.646577000885422,-0.002643685778096483,0.535714285714296,0.009706857819604129,0.9479699577985847,6,2025-07-01,0.0458845122123378,0,TRUE,FALSE,FALSE,FALSE,test
108,Lentils,366,Trincomalee,Eastern,Trincomalee,2025-07-01,283.45,0.0458845122123378,0.0458845122123378,5.6470357407703125,4.587398848903135e-4,0.26401943183018267,0.002917146501321101,0.2818727432522722,7,2025-08-01,0.3351561121890946,0,TRUE,FALSE,FALSE,FALSE,test
108,Lentils,366,Trincomalee,Eastern,Trincomalee,2025-08-01,282.5,-0.3351561121890946,0.3351561121890946,5.643678550586496,-0.0033571901838165275,0.0458845122123378,0.002028770391994536,0.2150200187438717,8,2025-09-01,0.08849557522123894,0,TRUE,FALSE,FALSE,FALSE,test
108,Lentils,366,Trincomalee,Eastern,Trincomalee,2025-09-01,282.75,0.08849557522123894,0.08849557522123894,5.64456311499623,8.845644097341676e-4,0.3351561121890946,0.002335777202814512,0.15651206654089045,9,NA,NA,0,TRUE,TRUE,FALSE,FALSE,inference
108,Lentils,367,Vavuniya,Northern,Vavuniya,2023-06-01,303.25,NA,NA,5.7145575478241595,NA,NA,NA,NA,6,2023-07-01,1.4278647980214292,0,FALSE,FALSE,FALSE,FALSE,excluded
108,Lentils,367,Vavuniya,Northern,Vavuniya,2023-07-01,298.92,-1.4278647980214292,1.4278647980214292,5.70017597906209,-0.01438156876206964,NA,NA,1.4278647980214292,7,2023-08-01,2.6194299478121184,0,FALSE,FALSE,FALSE,FALSE,excluded
108,Lentils,367,Vavuniya,Northern,Vavuniya,2023-08-01,306.75,2.6194299478121184,2.6194299478121184,5.7260330835910205,0.02585710452893064,1.4278647980214292,0.02845303875001631,2.023647372916774,8,2023-09-01,7.204563977180121,0,TRUE,FALSE,FALSE,FALSE,train
108,Lentils,367,Vavuniya,Northern,Vavuniya,2023-09-01,328.85,7.204563977180121,7.204563977180121,5.79560171974736,0.06956863615633946,2.6194299478121184,0.041987072874232576,3.7506195743378896,9,2023-10-01,1.5964725558765394,0,TRUE,FALSE,FALSE,FALSE,train
108,Lentils,367,Vavuniya,Northern,Vavuniya,2023-10-01,323.6,-1.5964725558765394,1.5964725558765394,5.779508185184337,-0.01609353456302287,7.204563977180121,0.042834101698277886,3.806822160289593,10,2024-01-01,NA,0,TRUE,TRUE,FALSE,FALSE,inference
108,Lentils,367,Vavuniya,Northern,Vavuniya,2024-01-01,321.76,NA,NA,5.773805926024342,NA,1.5964725558765394,0.06057230180682082,4.40051826652833,1,2024-02-01,0.09634510193933438,0,TRUE,FALSE,FALSE,FALSE,train
108,Lentils,367,Vavuniya,Northern,Vavuniya,2024-02-01,321.45,-0.09634510193933438,0.09634510193933438,5.772842010587696,-9.6391543664609e-4,NA,0.01069825628103071,0.8464088289079369,2,2024-03-01,0.31109037175299425,0,FALSE,FALSE,FALSE,FALSE,excluded
108,Lentils,367,Vavuniya,Northern,Vavuniya,2024-03-01,322.45,0.31109037175299425,0.31109037175299425,5.7759480854563865,0.0031060748686906337,0.09634510193933438,0.0028779177442671043,0.20371773684616432,3,2024-04-01,1.4420840440378284,0,TRUE,FALSE,FALSE,FALSE,train
108,Lentils,367,Vavuniya,Northern,Vavuniya,2024-04-01,317.8,-1.4420840440378284,1.4420840440378284,5.761422254102616,-0.014525831353770613,0.31109037175299425,0.009231959899053198,0.6165065059100523,4,2024-05-01,1.0226557583385776,0,TRUE,FALSE,FALSE,FALSE,train
108,Lentils,367,Vavuniya,Northern,Vavuniya,2024-05-01,321.05,1.0226557583385776,1.0226557583385776,5.771596874240058,0.01017462013744197,1.4420840440378284,0.012721115996142009,0.9252767247098,5,2024-06-01,2.149197944245455,0,TRUE,FALSE,FALSE,FALSE,train
108,Lentils,367,Vavuniya,Northern,Vavuniya,2024-06-01,314.15,-2.149197944245455,2.149197944245455,5.749870578848956,-0.021726295391101935,1.0226557583385776,0.016731344824320715,1.5379792488739537,6,2024-07-01,1.2127964348241296,0,TRUE,FALSE,FALSE,FALSE,train
108,Lentils,367,Vavuniya,Northern,Vavuniya,2024-07-01,317.96,1.2127964348241296,1.2127964348241296,5.761925588704912,0.0120550098559562,2.149197944245455,0.01898411994820805,1.4615500458027209,7,2024-08-01,4.305573028053843,0,TRUE,FALSE,FALSE,FALSE,train
108,Lentils,367,Vavuniya,Northern,Vavuniya,2024-08-01,304.27,-4.305573028053843,4.305573028053843,5.717915465122114,-0.04401012358279832,1.2127964348241296,0.02822836862265013,2.555855802374476,8,2024-10-01,NA,0,TRUE,TRUE,FALSE,FALSE,inference
108,Lentils,367,Vavuniya,Northern,Vavuniya,2024-10-01,302.8,NA,NA,5.713072521563293,NA,4.305573028053843,0.039644036042671985,2.759184731438986,10,2024-12-01,NA,0,TRUE,TRUE,FALSE,FALSE,inference
108,Lentils,367,Vavuniya,Northern,Vavuniya,2024-12-01,303.7,NA,NA,5.716040372051703,NA,NA,NA,4.305573028053843,12,2025-01-01,1.3500164636154175,0,FALSE,FALSE,FALSE,FALSE,excluded
108,Lentils,367,Vavuniya,Northern,Vavuniya,2025-01-01,307.8,1.3500164636154175,1.3500164636154175,5.729450221404779,0.013409849353076098,NA,NA,1.3500164636154175,1,2025-02-01,1.7218973359324274,0,FALSE,FALSE,FALSE,FALSE,excluded
108,Lentils,367,Vavuniya,Northern,Vavuniya,2025-02-01,313.1,1.7218973359324274,1.7218973359324274,5.74652262833236,0.017072406927581163,1.3500164636154175,0.0025898192974186853,1.5359568997739226,2,2025-03-01,0.249121686362194,0,TRUE,FALSE,FALSE,FALSE,validation
108,Lentils,367,Vavuniya,Northern,Vavuniya,2025-03-01,312.32,-0.249121686362194,0.249121686362194,5.744028303224727,-0.002494325107632811,1.7218973359324274,0.010402035824788488,1.1070118286366797,3,2025-04-01,8.091060450819667,0,TRUE,FALSE,FALSE,FALSE,validation
108,Lentils,367,Vavuniya,Northern,Vavuniya,2025-04-01,287.05,-8.091060450819667,8.091060450819667,5.659656416613646,-0.08437188661108141,0.249121686362194,0.05381718556348461,3.354026491038096,4,2025-05-01,0.2961156592928141,0,TRUE,FALSE,FALSE,FALSE,test
108,Lentils,367,Vavuniya,Northern,Vavuniya,2025-05-01,286.2,-0.2961156592928141,0.2961156592928141,5.65669086712235,-0.0029655494912956826,8.091060450819667,0.04713659026954003,2.878765932158225,5,2025-06-01,3.5290006988120277,0,TRUE,FALSE,FALSE,FALSE,test
108,Lentils,367,Vavuniya,Northern,Vavuniya,2025-06-01,296.3,3.5290006988120277,3.5290006988120277,5.691372454579519,0.034681587457169094,0.2961156592928141,0.06085231895252125,3.9720589363081693,6,2025-07-01,3.0712116098548843,0,TRUE,FALSE,FALSE,FALSE,test
108,Lentils,367,Vavuniya,Northern,Vavuniya,2025-07-01,287.2,-3.0712116098548843,3.0712116098548843,5.660178837174069,-0.031193617405450347,3.5290006988120277,0.033049642847981155,2.2987759893199087,7,2025-09-01,NA,0,TRUE,TRUE,FALSE,FALSE,inference
108,Lentils,367,Vavuniya,Northern,Vavuniya,2025-09-01,287.72,NA,NA,5.661987784999155,NA,3.0712116098548843,0.046580804070411236,3.3001061543334558,9,NA,NA,0,TRUE,TRUE,FALSE,FALSE,inference
108,Lentils,368,Colombo City,Western,Colombo,2023-06-01,310.07,NA,NA,5.736798078440366,NA,NA,NA,NA,6,2023-07-01,0.8739961944077078,0,FALSE,FALSE,FALSE,FALSE,excluded
108,Lentils,368,Colombo City,Western,Colombo,2023-07-01,307.36,-0.8739961944077078,0.8739961944077078,5.728019699020247,-0.008778379420118831,NA,NA,0.8739961944077078,7,2023-08-01,5.970197813638718,0,FALSE,FALSE,FALSE,FALSE,excluded
108,Lentils,368,Colombo City,Western,Colombo,2023-08-01,325.71,5.970197813638718,5.970197813638718,5.786007414911871,0.05798771589162399,0.8739961944077078,0.047210758748280714,3.422097004023213,8,2023-09-01,3.656627060882388,0,TRUE,FALSE,FALSE,FALSE,train
108,Lentils,368,Colombo City,Western,Colombo,2023-09-01,337.62,3.656627060882388,3.656627060882388,5.821921002673243,0.03591358776137188,5.970197813638718,0.03401556150361909,3.500273689642938,9,2023-10-01,0.21918132812037472,0,TRUE,FALSE,FALSE,FALSE,train
108,Lentils,368,Colombo City,Western,Colombo,2023-10-01,336.88,-0.21918132812037472,0.21918132812037472,5.819726783853672,-0.0021942188195707146,3.656627060882388,0.030444860870935786,3.28200206754716,10,2023-11-01,0.6174305390643505,0,TRUE,FALSE,FALSE,FALSE,train
108,Lentils,368,Colombo City,Western,Colombo,2023-11-01,338.96,0.6174305390643505,0.6174305390643505,5.8258821063183035,0.006155322464631574,0.21918132812037472,0.02003111793992166,1.4977463093557044,11,2023-12-01,0.2684682558414046,0,TRUE,FALSE,FALSE,FALSE,train
108,Lentils,368,Colombo City,Western,Colombo,2023-12-01,339.87,0.2684682558414046,0.2684682558414046,5.828563191553507,0.0026810852352037173,0.6174305390643505,0.0041943166628474965,0.36836004100870995,12,2024-03-01,NA,0,TRUE,TRUE,FALSE,FALSE,inference
108,Lentils,368,Colombo City,Western,Colombo,2024-03-01,335.56,NA,NA,5.815800777978094,NA,0.2684682558414046,0.0024566567043792006,0.44294939745287754,3,2024-05-01,NA,0,TRUE,TRUE,FALSE,FALSE,inference
108,Lentils,368,Colombo City,Western,Colombo,2024-05-01,328.72,NA,NA,5.795206324575155,NA,NA,NA,0.2684682558414046,5,2024-06-01,0.4258943781942009,0,FALSE,FALSE,FALSE,FALSE,excluded
108,Lentils,368,Colombo City,Western,Colombo,2024-06-01,330.12,0.4258943781942009,0.4258943781942009,5.799456224724484,0.004249900149329022,NA,NA,0.4258943781942009,6,2024-07-01,0.2241609111838147,0,FALSE,FALSE,FALSE,FALSE,excluded
108,Lentils,368,Colombo City,Western,Colombo,2024-07-01,329.38,-0.2241609111838147,0.2241609111838147,5.797212099446062,-0.0022441252784215493,0.4258943781942009,0.004591969417160299,0.3250276446890078,7,2024-08-01,2.5168498390916327,0,TRUE,FALSE,FALSE,FALSE,train
108,Lentils,368,Colombo City,Western,Colombo,2024-08-01,321.09,-2.5168498390916327,2.5168498390916327,5.771721457664394,-0.025490641781668266,0.2241609111838147,0.01563688337522006,1.0556350428232162,8,2024-09-01,2.3607088355289747,0,TRUE,FALSE,FALSE,FALSE,train
108,Lentils,368,Colombo City,Western,Colombo,2024-09-01,313.51,-2.3607088355289747,2.3607088355289747,5.747831257490882,-0.023890200173512177,2.5168498390916327,0.01298405754018309,1.7005731952681407,9,2024-10-01,0.06379381837899545,0,TRUE,FALSE,FALSE,FALSE,train
108,Lentils,368,Colombo City,Western,Colombo,2024-10-01,313.71,0.06379381837899545,0.06379381837899545,5.748468992278607,6.377347877251083e-4,2.3607088355289747,0.014645096272335371,1.6471174976665344,10,2024-11-01,1.9476586656466028,0,TRUE,FALSE,FALSE,FALSE,train
108,Lentils,368,Colombo City,Western,Colombo,2024-11-01,307.6,-1.9476586656466028,1.9476586656466028,5.728800237631489,-0.01966875464711748,0.06379381837899545,0.013113566187746043,1.457387106518191,11,2024-12-01,0.529908972691806,0,TRUE,FALSE,FALSE,FALSE,train
108,Lentils,368,Colombo City,Western,Colombo,2024-12-01,309.23,0.529908972691806,0.529908972691806,5.734085336586247,0.0052850989547579275,1.9476586656466028,0.01327055836838466,0.8471204855724681,12,2025-01-01,1.319406267179764,0,TRUE,FALSE,FALSE,FALSE,train
108,Lentils,368,Colombo City,Western,Colombo,2025-01-01,313.31,1.319406267179764,1.319406267179764,5.747193115737948,0.013107779151701138,0.529908972691806,0.01711816921145764,1.2656579685060576,1,2025-04-01,NA,0,TRUE,TRUE,FALSE,FALSE,inference
108,Lentils,368,Colombo City,Western,Colombo,2025-04-01,298.44,NA,NA,5.698568907603313,NA,1.319406267179764,0.005531470214312261,0.924657619935785,4,2025-05-01,2.365634633427155,0,TRUE,FALSE,FALSE,FALSE,test
108,Lentils,368,Colombo City,Western,Colombo,2025-05-01,291.38,-2.365634633427155,2.365634633427155,5.67462825722585,-0.023940650377463513,NA,0.026197195752384255,1.8425204503034596,5,2025-06-01,0.5765666826824102,0,FALSE,FALSE,FALSE,FALSE,excluded
108,Lentils,368,Colombo City,Western,Colombo,2025-06-01,289.7,-0.5765666826824102,0.5765666826824102,5.668845904775305,-0.005782352450545147,2.365634633427155,0.012839855598929605,1.4711006580547827,6,2025-07-01,0.876769071453215,0,TRUE,FALSE,FALSE,FALSE,test
108,Lentils,368,Colombo City,Western,Colombo,2025-07-01,287.16,-0.876769071453215,0.876769071453215,5.660039551708282,-0.008806353067022599,0.5765666826824102,0.009728954366665883,1.2729901291875936,7,2025-08-01,2.0546037052514396,0,TRUE,FALSE,FALSE,FALSE,test
108,Lentils,368,Colombo City,Western,Colombo,2025-08-01,281.26,-2.0546037052514396,2.0546037052514396,5.639279508442102,-0.020760043266180084,0.876769071453215,0.00792008534544341,1.1693131531290217,8,2025-09-01,1.4897248097845401,0,TRUE,FALSE,FALSE,FALSE,test
108,Lentils,368,Colombo City,Western,Colombo,2025-09-01,277.07,-1.4897248097845401,1.4897248097845401,5.624270181843383,-0.015009326598718786,2.0546037052514396,0.00597827082304148,1.4736991954963983,9,NA,NA,0,TRUE,TRUE,FALSE,FALSE,inference
108,Lentils,1888,Polonnaruwa,North Central,Polonnaruwa,2023-06-01,302,NA,NA,5.71042701737487,NA,NA,NA,NA,6,2023-07-01,1.9205298013245071,0,FALSE,FALSE,FALSE,FALSE,excluded
108,Lentils,1888,Polonnaruwa,North Central,Polonnaruwa,2023-07-01,296.2,-1.9205298013245071,1.9205298013245071,5.6910349018336985,-0.01939211554117115,NA,NA,1.9205298013245071,7,2023-08-01,7.359891964888593,0,FALSE,FALSE,FALSE,FALSE,excluded
108,Lentils,1888,Polonnaruwa,North Central,Polonnaruwa,2023-08-01,318,7.359891964888593,7.359891964888593,5.762051382780177,0.07101648094647839,1.9205298013245071,0.06392853165397527,4.64021088310655,8,2023-09-01,1.9654088050314464,0,TRUE,FALSE,FALSE,FALSE,train
108,Lentils,1888,Polonnaruwa,North Central,Polonnaruwa,2023-09-01,324.25,1.9654088050314464,1.9654088050314464,5.781514823196553,0.019463440416376265,7.359891964888593,0.045352663529894775,3.748610190414849,9,2023-10-01,1.526599845797992,0,TRUE,FALSE,FALSE,FALSE,train
108,Lentils,1888,Polonnaruwa,North Central,Polonnaruwa,2023-10-01,329.2,1.526599845797992,1.526599845797992,5.796665468802915,0.01515064560636148,1.9654088050314464,0.03108404667247788,3.617300205239344,10,2023-11-01,0.668286755771564,0,TRUE,FALSE,FALSE,FALSE,train
108,Lentils,1888,Polonnaruwa,North Central,Polonnaruwa,2023-11-01,327,-0.668286755771564,0.668286755771564,5.7899601708972535,-0.006705297905661212,1.526599845797992,0.014030237175717369,1.3867651355336674,11,2023-12-01,0.3058103975535168,0,TRUE,FALSE,FALSE,FALSE,train
108,Lentils,1888,Polonnaruwa,North Central,Polonnaruwa,2023-12-01,328,0.3058103975535168,0.3058103975535168,5.793013608384144,0.0030534374868906866,0.668286755771564,0.010948802275046358,0.8335656663743576,12,2024-01-01,0,0,TRUE,FALSE,FALSE,FALSE,train
108,Lentils,1888,Polonnaruwa,North Central,Polonnaruwa,2024-01-01,328,0,0,5.793013608384144,0,0.3058103975535168,0.004991950469703851,0.3246990511083603,1,2024-02-01,0,0,TRUE,FALSE,FALSE,FALSE,train
108,Lentils,1888,Polonnaruwa,North Central,Polonnaruwa,2024-02-01,328,0,0,5.793013608384144,0,0,0.0017629029550100322,0.1019367991845056,2,2024-03-01,0,0,TRUE,FALSE,FALSE,FALSE,train
108,Lentils,1888,Polonnaruwa,North Central,Polonnaruwa,2024-03-01,328,0,0,5.793013608384144,0,0,0,0,3,2024-04-01,1.2195121951219512,0,TRUE,FALSE,FALSE,FALSE,train
108,Lentils,1888,Polonnaruwa,North Central,Polonnaruwa,2024-04-01,324,-1.2195121951219512,1.2195121951219512,5.780743515792329,-0.012270092591815107,0,0.007084141260866085,0.4065040650406504,4,2024-05-01,0,0,TRUE,FALSE,FALSE,FALSE,train
108,Lentils,1888,Polonnaruwa,North Central,Polonnaruwa,2024-05-01,324,0,0,5.780743515792329,0,1.2195121951219512,0.007084141260866085,0.4065040650406504,5,2024-08-01,NA,0,TRUE,TRUE,FALSE,FALSE,inference
108,Lentils,1888,Polonnaruwa,North Central,Polonnaruwa,2024-08-01,309.8,NA,NA,5.735926927982768,NA,0,0.008676265677459282,0.6097560975609756,8,2024-09-01,0.5810200129115595,0,TRUE,FALSE,FALSE,FALSE,train
108,Lentils,1888,Polonnaruwa,North Central,Polonnaruwa,2024-09-01,308,-0.5810200129115595,0.5810200129115595,5.730099782973574,-0.0058271450091940125,NA,0.004120413750958433,0.29051000645577973,9,2024-10-01,0.487012987012987,0,FALSE,FALSE,FALSE,FALSE,excluded
108,Lentils,1888,Polonnaruwa,North Central,Polonnaruwa,2024-10-01,309.5,0.487012987012987,0.487012987012987,5.734958092124651,0.004858309151076767,0.5810200129115595,0.007555757096785474,0.5340164999622732,10,2024-11-01,0.16155088852988692,0,TRUE,FALSE,FALSE,FALSE,train
108,Lentils,1888,Polonnaruwa,North Central,Polonnaruwa,2024-11-01,310,0.16155088852988692,0.16155088852988692,5.736572297479192,0.001614205354541376,0.487012987012987,0.005478394462033079,0.4098612961514778,11,2024-12-01,0.7741935483870894,0,TRUE,FALSE,FALSE,FALSE,train
108,Lentils,1888,Polonnaruwa,North Central,Polonnaruwa,2024-12-01,307.6,-0.7741935483870894,0.7741935483870894,5.728800237631489,-0.007772059847702906,0.16155088852988692,0.006559375032919064,0.4742524746433211,12,2025-01-01,0.7802340702210588,0,TRUE,FALSE,FALSE,FALSE,train
108,Lentils,1888,Polonnaruwa,North Central,Polonnaruwa,2025-01-01,310,0.7802340702210588,0.7802340702210588,5.736572297479192,0.007772059847702906,0.7741935483870894,0.007827737045393073,0.5719928357126784,1,2025-02-01,0.4838709677419355,0,TRUE,FALSE,FALSE,FALSE,validation
108,Lentils,1888,Polonnaruwa,North Central,Polonnaruwa,2025-02-01,308.5,-0.4838709677419355,0.4838709677419355,5.731721843345443,-0.0048504541337495155,0.7802340702210588,0.00826118732653757,0.6794328621166946,2,2025-03-01,3.2739059967585167,0,TRUE,FALSE,FALSE,FALSE,validation
108,Lentils,1888,Polonnaruwa,North Central,Polonnaruwa,2025-03-01,298.4,-3.2739059967585167,3.2739059967585167,5.698434868329605,-0.03328697501583733,0.4838709677419355,0.021030960998072938,1.5126703449071703,3,2025-04-01,1.8096514745308236,0,TRUE,FALSE,FALSE,FALSE,validation
108,Lentils,1888,Polonnaruwa,North Central,Polonnaruwa,2025-04-01,293,-1.8096514745308236,1.8096514745308236,5.680172609017068,-0.018262259312537665,3.2739059967585167,0.014225882046444809,1.8558094796770919,4,2025-05-01,0.3412969283276451,0,TRUE,FALSE,FALSE,FALSE,test
108,Lentils,1888,Polonnaruwa,North Central,Polonnaruwa,2025-05-01,292,-0.3412969283276451,0.3412969283276451,5.676753802268282,-0.0034188067487859186,1.8096514745308236,0.014934175803651528,1.8082847998723284,5,2025-06-01,0,0,TRUE,FALSE,FALSE,FALSE,test
108,Lentils,1888,Polonnaruwa,North Central,Polonnaruwa,2025-06-01,292,0,0,5.676753802268282,0,0.3412969283276451,0.009708470861368617,0.716982800952823,6,2025-07-01,0.684931506849315,0,TRUE,FALSE,FALSE,FALSE,test
108,Lentils,1888,Polonnaruwa,North Central,Polonnaruwa,2025-07-01,290,-0.684931506849315,0.684931506849315,5.66988092298052,-0.006872879287762146,0,0.003436454723359617,0.3420761450589867,7,2025-08-01,2.7586206896551726,0,TRUE,FALSE,FALSE,FALSE,test
108,Lentils,1888,Polonnaruwa,North Central,Polonnaruwa,2025-08-01,282,-2.7586206896551726,2.7586206896551726,5.641907070938114,-0.027973852042405767,0.684931506849315,0.014577516472218279,1.1478507321681626,8,2025-09-01,2.36524822695036,0,TRUE,FALSE,FALSE,FALSE,test
108,Lentils,1888,Polonnaruwa,North Central,Polonnaruwa,2025-09-01,275.33,-2.36524822695036,2.36524822695036,5.617970378242053,-0.02393669269606047,2.7586206896551726,0.011200620777537416,1.9362668078182825,9,NA,NA,0,TRUE,TRUE,FALSE,FALSE,inference
108,Lentils,1889,Monaragala,Uva,Moneragala,2023-06-01,298,NA,NA,5.697093486505405,NA,NA,NA,NA,6,2023-07-01,1.2080536912751754,0,FALSE,FALSE,FALSE,FALSE,excluded
108,Lentils,1889,Monaragala,Uva,Moneragala,2023-07-01,294.4,-1.2080536912751754,1.2080536912751754,5.684939386854721,-0.012154099650683925,NA,NA,1.2080536912751754,7,2023-08-01,4.110054347826095,0,FALSE,FALSE,FALSE,FALSE,excluded
108,Lentils,1889,Monaragala,Uva,Moneragala,2023-08-01,306.5,4.110054347826095,4.110054347826095,5.725217755376266,0.04027836852154554,1.2080536912751754,0.037075353798931274,2.659054019550635,8,2023-09-01,6.688417618270799,0,TRUE,FALSE,FALSE,FALSE,train
108,Lentils,1889,Monaragala,Uva,Moneragala,2023-09-01,327,6.688417618270799,6.688417618270799,5.7899601708972535,0.06474241552098725,4.110054347826095,0.0392868242539612,4.002175219124023,9,2023-10-01,1.1620795107033672,0,TRUE,FALSE,FALSE,FALSE,train
108,Lentils,1889,Monaragala,Uva,Moneragala,2023-10-01,323.2,-1.1620795107033672,1.1620795107033672,5.77827132664694,-0.01168884425031358,6.688417618270799,0.039031650125452975,3.986850492266754,10,2023-11-01,0.835396039603957,0,TRUE,FALSE,FALSE,FALSE,train
108,Lentils,1889,Monaragala,Uva,Moneragala,2023-11-01,320.5,-0.835396039603957,0.835396039603957,5.7698822763607245,-0.008389050286215394,1.1620795107033672,0.04320655313248909,2.8952977228593744,11,2023-12-01,2.65210608424337,0,TRUE,FALSE,FALSE,FALSE,train
108,Lentils,1889,Monaragala,Uva,Moneragala,2023-12-01,329,2.65210608424337,2.65210608424337,5.796057750765372,0.026175474404647403,0.835396039603957,0.020973402340882404,1.5498605448502314,12,2024-01-01,0.303951367781155,0,TRUE,FALSE,FALSE,FALSE,train
108,Lentils,1889,Monaragala,Uva,Moneragala,2024-01-01,328,-0.303951367781155,0.303951367781155,5.793013608384144,-0.0030441423812277435,2.65210608424337,0.018605825309704574,1.2638178305428274,1,2024-02-01,0,0,TRUE,FALSE,FALSE,FALSE,train
108,Lentils,1889,Monaragala,Uva,Moneragala,2024-02-01,328,0,0,5.793013608384144,0,0.303951367781155,0.016063458885821856,0.985352484008175,2,2024-03-01,3.6585365853658534,0,TRUE,FALSE,FALSE,FALSE,train
108,Lentils,1889,Monaragala,Uva,Moneragala,2024-03-01,316,-3.6585365853658534,3.6585365853658534,5.755742213586912,-0.03727139479723185,0,0.02069592746136772,1.3208293177156694,3,2024-04-01,1.5189873417721556,0,TRUE,FALSE,FALSE,FALSE,train
108,Lentils,1889,Monaragala,Uva,Moneragala,2024-04-01,311.2,-1.5189873417721556,1.5189873417721556,5.740435792304236,-0.01530642128267612,3.6585365853658534,0.01873456459821888,1.725841309046003,4,2024-05-01,0.3856041131105362,0,TRUE,FALSE,FALSE,FALSE,train
108,Lentils,1889,Monaragala,Uva,Moneragala,2024-05-01,310,-0.3856041131105362,0.3856041131105362,5.736572297479192,-0.0038634948250440004,1.5189873417721556,0.016977869948659737,1.8543760134161817,5,2024-06-01,0.6451612903225806,0,TRUE,FALSE,FALSE,FALSE,train
108,Lentils,1889,Monaragala,Uva,Moneragala,2024-06-01,308,-0.6451612903225806,0.6451612903225806,5.730099782973574,-0.006472514505618143,0.3856041131105362,0.005997019517423511,0.8499175817350908,6,2024-07-01,0.5194805194805269,0,TRUE,FALSE,FALSE,FALSE,train
108,Lentils,1889,Monaragala,Uva,Moneragala,2024-07-01,309.6,0.5194805194805269,0.5194805194805269,5.735281141715572,0.00518135874199821,0.6451612903225806,0.006115950749397942,0.5167486409712145,7,2024-08-01,1.4857881136950977,0,TRUE,FALSE,FALSE,FALSE,train
108,Lentils,1889,Monaragala,Uva,Moneragala,2024-08-01,305,-1.4857881136950977,1.4857881136950977,5.720311776607412,-0.014969365108160382,0.5194805194805269,0.010116495634348724,0.8834766411660684,8,2024-09-01,1.1147540983606483,0,TRUE,FALSE,FALSE,FALSE,train
108,Lentils,1889,Monaragala,Uva,Moneragala,2024-09-01,301.6,-1.1147540983606483,1.1147540983606483,5.709101636133801,-0.011210140473610686,1.4857881136950977,0.010714979297488653,1.0400075771787576,9,2024-10-01,1.1273209549071541,0,TRUE,FALSE,FALSE,FALSE,train
108,Lentils,1889,Monaragala,Uva,Moneragala,2024-10-01,305,1.1273209549071541,1.1273209549071541,5.720311776607412,0.011210140473610686,1.1147540983606483,0.014154900683222315,1.2426210556543,10,2024-11-01,0.49180327868852464,0,TRUE,FALSE,FALSE,FALSE,train
108,Lentils,1889,Monaragala,Uva,Moneragala,2024-11-01,303.5,-0.49180327868852464,0.49180327868852464,5.715381610499553,-0.004930166107858902,1.1273209549071541,0.011565873452609532,0.9112927773187757,11,2024-12-01,0.6919275123558559,0,TRUE,FALSE,FALSE,FALSE,train
108,Lentils,1889,Monaragala,Uva,Moneragala,2024-12-01,305.6,0.6919275123558559,0.6919275123558559,5.722277057292366,0.006895446792812621,0.49180327868852464,0.008356346875075237,0.7703505819838449,12,2025-01-01,0.4581151832460658,0,TRUE,FALSE,FALSE,FALSE,train
108,Lentils,1889,Monaragala,Uva,Moneragala,2025-01-01,307,0.4581151832460658,0.4581151832460658,5.726847747587197,0.004570690294831259,0.6919275123558559,0.006265193341469652,0.5472819914301488,1,2025-02-01,1.9543973941368076,0,TRUE,FALSE,FALSE,FALSE,validation
108,Lentils,1889,Monaragala,Uva,Moneragala,2025-02-01,301,-1.9543973941368076,1.9543973941368076,5.707110264748875,-0.01973748283832144,0.4581151832460658,0.014751297765412438,1.034813363246243,2,2025-03-01,4.318936877076411,0,TRUE,FALSE,FALSE,FALSE,validation
108,Lentils,1889,Monaragala,Uva,Moneragala,2025-03-01,288,-4.318936877076411,4.318936877076411,5.662960480135946,-0.04414978461292929,1.9543973941368076,0.02436025599976176,2.2438164848197615,3,2025-04-01,0.78125,0,TRUE,FALSE,FALSE,FALSE,validation
108,Lentils,1889,Monaragala,Uva,Moneragala,2025-04-01,285.75,-0.78125,0.78125,5.65511730267492,-0.007843177461025697,4.318936877076411,0.018509478208139495,2.3515280904044062,4,2025-05-01,1.837270341207349,0,TRUE,FALSE,FALSE,FALSE,test
108,Lentils,1889,Monaragala,Uva,Moneragala,2025-05-01,280.5,-1.837270341207349,1.837270341207349,5.636573724962751,-0.018543577712168968,0.78125,0.018656304208237804,2.3124857394279204,5,2025-06-01,0.606060606060602,0,TRUE,FALSE,FALSE,FALSE,test
108,Lentils,1889,Monaragala,Uva,Moneragala,2025-06-01,278.8,-0.606060606060602,0.606060606060602,5.630494678886369,-0.006079046076382433,1.837270341207349,0.006745063305564963,1.0748603157559837,6,2025-07-01,1.1477761836441853,0,TRUE,FALSE,FALSE,FALSE,test
108,Lentils,1889,Monaragala,Uva,Moneragala,2025-07-01,282,1.1477761836441853,1.1477761836441853,5.641907070938114,0.011412392051744824,0.606060606060602,0.015048117718318044,1.1970357103040454,7,2025-08-01,3.1914893617021276,0,TRUE,FALSE,FALSE,FALSE,test
108,Lentils,1889,Monaragala,Uva,Moneragala,2025-08-01,273,-3.1914893617021276,3.1914893617021276,5.60947179518496,-0.03243527575315408,1.1477761836441853,0.02207268003095535,1.6484420504689716,8,2025-09-01,1.5384615384615343,0,TRUE,FALSE,FALSE,FALSE,test
108,Lentils,1889,Monaragala,Uva,Moneragala,2025-09-01,268.8,-1.5384615384615343,1.5384615384615343,5.5939676086489944,-0.015504186535965303,3.1914893617021276,0.022112522684659738,1.9592423612692824,9,NA,NA,0,TRUE,TRUE,FALSE,FALSE,inference
108,Lentils,1906,Anuradhapura,North Central,Anuradhapura,2023-06-01,300,NA,NA,5.703782474656201,NA,NA,NA,NA,6,2023-07-01,2.26666666666667,0,FALSE,FALSE,FALSE,FALSE,excluded
108,Lentils,1906,Anuradhapura,North Central,Anuradhapura,2023-07-01,293.2,-2.26666666666667,2.26666666666667,5.680854970012496,-0.022927504643704744,NA,NA,2.26666666666667,7,2023-08-01,4.536152796725788,0,FALSE,FALSE,FALSE,FALSE,excluded
108,Lentils,1906,Anuradhapura,North Central,Anuradhapura,2023-08-01,306.5,4.536152796725788,4.536152796725788,5.725217755376266,0.04436278536377003,2.26666666666667,0.04758142037229479,3.401409731696229,8,2023-09-01,7.01468189233279,0,TRUE,FALSE,FALSE,FALSE,train
108,Lentils,1906,Anuradhapura,North Central,Anuradhapura,2023-09-01,328,7.01468189233279,7.01468189233279,5.793013608384144,0.06779585300787794,4.536152796725788,0.04709532781511768,4.6058337852417495,9,2023-10-01,0.3658536585365819,0,TRUE,FALSE,FALSE,FALSE,train
108,Lentils,1906,Anuradhapura,North Central,Anuradhapura,2023-10-01,326.8,-0.3658536585365819,0.3658536585365819,5.789348362985848,-0.0036652453982961575,7.01468189233279,0.03642912978993645,3.9722294491983865,10,2023-11-01,0.3671970624234971,0,TRUE,FALSE,FALSE,FALSE,train
108,Lentils,1906,Anuradhapura,North Central,Anuradhapura,2023-11-01,328,0.3671970624234971,0.3671970624234971,5.793013608384144,0.0036652453982961575,0.3658536585365819,0.03931318589886005,2.5825775377642897,11,2023-12-01,0,0,TRUE,FALSE,FALSE,FALSE,train
108,Lentils,1906,Anuradhapura,North Central,Anuradhapura,2023-12-01,328,0,0,5.793013608384144,0,0.3671970624234971,0.0036652453982961575,0.24435024032002634,12,2024-01-01,0,0,TRUE,FALSE,FALSE,FALSE,train
108,Lentils,1906,Anuradhapura,North Central,Anuradhapura,2024-01-01,328,0,0,5.793013608384144,0,0,0.0021161304173523236,0.12239902080783237,1,2024-02-01,1.3719512195121952,0,TRUE,FALSE,FALSE,FALSE,train
108,Lentils,1906,Anuradhapura,North Central,Anuradhapura,2024-02-01,323.5,-1.3719512195121952,1.3719512195121952,5.7791991139409555,-0.013814494443188607,0,0.007975802085493531,0.4573170731707317,2,2024-03-01,0.9273570324574961,0,TRUE,FALSE,FALSE,FALSE,train
108,Lentils,1906,Anuradhapura,North Central,Anuradhapura,2024-03-01,320.5,-0.9273570324574961,0.9273570324574961,5.7698822763607245,-0.009316837580231052,1.3719512195121952,0.007045951987656976,0.7664360839898972,3,2024-04-01,2.7769110764430502,0,TRUE,FALSE,FALSE,FALSE,train
108,Lentils,1906,Anuradhapura,North Central,Anuradhapura,2024-04-01,311.6,-2.7769110764430502,2.7769110764430502,5.741720313996593,-0.028161962364131377,0.9273570324574961,0.009842234511872506,1.6920731094709138,4,2024-05-01,1.8774069319640638,0,TRUE,FALSE,FALSE,FALSE,train
108,Lentils,1906,Anuradhapura,North Central,Anuradhapura,2024-05-01,305.75,-1.8774069319640638,1.8774069319640638,5.722767774567282,-0.01895253942931152,2.7769110764430502,0.009423365897575496,1.86055834695487,5,2024-06-01,0.24529844644317253,0,TRUE,FALSE,FALSE,FALSE,train
108,Lentils,1906,Anuradhapura,North Central,Anuradhapura,2024-06-01,306.5,0.24529844644317253,0.24529844644317253,5.725217755376266,0.00244998080898462,1.8774069319640638,0.015705478917547346,1.6332054849500954,6,2024-07-01,1.4029363784665616,0,TRUE,FALSE,FALSE,FALSE,train
108,Lentils,1906,Anuradhapura,North Central,Anuradhapura,2024-07-01,310.8,1.4029363784665616,1.4029363784665616,5.739149618493492,0.013931863117226051,0.24529844644317253,0.016689744479438613,1.1752139189579327,7,2024-08-01,1.8661518661518697,0,TRUE,FALSE,FALSE,FALSE,train
108,Lentils,1906,Anuradhapura,North Central,Anuradhapura,2024-08-01,305,-1.8661518661518697,1.8661518661518697,5.720311776607412,-0.018837841886080398,1.4029363784665616,0.016627580413480492,1.171462230353868,8,2024-09-01,0.5901639344262333,0,TRUE,FALSE,FALSE,FALSE,train
108,Lentils,1906,Anuradhapura,North Central,Anuradhapura,2024-09-01,303.2,-0.5901639344262333,0.5901639344262333,5.714392653768217,-0.005919122839195268,1.8661518661518697,0.016506607319788223,1.2864173930148881,9,2024-10-01,0.5936675461741463,0,TRUE,FALSE,FALSE,FALSE,train
108,Lentils,1906,Anuradhapura,North Central,Anuradhapura,2024-10-01,305,0.5936675461741463,0.5936675461741463,5.720311776607412,0.005919122839195268,0.5901639344262333,0.012382411349456052,1.016661115584083,10,2024-11-01,0.24590163934426232,0,TRUE,FALSE,FALSE,FALSE,train
108,Lentils,1906,Anuradhapura,North Central,Anuradhapura,2024-11-01,304.25,-0.24590163934426232,0.24590163934426232,5.717849731867637,-0.00246204473977496,0.5936675461741463,0.00608741077572128,0.476577706648214,11,2024-12-01,0.6080525883319713,0,TRUE,FALSE,FALSE,FALSE,train
108,Lentils,1906,Anuradhapura,North Central,Anuradhapura,2024-12-01,302.4,-0.6080525883319713,0.6080525883319713,5.711750644305378,-0.006099087562258632,0.24590163934426232,0.006163189538609809,0.48254059128345994,12,2025-01-01,0.7936507936507862,0,TRUE,FALSE,FALSE,FALSE,train
108,Lentils,1906,Anuradhapura,North Central,Anuradhapura,2025-01-01,300,-0.7936507936507862,0.7936507936507862,5.703782474656201,-0.007968169649177348,0.6080525883319713,0.002799969043226546,0.5492016737756733,1,2025-02-01,1.4166666666666665,0,TRUE,FALSE,FALSE,FALSE,validation
108,Lentils,1906,Anuradhapura,North Central,Anuradhapura,2025-02-01,295.75,-1.4166666666666665,1.4166666666666665,5.689514502858496,-0.014267971797704782,0.7936507936507862,0.004280024232998997,0.9394566828831413,2,2025-03-01,2.214708368554526,0,TRUE,FALSE,FALSE,FALSE,validation
108,Lentils,1906,Anuradhapura,North Central,Anuradhapura,2025-03-01,289.2,-2.214708368554526,2.214708368554526,5.66711849028461,-0.02239601257388646,1.4166666666666665,0.007233201290230369,1.475008609623993,3,2025-04-01,1.2793914246196365,0,TRUE,FALSE,FALSE,FALSE,validation
108,Lentils,1906,Anuradhapura,North Central,Anuradhapura,2025-04-01,285.5,-1.2793914246196365,1.2793914246196365,5.654242029096065,-0.012876461188544575,2.214708368554526,0.005141711894120512,1.6369221532802762,4,2025-05-01,1.7513134851138354,0,TRUE,FALSE,FALSE,FALSE,test
108,Lentils,1906,Anuradhapura,North Central,Anuradhapura,2025-05-01,280.5,-1.7513134851138354,1.7513134851138354,5.636573724962751,-0.01766830413331366,1.2793914246196365,0.004759811699436599,1.7484710927626659,5,2025-06-01,0.24955436720142196,0,TRUE,FALSE,FALSE,FALSE,test
108,Lentils,1906,Anuradhapura,North Central,Anuradhapura,2025-06-01,279.8,-0.24955436720142196,0.24955436720142196,5.634075062231381,-0.002498662731370338,1.7513134851138354,0.007754337279748823,1.093419758978298,6,2025-07-01,0.7862759113652569,0,TRUE,FALSE,FALSE,FALSE,test
108,Lentils,1906,Anuradhapura,North Central,Anuradhapura,2025-07-01,282,0.7862759113652569,0.7862759113652569,5.641907070938114,0.00783200870673273,0.24955436720142196,0.012826448895191961,0.9290479212268381,7,2025-08-01,2.8368794326241136,0,TRUE,FALSE,FALSE,FALSE,test
108,Lentils,1906,Anuradhapura,North Central,Anuradhapura,2025-08-01,274,-2.8368794326241136,2.8368794326241136,5.6131281063880705,-0.028778964550043362,0.7862759113652569,0.01887564744519139,1.2909032370635976,8,2025-09-01,1.8978102189780979,0,TRUE,FALSE,FALSE,FALSE,test
108,Lentils,1906,Anuradhapura,North Central,Anuradhapura,2025-09-01,268.8,-1.8978102189780979,1.8978102189780979,5.5939676086489944,-0.01916049773907602,2.8368794326241136,0.018980137296785996,1.8403218543224895,9,NA,NA,0,TRUE,TRUE,FALSE,FALSE,inference
108,Lentils,1907,Badulla,Uva,Badulla,2023-06-01,302.5,NA,NA,5.7120812774708964,NA,NA,NA,NA,6,2023-07-01,2.809917355371901,0,FALSE,FALSE,FALSE,FALSE,excluded
108,Lentils,1907,Badulla,Uva,Badulla,2023-07-01,294,-2.809917355371901,2.809917355371901,5.683579767338681,-0.028501510132215024,NA,NA,2.809917355371901,7,2023-08-01,5.952380952380952,0,FALSE,FALSE,FALSE,FALSE,excluded
108,Lentils,1907,Badulla,Uva,Badulla,2023-08-01,311.5,5.952380952380952,5.952380952380952,5.741399338227508,0.05781957088882628,2.809917355371901,0.06103822174933169,4.381149153876426,8,2023-09-01,8.025682182985554,0,TRUE,FALSE,FALSE,FALSE,train
108,Lentils,1907,Badulla,Uva,Badulla,2023-09-01,336.5,8.025682182985554,8.025682182985554,5.8185981490847825,0.07719881085727476,5.952380952380952,0.05627231679917024,5.5959934969128025,9,2023-10-01,2.644873699851405,0,TRUE,FALSE,FALSE,FALSE,train
108,Lentils,1907,Badulla,Uva,Badulla,2023-10-01,327.6,-2.644873699851405,2.644873699851405,5.791793351978915,-0.026804797105867806,8.025682182985554,0.05530760808063566,5.540978945072637,10,2023-11-01,0.4884004884004953,0,TRUE,FALSE,FALSE,FALSE,train
108,Lentils,1907,Badulla,Uva,Badulla,2023-11-01,326,-0.4884004884004953,0.4884004884004953,5.786897381366708,-0.0048959706122069235,2.644873699851405,0.05482745706943183,3.719652123745818,11,2023-12-01,0.15337423312883436,0,TRUE,FALSE,FALSE,FALSE,train
108,Lentils,1907,Badulla,Uva,Badulla,2023-12-01,326.5,0.15337423312883436,0.15337423312883436,5.788429948716486,0.0015325673497779135,0.4884004884004953,0.01485669884232985,1.0955494737935783,12,2024-01-01,0.1531393568147014,0,TRUE,FALSE,FALSE,FALSE,train
108,Lentils,1907,Badulla,Uva,Badulla,2024-01-01,326,-0.1531393568147014,0.1531393568147014,5.786897381366708,-0.0015325673497779135,0.15337423312883436,0.003215422018979247,0.26497135944801037,1,2024-02-01,1.5337423312883436,0,TRUE,FALSE,FALSE,FALSE,train
108,Lentils,1907,Badulla,Uva,Badulla,2024-02-01,321,-1.5337423312883436,1.5337423312883436,5.771441123130016,-0.015456258236691944,0.1531393568147014,0.0090543213757138,0.6134186404106264,2,2024-03-01,0.6230529595015576,0,TRUE,FALSE,FALSE,FALSE,train
108,Lentils,1907,Badulla,Uva,Badulla,2024-03-01,323,0.6230529595015576,0.6230529595015576,5.777652323222656,0.006211200092640645,1.5337423312883436,0.010979631540341405,0.7699782158682008,3,2024-04-01,1.4241486068111526,0,TRUE,FALSE,FALSE,FALSE,train
108,Lentils,1907,Badulla,Uva,Badulla,2024-04-01,318.4,-1.4241486068111526,1.4241486068111526,5.763308453970228,-0.014343869252428476,0.6230529595015576,0.012201277497911679,1.1936479658670178,4,2024-05-01,2.5439698492462384,0,TRUE,FALSE,FALSE,FALSE,train
108,Lentils,1907,Badulla,Uva,Badulla,2024-05-01,326.5,2.5439698492462384,2.5439698492462384,5.788429948716486,0.02512149474625769,1.4241486068111526,0.019738393531457128,1.5303904718529828,5,2024-06-01,3.215926493108729,0,TRUE,FALSE,FALSE,FALSE,train
108,Lentils,1907,Badulla,Uva,Badulla,2024-06-01,316,-3.215926493108729,3.215926493108729,5.755742213586912,-0.03268773512957335,2.5439698492462384,0.029540704769589112,2.39468164972204,6,2024-07-01,1.0126582278480976,0,TRUE,FALSE,FALSE,FALSE,train
108,Lentils,1907,Badulla,Uva,Badulla,2024-07-01,312.8,-1.0126582278480976,1.0126582278480976,5.745564008671156,-0.010178204915756162,3.215926493108729,0.029139477247403865,2.2575181900676884,7,2024-08-01,5.530690537084403,0,TRUE,FALSE,FALSE,FALSE,train
108,Lentils,1907,Badulla,Uva,Badulla,2024-08-01,295.5,-5.530690537084403,5.530690537084403,5.688668836846153,-0.05689517182500303,1.0126582278480976,0.023363625357271545,3.25309175268041,8,2024-09-01,0.5076142131979695,0,TRUE,FALSE,FALSE,FALSE,train
108,Lentils,1907,Badulla,Uva,Badulla,2024-09-01,297,0.5076142131979695,0.5076142131979695,5.6937321388027,0.005063301956546695,5.530690537084403,0.03228423506470071,2.3503209927101567,9,2024-10-01,1.0101010101010102,0,TRUE,FALSE,FALSE,FALSE,train
108,Lentils,1907,Badulla,Uva,Badulla,2024-10-01,300,1.0101010101010102,1.0101010101010102,5.703782474656201,0.010050335853501124,0.5076142131979695,0.0372948253308709,2.349468586794461,10,2024-11-01,0.33333333333333337,0,TRUE,FALSE,FALSE,FALSE,train
108,Lentils,1907,Badulla,Uva,Badulla,2024-11-01,299,-0.33333333333333337,0.33333333333333337,5.700443573390687,-0.0033389012655140604,1.0101010101010102,0.006766820975704356,0.6170161855441043,11,2024-12-01,5.016722408026756,0,TRUE,FALSE,FALSE,FALSE,train
108,Lentils,1907,Badulla,Uva,Badulla,2024-12-01,314,5.016722408026756,5.016722408026756,5.749392985908253,0.04894941251756624,0.33333333333333337,0.02716148496868281,2.120052250487033,12,2025-01-01,3.821656050955414,0,TRUE,FALSE,FALSE,FALSE,train
108,Lentils,1907,Badulla,Uva,Badulla,2025-01-01,302,-3.821656050955414,3.821656050955414,5.71042701737487,-0.03896596853338341,5.016722408026756,0.04422003675884351,3.0572372641051677,1,2025-02-01,1.9867549668874174,0,TRUE,FALSE,FALSE,FALSE,validation
108,Lentils,1907,Badulla,Uva,Badulla,2025-02-01,296,-1.9867549668874174,1.9867549668874174,5.69035945432406,-0.02006756305080959,3.821656050955414,0.04627743667584892,3.608377808623196,2,2025-03-01,2.8310810810810794,0,TRUE,FALSE,FALSE,FALSE,validation
108,Lentils,1907,Badulla,Uva,Badulla,2025-03-01,287.62,-2.8310810810810794,2.8310810810810794,5.661640164458234,-0.02871928986582617,1.9867549668874174,0.009460413401658036,2.8798306996413037,3,2025-04-01,1.126486336137963,0,TRUE,FALSE,FALSE,FALSE,validation
108,Lentils,1907,Badulla,Uva,Badulla,2025-04-01,284.38,-1.126486336137963,1.126486336137963,5.650311371968228,-0.011328792490005846,2.8310810810810794,0.00869528499412623,1.9814407947021533,4,2025-05-01,0.36922427737534685,0,TRUE,FALSE,FALSE,FALSE,test
108,Lentils,1907,Badulla,Uva,Badulla,2025-05-01,283.33,-0.36922427737534685,0.36922427737534685,5.646612296041165,-0.003699075927062978,1.126486336137963,0.01282350107777863,1.4422638981981297,5,2025-06-01,0.8223626160307713,0,TRUE,FALSE,FALSE,FALSE,test
108,Lentils,1907,Badulla,Uva,Badulla,2025-06-01,281,-0.8223626160307713,0.8223626160307713,5.638354669333745,-0.008257626707419696,0.36922427737534685,0.0038389455868346536,0.7726910765146937,6,2025-07-01,1.9857651245551544,0,TRUE,FALSE,FALSE,FALSE,test
108,Lentils,1907,Badulla,Uva,Badulla,2025-07-01,275.42,-1.9857651245551544,1.9857651245551544,5.61829720529898,-0.020057464034765715,0.8223626160307713,0.008442091048738554,1.0591173393204243,7,2025-08-01,0.4538522983080386,0,TRUE,FALSE,FALSE,FALSE,test
108,Lentils,1907,Badulla,Uva,Badulla,2025-08-01,274.17,-0.4538522983080386,0.4538522983080386,5.61374835195222,-0.004548853346759252,1.9857651245551544,0.008098437773882907,1.0873266796313215,8,2025-09-01,1.1562169456906357,0,TRUE,FALSE,FALSE,FALSE,test
108,Lentils,1907,Badulla,Uva,Badulla,2025-09-01,271,-1.1562169456906357,1.1562169456906357,5.602118820879701,-0.011629531072519406,0.4538522983080386,0.007764052384164923,1.1986114561846095,9,NA,NA,0,TRUE,TRUE,FALSE,FALSE,inference
108,Lentils,1908,Hambantota,Southern,Hambantota,2023-06-01,308.25,NA,NA,5.730911142044453,NA,NA,NA,NA,6,2023-07-01,4.94728304947283,0,FALSE,FALSE,FALSE,FALSE,excluded
108,Lentils,1908,Hambantota,Southern,Hambantota,2023-07-01,293,-4.94728304947283,4.94728304947283,5.680172609017068,-0.050738533027385735,NA,NA,4.94728304947283,7,2023-08-01,4.778156996587031,0,FALSE,FALSE,FALSE,FALSE,excluded
108,Lentils,1908,Hambantota,Southern,Hambantota,2023-08-01,307,4.778156996587031,4.778156996587031,5.726847747587197,0.04667513857012917,4.94728304947283,0.06888186776688217,4.86272002302993,8,2023-09-01,4.478827361563518,0,TRUE,FALSE,FALSE,FALSE,train
108,Lentils,1908,Hambantota,Southern,Hambantota,2023-09-01,320.75,4.478827361563518,4.478827361563518,5.770662003495746,0.043814255908548816,4.778156996587031,0.05543440261437416,4.734755802541126,9,2023-10-01,1.0132501948558068,0,TRUE,FALSE,FALSE,FALSE,train
108,Lentils,1908,Hambantota,Southern,Hambantota,2023-10-01,324,1.0132501948558068,1.0132501948558068,5.780743515792329,0.010081512296583384,4.478827361563518,0.020351806328685204,3.423411517668785,10,2023-11-01,1.2345679012345678,0,TRUE,FALSE,FALSE,FALSE,train
108,Lentils,1908,Hambantota,Southern,Hambantota,2023-11-01,328,1.2345679012345678,1.2345679012345678,5.793013608384144,0.012270092591815107,1.0132501948558068,0.018875566722847643,2.2422151525512977,11,2023-12-01,0.3048780487804878,0,TRUE,FALSE,FALSE,FALSE,train
108,Lentils,1908,Hambantota,Southern,Hambantota,2023-12-01,327,-0.3048780487804878,0.3048780487804878,5.7899601708972535,-0.0030534374868906866,1.2345679012345678,0.00828781599293066,0.8508987149569541,12,2024-01-01,0.4281345565749166,0,TRUE,FALSE,FALSE,FALSE,train
108,Lentils,1908,Hambantota,Southern,Hambantota,2024-01-01,325.6,-0.4281345565749166,0.4281345565749166,5.785669634128385,-0.004290536768868591,0.3048780487804878,0.009224924873482804,0.6558601688633241,1,2024-02-01,0.12285012285011586,0,TRUE,FALSE,FALSE,FALSE,train
108,Lentils,1908,Hambantota,Southern,Hambantota,2024-02-01,326,0.12285012285011586,0.12285012285011586,5.786897381366708,0.0012277472383228627,0.4281345565749166,0.0028956984093909894,0.28528757606850674,2,2024-03-01,0,0,TRUE,FALSE,FALSE,FALSE,train
108,Lentils,1908,Hambantota,Southern,Hambantota,2024-03-01,326,0,0,5.786897381366708,0,0.12285012285011586,0.0028973415237146774,0.18366155980834414,3,2024-04-01,0,0,TRUE,FALSE,FALSE,FALSE,train
108,Lentils,1908,Hambantota,Southern,Hambantota,2024-04-01,326,0,0,5.786897381366708,0,0,7.088401985425244e-4,0.04095004095003862,4,2024-05-01,1.0736196319018405,0,TRUE,FALSE,FALSE,FALSE,train
108,Lentils,1908,Hambantota,Southern,Hambantota,2024-05-01,322.5,-1.0736196319018405,1.0736196319018405,5.776103136235827,-0.010794245130880675,0,0.006232060332012765,0.35787321063394684,5,2024-06-01,2.0155038759689923,0,TRUE,FALSE,FALSE,FALSE,train
108,Lentils,1908,Hambantota,Southern,Hambantota,2024-06-01,316,-2.0155038759689923,2.0155038759689923,5.755742213586912,-0.02036092264891476,1.0736196319018405,0.010186626999770253,1.0297078359569443,6,2024-07-01,2.5316455696202533,0,TRUE,FALSE,FALSE,FALSE,train
108,Lentils,1908,Hambantota,Southern,Hambantota,2024-07-01,308,-2.5316455696202533,2.5316455696202533,5.730099782973574,-0.025642430613338263,2.0155038759689923,0.007526445124069662,1.8735896924970288,7,2024-08-01,1.0292207792207844,0,TRUE,FALSE,FALSE,FALSE,train
108,Lentils,1908,Hambantota,Southern,Hambantota,2024-08-01,304.83,-1.0292207792207844,1.0292207792207844,5.7197542441659,-0.010345538807674082,2.5316455696202533,0.007769568185983158,1.8587900749366766,8,2024-09-01,6.068956467539285,0,TRUE,FALSE,FALSE,FALSE,train
108,Lentils,1908,Hambantota,Southern,Hambantota,2024-09-01,286.33,-6.068956467539285,6.068956467539285,5.657144991804844,-0.06260925236105574,1.0292207792207844,0.02687017108068488,3.209940938793441,9,2024-10-01,3.9884049872524767,0,TRUE,FALSE,FALSE,FALSE,train
108,Lentils,1908,Hambantota,Southern,Hambantota,2024-10-01,297.75,3.9884049872524767,3.9884049872524767,5.696254208235409,0.039109216430564864,6.068956467539285,0.05086569810683808,3.6955274113375154,10,2024-11-01,1.8908480268681767,0,TRUE,FALSE,FALSE,FALSE,train
108,Lentils,1908,Hambantota,Southern,Hambantota,2024-11-01,303.38,1.8908480268681767,1.8908480268681767,5.714986145163526,0.018731936928117143,3.9884049872524767,0.05381801044292673,3.982736493886646,11,2024-12-01,2.300744940338855,0,TRUE,FALSE,FALSE,FALSE,train
108,Lentils,1908,Hambantota,Southern,Hambantota,2024-12-01,296.4,-2.300744940338855,2.300744940338855,5.6917098934219315,-0.023276251741594756,1.8908480268681767,0.03181160185186773,2.726665984819836,12,2025-01-01,3.8562753036437276,0,TRUE,FALSE,FALSE,FALSE,train
108,Lentils,1908,Hambantota,Southern,Hambantota,2025-01-01,307.83,3.8562753036437276,3.8562753036437276,5.729547682542227,0.037837789120295895,2.300744940338855,0.03126405682187436,2.682622756950253,1,2025-02-01,4.817594126628329,0,TRUE,FALSE,FALSE,FALSE,validation
108,Lentils,1908,Hambantota,Southern,Hambantota,2025-02-01,293,-4.817594126628329,4.817594126628329,5.680172609017068,-0.049375073525159685,3.8562753036437276,0.04476262931615729,3.658204790203637,2,2025-03-01,3.754266211604096,0,TRUE,FALSE,FALSE,FALSE,validation
108,Lentils,1908,Hambantota,Southern,Hambantota,2025-03-01,282,-3.754266211604096,3.754266211604096,5.641907070938114,-0.03826553807895383,4.817594126628329,0.04747143281216903,4.142711880625384,3,2025-04-01,0.6666666666666651,0,TRUE,FALSE,FALSE,FALSE,validation
108,Lentils,1908,Hambantota,Southern,Hambantota,2025-04-01,280.12,-0.6666666666666651,0.6666666666666651,5.635218082787317,-0.006688988150797215,3.754266211604096,0.022145737617666722,3.07950900163303,4,2025-05-01,0.04283878337855367,0,TRUE,FALSE,FALSE,FALSE,test
108,Lentils,1908,Hambantota,Southern,Hambantota,2025-05-01,280,-0.04283878337855367,0.04283878337855367,5.634789603169249,-4.284796180673567e-4,0.6666666666666651,0.02028100698283286,1.4879238872164382,5,2025-08-01,NA,0,TRUE,TRUE,FALSE,FALSE,inference
108,Lentils,1908,Hambantota,Southern,Hambantota,2025-08-01,292.22,NA,NA,5.677506943243938,NA,0.04283878337855367,0.004426848037169526,0.35475272502260935,8,2025-09-01,3.726644309082213,0,TRUE,FALSE,FALSE,FALSE,test
108,Lentils,1908,Hambantota,Southern,Hambantota,2025-09-01,281.33,-3.726644309082213,3.726644309082213,5.639528357516423,-0.037978585727515224,NA,0.026551934664264993,1.8847415462303834,9,NA,NA,0,FALSE,TRUE,FALSE,FALSE,inference
108,Lentils,1909,Gampaha,Western,Gampaha,2023-06-01,334,NA,NA,5.811140992976701,NA,NA,NA,NA,6,2023-07-01,10.179640718562874,1,FALSE,FALSE,FALSE,FALSE,excluded
108,Lentils,1909,Gampaha,Western,Gampaha,2023-07-01,300,-10.179640718562874,10.179640718562874,5.703782474656201,-0.10735851832049992,NA,NA,10.179640718562874,7,2023-08-01,2.833333333333333,0,FALSE,FALSE,FALSE,FALSE,excluded
108,Lentils,1909,Gampaha,Western,Gampaha,2023-08-01,308.5,2.833333333333333,2.833333333333333,5.731721843345443,0.02793936868924174,10.179640718562874,0.09567005338479963,6.506487025948104,8,2023-09-01,11.831442463533225,1,TRUE,FALSE,FALSE,FALSE,train
108,Lentils,1909,Gampaha,Western,Gampaha,2023-09-01,345,11.831442463533225,11.831442463533225,5.84354441703136,0.11182257368591753,2.833333333333333,0.11059103444895581,8.28147217180981,9,2023-10-01,1.33333333333334,0,TRUE,FALSE,FALSE,FALSE,train
108,Lentils,1909,Gampaha,Western,Gampaha,2023-10-01,340.4,-1.33333333333334,1.33333333333334,5.830121396699219,-0.013423020332140823,11.831442463533225,0.063814442104964,5.332703043399966,10,2023-11-01,0.9988249118683835,0,TRUE,FALSE,FALSE,FALSE,train
108,Lentils,1909,Gampaha,Western,Gampaha,2023-11-01,337,-0.9988249118683835,0.9988249118683835,5.820082930352362,-0.010038466346857788,1.33333333333334,0.07135361133641059,4.721200236244983,11,2023-12-01,1.0385756676557862,0,TRUE,FALSE,FALSE,FALSE,train
108,Lentils,1909,Gampaha,Western,Gampaha,2023-12-01,333.5,-1.0385756676557862,1.0385756676557862,5.809642865355678,-0.010440064996683596,0.9988249118683835,0.0018490767826210787,1.1235779709525033,12,2024-01-01,4.107946026986503,0,TRUE,FALSE,FALSE,FALSE,train
108,Lentils,1909,Gampaha,Western,Gampaha,2024-01-01,347.2,4.107946026986503,4.107946026986503,5.849900982786195,0.04025811743051744,1.0385756676557862,0.029155369209838012,2.048448868836891,1,2024-02-01,0.5184331797235056,0,TRUE,FALSE,FALSE,FALSE,train
108,Lentils,1909,Gampaha,Western,Gampaha,2024-02-01,349,0.5184331797235056,0.5184331797235056,5.855071922202427,0.00517093941623159,4.107946026986503,0.025965102288802937,1.888318291455265,2,2024-07-01,NA,0,TRUE,TRUE,FALSE,FALSE,inference
108,Lentils,1909,Gampaha,Western,Gampaha,2024-07-01,328,NA,NA,5.793013608384144,NA,0.5184331797235056,0.024810381506601063,2.313189603355004,7,2024-08-01,1.1432926829268293,0,TRUE,FALSE,FALSE,FALSE,train
108,Lentils,1909,Gampaha,Western,Gampaha,2024-08-01,324.25,-1.1432926829268293,1.1432926829268293,5.781514823196553,-0.011498785187590954,NA,0.011787275307875156,0.8308629313251674,8,2024-09-01,1.8041634541249105,0,FALSE,FALSE,FALSE,FALSE,excluded
108,Lentils,1909,Gampaha,Western,Gampaha,2024-09-01,330.1,1.8041634541249105,1.8041634541249105,5.799395638859147,0.01788081566259425,1.1432926829268293,0.020774514989720015,1.4737280685258698,9,2024-10-01,5.837624962132698,0,TRUE,FALSE,FALSE,FALSE,train
108,Lentils,1909,Gampaha,Western,Gampaha,2024-10-01,310.83,-5.837624962132698,5.837624962132698,5.73924613893177,-0.060149499927377725,1.8041634541249105,0.039409777005795,2.928360366394813,10,2024-11-01,0.15442524852812192,0,TRUE,FALSE,FALSE,FALSE,train
108,Lentils,1909,Gampaha,Western,Gampaha,2024-11-01,310.35,-0.15442524852812192,0.15442524852812192,5.7377006928596614,-0.0015454460721082697,5.837624962132698,0.04062130993359502,2.59873788826191,11,2024-12-01,1.401643305944908,0,TRUE,FALSE,FALSE,FALSE,train
108,Lentils,1909,Gampaha,Western,Gampaha,2024-12-01,306,-1.401643305944908,1.401643305944908,5.723585101952381,-0.014115590907280762,0.15442524852812192,0.03085332086156232,2.4645645055352428,12,2025-01-01,4.140522875816998,0,TRUE,FALSE,FALSE,FALSE,train
108,Lentils,1909,Gampaha,Western,Gampaha,2025-01-01,293.33,-4.140522875816998,4.140522875816998,5.681298255103212,-0.04228684684916839,1.401643305944908,0.020862605860716393,1.8988638100966762,1,2025-02-01,0.7125080966829277,0,TRUE,FALSE,FALSE,FALSE,validation
108,Lentils,1909,Gampaha,Western,Gampaha,2025-02-01,295.42,0.7125080966829277,0.7125080966829277,5.688398072612454,0.007099817509241824,4.140522875816998,0.02477483882246079,2.084891426148278,2,2025-03-01,0.8767178931690581,0,TRUE,FALSE,FALSE,FALSE,validation
108,Lentils,1909,Gampaha,Western,Gampaha,2025-03-01,292.83,-0.8767178931690581,0.8767178931690581,5.679592235854983,-0.008805836757471042,0.7125080966829277,0.02520916001133585,1.9099162885563281,3,2025-04-01,1.4513540279342965,0,TRUE,FALSE,FALSE,FALSE,validation
108,Lentils,1909,Gampaha,Western,Gampaha,2025-04-01,297.08,1.4513540279342965,1.4513540279342965,5.694001462801095,0.014409226946112241,0.8767178931690581,0.011869825095098928,1.0135266725954275,4,2025-05-01,0.9458731654773133,0,TRUE,FALSE,FALSE,FALSE,test
108,Lentils,1909,Gampaha,Western,Gampaha,2025-05-01,294.27,-0.9458731654773133,0.9458731654773133,5.684497713244334,-0.009503749556761143,1.4513540279342965,0.013609167928666184,1.0913150288602227,5,2025-06-01,0.9990824752778054,0,TRUE,FALSE,FALSE,FALSE,test
108,Lentils,1909,Gampaha,Western,Gampaha,2025-06-01,291.33,-0.9990824752778054,0.9990824752778054,5.674456645274372,-0.010041067969962292,0.9458731654773133,0.013963858574830238,1.1321032228964718,6,2025-07-01,0.4908522980812161,0,TRUE,FALSE,FALSE,FALSE,test
108,Lentils,1909,Gampaha,Western,Gampaha,2025-07-01,289.9,-0.4908522980812161,0.4908522980812161,5.66953603592761,-0.004920609346761751,0.9990824752778054,0.00281404163003994,0.8119359796121116,7,2025-08-01,7.547430148327009,0,TRUE,FALSE,FALSE,FALSE,test
108,Lentils,1909,Gampaha,Western,Gampaha,2025-08-01,268.02,-7.547430148327009,7.547430148327009,5.591061604592082,-0.07847443133552812,0.4908522980812161,0.041068051344061045,3.0124549738953434,8,2025-09-01,1.391687187523326,0,TRUE,FALSE,FALSE,FALSE,test
108,Lentils,1909,Gampaha,Western,Gampaha,2025-09-01,271.75,1.391687187523326,1.391687187523326,5.604882526001319,0.013820921409236853,7.547430148327009,0.04878497351048744,3.143323211310517,9,NA,NA,0,TRUE,TRUE,FALSE,FALSE,inference
108,Lentils,1910,Galle,Southern,Galle,2023-06-01,309.25,NA,NA,5.734150011272598,NA,NA,NA,NA,6,2023-07-01,5.060630557801125,0,FALSE,FALSE,FALSE,FALSE,excluded
108,Lentils,1910,Galle,Southern,Galle,2023-07-01,293.6,-5.060630557801125,5.060630557801125,5.682218296740361,-0.05193171453223666,NA,NA,5.060630557801125,7,2023-08-01,8.082425068119878,0,FALSE,FALSE,FALSE,FALSE,excluded
108,Lentils,1910,Galle,Southern,Galle,2023-08-01,317.33,8.082425068119878,8.082425068119878,5.759942241866406,0.07772394512604475,5.060630557801125,0.09168039616358586,6.571527812960502,8,2023-09-01,5.095641760942873,0,TRUE,FALSE,FALSE,FALSE,train
108,Lentils,1910,Galle,Southern,Galle,2023-09-01,333.5,5.095641760942873,5.095641760942873,5.809642865355678,0.04970062348927229,8.082425068119878,0.06822148826762767,6.079565795621292,9,2023-10-01,1.5292353823088525,0,TRUE,FALSE,FALSE,FALSE,train
108,Lentils,1910,Galle,Southern,Galle,2023-10-01,328.4,-1.5292353823088525,1.5292353823088525,5.794232377578273,-0.01541048777740528,5.095641760942873,0.047782120013987975,4.902434070457201,10,2023-11-01,0.5785627283800175,0,TRUE,FALSE,FALSE,FALSE,train
108,Lentils,1910,Galle,Southern,Galle,2023-11-01,326.5,-0.5785627283800175,0.5785627283800175,5.788429948716486,-0.005802428861787057,1.5292353823088525,0.0351481636001847,2.4011466238772474,11,2023-12-01,1.761102603369066,0,TRUE,FALSE,FALSE,FALSE,train
108,Lentils,1910,Galle,Southern,Galle,2023-12-01,332.25,1.761102603369066,1.761102603369066,5.805887697593355,0.01745774887686924,0.5785627283800175,0.016900057422591142,1.2896335713526454,12,2024-01-01,2.558314522197141,0,TRUE,FALSE,FALSE,FALSE,train
108,Lentils,1910,Galle,Southern,Galle,2024-01-01,323.75,-2.558314522197141,2.558314522197141,5.779971613013747,-0.025916084579607812,1.761102603369066,0.021705930232231902,1.632659951315408,1,2024-02-01,0.1945945945945932,0,TRUE,FALSE,FALSE,FALSE,train
108,Lentils,1910,Galle,Southern,Galle,2024-02-01,323.12,-0.1945945945945932,0.1945945945945932,5.778023771255158,-0.0019478417585894192,2.558314522197141,0.02172687675264789,1.5046705733869334,2,2024-03-01,0.2878187670215421,0,TRUE,FALSE,FALSE,FALSE,train
108,Lentils,1910,Galle,Southern,Galle,2024-03-01,322.19,-0.2878187670215421,0.2878187670215421,5.775141433638012,-0.002882337617145403,0.1945945945945932,0.01357634858597667,1.013575961271092,3,2024-04-01,1.843632639125981,0,TRUE,FALSE,FALSE,FALSE,train
108,Lentils,1910,Galle,Southern,Galle,2024-04-01,316.25,-1.843632639125981,1.843632639125981,5.75653304004173,-0.01860839359628219,0.2878187670215421,0.009360876977301594,0.7753486669140387,4,2024-05-01,0.45533596837944595,0,TRUE,FALSE,FALSE,FALSE,train
108,Lentils,1910,Galle,Southern,Galle,2024-05-01,317.69,0.45533596837944595,0.45533596837944595,5.761076064544641,0.004543024502910775,1.843632639125981,0.011821118103325003,0.8622624581756564,5,2024-06-01,4.290345934716231,0,TRUE,FALSE,FALSE,FALSE,train
108,Lentils,1910,Galle,Southern,Galle,2024-06-01,304.06,-4.290345934716231,4.290345934716231,5.71722505035269,-0.04385101419195081,0.45533596837944595,0.024204548593670962,2.1964381807405524,6,2024-07-01,4.42018022758666,0,TRUE,FALSE,FALSE,FALSE,train
108,Lentils,1910,Galle,Southern,Galle,2024-07-01,317.5,4.42018022758666,4.42018022758666,5.760477818332746,0.043252767980056284,4.290345934716231,0.043641524740271984,3.0552873768941122,7,2024-08-01,1.1811023622047243,0,TRUE,FALSE,FALSE,FALSE,train
108,Lentils,1910,Galle,Southern,Galle,2024-08-01,313.75,-1.1811023622047243,1.1811023622047243,5.748596490445994,-0.011881327886752224,4.42018022758666,0.04406226321576415,3.297209508169205,8,2024-09-01,2.1513944223107573,0,TRUE,FALSE,FALSE,FALSE,train
108,Lentils,1910,Galle,Southern,Galle,2024-09-01,307,-2.1513944223107573,2.1513944223107573,5.726847747587197,-0.021748742858797243,1.1811023622047243,0.03502934678383865,2.5842256707007136,9,2024-10-01,0.03908794788273764,0,TRUE,FALSE,FALSE,FALSE,train
108,Lentils,1910,Galle,Southern,Galle,2024-10-01,306.88,-0.03908794788273764,0.03908794788273764,5.726456791695074,-3.9095589212312376e-4,2.1513944223107573,0.01068916578378414,1.1238615774660732,10,2024-11-01,0.28675703858185464,0,TRUE,FALSE,FALSE,FALSE,train
108,Lentils,1910,Galle,Southern,Galle,2024-11-01,306,-0.28675703858185464,0.28675703858185464,5.723585101952381,-0.002871689742693029,0.03908794788273764,0.011680840715315386,0.8257464695917832,11,2024-12-01,0.03267973856209894,0,TRUE,FALSE,FALSE,FALSE,train
108,Lentils,1910,Galle,Southern,Galle,2024-12-01,306.1,0.03267973856209894,0.03267973856209894,5.723911845951367,3.267439989862453e-4,0.28675703858185464,0.0016782486889102713,0.11950824167556373,12,2025-01-01,0.3756942175759481,0,TRUE,FALSE,FALSE,FALSE,train
108,Lentils,1910,Galle,Southern,Galle,2025-01-01,307.25,0.3756942175759481,0.3756942175759481,5.7276617484461445,0.0037499024947775794,0.03267973856209894,0.0033114316200739094,0.23171033157330057,1,2025-02-01,1.545972335231896,0,TRUE,FALSE,FALSE,FALSE,validation
108,Lentils,1910,Galle,Southern,Galle,2025-02-01,302.5,-1.545972335231896,1.545972335231896,5.7120812774708964,-0.015580470975248062,0.3756942175759481,0.010315205934399984,0.651448763789981,2,2025-03-01,0.8264462809917356,0,TRUE,FALSE,FALSE,FALSE,validation
108,Lentils,1910,Galle,Southern,Galle,2025-03-01,300,-0.8264462809917356,0.8264462809917356,5.703782474656201,-0.008298802814695527,1.545972335231896,0.00976266126051704,0.9160376112665265,3,2025-04-01,0.14000000000000531,0,TRUE,FALSE,FALSE,FALSE,validation
108,Lentils,1910,Galle,Southern,Galle,2025-04-01,299.58,-0.14000000000000531,0.14000000000000531,5.702381493740573,-0.001400980915628125,0.8264462809917356,0.007090610886970165,0.8374728720745456,4,2025-05-01,0.03671807196742561,0,TRUE,FALSE,FALSE,FALSE,test
108,Lentils,1910,Galle,Southern,Galle,2025-05-01,299.69,0.03671807196742561,0.03671807196742561,5.702748607065903,3.671133253302372e-4,0.14000000000000531,0.004579013844743629,0.3343881176530555,5,2025-06-01,1.3647435683539575,0,TRUE,FALSE,FALSE,FALSE,test
108,Lentils,1910,Galle,Southern,Galle,2025-06-01,295.6,-1.3647435683539575,1.3647435683539575,5.689007189074046,-0.013741417991856686,0.03671807196742561,0.007686169401434749,0.5138205467737962,6,2025-07-01,1.0893098782138115,0,TRUE,FALSE,FALSE,FALSE,test
108,Lentils,1910,Galle,Southern,Galle,2025-07-01,292.38,-1.0893098782138115,1.0893098782138115,5.67805432608347,-0.010952862990576406,1.3647435683539575,0.007471819933544714,0.8302571728450648,7,2025-08-01,3.550174430535603,0,TRUE,FALSE,FALSE,FALSE,test
108,Lentils,1910,Galle,Southern,Galle,2025-08-01,282,-3.550174430535603,3.550174430535603,5.641907070938114,-0.036147255145356105,1.0893098782138115,0.013811559009232841,2.0014092923677906,8,2025-09-01,0.9929078014184437,0,TRUE,FALSE,FALSE,FALSE,test
108,Lentils,1910,Galle,Southern,Galle,2025-09-01,279.2,-0.9929078014184437,0.9929078014184437,5.631928370888217,-0.009978700049896538,3.550174430535603,0.014835203994035729,1.8774640367226194,9,NA,NA,0,TRUE,TRUE,FALSE,FALSE,inference
108,Lentils,1911,Kalutara,Western,Kalutara,2023-06-01,297.25,NA,NA,5.694573535570891,NA,NA,NA,NA,6,2023-07-01,2.6947014297729153,0,FALSE,FALSE,FALSE,FALSE,excluded
108,Lentils,1911,Kalutara,Western,Kalutara,2023-07-01,289.24,-2.6947014297729153,2.6947014297729153,5.667256793306751,-0.027316742264139826,NA,NA,2.6947014297729153,7,2023-08-01,3.8929608629511794,0,FALSE,FALSE,FALSE,FALSE,excluded
108,Lentils,1911,Kalutara,Western,Kalutara,2023-08-01,300.5,3.8929608629511794,3.8929608629511794,5.705447753975262,0.03819096066851113,2.6947014297729153,0.04632094096363138,3.2938311463620473,8,2023-09-01,9.068219633943428,0,TRUE,FALSE,FALSE,FALSE,train
108,Lentils,1911,Kalutara,Western,Kalutara,2023-09-01,327.75,9.068219633943428,9.068219633943428,5.792251122643809,0.08680336866854699,3.8929608629511794,0.05726811951159089,5.218627308889174,9,2023-10-01,1.388253241800156,0,TRUE,FALSE,FALSE,FALSE,train
108,Lentils,1911,Kalutara,Western,Kalutara,2023-10-01,323.2,-1.388253241800156,1.388253241800156,5.77827132664694,-0.013979795996869271,9.068219633943428,0.0504020507892564,4.7831445795649215,10,2023-11-01,2.8465346534653433,0,TRUE,FALSE,FALSE,FALSE,train
108,Lentils,1911,Kalutara,Western,Kalutara,2023-11-01,314,-2.8465346534653433,2.8465346534653433,5.749392985908253,-0.02887834073868678,1.388253241800156,0.06293047858123547,4.4343358430696425,11,2023-12-01,2.0700636942675157,0,TRUE,FALSE,FALSE,FALSE,train
108,Lentils,1911,Kalutara,Western,Kalutara,2023-12-01,320.5,2.0700636942675157,2.0700636942675157,5.7698822763607245,0.020489290452471387,2.8465346534653433,0.02532208379228913,2.101617196511005,12,2024-01-01,1.0920436817472698,0,TRUE,FALSE,FALSE,FALSE,train
108,Lentils,1911,Kalutara,Western,Kalutara,2024-01-01,317,-1.0920436817472698,1.0920436817472698,5.75890177387728,-0.010980502483444177,2.0700636942675157,0.024992810603139588,2.002880676493376,1,2024-02-01,1.2618296529968454,0,TRUE,FALSE,FALSE,FALSE,train
108,Lentils,1911,Kalutara,Western,Kalutara,2024-02-01,321,1.2618296529968454,1.2618296529968454,5.771441123130016,0.012539349252735477,1.0920436817472698,0.016364254022108334,1.4746456763372102,2,2024-03-01,0.23364485981308408,0,TRUE,FALSE,FALSE,FALSE,train
108,Lentils,1911,Kalutara,Western,Kalutara,2024-03-01,320.25,-0.23364485981308408,0.23364485981308408,5.769101940776844,-0.002339182353171765,1.2618296529968454,0.011896964192835813,0.8625060648523998,3,2024-04-01,2.763466042154574,0,TRUE,FALSE,FALSE,FALSE,train
108,Lentils,1911,Kalutara,Western,Kalutara,2024-04-01,311.4,-2.763466042154574,2.763466042154574,5.741078259399898,-0.028023681376946108,0.23364485981308408,0.020520005063005924,1.4196468516548344,4,2024-05-01,1.091843288375073,0,TRUE,FALSE,FALSE,FALSE,train
108,Lentils,1911,Kalutara,Western,Kalutara,2024-05-01,308,-1.091843288375073,1.091843288375073,5.730099782973574,-0.01097847642632388,2.763466042154574,0.013069493129634516,1.3629847301142437,5,2024-06-01,0.487012987012987,0,TRUE,FALSE,FALSE,FALSE,train
108,Lentils,1911,Kalutara,Western,Kalutara,2024-06-01,306.5,-0.487012987012987,0.487012987012987,5.725217755376266,-0.004882027597307825,1.091843288375073,0.011994733843025825,1.4474407725142113,6,2024-07-01,0.3262642740619902,0,TRUE,FALSE,FALSE,FALSE,train
108,Lentils,1911,Kalutara,Western,Kalutara,2024-07-01,305.5,-0.3262642740619902,0.3262642740619902,5.72194977861165,-0.0032679767646159874,0.487012987012987,0.00406660491992444,0.6350401831500168,7,2024-09-01,NA,0,TRUE,TRUE,FALSE,FALSE,inference
108,Lentils,1911,Kalutara,Western,Kalutara,2024-09-01,283.25,NA,NA,5.646329899908116,NA,0.3262642740619902,0.0011413062889761923,0.4066386305374886,9,2024-10-01,0.7131509267431533,0,TRUE,FALSE,FALSE,FALSE,train
108,Lentils,1911,Kalutara,Western,Kalutara,2024-10-01,285.27,0.7131509267431533,0.7131509267431533,5.653436100219462,0.007106200311346456,NA,0.0073356509596430725,0.5197076004025718,10,2024-11-01,1.163809724121006,0,FALSE,FALSE,FALSE,FALSE,excluded
108,Lentils,1911,Kalutara,Western,Kalutara,2024-11-01,288.59,1.163809724121006,1.163809724121006,5.665006995704794,0.011570895485331967,0.7131509267431533,0.0031570162334560075,0.9384803254320796,11,2024-12-01,0.7450015593055814,0,TRUE,FALSE,FALSE,FALSE,train
108,Lentils,1911,Kalutara,Western,Kalutara,2024-12-01,286.44,-0.7450015593055814,0.7450015593055814,5.657529090138739,-0.0074779055660547655,1.163809724121006,0.009962316236156886,0.8739874033899135,12,2025-01-01,0.5027230833682439,0,TRUE,FALSE,FALSE,FALSE,train
108,Lentils,1911,Kalutara,Western,Kalutara,2025-01-01,285,-0.5027230833682439,0.5027230833682439,5.652489180268651,-0.005039909870088621,0.7450015593055814,0.010365965938786819,0.8038447889316104,1,2025-02-01,0.21052631578948167,0,TRUE,FALSE,FALSE,FALSE,validation
108,Lentils,1911,Kalutara,Western,Kalutara,2025-02-01,285.6,0.21052631578948167,0.21052631578948167,5.654592230465429,0.0021030501967782556,0.5027230833682439,0.0049792973878478005,0.48608365282110233,2,2025-03-01,3.480392156862744,0,TRUE,FALSE,FALSE,FALSE,validation
108,Lentils,1911,Kalutara,Western,Kalutara,2025-03-01,275.66,-3.480392156862744,3.480392156862744,5.619168222266293,-0.03542400819913638,0.21052631578948167,0.019926930779042402,1.3978805186734897,3,2025-04-01,1.091924834941612,0,TRUE,FALSE,FALSE,FALSE,validation
108,Lentils,1911,Kalutara,Western,Kalutara,2025-04-01,272.65,-1.091924834941612,1.091924834941612,5.60818892137207,-0.010979300894222277,3.480392156862744,0.01904806086867948,1.594281102531279,4,2025-05-01,1.7458279845956322,0,TRUE,FALSE,FALSE,FALSE,test
108,Lentils,1911,Kalutara,Western,Kalutara,2025-05-01,267.89,-1.7458279845956322,1.7458279845956322,5.590576448492924,-0.017612472879146246,1.091924834941612,0.012641159468575639,2.106048325466663,5,2025-06-01,0.46287655380940274,0,TRUE,FALSE,FALSE,FALSE,test
108,Lentils,1911,Kalutara,Western,Kalutara,2025-06-01,266.65,-0.46287655380940274,0.46287655380940274,5.585936937046611,-0.004639511446312916,1.7458279845956322,0.006487033594835985,1.100209791115549,6,2025-07-01,1.087567972998304,0,TRUE,FALSE,FALSE,FALSE,test
108,Lentils,1911,Kalutara,Western,Kalutara,2025-07-01,263.75,-1.087567972998304,1.087567972998304,5.575001684790276,-0.010935252256334849,0.46287655380940274,0.006487415457772256,1.098757503801113,7,2025-08-01,3.4123222748815163,0,TRUE,FALSE,FALSE,FALSE,test
108,Lentils,1911,Kalutara,Western,Kalutara,2025-08-01,254.75,-3.4123222748815163,3.4123222748815163,5.540282672102834,-0.03471901268744215,1.087567972998304,0.015864425651471368,1.6542556005630744,8,2025-09-01,1.2757605495583906,0,TRUE,FALSE,FALSE,FALSE,test
108,Lentils,1911,Kalutara,Western,Kalutara,2025-09-01,258,1.2757605495583906,1.2757605495583906,5.552959584921617,0.012676912818783137,3.4123222748815163,0.02369801452432455,1.9252169324794037,9,NA,NA,0,TRUE,TRUE,FALSE,FALSE,inference
108,Lentils,1912,Kandy,Central,Kandy,2023-06-01,317.5,NA,NA,5.760477818332746,NA,NA,NA,NA,6,2023-07-01,4.629921259842516,0,FALSE,FALSE,FALSE,FALSE,excluded
108,Lentils,1912,Kandy,Central,Kandy,2023-07-01,302.8,-4.629921259842516,4.629921259842516,5.713072521563293,-0.04740529676945293,NA,NA,4.629921259842516,7,2023-08-01,4.029062087186257,0,FALSE,FALSE,FALSE,FALSE,excluded
108,Lentils,1912,Kandy,Central,Kandy,2023-08-01,315,4.029062087186257,4.029062087186257,5.752572638825633,0.03950011726233971,4.629921259842516,0.06145140758370512,4.3294916735143865,8,2023-09-01,6.349206349206349,0,TRUE,FALSE,FALSE,FALSE,train
108,Lentils,1912,Kandy,Central,Kandy,2023-09-01,335,6.349206349206349,6.349206349206349,5.814130531825066,0.06155789299943315,4.029062087186257,0.05760797569653513,5.002729898745041,9,2023-10-01,1.8208955223880667,0,TRUE,FALSE,FALSE,FALSE,train
108,Lentils,1912,Kandy,Central,Kandy,2023-10-01,341.1,1.8208955223880667,1.8208955223880667,5.8321756894246,0.01804515759953418,6.349206349206349,0.021757063629168582,4.066387986260224,10,2023-11-01,1.2547639988273154,0,TRUE,FALSE,FALSE,FALSE,train
108,Lentils,1912,Kandy,Central,Kandy,2023-11-01,345.38,1.2547639988273154,1.2547639988273154,5.844645260156524,0.01246957073192334,1.8208955223880667,0.026876596677961277,3.141621956807244,11,2023-12-01,1.8472407203659724,0,TRUE,FALSE,FALSE,FALSE,train
108,Lentils,1912,Kandy,Central,Kandy,2023-12-01,339,-1.8472407203659724,1.8472407203659724,5.82600010738045,-0.018645152776073814,1.2547639988273154,0.019771157710816334,1.6409667471937848,12,2024-01-01,0.4129793510324417,0,TRUE,FALSE,FALSE,FALSE,train
108,Lentils,1912,Kandy,Central,Kandy,2024-01-01,340.4,0.4129793510324417,0.4129793510324417,5.830121396699219,0.004121289318769428,1.8472407203659724,0.016104506135396664,1.1716613567419099,1,2024-02-01,0.11750881316098039,0,TRUE,FALSE,FALSE,FALSE,train
108,Lentils,1912,Kandy,Central,Kandy,2024-02-01,340,-0.11750881316098039,0.11750881316098039,5.8289456176102075,-0.0011757790890118969,0.4129793510324417,0.011913219802616871,0.7925762948531315,2,2024-03-01,0,0,TRUE,FALSE,FALSE,FALSE,train
108,Lentils,1912,Kandy,Central,Kandy,2024-03-01,340,0,0,5.8289456176102075,0,0.11750881316098039,0.00278167862485573,0.17682938806447404,3,2024-04-01,0.5882352941176471,0,TRUE,FALSE,FALSE,FALSE,train
108,Lentils,1912,Kandy,Central,Kandy,2024-04-01,338,-0.5882352941176471,0.5882352941176471,5.823045895483019,-0.005899722127188589,0,0.003122627511998358,0.23524803575954248,4,2024-05-01,7.6923076923076925,0,TRUE,FALSE,FALSE,FALSE,train
108,Lentils,1912,Kandy,Central,Kandy,2024-05-01,312,-7.6923076923076925,7.6923076923076925,5.7430031878094825,-0.08004270767353638,0.5882352941176471,0.0446072192935463,2.760180995475113,5,2024-06-01,0.8012820512820512,0,TRUE,FALSE,FALSE,FALSE,train
108,Lentils,1912,Kandy,Central,Kandy,2024-06-01,314.5,0.8012820512820512,0.8012820512820512,5.750984076140496,0.00798088833101307,7.6923076923076925,0.047325129170435465,3.02727501256913,6,2024-07-01,1.1128775834658187,0,TRUE,FALSE,FALSE,FALSE,train
108,Lentils,1912,Kandy,Central,Kandy,2024-07-01,318,1.1128775834658187,1.1128775834658187,5.762051382780177,0.011067306639681362,0.8012820512820512,0.05173444072005766,3.2021557756851875,7,2024-08-01,3.4276729559748356,0,TRUE,FALSE,FALSE,FALSE,train
108,Lentils,1912,Kandy,Central,Kandy,2024-08-01,307.1,-3.4276729559748356,3.4276729559748356,5.727173427446777,-0.03487795533339977,1.1128775834658187,0.025681944228068476,1.780610863574235,8,2024-09-01,0.7489417127971382,0,TRUE,FALSE,FALSE,FALSE,train
108,Lentils,1912,Kandy,Central,Kandy,2024-09-01,304.8,-0.7489417127971382,0.7489417127971382,5.7196558238124915,-0.007517603634285663,3.4276729559748356,0.023111883064654844,1.7631640840792642,9,2024-10-01,0.7217847769028835,0,TRUE,FALSE,FALSE,FALSE,train
108,Lentils,1912,Kandy,Central,Kandy,2024-10-01,307,0.7217847769028835,0.7217847769028835,5.726847747587197,0.007191923774705344,0.7489417127971382,0.0213496048748201,1.6327998152249523,10,2024-11-01,0.39087947882735785,0,TRUE,FALSE,FALSE,FALSE,train
108,Lentils,1912,Kandy,Central,Kandy,2024-11-01,308.2,0.39087947882735785,0.39087947882735785,5.730748922886015,0.0039011752988180604,0.7217847769028835,0.00771997122674372,0.6205353228424598,11,2024-12-01,0.58403634003893945,0,TRUE,FALSE,FALSE,FALSE,train
108,Lentils,1912,Kandy,Central,Kandy,2024-12-01,306.4,-0.58403634003893945,0.58403634003893945,5.724891437866436,-0.005857485019578945,0.39087947882735785,0.006786598885816014,0.5655668652563935,12,2025-01-01,0,0,TRUE,FALSE,FALSE,FALSE,train
108,Lentils,1912,Kandy,Central,Kandy,2025-01-01,306.4,0,0,5.724891437866436,0,0.58403634003893945,0.004911903071053626,0.3249719396220991,1,2025-02-01,0.9464751958224469,0,TRUE,FALSE,FALSE,FALSE,validation
108,Lentils,1912,Kandy,Central,Kandy,2025-02-01,303.5,-0.9464751958224469,0.9464751958224469,5.715381610499553,-0.009509827366882995,0,0.004797335231223319,0.5101705119537955,2,2025-03-01,1.2850082372322824,0,TRUE,FALSE,FALSE,FALSE,validation
108,Lentils,1912,Kandy,Central,Kandy,2025-03-01,299.6,-1.2850082372322824,1.2850082372322824,5.702448251643064,-0.01293335885648883,0.9464751958224469,0.0067011088102263295,0.7438278110182431,3,2025-04-01,2.202937249666229,0,TRUE,FALSE,FALSE,FALSE,validation
108,Lentils,1912,Kandy,Central,Kandy,2025-04-01,293,-2.202937249666229,2.202937249666229,5.680172609017068,-0.02227564262599646,1.2850082372322824,0.006607632873177084,1.4781402275736528,4,2025-05-01,1.023890784982935,0,TRUE,FALSE,FALSE,FALSE,test
108,Lentils,1912,Kandy,Central,Kandy,2025-05-01,290,-1.023890784982935,1.023890784982935,5.66988092298052,-0.010291686036548064,2.202937249666229,0.006296452928109645,1.5039454239604821,5,2025-06-01,2.0689655172413794,0,TRUE,FALSE,FALSE,FALSE,test
108,Lentils,1912,Kandy,Central,Kandy,2025-06-01,284,-2.0689655172413794,2.0689655172413794,5.648974238161206,-0.020906684819313348,1.023890784982935,0.00655956629882864,1.7652645172968477,6,2025-07-01,1.056338028169014,0,TRUE,FALSE,FALSE,FALSE,test
108,Lentils,1912,Kandy,Central,Kandy,2025-07-01,281,-1.056338028169014,1.056338028169014,5.638354669333745,-0.010619568827460846,2.0689655172413794,0.006036147525705899,1.3830647767977762,7,2025-08-01,3.9145907473309607,0,TRUE,FALSE,FALSE,FALSE,test
108,Lentils,1912,Kandy,Central,Kandy,2025-08-01,270,-3.9145907473309607,3.9145907473309607,5.598421958998375,-0.03993271033537038,1.056338028169014,0.014872091690087453,2.3466314309137846,8,2025-09-01,0,0,TRUE,FALSE,FALSE,FALSE,test
108,Lentils,1912,Kandy,Central,Kandy,2025-09-01,270,0,0,5.598421958998375,0,3.9145907473309607,0.020682749905305563,1.6569762584999916,9,NA,NA,0,TRUE,TRUE,FALSE,FALSE,inference
108,Lentils,1913,Kegalle,Sabaragamuwa,Kegalle,2023-06-01,320.62,NA,NA,5.770256621261527,NA,NA,NA,NA,6,2023-07-01,3.0940053646060806,0,FALSE,FALSE,FALSE,FALSE,excluded
108,Lentils,1913,Kegalle,Sabaragamuwa,Kegalle,2023-07-01,310.7,-3.0940053646060806,3.0940053646060806,5.738827816399001,-0.03142880486252597,NA,NA,3.0940053646060806,7,2023-08-01,3.997425168973291,0,FALSE,FALSE,FALSE,FALSE,excluded
108,Lentils,1913,Kegalle,Sabaragamuwa,Kegalle,2023-08-01,323.12,3.997425168973291,3.997425168973291,5.778023771255158,0.039195954856156234,3.0940053646060806,0.04993924651675072,3.545715266789686,8,2023-09-01,3.484773458776922,0,TRUE,FALSE,FALSE,FALSE,train
108,Lentils,1913,Kegalle,Sabaragamuwa,Kegalle,2023-09-01,334.38,3.484773458776922,3.484773458776922,5.8122780708095,0.034254299554342005,3.997425168973291,0.039426190213022794,3.525401330785431,9,2023-10-01,2.1562294395597763,0,TRUE,FALSE,FALSE,FALSE,train
108,Lentils,1913,Kegalle,Sabaragamuwa,Kegalle,2023-10-01,327.17,-2.1562294395597763,2.1562294395597763,5.790479913483513,-0.021798157325986445,3.484773458776922,0.03387865503118159,3.2128093557699966,10,2023-11-01,0.7702417703334602,0,TRUE,FALSE,FALSE,FALSE,train
108,Lentils,1913,Kegalle,Sabaragamuwa,Kegalle,2023-11-01,329.69,0.7702417703334602,0.7702417703334602,5.798152819014124,0.007672905530610841,2.1562294395597763,0.02803863993510693,2.1370815562233862,11,2023-12-01,5.213988898662379,0,TRUE,FALSE,FALSE,FALSE,train
108,Lentils,1913,Kegalle,Sabaragamuwa,Kegalle,2023-12-01,346.88,5.213988898662379,5.213988898662379,5.848978898811227,0.05082607979710296,0.7702417703334602,0.03652629147359124,2.713486702851872,12,2024-01-01,0.9253920664206583,0,TRUE,FALSE,FALSE,FALSE,train
108,Lentils,1913,Kegalle,Sabaragamuwa,Kegalle,2024-01-01,343.67,-0.9253920664206583,0.9253920664206583,5.83968189462286,-0.009297004188367097,5.213988898662379,0.03099720286592643,2.3032075784721657,1,2024-02-01,0.5092094160095441,0,TRUE,FALSE,FALSE,FALSE,train
108,Lentils,1913,Kegalle,Sabaragamuwa,Kegalle,2024-02-01,345.42,0.5092094160095441,0.5092094160095441,5.8447610679157735,0.00507917329291363,0.9253920664206583,0.03139596354522932,2.216196793697527,2,2024-03-01,1.5691042788489422,0,TRUE,FALSE,FALSE,FALSE,train
108,Lentils,1913,Kegalle,Sabaragamuwa,Kegalle,2024-03-01,340,-1.5691042788489422,1.5691042788489422,5.8289456176102075,-0.01581545030556608,0.5092094160095441,0.010690727400246243,1.001235253759715,3,2024-04-01,2.7647058823529345,0,TRUE,FALSE,FALSE,FALSE,train
108,Lentils,1913,Kegalle,Sabaragamuwa,Kegalle,2024-04-01,330.6,-2.7647058823529345,2.7647058823529345,5.8009091853869235,-0.028036432223284002,1.5691042788489422,0.016746049400081165,1.6143398590704736,4,2024-05-01,2.4500907441016397,0,TRUE,FALSE,FALSE,FALSE,train
108,Lentils,1913,Kegalle,Sabaragamuwa,Kegalle,2024-05-01,322.5,-2.4500907441016397,2.4500907441016397,5.776103136235827,-0.02480604915109641,2.7647058823529345,0.006332701390764132,2.2613003017678386,5,2024-06-01,0,0,TRUE,FALSE,FALSE,FALSE,train
108,Lentils,1913,Kegalle,Sabaragamuwa,Kegalle,2024-06-01,322.5,0,0,5.776103136235827,0,2.4500907441016397,0.015339583768203994,1.7382655421515247,6,2024-07-01,1.550387596899225,0,TRUE,FALSE,FALSE,FALSE,train
108,Lentils,1913,Kegalle,Sabaragamuwa,Kegalle,2024-07-01,317.5,-1.550387596899225,1.550387596899225,5.760477818332746,-0.01562531790308075,0,0.012541773268476551,1.3334927803336216,7,2024-08-01,2.7559055118110236,0,TRUE,FALSE,FALSE,FALSE,train
108,Lentils,1913,Kegalle,Sabaragamuwa,Kegalle,2024-08-01,308.75,-2.7559055118110236,2.7559055118110236,5.732531887942187,-0.02794593039055915,1.550387596899225,0.01400549342837137,1.4354310362367495,8,2024-09-01,0.4048582995951417,0,TRUE,FALSE,FALSE,FALSE,train
108,Lentils,1913,Kegalle,Sabaragamuwa,Kegalle,2024-09-01,307.5,-0.4048582995951417,0.4048582995951417,5.728475087246572,-0.004056800695614982,2.7559055118110236,0.011946537852922797,1.5703838027684633,9,2024-10-01,0.40650406504065045,0,TRUE,FALSE,FALSE,FALSE,train
108,Lentils,1913,Kegalle,Sabaragamuwa,Kegalle,2024-10-01,308.75,0.40650406504065045,0.40650406504065045,5.732531887942187,0.004056800695614982,0.4048582995951417,0.016636785757729807,1.1890892921489387,10,2024-11-01,0.4048582995951417,0,TRUE,FALSE,FALSE,FALSE,train
108,Lentils,1913,Kegalle,Sabaragamuwa,Kegalle,2024-11-01,307.5,-0.4048582995951417,0.4048582995951417,5.728475087246572,-0.004056800695614982,0.40650406504065045,0.004684389947323941,0.40540688807697794,11,2024-12-01,2.6569105691056962,0,TRUE,FALSE,FALSE,FALSE,train
108,Lentils,1913,Kegalle,Sabaragamuwa,Kegalle,2024-12-01,299.33,-2.6569105691056962,2.6569105691056962,5.701546643714624,-0.0269284435319479,0.4048582995951417,0.01606771054740047,1.1560909779138295,12,2025-01-01,1.3363177763672203,0,TRUE,FALSE,FALSE,FALSE,train
108,Lentils,1913,Kegalle,Sabaragamuwa,Kegalle,2025-01-01,303.33,1.3363177763672203,1.3363177763672203,5.714821321771417,0.013274678056792943,2.6569105691056962,0.02016508197874495,1.4660288816893527,1,2025-02-01,2.4725546434576207,0,TRUE,FALSE,FALSE,FALSE,validation
108,Lentils,1913,Kegalle,Sabaragamuwa,Kegalle,2025-02-01,295.83,-2.4725546434576207,2.4725546434576207,5.689784965012348,-0.025036356759069456,1.3363177763672203,0.02268482005842013,2.155260996310179,2,2025-03-01,2.758340939052824,0,TRUE,FALSE,FALSE,FALSE,validation
108,Lentils,1913,Kegalle,Sabaragamuwa,Kegalle,2025-03-01,287.67,-2.758340939052824,2.758340939052824,5.6618139898337,-0.027970975178647883,2.4725546434576207,0.02301286337663127,2.189071119625888,3,2025-04-01,1.1228143358709695,0,TRUE,FALSE,FALSE,FALSE,validation
108,Lentils,1913,Kegalle,Sabaragamuwa,Kegalle,2025-04-01,284.44,-1.1228143358709695,1.1228143358709695,5.650522335015317,-0.011291654818382568,2.758340939052824,0.008904386038981126,2.117903306127138,4,2025-05-01,0.5343833497398333,0,TRUE,FALSE,FALSE,FALSE,test
108,Lentils,1913,Kegalle,Sabaragamuwa,Kegalle,2025-05-01,282.92,-0.5343833497398333,0.5343833497398333,5.64516417216779,-0.005358162847527659,1.1228143358709695,0.011724229442846294,1.471846208221209,5,2025-06-01,0.32518026297187047,0,TRUE,FALSE,FALSE,FALSE,test
108,Lentils,1913,Kegalle,Sabaragamuwa,Kegalle,2025-06-01,282,-0.32518026297187047,0.32518026297187047,5.641907070938114,-0.0032571012296758184,0.5343833497398333,0.00416683009532847,0.6607926495275578,6,2025-07-01,3.13120567375886,0,TRUE,FALSE,FALSE,FALSE,test
108,Lentils,1913,Kegalle,Sabaragamuwa,Kegalle,2025-07-01,290.83,3.13120567375886,3.13120567375886,5.672738904024739,0.030831833086625515,0.32518026297187047,0.020314960449781583,1.3302564288235212,7,2025-08-01,2.2899975930956122,0,TRUE,FALSE,FALSE,FALSE,test
108,Lentils,1913,Kegalle,Sabaragamuwa,Kegalle,2025-08-01,284.17,-2.2899975930956122,2.2899975930956122,5.649572650626043,-0.02316625339869649,3.13120567375886,0.02730757870075217,1.9154611766087808,8,2025-09-01,1.935461167610937,0,TRUE,FALSE,FALSE,FALSE,test
108,Lentils,1913,Kegalle,Sabaragamuwa,Kegalle,2025-09-01,278.67,-1.935461167610937,1.935461167610937,5.630028286067539,-0.019544364558504057,2.2899975930956122,0.030184633817082557,2.4522214781551366,9,NA,NA,0,TRUE,TRUE,FALSE,FALSE,inference
108,Lentils,1914,Kurunegala,North Western,Kurunegala,2023-06-01,321.17,NA,NA,5.771970577959644,NA,NA,NA,NA,6,2023-07-01,2.0238502973503127,0,FALSE,FALSE,FALSE,FALSE,excluded
108,Lentils,1914,Kurunegala,North Western,Kurunegala,2023-07-01,314.67,-2.0238502973503127,2.0238502973503127,5.751524470641622,-0.020446107318021767,NA,NA,2.0238502973503127,7,2023-08-01,0.2129214732894829,0,FALSE,FALSE,FALSE,FALSE,excluded
108,Lentils,1914,Kurunegala,North Western,Kurunegala,2023-08-01,314,-0.2129214732894829,0.2129214732894829,5.749392985908253,-0.0021314847333693265,2.0238502973503127,0.012950393824480036,1.1183858853198978,8,2023-09-01,8.9171974522293,0,TRUE,FALSE,FALSE,FALSE,train
108,Lentils,1914,Kurunegala,North Western,Kurunegala,2023-09-01,342,8.9171974522293,8.9171974522293,5.834810737062605,0.08541775115435168,0.2129214732894829,0.0565795172531556,3.717989740956365,9,2023-10-01,1.1695906432748537,0,TRUE,FALSE,FALSE,FALSE,train
108,Lentils,1914,Kurunegala,North Western,Kurunegala,2023-10-01,346,1.1695906432748537,1.1695906432748537,5.846438775057725,0.011628037995119911,8.9171974522293,0.04707992307123659,3.433236522931212,10,2023-11-01,0.7225433526011561,0,TRUE,FALSE,FALSE,FALSE,train
108,Lentils,1914,Kurunegala,North Western,Kurunegala,2023-11-01,343.5,-0.7225433526011561,0.7225433526011561,5.839187111662404,-0.0072516633953210174,1.1695906432748537,0.048971054861848426,3.6031104827017697,11,2023-12-01,0.3260553129548776,0,TRUE,FALSE,FALSE,FALSE,train
108,Lentils,1914,Kurunegala,North Western,Kurunegala,2023-12-01,342.38,-0.3260553129548776,0.3260553129548776,5.835921231346632,-0.0032658803157712413,0.7225433526011561,0.009951200882313493,0.7393964362769625,12,2024-01-01,1.4077925112448137,0,TRUE,FALSE,FALSE,FALSE,train
108,Lentils,1914,Kurunegala,North Western,Kurunegala,2024-01-01,347.2,1.4077925112448137,1.4077925112448137,5.849900982786195,0.013979751439562982,0.3260553129548776,0.011284733472622425,0.8187970589336158,1,2024-02-01,0.5529953917050737,0,TRUE,FALSE,FALSE,FALSE,train
108,Lentils,1914,Kurunegala,North Western,Kurunegala,2024-02-01,349.12,0.5529953917050737,0.5529953917050737,5.855415702644706,0.005514719858510375,1.4077925112448137,0.008623297065985497,0.762281071968255,2,2024-03-01,2.0394133822181497,0,TRUE,FALSE,FALSE,FALSE,train
108,Lentils,1914,Kurunegala,North Western,Kurunegala,2024-03-01,342,-2.0394133822181497,2.0394133822181497,5.834810737062605,-0.02060496558210101,0.5529953917050737,0.01802774426013637,1.3334004283893457,3,2024-04-01,2.5146198830409423,0,TRUE,FALSE,FALSE,FALSE,train
108,Lentils,1914,Kurunegala,North Western,Kurunegala,2024-04-01,333.4,-2.5146198830409423,2.5146198830409423,5.809342970316694,-0.025467766745911113,2.0394133822181497,0.01666232916325724,1.7023428856547218,4,2024-05-01,1.1337732453509217,0,TRUE,FALSE,FALSE,FALSE,train
108,Lentils,1914,Kurunegala,North Western,Kurunegala,2024-05-01,329.62,-1.1337732453509217,1.1337732453509217,5.797940475806034,-0.011402494510659444,2.5146198830409423,0.007143344128525206,1.8959355035366712,5,2024-06-01,3.755840058248891,0,TRUE,FALSE,FALSE,FALSE,train
108,Lentils,1914,Kurunegala,North Western,Kurunegala,2024-06-01,342,3.755840058248891,3.755840058248891,5.834810737062605,0.03687026125657056,1.1337732453509217,0.03269587274578798,2.468077728880252,6,2024-09-01,NA,0,TRUE,TRUE,FALSE,FALSE,inference
108,Lentils,1914,Kurunegala,North Western,Kurunegala,2024-09-01,312.75,NA,NA,5.745404149347021,NA,3.755840058248891,0.034133992949570355,2.4448066517999063,9,2024-10-01,3.7442046362909607,0,TRUE,FALSE,FALSE,FALSE,train
108,Lentils,1914,Kurunegala,North Western,Kurunegala,2024-10-01,301.04,-3.7442046362909607,3.7442046362909607,5.707243146285182,-0.03816100306183845,NA,0.05305511580054725,3.750022347269926,10,2024-11-01,0.34546904065903655,0,FALSE,FALSE,FALSE,FALSE,excluded
108,Lentils,1914,Kurunegala,North Western,Kurunegala,2024-11-01,302.08,0.34546904065903655,0.34546904065903655,5.710691882957136,0.003448736671953334,3.7442046362909607,0.0294225291291715,2.0448368384749984,11,2024-12-01,4.71729343220339,0,TRUE,FALSE,FALSE,FALSE,train
108,Lentils,1914,Kurunegala,North Western,Kurunegala,2024-12-01,316.33,4.71729343220339,4.71729343220339,5.756785972478502,0.0460940895213664,0.34546904065903655,0.04212860703957438,2.935655703051129,12,2025-01-01,4.372016564979605,0,TRUE,FALSE,FALSE,FALSE,train
108,Lentils,1914,Kurunegala,North Western,Kurunegala,2025-01-01,302.5,-4.372016564979605,4.372016564979605,5.7120812774708964,-0.044704695007605544,4.71729343220339,0.04542722820458299,3.144926345947344,1,2025-02-01,0.31074380165289184,0,TRUE,FALSE,FALSE,FALSE,validation
108,Lentils,1914,Kurunegala,North Western,Kurunegala,2025-02-01,301.56,-0.31074380165289184,0.31074380165289184,5.708969001343501,-0.003112276127395397,4.372016564979605,0.04545256685198534,3.1333512662786287,2,2025-03-01,0.019896538002388338,0,TRUE,FALSE,FALSE,FALSE,validation
108,Lentils,1914,Kurunegala,North Western,Kurunegala,2025-03-01,301.5,-0.019896538002388338,0.019896538002388338,5.70877001616724,-1.989851762607131e-4,0.31074380165289184,0.024897037240284532,1.5675523015449617,3,2025-04-01,4.7827529021558925,0,TRUE,FALSE,FALSE,FALSE,validation
108,Lentils,1914,Kurunegala,North Western,Kurunegala,2025-04-01,287.08,-4.7827529021558925,4.7827529021558925,5.659760922561871,-0.049009093605369536,0.019896538002388338,0.027378311987270133,1.7044644139370575,4,2025-05-01,1.2679392503831637,0,TRUE,FALSE,FALSE,FALSE,test
108,Lentils,1914,Kurunegala,North Western,Kurunegala,2025-05-01,283.44,-1.2679392503831637,1.2679392503831637,5.647000460557217,-0.012760462004654194,4.7827529021558925,0.025344889944838998,2.023529563513815,5,2025-06-01,1.93338978267006,0,TRUE,FALSE,FALSE,FALSE,test
108,Lentils,1914,Kurunegala,North Western,Kurunegala,2025-06-01,288.92,1.93338978267006,1.93338978267006,5.666149833182646,0.019149372625429706,1.2679392503831637,0.03410224175910503,2.6613606450697054,6,2025-07-01,1.7444275231898172,0,TRUE,FALSE,FALSE,FALSE,test
108,Lentils,1914,Kurunegala,North Western,Kurunegala,2025-07-01,283.88,-1.7444275231898172,1.7444275231898172,5.648551613656782,-0.0175982195258646,1.93338978267006,0.01996675141692307,1.6485855187476803,7,2025-08-01,1.9550514301817712,0,TRUE,FALSE,FALSE,FALSE,test
108,Lentils,1914,Kurunegala,North Western,Kurunegala,2025-08-01,278.33,-1.9550514301817712,1.9550514301817712,5.628807460063128,-0.019744153593653557,1.7444275231898172,0.021862055955832398,1.8776229120138828,8,2025-09-01,3.592857399489814,0,TRUE,FALSE,FALSE,FALSE,test
108,Lentils,1914,Kurunegala,North Western,Kurunegala,2025-09-01,268.33,-3.592857399489814,3.592857399489814,5.592217566313047,-0.03658989375008126,1.9550514301817712,0.010400862819016135,2.430778784287134,9,NA,NA,0,TRUE,TRUE,FALSE,FALSE,inference
108,Lentils,1915,Matale,Central,Matale,2023-06-01,286,NA,NA,5.655991810819852,NA,NA,NA,NA,6,2023-07-01,2.307692307692316,0,FALSE,FALSE,FALSE,FALSE,excluded
108,Lentils,1915,Matale,Central,Matale,2023-07-01,279.4,-2.307692307692316,2.307692307692316,5.632644446822861,-0.023347363996991,NA,NA,2.307692307692316,7,2023-08-01,5.368647100930566,0,FALSE,FALSE,FALSE,FALSE,excluded
108,Lentils,1915,Matale,Central,Matale,2023-08-01,294.4,5.368647100930566,5.368647100930566,5.684939386854721,0.052294940031859305,2.307692307692316,0.05348718612337456,3.838169704311441,8,2023-09-01,8.695652173913052,0,TRUE,FALSE,FALSE,FALSE,train
108,Lentils,1915,Matale,Central,Matale,2023-09-01,320,8.695652173913052,8.695652173913052,5.768320995793772,0.08338160893905133,5.368647100930566,0.05489264189688945,5.457330527511978,9,2023-10-01,2.2499999999999964,0,TRUE,FALSE,FALSE,FALSE,train
108,Lentils,1915,Matale,Central,Matale,2023-10-01,312.8,-2.2499999999999964,2.2499999999999964,5.745564008671156,-0.022756987122615868,8.695652173913052,0.054565823136354906,5.438099758281205,10,2023-11-01,0.25575447570332843,0,TRUE,FALSE,FALSE,FALSE,train
108,Lentils,1915,Matale,Central,Matale,2023-11-01,312,-0.25575447570332843,0.25575447570332843,5.7430031878094825,-0.0025608208616736405,2.2499999999999964,0.05636102072891914,3.733802216538792,11,2023-12-01,2.564102564102564,0,TRUE,FALSE,FALSE,FALSE,train
108,Lentils,1915,Matale,Central,Matale,2023-12-01,320,2.564102564102564,2.564102564102564,5.768320995793772,0.02531780798428951,0.25575447570332843,0.024139487023483338,1.689952346601963,12,2024-01-01,1.3124999999999964,0,TRUE,FALSE,FALSE,FALSE,train
108,Lentils,1915,Matale,Central,Matale,2024-01-01,315.8,-1.3124999999999964,1.3124999999999964,5.7551091018215415,-0.013211893972230548,2.564102564102564,0.019896403517535785,1.377452346601963,1,2024-02-01,0.9974667511083071,0,TRUE,FALSE,FALSE,FALSE,train
108,Lentils,1915,Matale,Central,Matale,2024-02-01,312.65,-0.9974667511083071,0.9974667511083071,5.745084354013307,-0.01002474780823448,1.3124999999999964,0.021384543029474238,1.6246897717369557,2,2024-03-01,1.327362865824397,0,TRUE,FALSE,FALSE,FALSE,train
108,Lentils,1915,Matale,Central,Matale,2024-03-01,308.5,-1.327362865824397,1.327362865824397,5.731721843345443,-0.013362510667864314,0.9974667511083071,0.0018850838605043018,1.2124432056442336,3,2024-04-01,1.264181523500803,0,TRUE,FALSE,FALSE,FALSE,train
108,Lentils,1915,Matale,Central,Matale,2024-04-01,304.6,-1.264181523500803,1.264181523500803,5.718999440461062,-0.01272240288438109,1.327362865824397,0.0017714279452586503,1.196337046811169,4,2024-05-01,1.0735390676296908,0,TRUE,FALSE,FALSE,FALSE,train
108,Lentils,1915,Matale,Central,Matale,2024-05-01,301.33,-1.0735390676296908,1.0735390676296908,5.708206009715981,-0.01079343074508099,1.264181523500803,0.0013373383477589718,1.2216944856516303,5,2024-06-01,0,0,TRUE,FALSE,FALSE,FALSE,train
108,Lentils,1915,Matale,Central,Matale,2024-06-01,301.33,0,0,5.708206009715981,0,1.0735390676296908,0.0068566101429637935,0.7792401970434979,6,2024-07-01,0.08960276109250279,0,TRUE,FALSE,FALSE,FALSE,train
108,Lentils,1915,Matale,Central,Matale,2024-07-01,301.6,0.08960276109250279,0.08960276109250279,5.709101636133801,8.956264178205942e-4,0,0.006505566222945017,0.38771394290739786,7,2024-08-01,2.4370026525199013,0,TRUE,FALSE,FALSE,FALSE,train
108,Lentils,1915,Matale,Central,Matale,2024-08-01,294.25,-2.4370026525199013,2.4370026525199013,5.6844297461403865,-0.02467188999341463,0.08960276109250279,0.014509779449083262,0.8422018045374681,8,2024-09-01,3.5514018691588745,0,TRUE,FALSE,FALSE,FALSE,train
108,Lentils,1915,Matale,Central,Matale,2024-09-01,283.8,-3.5514018691588745,3.5514018691588745,5.648269764725942,-0.03615998141444443,2.4370026525199013,0.018968360550116706,2.0260024275904263,9,2024-10-01,3.646934460887937,0,TRUE,FALSE,FALSE,FALSE,train
108,Lentils,1915,Matale,Central,Matale,2024-10-01,294.15,3.646934460887937,3.646934460887937,5.684089841310465,0.03582007658452291,3.5514018691588745,0.03867036551525158,3.211779660855571,10,2024-11-01,0.33996260411354756,0,TRUE,FALSE,FALSE,FALSE,train
108,Lentils,1915,Matale,Central,Matale,2024-11-01,295.15,0.33996260411354756,0.33996260411354756,5.687483701686698,0.0033938603762333486,3.646934460887937,0.03604879713093399,2.512766311386786,11,2024-12-01,0.813145858038278,0,TRUE,FALSE,FALSE,FALSE,train
108,Lentils,1915,Matale,Central,Matale,2024-12-01,292.75,-0.813145858038278,0.813145858038278,5.679319002477826,-0.008164699208871973,0.33996260411354756,0.022802486336890207,1.600014307679921,12,2025-01-01,2.0051238257899247,0,TRUE,FALSE,FALSE,FALSE,train
108,Lentils,1915,Matale,Central,Matale,2025-01-01,286.88,-2.0051238257899247,2.0051238257899247,5.659064009856823,-0.02025499262100361,0.813145858038278,0.011825422772983547,1.0527440959805834,1,2025-02-01,0.6971556051310653,0,TRUE,FALSE,FALSE,FALSE,validation
108,Lentils,1915,Matale,Central,Matale,2025-02-01,284.88,-0.6971556051310653,0.6971556051310653,5.652068038969523,-0.006995970887300196,2.0051238257899247,0.00734101239630131,1.1718084296530893,2,2025-03-01,2.2746419545071674,0,TRUE,FALSE,FALSE,FALSE,validation
108,Lentils,1915,Matale,Central,Matale,2025-03-01,278.4,-2.2746419545071674,2.2746419545071674,5.629058928460265,-0.023009110509257802,0.6971556051310653,0.008561614559858923,1.6589737951427193,3,2025-04-01,0.7938218390804525,0,TRUE,FALSE,FALSE,FALSE,validation
108,Lentils,1915,Matale,Central,Matale,2025-04-01,276.19,-0.7938218390804525,0.7938218390804525,5.62108903467167,-0.007969893788594362,2.2746419545071674,0.008977260216245049,1.2552064662395617,4,2025-05-01,0.7458633549368197,0,TRUE,FALSE,FALSE,FALSE,test
108,Lentils,1915,Matale,Central,Matale,2025-05-01,278.25,0.7458633549368197,0.7458633549368197,5.628519990155654,0.007430955483983759,0.7938218390804525,0.015220391013158708,1.2714423828414798,5,2025-06-01,2.533692722371972,0,TRUE,FALSE,FALSE,FALSE,test
108,Lentils,1915,Matale,Central,Matale,2025-06-01,271.2,-2.533692722371972,2.533692722371972,5.60285655606624,-0.02566343408941396,0.7458633549368197,0.016560425457141356,1.3577926387964148,6,2025-07-01,1.6187315634218242,0,TRUE,FALSE,FALSE,FALSE,test
108,Lentils,1915,Matale,Central,Matale,2025-07-01,266.81,-1.6187315634218242,1.6187315634218242,5.586536794598434,-0.016319761467806337,2.533692722371972,0.01706184532331153,1.6327625469102052,7,2025-08-01,1.8964806416551114,0,TRUE,FALSE,FALSE,FALSE,test
108,Lentils,1915,Matale,Central,Matale,2025-08-01,261.75,-1.8964806416551114,1.8964806416551114,5.567389849750646,-0.019146944847787672,1.6187315634218242,0.004791691002142036,2.0163016424829694,8,2025-09-01,2.292263610315186,0,TRUE,FALSE,FALSE,FALSE,test
108,Lentils,1915,Matale,Central,Matale,2025-09-01,255.75,-2.292263610315186,2.292263610315186,5.544200404831736,-0.023189444918910063,1.8964806416551114,0.0034527120598025454,1.9358252717973738,9,NA,NA,0,TRUE,TRUE,FALSE,FALSE,inference
108,Lentils,1916,Matara,Southern,Matara,2023-06-01,311.05,NA,NA,5.739953670961029,NA,NA,NA,NA,6,2023-07-01,3.642501205593951,0,FALSE,FALSE,FALSE,FALSE,excluded
108,Lentils,1916,Matara,Southern,Matara,2023-07-01,299.72,-3.642501205593951,3.642501205593951,5.70284870549611,-0.037104965464918926,NA,NA,3.642501205593951,7,2023-08-01,4.4308020819431375,0,FALSE,FALSE,FALSE,FALSE,excluded
108,Lentils,1916,Matara,Southern,Matara,2023-08-01,313,4.4308020819431375,4.4308020819431375,5.746203190540153,0.043354485044043045,3.642501205593951,0.056893423065430423,4.036651643768544,8,2023-09-01,5.5111821086261985,0,TRUE,FALSE,FALSE,FALSE,train
108,Lentils,1916,Matara,Southern,Matara,2023-09-01,330.25,5.5111821086261985,5.5111821086261985,5.799849943402434,0.05364675286228149,4.4308020819431375,0.049691596090932,4.528161798721095,9,2023-10-01,0.6813020439061317,0,TRUE,FALSE,FALSE,FALSE,train
108,Lentils,1916,Matara,Southern,Matara,2023-10-01,328,-0.6813020439061317,0.6813020439061317,5.793013608384144,-0.006836335018290285,5.5111821086261985,0.032360606491383,3.5410954114918227,10,2023-11-01,0,0,TRUE,FALSE,FALSE,FALSE,train
108,Lentils,1916,Matara,Southern,Matara,2023-11-01,328,0,0,5.793013608384144,0,0.6813020439061317,0.03312328860665352,2.0641613841774435,11,2023-12-01,0.45731707317073167,0,TRUE,FALSE,FALSE,FALSE,train
108,Lentils,1916,Matara,Southern,Matara,2023-12-01,329.5,0.45731707317073167,0.45731707317073167,5.797576353942562,0.004562745558417625,0,0.005737205497270155,0.3795397056922878,12,2024-01-01,0.5766312594840599,0,TRUE,FALSE,FALSE,FALSE,train
108,Lentils,1916,Matara,Southern,Matara,2024-01-01,327.6,-0.5766312594840599,0.5766312594840599,5.791793351978915,-0.005783001963647116,0.45731707317073167,0.00518485375127584,0.3446494442182639,1,2024-02-01,0.27472527472526775,0,TRUE,FALSE,FALSE,FALSE,train
108,Lentils,1916,Matara,Southern,Matara,2024-02-01,328.5,0.27472527472526775,0.27472527472526775,5.794536837924666,0.002743485945750912,0.5766312594840599,0.005523362402825832,0.43622453579335313,2,2024-03-01,1.06544901065449,0,TRUE,FALSE,FALSE,FALSE,train
108,Lentils,1916,Matara,Southern,Matara,2024-03-01,325,-1.06544901065449,1.06544901065449,5.783825182329737,-0.01071165559492826,0.27472527472526775,0.006807268867002413,0.6389351816212726,3,2024-04-01,0.06153846153845804,0,TRUE,FALSE,FALSE,FALSE,train
108,Lentils,1916,Matara,Southern,Matara,2024-04-01,324.8,-0.06153846153845804,0.06153846153845804,5.783209608287523,-6.155740422144618e-4,1.06544901065449,0.0070030348254823075,0.46723758230607193,4,2024-05-01,1.6317733990147818,0,TRUE,FALSE,FALSE,FALSE,train
108,Lentils,1916,Matara,Southern,Matara,2024-05-01,319.5,-1.6317733990147818,1.6317733990147818,5.766757273817589,-0.01645233446993366,0.06153846153845804,0.008017576914816117,0.9195869570692433,5,2024-06-01,1.643192488262911,0,TRUE,FALSE,FALSE,FALSE,train
108,Lentils,1916,Matara,Southern,Matara,2024-06-01,314.25,-1.643192488262911,1.643192488262911,5.750188847470357,-0.016568426347232545,1.6317733990147818,0.00917705430984137,1.1121681162720503,6,2024-07-01,1.5751789976133617,0,TRUE,FALSE,FALSE,FALSE,train
108,Lentils,1916,Matara,Southern,Matara,2024-07-01,319.2,1.5751789976133617,1.5751789976133617,5.765817865575654,0.015629018105297376,1.643192488262911,0.01855578117305587,1.6167149616303516,7,2024-08-01,1.9423558897243072,0,TRUE,FALSE,FALSE,FALSE,train
108,Lentils,1916,Matara,Southern,Matara,2024-08-01,313,-1.9423558897243072,1.9423558897243072,5.746203190540153,-0.019614675035501072,1.5751789976133617,0.019528069398293026,1.7202424585335265,8,2024-09-01,3.130990415335467,0,TRUE,FALSE,FALSE,FALSE,train
108,Lentils,1916,Matara,Southern,Matara,2024-09-01,303.2,-3.130990415335467,3.130990415335467,5.714392653768217,-0.03181053677193635,1.9423558897243072,0.024635233293824922,2.2161751008910455,9,2024-10-01,2.325197889182062,0,TRUE,FALSE,FALSE,FALSE,train
108,Lentils,1916,Matara,Southern,Matara,2024-10-01,310.25,2.325197889182062,2.325197889182062,5.737378424084716,0.022985770316499732,3.130990415335467,0.02876969545144463,2.466181398080612,10,2024-11-01,0.8058017727639,0,TRUE,FALSE,FALSE,FALSE,train
108,Lentils,1916,Matara,Southern,Matara,2024-11-01,312.75,0.8058017727639,0.8058017727639,5.745404149347021,0.008025725262304384,2.325197889182062,0.028323623801267718,2.087330025760476,11,2024-12-01,0.07993605115907274,0,TRUE,FALSE,FALSE,FALSE,train
108,Lentils,1916,Matara,Southern,Matara,2024-12-01,313,0.07993605115907274,0.07993605115907274,5.746203190540153,7.990411931322328e-4,0.8058017727639,0.011315762309369358,1.070311904368345,12,2025-01-01,1.1980830670926517,0,TRUE,FALSE,FALSE,FALSE,train
108,Lentils,1916,Matara,Southern,Matara,2025-01-01,316.75,1.1980830670926517,1.1980830670926517,5.758112819201249,0.011909628661095795,0.07993605115907274,0.005638481209954193,0.6946069636718748,1,2025-02-01,2.7624309392265194,0,TRUE,FALSE,FALSE,FALSE,validation
108,Lentils,1916,Matara,Southern,Matara,2025-02-01,308,-2.7624309392265194,2.7624309392265194,5.730099782973574,-0.028013036227674704,1.1980830670926517,0.020605016100482713,1.3468166858260813,2,2025-03-01,1.2337662337662374,0,TRUE,FALSE,FALSE,FALSE,validation
108,Lentils,1916,Matara,Southern,Matara,2025-03-01,304.2,-1.2337662337662374,1.2337662337662374,5.717685379825192,-0.012414403148381936,2.7624309392265194,0.020119621638390553,1.731426746695136,3,2025-04-01,2.011834319526629,0,TRUE,FALSE,FALSE,FALSE,validation
108,Lentils,1916,Matara,Southern,Matara,2025-04-01,298.08,-2.011834319526629,2.011834319526629,5.697361906853279,-0.020323472971913503,1.2337662337662374,0.007799573946486404,2.0026771641731287,4,2025-05-01,0.6977992485238809,0,TRUE,FALSE,FALSE,FALSE,test
108,Lentils,1916,Matara,Southern,Matara,2025-05-01,296,-0.6977992485238809,0.6977992485238809,5.69035945432406,-0.007002452529218495,2.011834319526629,0.006699405205096687,1.3144666006055825,5,2025-06-01,2.364864864864865,0,TRUE,FALSE,FALSE,FALSE,test
108,Lentils,1916,Matara,Southern,Matara,2025-06-01,289,-2.364864864864865,2.364864864864865,5.666426688112432,-0.023932766211627765,0.6977992485238809,0.008917324941835789,1.6914994776384582,6,2025-07-01,1.2110726643598615,0,TRUE,FALSE,FALSE,FALSE,test
108,Lentils,1916,Matara,Southern,Matara,2025-07-01,285.5,-1.2110726643598615,1.2110726643598615,5.654242029096065,-0.012184659016367227,2.364864864864865,0.008674760401413146,1.4245789259162025,7,2025-08-01,1.4010507880910683,0,TRUE,FALSE,FALSE,FALSE,test
108,Lentils,1916,Matara,Southern,Matara,2025-08-01,281.5,-1.4010507880910683,1.4010507880910683,5.640132447579745,-0.014109581516319913,1.2110726643598615,0.0063010357198940836,1.6589961057719316,8,2025-09-01,0.3907637655417488,0,TRUE,FALSE,FALSE,FALSE,test
108,Lentils,1916,Matara,Southern,Matara,2025-09-01,282.6,0.3907637655417488,0.3907637655417488,5.644032470250427,0.003900022670682013,1.4010507880910683,0.009889119901664646,1.0009624059975595,9,NA,NA,0,TRUE,TRUE,FALSE,FALSE,inference
108,Lentils,1917,Nuwara Eliya,Central,Nuwara Eliya,2023-06-01,309.6,NA,NA,5.735281141715572,NA,NA,NA,NA,6,2023-07-01,5.103359173126618,0,FALSE,FALSE,FALSE,FALSE,excluded
108,Lentils,1917,Nuwara Eliya,Central,Nuwara Eliya,2023-07-01,293.8,-5.103359173126618,5.103359173126618,5.682899263739777,-0.05238187797579563,NA,NA,5.103359173126618,7,2023-08-01,3.5296119809394155,0,FALSE,FALSE,FALSE,FALSE,excluded
108,Lentils,1917,Nuwara Eliya,Central,Nuwara Eliya,2023-08-01,304.17,3.5296119809394155,3.5296119809394155,5.717586755632598,0.0346874918928215,5.103359173126618,0.06156734186773882,4.316485577033017,8,2023-09-01,4.961041522832618,0,TRUE,FALSE,FALSE,FALSE,train
108,Lentils,1917,Nuwara Eliya,Central,Nuwara Eliya,2023-09-01,319.26,4.961041522832618,4.961041522832618,5.766005817836333,0.0484190622037346,3.5296119809394155,0.05466635274340582,4.531337558966217,9,2023-10-01,3.226210612040347,0,TRUE,FALSE,FALSE,FALSE,train
108,Lentils,1917,Nuwara Eliya,Central,Nuwara Eliya,2023-10-01,329.56,3.226210612040347,3.226210612040347,5.797758431447389,0.03175261361105619,4.961041522832618,0.008897003638161182,3.90562137193746,10,2023-11-01,3.887000849617673,0,TRUE,FALSE,FALSE,FALSE,train
108,Lentils,1917,Nuwara Eliya,Central,Nuwara Eliya,2023-11-01,316.75,-3.887000849617673,3.887000849617673,5.758112819201249,-0.03964561224614016,3.226210612040347,0.04678116439018671,4.024750994830213,11,2023-12-01,2.0520915548539858,0,TRUE,FALSE,FALSE,FALSE,train
108,Lentils,1917,Nuwara Eliya,Central,Nuwara Eliya,2023-12-01,323.25,2.0520915548539858,2.0520915548539858,5.778426017651967,0.020313198450717884,3.887000849617673,0.03834845901933883,3.0551010055040018,12,2024-01-01,2.2675947409126014,0,TRUE,FALSE,FALSE,FALSE,train
108,Lentils,1917,Nuwara Eliya,Central,Nuwara Eliya,2024-01-01,315.92,-2.2675947409126014,2.2675947409126014,5.755489016978394,-0.02293700067357296,2.0520915548539858,0.030943002453854285,2.7355623817947534,1,2024-02-01,0.02532286654848825,0,TRUE,FALSE,FALSE,FALSE,train
108,Lentils,1917,Nuwara Eliya,Central,Nuwara Eliya,2024-02-01,316,0.02532286654848825,0.02532286654848825,5.755742213586912,2.5319660851863546e-4,2.2675947409126014,0.021643970092469073,1.4483363874383584,2,2024-03-01,0.949367088607595,0,TRUE,FALSE,FALSE,FALSE,train
108,Lentils,1917,Nuwara Eliya,Central,Nuwara Eliya,2024-03-01,319,0.949367088607595,0.949367088607595,5.765191102784844,0.009448889197932075,0.02532286654848825,0.016689277370768005,1.0807615653562281,3,2024-04-01,1.379310344827579,0,TRUE,FALSE,FALSE,FALSE,train
108,Lentils,1917,Nuwara Eliya,Central,Nuwara Eliya,2024-04-01,314.6,-1.379310344827579,1.379310344827579,5.751301990624177,-0.013889112160667239,0.949367088607595,0.011756047854444738,0.7846667666612207,4,2024-05-01,3.099173553719008,0,TRUE,FALSE,FALSE,FALSE,train
108,Lentils,1917,Nuwara Eliya,Central,Nuwara Eliya,2024-05-01,304.85,-3.099173553719008,3.099173553719008,5.719819852353825,-0.03148213827035207,1.379310344827579,0.020532599627257245,1.8092836623847273,5,2024-06-01,1.0332950631458206,0,TRUE,FALSE,FALSE,FALSE,train
108,Lentils,1917,Nuwara Eliya,Central,Nuwara Eliya,2024-06-01,301.7,-1.0332950631458206,1.0332950631458206,5.709433146165015,-0.010386706188810102,3.099173553719008,0.011304856404769166,1.8372596538974693,6,2024-07-01,0.8021213125621531,0,TRUE,FALSE,FALSE,FALSE,train
108,Lentils,1917,Nuwara Eliya,Central,Nuwara Eliya,2024-07-01,304.12,0.8021213125621531,0.8021213125621531,5.717422360360236,0.007989214195220917,1.0332950631458206,0.01975128422039392,1.644863309808994,7,2024-08-01,0.3518348020518194,0,TRUE,FALSE,FALSE,FALSE,train
108,Lentils,1917,Nuwara Eliya,Central,Nuwara Eliya,2024-08-01,303.05,-0.3518348020518194,0.3518348020518194,5.713897808397294,-0.0035245519629416577,0.8021213125621531,0.00928556605458799,0.7290837259199311,8,2024-09-01,2.986305890117146,0,TRUE,FALSE,FALSE,FALSE,train
108,Lentils,1917,Nuwara Eliya,Central,Nuwara Eliya,2024-09-01,294,-2.986305890117146,2.986305890117146,5.683579767338681,-0.0303180410586128,0.3518348020518194,0.01965495558439427,1.3800873349103728,9,2024-10-01,0.935374149659864,0,TRUE,FALSE,FALSE,FALSE,train
108,Lentils,1917,Nuwara Eliya,Central,Nuwara Eliya,2024-10-01,296.75,0.935374149659864,0.935374149659864,5.692890033489777,0.00931026615109598,2.986305890117146,0.020219736011495196,1.4245049472762765,10,2024-11-01,0.5560235888795206,0,TRUE,FALSE,FALSE,FALSE,train
108,Lentils,1917,Nuwara Eliya,Central,Nuwara Eliya,2024-11-01,298.4,0.5560235888795206,0.5560235888795206,5.698434868329605,0.005544834839827928,0.935374149659864,0.021873603090536226,1.4925678762188435,11,2024-12-01,2.680965147453083,0,TRUE,FALSE,FALSE,FALSE,train
108,Lentils,1917,Nuwara Eliya,Central,Nuwara Eliya,2024-12-01,290.4,-2.680965147453083,2.680965147453083,5.671259282950641,-0.027175585378964584,0.5560235888795206,0.020066646182691095,1.3907876286641558,12,2025-01-01,0.6646005509641701,0,TRUE,FALSE,FALSE,FALSE,train
108,Lentils,1917,Nuwara Eliya,Central,Nuwara Eliya,2025-01-01,288.47,-0.6646005509641701,0.6646005509641701,5.664591094406039,-0.006668188544601605,2.680965147453083,0.01653449507547292,1.300529762432258,1,2025-02-01,0.4055881027489915,0,TRUE,FALSE,FALSE,FALSE,validation
108,Lentils,1917,Nuwara Eliya,Central,Nuwara Eliya,2025-02-01,287.3,-0.4055881027489915,0.4055881027489915,5.660526965985244,-0.004064128420795399,0.6646005509641701,0.012658817064137188,1.2503846003887482,2,2025-03-01,0.6613296206056506,0,TRUE,FALSE,FALSE,FALSE,validation
108,Lentils,1917,Nuwara Eliya,Central,Nuwara Eliya,2025-03-01,285.4,-0.6613296206056506,0.6613296206056506,5.653891705042736,-0.00663526094250777,0.4055881027489915,0.0014940401489241771,0.5771727581062708,3,2025-04-01,0.9915907498248018,0,TRUE,FALSE,FALSE,FALSE,validation
108,Lentils,1917,Nuwara Eliya,Central,Nuwara Eliya,2025-04-01,282.57,-0.9915907498248018,0.9915907498248018,5.643926307502835,-0.009965397539900778,0.6613296206056506,0.0029587584507021992,0.6861694910598146,4,2025-05-01,3.4752450720175507,0,TRUE,FALSE,FALSE,FALSE,test
108,Lentils,1917,Nuwara Eliya,Central,Nuwara Eliya,2025-05-01,272.75,-3.4752450720175507,3.4752450720175507,5.60855562471318,-0.03537068278965538,0.9915907498248018,0.015717520993635433,1.709388480816001,5,2025-06-01,2.9734188817598586,0,TRUE,FALSE,FALSE,FALSE,test
108,Lentils,1917,Nuwara Eliya,Central,Nuwara Eliya,2025-06-01,264.64,-2.9734188817598586,2.9734188817598586,5.578370411835326,-0.030185212877853473,3.4752450720175507,0.013423602032294393,2.480084901200737,6,2025-07-01,2.025392986698917,0,TRUE,FALSE,FALSE,FALSE,test
108,Lentils,1917,Nuwara Eliya,Central,Nuwara Eliya,2025-07-01,270,2.025392986698917,2.025392986698917,5.598421958998375,0.02005154716304869,2.9734188817598586,0.030611121972642003,2.824685646825442,7,2025-08-01,2.100000000000006,0,TRUE,FALSE,FALSE,FALSE,test
108,Lentils,1917,Nuwara Eliya,Central,Nuwara Eliya,2025-08-01,275.67,2.100000000000006,2.100000000000006,5.6192044981809035,0.02078253918252848,2.025392986698917,0.029217512325168664,2.3662706228195938,8,2025-09-01,3.1450647513331216,0,TRUE,FALSE,FALSE,FALSE,test
108,Lentils,1917,Nuwara Eliya,Central,Nuwara Eliya,2025-09-01,267,-3.1450647513331216,3.1450647513331216,5.58724865840025,-0.03195583978065386,2.100000000000006,0.03023970695875645,2.4234859126773483,9,NA,NA,0,TRUE,TRUE,FALSE,FALSE,inference
108,Lentils,1918,Puttalam,North Western,Puttalam,2023-06-01,295.75,NA,NA,5.689514502858496,NA,NA,NA,NA,6,2023-07-01,1.6060862214708367,0,FALSE,FALSE,FALSE,FALSE,excluded
108,Lentils,1918,Puttalam,North Western,Puttalam,2023-07-01,291,-1.6060862214708367,1.6060862214708367,5.673323267171493,-0.016191235687003314,NA,NA,1.6060862214708367,7,2023-08-01,6.443298969072164,0,FALSE,FALSE,FALSE,FALSE,excluded
108,Lentils,1918,Puttalam,North Western,Puttalam,2023-08-01,309.75,6.443298969072164,6.443298969072164,5.7357655205092515,0.06244225333775866,1.6060862214708367,0.055602273317767154,4.0246925952715005,8,2023-09-01,4.761904761904762,0,TRUE,FALSE,FALSE,FALSE,train
108,Lentils,1918,Puttalam,North Western,Puttalam,2023-09-01,324.5,4.761904761904762,4.761904761904762,5.782285536144145,0.0465200156348935,6.443298969072164,0.041572114636360125,4.270429984149255,9,2023-10-01,3.445300462249617,0,TRUE,FALSE,FALSE,FALSE,train
108,Lentils,1918,Puttalam,North Western,Puttalam,2023-10-01,313.32,-3.445300462249617,3.445300462249617,5.7472250324990375,-0.03506050364510749,4.761904761904762,0.05230628770157721,4.883501397742181,10,2023-11-01,4.126771351972427,0,TRUE,FALSE,FALSE,FALSE,train
108,Lentils,1918,Puttalam,North Western,Puttalam,2023-11-01,326.25,4.126771351972427,4.126771351972427,5.787663958636903,0.04043892613786593,3.445300462249617,0.0454469006516022,4.111325525375602,11,2023-12-01,2.5900383141762418,0,TRUE,FALSE,FALSE,FALSE,train
108,Lentils,1918,Puttalam,North Western,Puttalam,2023-12-01,317.8,-2.5900383141762418,2.5900383141762418,5.761422254102616,-0.026241704534287535,4.126771351972427,0.04128002265452234,3.3873700427994287,12,2024-01-01,0.18879798615480362,0,TRUE,FALSE,FALSE,FALSE,train
108,Lentils,1918,Puttalam,North Western,Puttalam,2024-01-01,318.4,0.18879798615480362,0.18879798615480362,5.763308453970228,0.0018861998676120706,2.5900383141762418,0.033475857508926385,2.301869217434491,1,2024-02-01,1.366206030150761,0,TRUE,FALSE,FALSE,FALSE,train
108,Lentils,1918,Puttalam,North Western,Puttalam,2024-02-01,322.75,1.366206030150761,1.366206030150761,5.776878029726752,0.013569575756523733,0.18879798615480362,0.02046386374644153,1.3816807768272688,2,2024-03-01,2.1533694810224597,0,TRUE,FALSE,FALSE,FALSE,train
108,Lentils,1918,Puttalam,North Western,Puttalam,2024-03-01,315.8,-2.1533694810224597,2.1533694810224597,5.7551091018215415,-0.021768927905210234,1.366206030150761,0.018004055946557046,1.2361244991093414,3,2024-04-01,0.037998733375555586,0,TRUE,FALSE,FALSE,FALSE,train
108,Lentils,1918,Puttalam,North Western,Puttalam,2024-04-01,315.68,-0.037998733375555586,0.037998733375555586,5.754729042274305,-3.800595472363e-4,2.1533694810224597,0.017799278336461808,1.1858580815162587,4,2024-05-01,2.1477445514445104,0,TRUE,FALSE,FALSE,FALSE,train
108,Lentils,1918,Puttalam,North Western,Puttalam,2024-05-01,308.9,-2.1477445514445104,2.1477445514445104,5.733017599924536,-0.021711442349769072,0.037998733375555586,0.012332307748971223,1.4463709219475085,5,2024-06-01,0,0,TRUE,FALSE,FALSE,FALSE,train
108,Lentils,1918,Puttalam,North Western,Puttalam,2024-06-01,308.9,0,0,5.733017599924536,0,2.1477445514445104,0.012426846384843463,0.728581094940022,6,2024-07-01,0.22013596633214855,0,TRUE,FALSE,FALSE,FALSE,train
108,Lentils,1918,Puttalam,North Western,Puttalam,2024-07-01,309.58,0.22013596633214855,0.22013596633214855,5.735216540145731,0.002198940221195045,0,0.013215700647926314,0.789293505925553,7,2024-08-01,0.47160669293881374,0,TRUE,FALSE,FALSE,FALSE,train
108,Lentils,1918,Puttalam,North Western,Puttalam,2024-08-01,308.12,-0.47160669293881374,0.47160669293881374,5.730489317484765,-0.004727222660966035,0.22013596633214855,0.0035391549003720743,0.2305808864236541,8,2024-09-01,5.475139556017138,0,TRUE,FALSE,FALSE,FALSE,train
108,Lentils,1918,Puttalam,North Western,Puttalam,2024-09-01,291.25,-5.475139556017138,5.475139556017138,5.674182004879911,-0.05630731260485433,0.47160669293881374,0.03196732454302738,2.0556274050960335,9,2024-10-01,0.4291845493562232,0,TRUE,FALSE,FALSE,FALSE,train
108,Lentils,1918,Puttalam,North Western,Puttalam,2024-10-01,292.5,0.4291845493562232,0.4291845493562232,5.678464666671911,0.004282661792000653,5.475139556017138,0.032692579927477323,2.125310266104058,10,2024-11-01,1.7094017094017095,0,TRUE,FALSE,FALSE,FALSE,train
108,Lentils,1918,Puttalam,North Western,Puttalam,2024-11-01,297.5,1.7094017094017095,1.7094017094017095,5.695414224985685,0.016949558313773316,0.4291845493562232,0.03915389380741357,2.5379086049250237,11,2024-12-01,1.1193277310924317,0,TRUE,FALSE,FALSE,FALSE,train
108,Lentils,1918,Puttalam,North Western,Puttalam,2024-12-01,300.83,1.1193277310924317,1.1193277310924317,5.706545321145129,0.011131096159444631,1.7094017094017095,0.006340423521866651,1.0859713299501215,12,2025-01-01,0.8310341388824253,0,TRUE,FALSE,FALSE,FALSE,train
108,Lentils,1918,Puttalam,North Western,Puttalam,2025-01-01,298.33,-0.8310341388824253,0.8310341388824253,5.698200256359968,-0.008345064785161505,1.1193277310924317,0.013247599183114423,1.219921193125522,1,2025-02-01,2.7922099688264623,0,TRUE,FALSE,FALSE,FALSE,validation
108,Lentils,1918,Puttalam,North Western,Puttalam,2025-02-01,290,-2.7922099688264623,2.7922099688264623,5.66988092298052,-0.028319333379448253,0.8310341388824253,0.019725738861616243,1.5808572796004396,2,2025-03-01,0.6896551724137931,0,TRUE,FALSE,FALSE,FALSE,validation
108,Lentils,1918,Puttalam,North Western,Puttalam,2025-03-01,288,-0.6896551724137931,0.6896551724137931,5.662960480135946,-0.006920442844573493,2.7922099688264623,0.011964624730665167,1.437633093374227,3,2025-04-01,1.0416666666666665,0,TRUE,FALSE,FALSE,FALSE,validation
108,Lentils,1918,Puttalam,North Western,Puttalam,2025-04-01,285,-1.0416666666666665,1.0416666666666665,5.652489180268651,-0.010471299867295336,0.6896551724137931,0.011467878341773447,1.507843935968974,4,2025-05-01,0,0,TRUE,FALSE,FALSE,FALSE,test
108,Lentils,1918,Puttalam,North Western,Puttalam,2025-05-01,285,0,0,5.652489180268651,0,1.0416666666666665,0.005325242336764917,0.5771072796934865,5,2025-06-01,0,0,TRUE,FALSE,FALSE,FALSE,test
108,Lentils,1918,Puttalam,North Western,Puttalam,2025-06-01,285,0,0,5.652489180268651,0,0,0.006045607797148255,0.34722222222222215,6,2025-07-01,0,0,TRUE,FALSE,FALSE,FALSE,test
108,Lentils,1918,Puttalam,North Western,Puttalam,2025-07-01,285,0,0,5.652489180268651,0,0,0,0,7,2025-09-01,NA,0,TRUE,TRUE,FALSE,FALSE,inference
108,Lentils,1918,Puttalam,North Western,Puttalam,2025-09-01,277.22,NA,NA,5.624811414785207,NA,0,0,0,9,NA,NA,0,TRUE,TRUE,FALSE,FALSE,inference
108,Lentils,1919,Rathnapura,Sabaragamuwa,Ratnapura,2023-06-01,297.25,NA,NA,5.694573535570891,NA,NA,NA,NA,6,2023-07-01,1.5643397813288402,0,FALSE,FALSE,FALSE,FALSE,excluded
108,Lentils,1919,Rathnapura,Sabaragamuwa,Ratnapura,2023-07-01,292.6,-1.5643397813288402,1.5643397813288402,5.678806488586024,-0.015767046984866973,NA,NA,1.5643397813288402,7,2023-08-01,5.177717019822275,0,FALSE,FALSE,FALSE,FALSE,excluded
108,Lentils,1919,Rathnapura,Sabaragamuwa,Ratnapura,2023-08-01,307.75,5.177717019822275,5.177717019822275,5.729287765064563,0.05048127647853917,1.5643397813288402,0.04684463876321435,3.3710284005755575,8,2023-09-01,4.54914703493095,0,TRUE,FALSE,FALSE,FALSE,train
108,Lentils,1919,Rathnapura,Sabaragamuwa,Ratnapura,2023-09-01,321.75,4.54914703493095,4.54914703493095,5.773774846476236,0.044487081411673124,5.177717019822275,0.03664089410535372,3.763734612027355,9,2023-10-01,1.7871017871017871,0,TRUE,FALSE,FALSE,FALSE,train
108,Lentils,1919,Rathnapura,Sabaragamuwa,Ratnapura,2023-10-01,316,-1.7871017871017871,1.7871017871017871,5.755742213586912,-0.018032632889323885,4.54914703493095,0.03794469841678739,3.8379886139516706,10,2024-01-01,NA,0,TRUE,TRUE,FALSE,FALSE,inference
108,Lentils,1919,Rathnapura,Sabaragamuwa,Ratnapura,2024-01-01,329,NA,NA,5.796057750765372,NA,1.7871017871017871,0.04420811394008056,3.1681244110163687,1,2024-02-01,0,0,TRUE,FALSE,FALSE,FALSE,train
108,Lentils,1919,Rathnapura,Sabaragamuwa,Ratnapura,2024-02-01,329,0,0,5.796057750765372,0,NA,0.012750996998688485,0.8935508935508936,2,2024-03-01,0.1519756838905775,0,FALSE,FALSE,FALSE,FALSE,excluded
108,Lentils,1919,Rathnapura,Sabaragamuwa,Ratnapura,2024-03-01,328.5,-0.1519756838905775,0.1519756838905775,5.794536837924666,-0.0015209128407063233,0,0.0010754477832571364,0.07598784194528875,3,2024-04-01,0.2739726027397191,0,TRUE,FALSE,FALSE,FALSE,train
108,Lentils,1919,Rathnapura,Sabaragamuwa,Ratnapura,2024-04-01,327.6,-0.2739726027397191,0.2739726027397191,5.791793351978915,-0.002743485945750912,0.1519756838905775,0.001374443887586086,0.14198276221009887,4,2024-05-01,1.0378510378510308,0,TRUE,FALSE,FALSE,FALSE,train
108,Lentils,1919,Rathnapura,Sabaragamuwa,Ratnapura,2024-05-01,331,1.0378510378510308,1.0378510378510308,5.802118375377063,0.010325023398148225,0.2739726027397191,0.007218111789609119,0.48793310816044244,5,2024-06-01,4.531722054380665,0,TRUE,FALSE,FALSE,FALSE,train
108,Lentils,1919,Rathnapura,Sabaragamuwa,Ratnapura,2024-06-01,316,-4.531722054380665,4.531722054380665,5.755742213586912,-0.04637616179015058,1.0378510378510308,0.0296918079037855,1.9478485649904715,6,2024-07-01,1.5189873417721556,0,TRUE,FALSE,FALSE,FALSE,train
108,Lentils,1919,Rathnapura,Sabaragamuwa,Ratnapura,2024-07-01,320.8,1.5189873417721556,1.5189873417721556,5.77081787599236,0.015075662405447332,4.531722054380665,0.03419044620383035,2.3628534780012838,7,2024-08-01,4.067955112219455,0,TRUE,FALSE,FALSE,FALSE,train
108,Lentils,1919,Rathnapura,Sabaragamuwa,Ratnapura,2024-08-01,307.75,-4.067955112219455,4.067955112219455,5.729287765064563,-0.04153011092779657,1.5189873417721556,0.03416631986957766,3.372888169457425,8,2024-09-01,0.08123476848090982,0,TRUE,FALSE,FALSE,FALSE,train
108,Lentils,1919,Rathnapura,Sabaragamuwa,Ratnapura,2024-09-01,308,0.08123476848090982,0.08123476848090982,5.730099782973574,8.120179090109758e-4,4.067955112219455,0.02944067765130448,1.88939240749084,9,2024-10-01,1.6233766233766231,0,TRUE,FALSE,FALSE,FALSE,train
108,Lentils,1919,Rathnapura,Sabaragamuwa,Ratnapura,2024-10-01,313,1.6233766233766231,1.6233766233766231,5.746203190540153,0.01610340756657891,0.08123476848090982,0.029856057247326727,1.9241888346923293,10,2024-11-01,0.9584664536741214,0,TRUE,FALSE,FALSE,FALSE,train
108,Lentils,1919,Rathnapura,Sabaragamuwa,Ratnapura,2024-11-01,310,-0.9584664536741214,0.9584664536741214,5.736572297479192,-0.009630893060960766,1.6233766233766231,0.012943049717737319,0.8876926151772181,11,2024-12-01,0,0,TRUE,FALSE,FALSE,FALSE,train
108,Lentils,1919,Rathnapura,Sabaragamuwa,Ratnapura,2024-12-01,310,0,0,5.736572297479192,0,0.9584664536741214,0.013002102811953162,0.8606143590169149,12,2025-01-01,0,0,TRUE,FALSE,FALSE,FALSE,train
108,Lentils,1919,Rathnapura,Sabaragamuwa,Ratnapura,2025-01-01,310,0,0,5.736572297479192,0,0,0.0055603987012821975,0.3194888178913738,1,2025-02-01,0,0,TRUE,FALSE,FALSE,FALSE,validation
108,Lentils,1919,Rathnapura,Sabaragamuwa,Ratnapura,2025-02-01,310,0,0,5.736572297479192,0,0,0,0,2,2025-03-01,1.935483870967742,0,TRUE,FALSE,FALSE,FALSE,validation
108,Lentils,1919,Rathnapura,Sabaragamuwa,Ratnapura,2025-03-01,304,-1.935483870967742,1.935483870967742,5.717027701406222,-0.01954459607297032,0,0.011284077803931918,0.6451612903225806,3,2025-04-01,6.578947368421052,0,TRUE,FALSE,FALSE,FALSE,validation
108,Lentils,1919,Rathnapura,Sabaragamuwa,Ratnapura,2025-04-01,284,-6.578947368421052,6.578947368421052,5.648974238161206,-0.0680534632450156,1.935483870967742,0.03503896709287006,2.8381437464629315,4,2025-05-01,1.056338028169014,0,TRUE,FALSE,FALSE,FALSE,test
108,Lentils,1919,Rathnapura,Sabaragamuwa,Ratnapura,2025-05-01,287,1.056338028169014,1.056338028169014,5.659482215759621,0.010507977598415152,6.578947368421052,0.039640398934220826,3.1902564225192696,5,2025-06-01,0.4181184668989507,0,TRUE,FALSE,FALSE,FALSE,test
108,Lentils,1919,Rathnapura,Sabaragamuwa,Ratnapura,2025-06-01,288.2,0.4181184668989507,0.4181184668989507,5.663654683565421,0.00417246780579994,1.056338028169014,0.04364367802230038,2.684467954496339,6,2025-07-01,1.83900069396253,0,TRUE,FALSE,FALSE,FALSE,test
108,Lentils,1919,Rathnapura,Sabaragamuwa,Ratnapura,2025-07-01,293.5,1.83900069396253,1.83900069396253,5.681877639268151,0.018222955702730026,0.4181184668989507,0.007036521176738782,1.1044857296768316,7,2025-08-01,0.35775127768313847,0,TRUE,FALSE,FALSE,FALSE,test
108,Lentils,1919,Rathnapura,Sabaragamuwa,Ratnapura,2025-08-01,292.45,-0.35775127768313847,0.35775127768313847,5.678293711889035,-0.0035839273791165027,1.83900069396253,0.011053792909764036,0.8716234795148731,8,2025-09-01,3.02273892973157,0,TRUE,FALSE,FALSE,FALSE,test
108,Lentils,1919,Rathnapura,Sabaragamuwa,Ratnapura,2025-09-01,283.61,-3.02273892973157,3.02273892973157,5.647600054967209,-0.030693656921825685,0.35775127768313847,0.02450616444993996,1.7398303004590794,9,NA,NA,0,TRUE,TRUE,FALSE,FALSE,inference
108,Lentils,5287,Dammbagalla,Uva,Moneragala,2023-06-01,290,NA,NA,5.66988092298052,NA,NA,NA,NA,6,2023-07-01,1.0344827586206897,0,FALSE,FALSE,FALSE,FALSE,excluded
108,Lentils,5287,Dammbagalla,Uva,Moneragala,2023-07-01,287,-1.0344827586206897,1.0344827586206897,5.659482215759621,-0.010398707220898196,NA,NA,1.0344827586206897,7,2023-08-01,5.139372822299651,0,FALSE,FALSE,FALSE,FALSE,excluded
108,Lentils,5287,Dammbagalla,Uva,Moneragala,2023-08-01,301.75,5.139372822299651,5.139372822299651,5.709598859977641,0.050116644218019424,1.0344827586206897,0.042790815368345746,3.0869277904601704,8,2023-09-01,6.545153272576636,0,TRUE,FALSE,FALSE,FALSE,train
108,Lentils,5287,Dammbagalla,Uva,Moneragala,2023-09-01,321.5,6.545153272576636,6.545153272576636,5.772997543677674,0.06339868370003288,5.139372822299651,0.03933737671162587,4.239669617832326,9,2023-10-01,1.9595645412130671,0,TRUE,FALSE,FALSE,FALSE,train
108,Lentils,5287,Dammbagalla,Uva,Moneragala,2023-10-01,315.2,-1.9595645412130671,1.9595645412130671,5.753207357983724,-0.019790185693949525,6.545153272576636,0.044691097980455015,4.548030212029785,10,2023-11-01,1.9987309644670086,0,TRUE,FALSE,FALSE,FALSE,train
108,Lentils,5287,Dammbagalla,Uva,Moneragala,2023-11-01,321.5,1.9987309644670086,1.9987309644670086,5.772997543677674,0.019790185693949525,1.9595645412130671,0.04161068550384556,3.5011495927522374,11,2023-12-01,0.23328149300155523,0,TRUE,FALSE,FALSE,FALSE,train
108,Lentils,5287,Dammbagalla,Uva,Moneragala,2023-12-01,320.75,-0.23328149300155523,0.23328149300155523,5.770662003495746,-0.002335540181928053,1.9987309644670086,0.0198360706571338,1.397192332893877,12,2024-01-01,0.4832424006235421,0,TRUE,FALSE,FALSE,FALSE,train
108,Lentils,5287,Dammbagalla,Uva,Moneragala,2024-01-01,319.2,-0.4832424006235421,0.4832424006235421,5.765817865575654,-0.00484413792009164,0.23328149300155523,0.013556614056538996,0.9050849526973687,1,2024-02-01,0.8458646616541319,0,TRUE,FALSE,FALSE,FALSE,train
108,Lentils,5287,Dammbagalla,Uva,Moneragala,2024-02-01,316.5,-0.8458646616541319,0.8458646616541319,5.757323241584231,-0.008494623991422756,0.4832424006235421,0.0030971337432450273,0.5207961850930765,2,2024-03-01,2.0537124802527646,0,TRUE,FALSE,FALSE,FALSE,train
108,Lentils,5287,Dammbagalla,Uva,Moneragala,2024-03-01,310,-2.0537124802527646,2.0537124802527646,5.736572297479192,-0.020750944105039082,0.8458646616541319,0.008332365753393018,1.1276065141768128,3,2024-04-01,2.1612903225806415,0,TRUE,FALSE,FALSE,FALSE,train
108,Lentils,5287,Dammbagalla,Uva,Moneragala,2024-04-01,303.3,-2.1612903225806415,2.1612903225806415,5.714722414694536,-0.021849882784656494,2.0537124802527646,0.007413815778477846,1.686955821495846,4,2024-05-01,1.9122980547312929,0,TRUE,FALSE,FALSE,FALSE,train
108,Lentils,5287,Dammbagalla,Uva,Moneragala,2024-05-01,297.5,-1.9122980547312929,1.9122980547312929,5.695414224985685,-0.019308189708850954,2.1612903225806415,0.0012747163188253075,2.042433619188233,5,2024-06-01,0,0,TRUE,FALSE,FALSE,FALSE,train
108,Lentils,5287,Dammbagalla,Uva,Moneragala,2024-06-01,297.5,0,0,5.695414224985685,0,1.9122980547312929,0.01194908484102307,1.3578627924373114,6,2024-07-01,0.16806722689075632,0,TRUE,FALSE,FALSE,FALSE,train
108,Lentils,5287,Dammbagalla,Uva,Moneragala,2024-07-01,297,-0.16806722689075632,0.16806722689075632,5.6937321388027,-0.001682086182984932,0,0.010695132298266295,0.6934550938740164,7,2024-08-01,1.6835016835016834,0,TRUE,FALSE,FALSE,FALSE,train
108,Lentils,5287,Dammbagalla,Uva,Moneragala,2024-08-01,292,-1.6835016835016834,1.6835016835016834,5.676753802268282,-0.016978336534418048,0.16806722689075632,0.009354754586275556,0.6171896367974798,8,2024-09-01,3.561643835616431,0,TRUE,FALSE,FALSE,FALSE,train
108,Lentils,5287,Dammbagalla,Uva,Moneragala,2024-09-01,281.6,-3.561643835616431,3.561643835616431,5.640487624283887,-0.03626617798439469,1.6835016835016834,0.017330394823072613,1.8044042486696235,9,2024-10-01,3.9595170454545374,0,TRUE,FALSE,FALSE,FALSE,train
108,Lentils,5287,Dammbagalla,Uva,Moneragala,2024-10-01,292.75,3.9595170454545374,3.9595170454545374,5.679319002477826,0.03883137819393934,3.561643835616431,0.03900082911472973,3.0682208548575507,10,2024-11-01,1.1101622544833476,0,TRUE,FALSE,FALSE,FALSE,train
108,Lentils,5287,Dammbagalla,Uva,Moneragala,2024-11-01,296,1.1101622544833476,1.1101622544833476,5.69035945432406,0.011040451846233701,3.9595170454545374,0.03796905704463775,2.8771077118514388,11,2024-12-01,1.148648648648641,0,TRUE,FALSE,FALSE,FALSE,train
108,Lentils,5287,Dammbagalla,Uva,Moneragala,2024-12-01,292.6,-1.148648648648641,1.148648648648641,5.678806488586024,-0.011552965738036214,1.1101622544833476,0.025236812460030147,2.0727759828621752,12,2025-01-01,0.3759398496240679,0,TRUE,FALSE,FALSE,FALSE,train
108,Lentils,5287,Dammbagalla,Uva,Moneragala,2025-01-01,291.5,-0.3759398496240679,0.3759398496240679,5.675040005790547,-0.0037664827954770885,1.148648648648641,0.011477057899971985,0.8782502509186855,1,2025-02-01,1.0874785591766778,0,TRUE,FALSE,FALSE,FALSE,validation
108,Lentils,5287,Dammbagalla,Uva,Moneragala,2025-02-01,288.33,-1.0874785591766778,1.0874785591766778,5.664105657503303,-0.010934348287244156,0.3759398496240679,0.004328015324088202,0.8706890191497956,2,2025-03-01,1.154926646550822,0,TRUE,FALSE,FALSE,FALSE,validation
108,Lentils,5287,Dammbagalla,Uva,Moneragala,2025-03-01,285,-1.154926646550822,1.154926646550822,5.652489180268651,-0.011616477234651867,1.0874785591766778,0.004348678119153598,0.8727816851171892,3,2025-04-01,2.1052631578947367,0,TRUE,FALSE,FALSE,FALSE,validation
108,Lentils,5287,Dammbagalla,Uva,Moneragala,2025-04-01,279,-2.1052631578947367,2.1052631578947367,5.631211781821365,-0.02127739844728538,1.154926646550822,0.005784712398364222,1.4492227878740789,4,2025-05-01,0.5376344086021506,0,TRUE,FALSE,FALSE,FALSE,test
108,Lentils,5287,Dammbagalla,Uva,Moneragala,2025-05-01,277.5,-0.5376344086021506,0.5376344086021506,5.625820933186489,-0.005390848634876377,2.1052631578947367,0.008004939257329471,1.2659414043492365,5,2025-06-01,1.0810810810810811,0,TRUE,FALSE,FALSE,FALSE,test
108,Lentils,5287,Dammbagalla,Uva,Moneragala,2025-06-01,274.5,-1.0810810810810811,1.0810810810810811,5.614951260949585,-0.010869672236903938,0.5376344086021506,0.008069704020538254,1.2413262158593228,6,2025-07-01,1.5482695810564664,0,TRUE,FALSE,FALSE,FALSE,test
108,Lentils,5287,Dammbagalla,Uva,Moneragala,2025-07-01,270.25,-1.5482695810564664,1.5482695810564664,5.599347456519317,-0.015603804430267765,1.0810810810810811,0.005111000909231586,1.055661690246566,7,2025-08-01,2.4051803885291396,0,TRUE,FALSE,FALSE,FALSE,test
108,Lentils,5287,Dammbagalla,Uva,Moneragala,2025-08-01,263.75,-2.4051803885291396,2.4051803885291396,5.575001684790276,-0.024345771729040955,1.5482695810564664,0.006836656802353998,1.6781770168888956,8,2025-09-01,0.3601895734597113,0,TRUE,FALSE,FALSE,FALSE,test
108,Lentils,5287,Dammbagalla,Uva,Moneragala,2025-09-01,262.8,-0.3601895734597113,0.3601895734597113,5.571393286610456,-0.0036083981798205045,2.4051803885291396,0.010411135265394108,1.4378798476817725,9,NA,NA,0,TRUE,TRUE,FALSE,FALSE,inference
108,Lentils,5346,Thambuttegama,North Central,Anuradhapura,2023-06-01,296.4,NA,NA,5.6917098934219315,NA,NA,NA,NA,6,2023-07-01,2.4055330634277987,0,FALSE,FALSE,FALSE,FALSE,excluded
108,Lentils,5346,Thambuttegama,North Central,Anuradhapura,2023-07-01,289.27,-2.4055330634277987,2.4055330634277987,5.667360508022234,-0.024349385399697887,NA,NA,2.4055330634277987,7,2023-08-01,1.4484737442527735,0,FALSE,FALSE,FALSE,FALSE,excluded
108,Lentils,5346,Thambuttegama,North Central,Anuradhapura,2023-08-01,293.46,1.4484737442527735,1.4484737442527735,5.681741343779321,0.014380835757087596,2.4055330634277987,0.027386402016817708,1.9270034038402861,8,2023-09-01,7.012880801472106,0,TRUE,FALSE,FALSE,FALSE,train
108,Lentils,5346,Thambuttegama,North Central,Anuradhapura,2023-09-01,314.04,7.012880801472106,7.012880801472106,5.749520366330055,0.06777902255073354,1.4484737442527735,0.046258404524986474,3.622295869717559,9,2023-10-01,2.8817984970067543,0,TRUE,FALSE,FALSE,FALSE,train
108,Lentils,5346,Thambuttegama,North Central,Anuradhapura,2023-10-01,304.99,-2.8817984970067543,2.8817984970067543,5.720278989184664,-0.029241377145390324,7.012880801472106,0.04859221777293466,3.781051014243878,10,2023-11-01,0.8131414144726117,0,TRUE,FALSE,FALSE,FALSE,train
108,Lentils,5346,Thambuttegama,North Central,Anuradhapura,2023-11-01,307.47,0.8131414144726117,0.8131414144726117,5.7283775215115815,0.008098532326917152,2.8817984970067543,0.048937013445773316,3.5692735709838237,11,2023-12-01,2.1172797346082515,0,TRUE,FALSE,FALSE,FALSE,train
108,Lentils,5346,Thambuttegama,North Central,Anuradhapura,2023-12-01,313.98,2.1172797346082515,2.1172797346082515,5.749329289612172,0.020951768100590407,0.8131414144726117,0.026073058697110667,1.9374065486958725,12,2024-01-01,1.28033632715459,0,TRUE,FALSE,FALSE,FALSE,train
108,Lentils,5346,Thambuttegama,North Central,Anuradhapura,2024-01-01,318,1.28033632715459,1.28033632715459,5.762051382780177,0.012722093168004989,2.1172797346082515,0.006510383171018682,1.4035858254118176,1,2024-02-01,0.05974842767295526,0,TRUE,FALSE,FALSE,FALSE,train
108,Lentils,5346,Thambuttegama,North Central,Anuradhapura,2024-02-01,318.19,0.05974842767295526,0.05974842767295526,5.7626486886342425,5.973058540655884e-4,1.28033632715459,0.010239158089165134,1.1524548298119321,2,2024-03-01,0.33941984348973386,0,TRUE,FALSE,FALSE,FALSE,train
108,Lentils,5346,Thambuttegama,North Central,Anuradhapura,2024-03-01,317.11,-0.33941984348973386,0.33941984348973386,5.759248716840184,-0.0033999717940584873,0.05974842767295526,0.008395531297913324,0.5598348661057597,3,2024-04-01,2.7719088013623097,0,TRUE,FALSE,FALSE,FALSE,train
108,Lentils,5346,Thambuttegama,North Central,Anuradhapura,2024-04-01,308.32,-2.7719088013623097,2.7719088013623097,5.731138204666056,-0.028110512174127855,0.33941984348973386,0.015549532953388555,1.0570256908416662,4,2024-05-01,0.4638038401660634,0,TRUE,FALSE,FALSE,FALSE,train
108,Lentils,5346,Thambuttegama,North Central,Anuradhapura,2024-05-01,309.75,0.4638038401660634,0.4638038401660634,5.7357655205092515,0.004627315843195312,2.7719088013623097,0.01706269584003886,1.191710828339369,5,2024-07-01,NA,0,TRUE,TRUE,FALSE,FALSE,inference
108,Lentils,5346,Thambuttegama,North Central,Anuradhapura,2024-07-01,296.25,NA,NA,5.691203692449341,NA,0.4638038401660634,0.023149140192368158,1.6178563207641865,7,2024-08-01,1.8295358649789084,0,TRUE,FALSE,FALSE,FALSE,train
108,Lentils,5346,Thambuttegama,North Central,Anuradhapura,2024-08-01,290.83,-1.8295358649789084,1.8295358649789084,5.672738904024739,-0.018464788424601863,NA,0.016328583519626197,1.1466698525724859,8,2024-09-01,3.4109273458721647,0,FALSE,FALSE,FALSE,FALSE,excluded
108,Lentils,5346,Thambuttegama,North Central,Anuradhapura,2024-09-01,300.75,3.4109273458721647,3.4109273458721647,5.7062793548547885,0.033540450830049195,1.8295358649789084,0.0367732573341926,2.620231605425537,9,2024-10-01,0.9310058187863712,0,TRUE,FALSE,FALSE,FALSE,train
108,Lentils,5346,Thambuttegama,North Central,Anuradhapura,2024-10-01,303.55,0.9310058187863712,0.9310058187863712,5.715546341576443,0.009266986721654824,3.4109273458721647,0.026021777170021614,2.0571563432124815,10,2024-11-01,2.1577993740734676,0,TRUE,FALSE,FALSE,FALSE,train
108,Lentils,5346,Thambuttegama,North Central,Anuradhapura,2024-11-01,310.1,2.1577993740734676,2.1577993740734676,5.736894826106403,0.021348484529959855,0.9310058187863712,0.012136773949283936,2.166577512910668,11,2024-12-01,4.030957755562722,0,TRUE,FALSE,FALSE,FALSE,train
108,Lentils,5346,Thambuttegama,North Central,Anuradhapura,2024-12-01,297.6,-4.030957755562722,4.030957755562722,5.6957503029589365,-0.04114452314746675,2.1577993740734676,0.033147797627060945,2.3732543161408532,12,2025-01-01,0.9744623655913902,0,TRUE,FALSE,FALSE,FALSE,train
108,Lentils,5346,Thambuttegama,North Central,Anuradhapura,2025-01-01,300.5,0.9744623655913902,0.9744623655913902,5.705447753975262,0.009697451016325687,4.030957755562722,0.03323158369026486,2.3877398317425262,1,2025-02-01,1.9966722129783694,0,TRUE,FALSE,FALSE,FALSE,validation
108,Lentils,5346,Thambuttegama,North Central,Anuradhapura,2025-02-01,294.5,-1.9966722129783694,1.9966722129783694,5.685279003091641,-0.020168750883621023,0.9744623655913902,0.025550209962819082,2.3340307780441605,2,2025-03-01,0.645161290322573,0,TRUE,FALSE,FALSE,FALSE,validation
108,Lentils,5346,Thambuttegama,North Central,Anuradhapura,2025-03-01,292.6,-0.645161290322573,0.645161290322573,5.678806488586024,-0.006472514505617255,1.9966722129783694,0.01495016550539022,1.2054319562974443,3,2025-04-01,2.368421052631581,0,TRUE,FALSE,FALSE,FALSE,validation
108,Lentils,5346,Thambuttegama,North Central,Anuradhapura,2025-04-01,285.67,-2.368421052631581,2.368421052631581,5.654837298473027,-0.023969190112996586,0.645161290322573,0.009202933287528433,1.6700848519775078,4,2025-05-01,0.5320824727832949,0,TRUE,FALSE,FALSE,FALSE,test
108,Lentils,5346,Thambuttegama,North Central,Anuradhapura,2025-05-01,284.15,-0.5320824727832949,0.5320824727832949,5.649502267743131,-0.005335030729896495,2.368421052631581,0.010445568618355728,1.181888271912483,5,2025-06-01,1.0663382016540464,0,TRUE,FALSE,FALSE,FALSE,test
108,Lentils,5346,Thambuttegama,North Central,Anuradhapura,2025-06-01,281.12,-1.0663382016540464,1.0663382016540464,5.638781624438787,-0.01072064330434408,0.5320824727832949,0.00958958385661131,1.3222805756896407,6,2025-07-01,4.8271200910643115,0,TRUE,FALSE,FALSE,FALSE,test
108,Lentils,5346,Thambuttegama,North Central,Anuradhapura,2025-07-01,267.55,-4.8271200910643115,4.8271200910643115,5.589306464757314,-0.04947515968147265,1.0663382016540464,0.024080657335604945,2.141846921833884,7,2025-08-01,2.8219024481405386,0,TRUE,FALSE,FALSE,FALSE,test
108,Lentils,5346,Thambuttegama,North Central,Anuradhapura,2025-08-01,260,-2.8219024481405386,2.8219024481405386,5.560681631015528,-0.028624833741786482,4.8271200910643115,0.019395913085993484,2.9051202469529653,8,2025-09-01,0,0,TRUE,FALSE,FALSE,FALSE,test
108,Lentils,5346,Thambuttegama,North Central,Anuradhapura,2025-09-01,260,0,0,5.560681631015528,0,2.8219024481405386,0.024839178140064956,2.54967417973495,9,NA,NA,0,TRUE,TRUE,FALSE,FALSE,inference
108,Lentils,7833,Embilipitiya,Sabaragamuwa,Ratnapura,2023-06-01,308.22,NA,NA,5.730813813707232,NA,NA,NA,NA,6,2023-07-01,4.960742326909356,0,FALSE,FALSE,FALSE,FALSE,excluded
108,Lentils,7833,Embilipitiya,Sabaragamuwa,Ratnapura,2023-07-01,292.93,-4.960742326909356,4.960742326909356,5.679933672624212,-0.05088014108302019,NA,NA,4.960742326909356,7,2023-08-01,8.387669409073837,0,FALSE,FALSE,FALSE,FALSE,excluded
108,Lentils,7833,Embilipitiya,Sabaragamuwa,Ratnapura,2023-08-01,317.5,8.387669409073837,8.387669409073837,5.760477818332746,0.08054414570853474,4.960742326909356,0.0929310044029141,6.6742058679915965,8,2023-09-01,13.023622047244102,1,TRUE,FALSE,FALSE,FALSE,train
108,Lentils,7833,Embilipitiya,Sabaragamuwa,Ratnapura,2023-09-01,358.85,13.023622047244102,13.023622047244102,5.882904473876081,0.1224266555433351,8.387669409073837,0.0904265203960467,8.790677927742431,9,2023-10-01,2.2711439320050255,0,TRUE,FALSE,FALSE,FALSE,train
108,Lentils,7833,Embilipitiya,Sabaragamuwa,Ratnapura,2023-10-01,350.7,-2.2711439320050255,2.2711439320050255,5.859931157146132,-0.02297331672994929,13.023622047244102,0.07484557612938453,7.894145129440988,10,2023-11-01,1.5654405474764783,0,TRUE,FALSE,FALSE,FALSE,train
108,Lentils,7833,Embilipitiya,Sabaragamuwa,Ratnapura,2023-11-01,345.21,-1.5654405474764783,1.5654405474764783,5.844152927503477,-0.015778229642655184,2.2711439320050255,0.08194867449053947,5.620068842241868,11,2023-12-01,0.7473711653776081,0,TRUE,FALSE,FALSE,FALSE,train
108,Lentils,7833,Embilipitiya,Sabaragamuwa,Ratnapura,2023-12-01,347.79,0.7473711653776081,0.7473711653776081,5.851598849350419,0.007445921846942483,1.5654405474764783,0.01589790639362821,1.5279852149530373,12,2024-01-01,1.1098651485091617,0,TRUE,FALSE,FALSE,FALSE,train
108,Lentils,7833,Embilipitiya,Sabaragamuwa,Ratnapura,2024-01-01,343.93,-1.1098651485091617,1.1098651485091617,5.840438148294737,-0.011160701055682232,0.7473711653776081,0.01229423441091916,1.1408922871210827,1,2024-02-01,0.5524379961038517,0,TRUE,FALSE,FALSE,FALSE,train
108,Lentils,7833,Embilipitiya,Sabaragamuwa,Ratnapura,2024-02-01,345.83,0.5524379961038517,0.5524379961038517,5.845947324836075,0.005509176541337979,1.1098651485091617,0.01022938754535917,0.8032247699968739,2,2024-03-01,0.7951883873579505,0,TRUE,FALSE,FALSE,FALSE,train
108,Lentils,7833,Embilipitiya,Sabaragamuwa,Ratnapura,2024-03-01,348.58,0.7951883873579505,0.7951883873579505,5.853867759093536,0.007920434257460585,0.5524379961038517,0.010390610406449204,0.8191638439903213,3,2024-04-01,9.398129554191287,0,TRUE,FALSE,FALSE,FALSE,train
108,Lentils,7833,Embilipitiya,Sabaragamuwa,Ratnapura,2024-04-01,315.82,-9.398129554191287,9.398129554191287,5.755172431038497,-0.09869532805503844,0.7951883873579505,0.060870509711771326,3.5819186458843633,4,2024-05-01,3.1568615033879963,0,TRUE,FALSE,FALSE,FALSE,train
108,Lentils,7833,Embilipitiya,Sabaragamuwa,Ratnapura,2024-05-01,305.85,-3.1568615033879963,3.1568615033879963,5.723094785688574,-0.03207764534992297,9.398129554191287,0.05385889402681994,4.450059814979078,5,2024-06-01,0.08173941474579041,0,TRUE,FALSE,FALSE,FALSE,train
108,Lentils,7833,Embilipitiya,Sabaragamuwa,Ratnapura,2024-06-01,305.6,-0.08173941474579041,0.08173941474579041,5.722277057292366,-8.1772839620875e-4,3.1568615033879963,0.04999187029228968,4.212243490775025,6,2024-07-01,0.261780104712027,0,TRUE,FALSE,FALSE,FALSE,train
108,Lentils,7833,Embilipitiya,Sabaragamuwa,Ratnapura,2024-07-01,306.4,0.261780104712027,0.261780104712027,5.724891437866436,0.002614380574070374,0.08173941474579041,0.019115867940221836,1.1667936742819378,7,2024-08-01,1.6318537859007836,0,TRUE,FALSE,FALSE,FALSE,train
108,Lentils,7833,Embilipitiya,Sabaragamuwa,Ratnapura,2024-08-01,301.4,-1.6318537859007836,1.6318537859007836,5.708438286192395,-0.01645315167404071,0.261780104712027,0.010163797019270539,0.658457768452867,8,2024-09-01,3.7823490378234834,0,TRUE,FALSE,FALSE,FALSE,train
108,Lentils,7833,Embilipitiya,Sabaragamuwa,Ratnapura,2024-09-01,290,-3.7823490378234834,3.7823490378234834,5.66988092298052,-0.03855736321187564,1.6318537859007836,0.020604527981804125,1.8919943094787646,9,2024-10-01,1.5517241379310345,0,TRUE,FALSE,FALSE,FALSE,train
108,Lentils,7833,Embilipitiya,Sabaragamuwa,Ratnapura,2024-10-01,294.5,1.5517241379310345,1.5517241379310345,5.685279003091641,0.015398080111121537,3.7823490378234834,0.027124057581547557,2.3219756538851004,10,2024-11-01,0.5942275042444821,0,TRUE,FALSE,FALSE,FALSE,train
108,Lentils,7833,Embilipitiya,Sabaragamuwa,Ratnapura,2024-11-01,296.25,0.5942275042444821,0.5942275042444821,5.691203692449341,0.005924689357700075,1.5517241379310345,0.028808528822065492,1.9761002266663334,11,2024-12-01,0.7932489451476871,0,TRUE,FALSE,FALSE,FALSE,train
108,Lentils,7833,Embilipitiya,Sabaragamuwa,Ratnapura,2024-12-01,298.6,0.7932489451476871,0.7932489451476871,5.69910488510509,0.007901192655748623,0.5942275042444821,0.004997583068723251,0.9797335291077346,12,2025-01-01,3.482920294708632,0,TRUE,FALSE,FALSE,FALSE,train
108,Lentils,7833,Embilipitiya,Sabaragamuwa,Ratnapura,2025-01-01,309,3.482920294708632,3.482920294708632,5.733341276897746,0.03423639179265603,0.7932489451476871,0.01580612631035435,1.6234655813669339,1,2025-02-01,0.889967637540453,0,TRUE,FALSE,FALSE,FALSE,validation
108,Lentils,7833,Embilipitiya,Sabaragamuwa,Ratnapura,2025-02-01,306.25,-0.889967637540453,0.889967637540453,5.724401761858937,-0.008939515038808743,3.482920294708632,0.021761246440838426,1.722045625798924,2,2025-03-01,4.718367346938772,0,TRUE,FALSE,FALSE,FALSE,validation
108,Lentils,7833,Embilipitiya,Sabaragamuwa,Ratnapura,2025-03-01,291.8,-4.718367346938772,4.718367346938772,5.676068636088686,-0.048333125770251506,0.889967637540453,0.04129919435806439,3.0304184263959524,3,2025-04-01,2.823851953392738,0,TRUE,FALSE,FALSE,FALSE,validation
108,Lentils,7833,Embilipitiya,Sabaragamuwa,Ratnapura,2025-04-01,283.56,-2.823851953392738,2.823851953392738,5.647423740986817,-0.02864489510186896,4.718367346938772,0.019696805987864854,2.810728979290654,4,2025-05-01,0.37381859218507624,0,TRUE,FALSE,FALSE,FALSE,test
108,Lentils,7833,Embilipitiya,Sabaragamuwa,Ratnapura,2025-05-01,282.5,-0.37381859218507624,0.37381859218507624,5.643678550586496,-0.0037451904003207304,2.823851953392738,0.022344670138644048,2.6386792975055284,5,2025-06-01,0.4424778761061947,0,TRUE,FALSE,FALSE,FALSE,test
108,Lentils,7833,Embilipitiya,Sabaragamuwa,Ratnapura,2025-06-01,281.25,-0.4424778761061947,0.4424778761061947,5.63924395351863,-0.004434597067866086,0.37381859218507624,0.014181026682818154,1.213382807228003,6,2025-07-01,0.5546666666666674,0,TRUE,FALSE,FALSE,FALSE,test
108,Lentils,7833,Embilipitiya,Sabaragamuwa,Ratnapura,2025-07-01,279.69,-0.5546666666666674,0.5546666666666674,5.633681846976712,-0.0055621065419177995,0.4424778761061947,9.172189336002197e-4,0.4569877116526461,7,2025-08-01,3.6325932282169635,0,TRUE,FALSE,FALSE,FALSE,test
108,Lentils,7833,Embilipitiya,Sabaragamuwa,Ratnapura,2025-08-01,289.85,3.6325932282169635,3.6325932282169635,5.669363547785742,0.03568170080902977,0.5546666666666674,0.023493404314700726,1.5432459236632752,8,2025-09-01,3.249956874245304,0,TRUE,FALSE,FALSE,FALSE,test
108,Lentils,7833,Embilipitiya,Sabaragamuwa,Ratnapura,2025-09-01,280.43,-3.249956874245304,3.249956874245304,5.636324139451677,-0.033039408334064824,3.6325932282169635,0.0345896048942355,2.4790722563763117,9,NA,NA,0,TRUE,TRUE,FALSE,FALSE,inference
108,Lentils,7834,Tissamaharama,Southern,Hambantota,2023-06-01,305.62,NA,NA,5.7223425001771115,NA,NA,NA,NA,6,2023-07-01,2.166088606766574,0,FALSE,FALSE,FALSE,FALSE,excluded
108,Lentils,7834,Tissamaharama,Southern,Hambantota,2023-07-01,299,-2.166088606766574,2.166088606766574,5.700443573390687,-0.02189892678642469,NA,NA,2.166088606766574,7,2023-08-01,0.12709030100334298,0,FALSE,FALSE,FALSE,FALSE,excluded
108,Lentils,7834,Tissamaharama,Southern,Hambantota,2023-08-01,299.38,0.12709030100334298,0.12709030100334298,5.70171366948709,0.0012700960964027175,2.166088606766574,0.01638297319391355,1.1465894538849586,8,2023-09-01,11.480392811811079,1,TRUE,FALSE,FALSE,FALSE,train
108,Lentils,7834,Tissamaharama,Southern,Hambantota,2023-09-01,333.75,11.480392811811079,11.480392811811079,5.810392209714459,0.10867854022736978,0.12709030100334298,0.06967047722878349,4.591190573193665,9,2023-10-01,3.8202247191011236,0,TRUE,FALSE,FALSE,FALSE,train
108,Lentils,7834,Tissamaharama,Southern,Hambantota,2023-10-01,321,-3.8202247191011236,3.8202247191011236,5.771441123130016,-0.03895108658444357,11.480392811811079,0.07632040369332914,5.142569277305181,10,2023-11-01,0.9345794392523363,0,TRUE,FALSE,FALSE,FALSE,train
108,Lentils,7834,Tissamaharama,Southern,Hambantota,2023-11-01,318,-0.9345794392523363,0.9345794392523363,5.762051382780177,-0.00938974034983886,3.8202247191011236,0.07811156421240917,5.41173232338818,11,2023-12-01,1.3364779874213837,0,TRUE,FALSE,FALSE,FALSE,train
108,Lentils,7834,Tissamaharama,Southern,Hambantota,2023-12-01,322.25,1.3364779874213837,1.3364779874213837,5.775327641819297,0.01327625903912022,0.9345794392523363,0.026189426461791978,2.030427381924948,12,2024-01-01,0.8533747090768037,0,TRUE,FALSE,FALSE,FALSE,train
108,Lentils,7834,Tissamaharama,Southern,Hambantota,2024-01-01,325,0.8533747090768037,0.8533747090768037,5.783825182329737,0.00849754051044016,1.3364779874213837,0.011948071641141842,1.0414773785835079,1,2024-02-01,0,0,TRUE,FALSE,FALSE,FALSE,train
108,Lentils,7834,Tissamaharama,Southern,Hambantota,2024-02-01,325,0,0,5.783825182329737,0,0.8533747090768037,0.006724376050072639,0.7299508988327291,2,2024-03-01,0,0,TRUE,FALSE,FALSE,FALSE,train
108,Lentils,7834,Tissamaharama,Southern,Hambantota,2024-03-01,325,0,0,5.783825182329737,0,0,0.004906057301152377,0.2844582363589346,3,2024-04-01,2.4000000000000035,0,TRUE,FALSE,FALSE,FALSE,train
108,Lentils,7834,Tissamaharama,Southern,Hambantota,2024-04-01,332.8,2.4000000000000035,2.4000000000000035,5.807541708947054,0.02371652661731627,0,0.013692743026750472,0.8000000000000012,4,2024-05-01,2.6442307692307727,0,TRUE,FALSE,FALSE,FALSE,train
108,Lentils,7834,Tissamaharama,Southern,Hambantota,2024-05-01,324,-2.6442307692307727,2.6442307692307727,5.780743515792329,-0.026798193154724537,2.4000000000000035,0.025273021534156427,1.6814102564102587,5,2024-09-01,NA,0,TRUE,TRUE,FALSE,FALSE,inference
108,Lentils,7834,Tissamaharama,Southern,Hambantota,2024-09-01,310.85,NA,NA,5.739310480715346,NA,2.6442307692307727,0.03571930090054822,2.522115384615388,9,2024-10-01,2.908155058709995,0,TRUE,FALSE,FALSE,FALSE,train
108,Lentils,7834,Tissamaharama,Southern,Hambantota,2024-10-01,301.81,-2.908155058709995,2.908155058709995,5.709797680310989,-0.029512800404357442,NA,0.0019195171944735906,2.776192913970384,10,2024-11-01,1.0138829064643327,0,FALSE,FALSE,FALSE,FALSE,excluded
108,Lentils,7834,Tissamaharama,Southern,Hambantota,2024-11-01,298.75,-1.0138829064643327,1.0138829064643327,5.699607103245721,-0.010190577065268158,2.908155058709995,0.013662875150671008,1.9610189825871638,11,2024-12-01,0.8870292887029212,0,TRUE,FALSE,FALSE,FALSE,train
108,Lentils,7834,Tissamaharama,Southern,Hambantota,2024-12-01,301.4,0.8870292887029212,0.8870292887029212,5.708438286192395,0.00883118294667451,1.0138829064643327,0.01917218787698213,1.6030224179590828,12,2025-01-01,0.006635700066350965,0,TRUE,FALSE,FALSE,FALSE,train
108,Lentils,7834,Tissamaharama,Southern,Hambantota,2025-01-01,301.38,-0.006635700066350965,0.006635700066350965,5.708371926990008,-6.635920238728943e-5,0.8870292887029212,0.009517469880710143,0.6358492984112016,1,2025-02-01,2.5316875705089905,0,TRUE,FALSE,FALSE,FALSE,validation
108,Lentils,7834,Tissamaharama,Southern,Hambantota,2025-02-01,293.75,-2.5316875705089905,2.5316875705089905,5.682729065458369,-0.025642861531639305,0.006635700066350965,0.017896850143648762,1.1417841864260876,2,2025-03-01,2.076595744680859,0,TRUE,FALSE,FALSE,FALSE,validation
108,Lentils,7834,Tissamaharama,Southern,Hambantota,2025-03-01,287.65,-2.076595744680859,2.076595744680859,5.661744463309303,-0.020984602149066056,2.5316875705089905,0.013622467592485105,1.5383063384187334,3,2025-04-01,0.921258473839728,0,TRUE,FALSE,FALSE,FALSE,validation
108,Lentils,7834,Tissamaharama,Southern,Hambantota,2025-04-01,285,-0.921258473839728,0.921258473839728,5.652489180268651,-0.009255283040651818,2.076595744680859,0.008444219285213394,1.8431805963431924,4,2025-06-01,NA,0,TRUE,TRUE,FALSE,FALSE,inference
108,Lentils,7834,Tissamaharama,Southern,Hambantota,2025-06-01,277.19,NA,NA,5.624703191628953,NA,0.921258473839728,0.008293881080260657,1.4989271092602934,6,2025-07-01,2.8175619611097087,0,TRUE,FALSE,FALSE,FALSE,test
108,Lentils,7834,Tissamaharama,Southern,Hambantota,2025-07-01,269.38,-2.8175619611097087,2.8175619611097087,5.596123022170668,-0.028580169458284566,NA,0.013664758231567924,1.8694102174747185,7,2025-08-01,0.6978988789071183,0,FALSE,FALSE,FALSE,FALSE,excluded
108,Lentils,7834,Tissamaharama,Southern,Hambantota,2025-08-01,267.5,-0.6978988789071183,0.6978988789071183,5.589119566336061,-0.007003455834607486,2.8175619611097087,0.015257040519022227,1.7577304200084134,8,2025-09-01,0,0,TRUE,FALSE,FALSE,FALSE,test
108,Lentils,7834,Tissamaharama,Southern,Hambantota,2025-09-01,267.5,0,0,5.589119566336061,0,0.6978988789071183,0.014896470782759987,1.171820280005609,9,NA,NA,0,TRUE,TRUE,FALSE,FALSE,inference
108,Lentils,7835,Galenbindunuwewa,North Central,Anuradhapura,2023-06-01,293,NA,NA,5.680172609017068,NA,NA,NA,NA,6,2023-07-01,0.7508532423208153,0,FALSE,FALSE,FALSE,FALSE,excluded
108,Lentils,7835,Galenbindunuwewa,North Central,Anuradhapura,2023-07-01,290.8,-0.7508532423208153,0.7508532423208153,5.672635745659364,-0.007536863357703538,NA,NA,0.7508532423208153,7,2023-08-01,3.3356258596973825,0,FALSE,FALSE,FALSE,FALSE,excluded
108,Lentils,7835,Galenbindunuwewa,North Central,Anuradhapura,2023-08-01,300.5,3.3356258596973825,3.3356258596973825,5.705447753975262,0.032812008315898034,0.7508532423208153,0.02853096077362947,2.043239551009099,8,2023-09-01,8.319467554076539,0,TRUE,FALSE,FALSE,FALSE,train
108,Lentils,7835,Galenbindunuwewa,North Central,Anuradhapura,2023-09-01,325.5,8.319467554076539,8.319467554076539,5.785362461648624,0.07991470767336217,3.3356258596973825,0.04376923007451306,4.135315552031579,9,2023-10-01,3.1643625192012323,0,TRUE,FALSE,FALSE,FALSE,train
108,Lentils,7835,Galenbindunuwewa,North Central,Anuradhapura,2023-10-01,315.2,-3.1643625192012323,3.1643625192012323,5.753207357983724,-0.03215510366490015,8.319467554076539,0.05627171068319459,4.939818644325051,10,2023-11-01,0.2220812182741081,0,TRUE,FALSE,FALSE,FALSE,train
108,Lentils,7835,Galenbindunuwewa,North Central,Anuradhapura,2023-11-01,314.5,-0.2220812182741081,0.2220812182741081,5.750984076140496,-0.0022232818432286194,3.1643625192012323,0.0580261519960118,3.9019704305172933,11,2023-12-01,3.815580286168521,0,TRUE,FALSE,FALSE,FALSE,train
108,Lentils,7835,Galenbindunuwewa,North Central,Anuradhapura,2023-12-01,326.5,3.815580286168521,3.815580286168521,5.788429948716486,0.03744587257599008,0.2220812182741081,0.034913826448331034,2.400674674547954,12,2024-01-01,1.3782542113323124,0,TRUE,FALSE,FALSE,FALSE,train
108,Lentils,7835,Galenbindunuwewa,North Central,Anuradhapura,2024-01-01,322,-1.3782542113323124,1.3782542113323124,5.7745515455444085,-0.013878403172077114,3.815580286168521,0.02690621039397669,1.8053052385916473,1,2024-02-01,0.15527950310559005,0,TRUE,FALSE,FALSE,FALSE,train
108,Lentils,7835,Galenbindunuwewa,North Central,Anuradhapura,2024-02-01,321.5,-0.15527950310559005,0.15527950310559005,5.772997543677674,-0.001554001866734822,1.3782542113323124,0.026792605805666694,1.783038000202141,2,2024-03-01,3.7325038880248838,0,TRUE,FALSE,FALSE,FALSE,train
108,Lentils,7835,Galenbindunuwewa,North Central,Anuradhapura,2024-03-01,309.5,-3.7325038880248838,3.7325038880248838,5.734958092124651,-0.03803945155302291,0.15527950310559005,0.018559971108150043,1.7553458674875955,3,2024-04-01,1.32471728594508,0,TRUE,FALSE,FALSE,FALSE,train
108,Lentils,7835,Galenbindunuwewa,North Central,Anuradhapura,2024-04-01,305.4,-1.32471728594508,1.32471728594508,5.721622392784532,-0.0133356993401188,3.7325038880248838,0.0186202032192704,1.7375002256918513,4,2024-05-01,1.9318925998690168,0,TRUE,FALSE,FALSE,FALSE,train
108,Lentils,7835,Galenbindunuwewa,North Central,Anuradhapura,2024-05-01,299.5,-1.9318925998690168,1.9318925998690168,5.702114417555504,-0.01950797522902814,1.32471728594508,0.012856826836303445,2.3297045912796603,5,2024-06-01,0.1669449081803005,0,TRUE,FALSE,FALSE,FALSE,train
108,Lentils,7835,Galenbindunuwewa,North Central,Anuradhapura,2024-06-01,299,-0.1669449081803005,0.1669449081803005,5.700443573390687,-0.001670844164816998,1.9318925998690168,0.009058413037166268,1.1411849313314657,6,2024-07-01,5.016722408026756,0,TRUE,FALSE,FALSE,FALSE,train
108,Lentils,7835,Galenbindunuwewa,North Central,Anuradhapura,2024-07-01,314,5.016722408026756,5.016722408026756,5.749392985908253,0.04894941251756624,0.1669449081803005,0.03551287927940083,2.371853305358691,7,2024-12-01,NA,0,TRUE,TRUE,FALSE,FALSE,inference
108,Lentils,7835,Galenbindunuwewa,North Central,Anuradhapura,2024-12-01,293.67,NA,NA,5.682456687941449,NA,5.016722408026756,0.035793926765516834,2.5918336581035284,12,2025-01-01,2.836517179146656,0,TRUE,FALSE,FALSE,FALSE,train
108,Lentils,7835,Galenbindunuwewa,North Central,Anuradhapura,2025-01-01,302,2.836517179146656,2.836517179146656,5.71042701737487,0.027970329433420815,NA,0.014834451911875218,3.926619793586706,1,2025-02-01,0.45695364238410446,0,FALSE,FALSE,FALSE,FALSE,excluded
108,Lentils,7835,Galenbindunuwewa,North Central,Anuradhapura,2025-02-01,300.62,-0.45695364238410446,0.45695364238410446,5.70584700870508,-0.0045800086697900255,2.836517179146656,0.023016564802695247,1.6467354107653802,2,2025-03-01,4.946444015700886,0,TRUE,FALSE,FALSE,FALSE,validation
108,Lentils,7835,Galenbindunuwewa,North Central,Anuradhapura,2025-03-01,285.75,-4.946444015700886,4.946444015700886,5.65511730267492,-0.05072970603015925,0.45695364238410446,0.03954536352733775,2.7466382790772155,3,2025-04-01,0.26246719160104987,0,TRUE,FALSE,FALSE,FALSE,validation
108,Lentils,7835,Galenbindunuwewa,North Central,Anuradhapura,2025-04-01,285,-0.26246719160104987,0.26246719160104987,5.652489180268651,-0.0026281224062696396,4.946444015700886,0.027225498996239522,1.8886216165620135,4,2025-06-01,NA,0,TRUE,TRUE,FALSE,FALSE,inference
108,Lentils,7835,Galenbindunuwewa,North Central,Anuradhapura,2025-06-01,276,NA,NA,5.62040086571715,NA,0.26246719160104987,0.03401295596626413,2.604455603650968,6,2025-07-01,0.09057971014492754,0,TRUE,FALSE,FALSE,FALSE,test
108,Lentils,7835,Galenbindunuwewa,North Central,Anuradhapura,2025-07-01,276.25,0.09057971014492754,0.09057971014492754,5.621306252831962,9.053871148125836e-4,NA,0.00249856854374447,0.1765234508729887,7,2025-08-01,1.6289592760180998,0,FALSE,FALSE,FALSE,FALSE,excluded
108,Lentils,7835,Galenbindunuwewa,North Central,Anuradhapura,2025-08-01,271.75,-1.6289592760180998,1.6289592760180998,5.604882526001319,-0.016423726830643304,0.09057971014492754,0.012253533982786226,0.8597694930815136,8,2025-09-01,1.7479300827966882,0,TRUE,FALSE,FALSE,FALSE,test
108,Lentils,7835,Galenbindunuwewa,North Central,Anuradhapura,2025-09-01,267,-1.7479300827966882,1.7479300827966882,5.58724865840025,-0.01763386760106922,1.6289592760180998,0.010371970210131939,1.1558230229865718,9,NA,NA,0,TRUE,TRUE,FALSE,FALSE,inference
108,Lentils,7836,Bandarawela,Uva,Badulla,2023-06-01,298,NA,NA,5.697093486505405,NA,NA,NA,NA,6,2023-07-01,1.006711409395973,0,FALSE,FALSE,FALSE,FALSE,excluded
108,Lentils,7836,Bandarawela,Uva,Badulla,2023-07-01,301,1.006711409395973,1.006711409395973,5.707110264748875,0.010016778243470803,NA,NA,1.006711409395973,7,2023-08-01,2.3255813953488373,0,FALSE,FALSE,FALSE,FALSE,excluded
108,Lentils,7836,Bandarawela,Uva,Badulla,2023-08-01,308,2.3255813953488373,2.3255813953488373,5.730099782973574,0.022989518224698635,1.006711409395973,0.009173112411296045,1.666146402372405,8,2023-09-01,6.98051948051948,0,TRUE,FALSE,FALSE,FALSE,train
108,Lentils,7836,Bandarawela,Uva,Badulla,2023-09-01,329.5,6.98051948051948,6.98051948051948,5.797576353942562,0.06747657096898774,2.3255813953488373,0.030135852469976344,3.437604095088097,9,2023-10-01,0.4552352048558422,0,TRUE,FALSE,FALSE,FALSE,train
108,Lentils,7836,Bandarawela,Uva,Badulla,2023-10-01,328,-0.4552352048558422,0.4552352048558422,5.793013608384144,-0.004562745558417625,6.98051948051948,0.03634989277192639,3.25377869357472,10,2023-11-01,0,0,TRUE,FALSE,FALSE,FALSE,train
108,Lentils,7836,Bandarawela,Uva,Badulla,2023-11-01,328,0,0,5.793013608384144,0,0.4552352048558422,0.04033933027559125,2.4785848951251075,11,2023-12-01,0,0,TRUE,FALSE,FALSE,FALSE,train
108,Lentils,7836,Bandarawela,Uva,Badulla,2023-12-01,328,0,0,5.793013608384144,0,0,0.002634302376396185,0.15174506828528073,12,2024-01-01,0,0,TRUE,FALSE,FALSE,FALSE,train
108,Lentils,7836,Bandarawela,Uva,Badulla,2024-01-01,328,0,0,5.793013608384144,0,0,0,0,1,2024-02-01,0,0,TRUE,FALSE,FALSE,FALSE,train
108,Lentils,7836,Bandarawela,Uva,Badulla,2024-02-01,328,0,0,5.793013608384144,0,0,0,0,2,2024-05-01,NA,0,TRUE,TRUE,FALSE,FALSE,inference
108,Lentils,7836,Bandarawela,Uva,Badulla,2024-05-01,326.67,NA,NA,5.78895048702608,NA,0,0,0,5,2024-06-01,5.381577739002658,0,TRUE,FALSE,FALSE,FALSE,train
108,Lentils,7836,Bandarawela,Uva,Badulla,2024-06-01,344.25,5.381577739002658,5.381577739002658,5.8413681376087645,0.05241765058268477,NA,0.03706487618088339,2.690788869501329,6,2024-07-01,2.5127087872185845,0,FALSE,FALSE,FALSE,FALSE,excluded
108,Lentils,7836,Bandarawela,Uva,Badulla,2024-07-01,335.6,-2.5127087872185845,2.5127087872185845,5.815919974593051,-0.025448163015713732,5.381577739002658,0.055059444818035264,3.9471432631106214,7,2024-08-01,8.0750893921335,0,TRUE,FALSE,FALSE,FALSE,train
108,Lentils,7836,Bandarawela,Uva,Badulla,2024-08-01,308.5,-8.0750893921335,8.0750893921335,5.731721843345443,-0.08419813124760811,2.5127087872185845,0.06853042577290193,5.323125306118247,8,2024-09-01,3.792544570502428,0,TRUE,FALSE,FALSE,FALSE,train
108,Lentils,7836,Bandarawela,Uva,Badulla,2024-09-01,296.8,-3.792544570502428,3.792544570502428,5.693058511293225,-0.03866333205221739,8.0750893921335,0.03082103555927488,4.793447583284837,9,2024-10-01,0.23584905660376976,0,TRUE,FALSE,FALSE,FALSE,train
108,Lentils,7836,Bandarawela,Uva,Badulla,2024-10-01,297.5,0.23584905660376976,0.23584905660376976,5.695414224985685,0.00235571369245946,3.792544570502428,0.04329655129737569,4.034494339746566,10,2024-11-01,1.5126050420168067,0,TRUE,FALSE,FALSE,FALSE,train
108,Lentils,7836,Bandarawela,Uva,Badulla,2024-11-01,302,1.5126050420168067,1.5126050420168067,5.71042701737487,0.015012792389184959,0.23584905660376976,0.02805913425246731,1.8469995563743349,11,2024-12-01,0.2649006622516594,0,TRUE,FALSE,FALSE,FALSE,train
108,Lentils,7836,Bandarawela,Uva,Badulla,2024-12-01,301.2,-0.2649006622516594,0.2649006622516594,5.707774495925738,-0.0026525214491313065,1.5126050420168067,0.009104462032201346,0.6711182536240786,12,2025-01-01,0.2656042496679985,0,TRUE,FALSE,FALSE,FALSE,train
108,Lentils,7836,Bandarawela,Uva,Badulla,2025-01-01,302,0.2656042496679985,0.2656042496679985,5.71042701737487,0.0026525214491313065,0.2649006622516594,0.009064427642071961,0.6810366513121549,1,2025-02-01,0,0,TRUE,FALSE,FALSE,FALSE,validation
108,Lentils,7836,Bandarawela,Uva,Badulla,2025-02-01,302,0,0,5.71042701737487,0,0.2656042496679985,0.0026525214491313065,0.17683497063988599,2,2025-03-01,0,0,TRUE,FALSE,FALSE,FALSE,validation
108,Lentils,7836,Bandarawela,Uva,Badulla,2025-03-01,302,0,0,5.71042701737487,0,0,0.001531433972687216,0.08853474988933284,3,2025-04-01,1.8211920529801324,0,TRUE,FALSE,FALSE,FALSE,validation
108,Lentils,7836,Bandarawela,Uva,Badulla,2025-04-01,296.5,-1.8211920529801324,1.8211920529801324,5.69204721843778,-0.018379798937089298,0,0.010611581863979704,0.6070640176600441,4,2025-05-01,1.854974704890388,0,TRUE,FALSE,FALSE,FALSE,test
108,Lentils,7836,Bandarawela,Uva,Badulla,2025-05-01,291,-1.854974704890388,1.854974704890388,5.673323267171493,-0.018723951266287564,1.8211920529801324,0.010712312237295248,1.2253889192901735,5,2025-06-01,4.3298969072165026,0,TRUE,FALSE,FALSE,FALSE,test
108,Lentils,7836,Bandarawela,Uva,Badulla,2025-06-01,278.4,-4.3298969072165026,4.3298969072165026,5.629058928460265,-0.044264338711228035,1.854974704890388,0.014846095058871743,2.668687888362341,6,2025-07-01,1.8318965517241461,0,TRUE,FALSE,FALSE,FALSE,test
108,Lentils,7836,Bandarawela,Uva,Badulla,2025-07-01,283.5,1.8318965517241461,1.8318965517241461,5.647212123167807,0.018153194707542397,4.3298969072165026,0.03137988677506703,2.6722560546103455,7,2025-08-01,3.0864197530864197,0,TRUE,FALSE,FALSE,FALSE,test
108,Lentils,7836,Bandarawela,Uva,Badulla,2025-08-01,274.75,-3.0864197530864197,3.0864197530864197,5.61586159328373,-0.03135052988407683,1.8318965517241461,0.03294777100440033,3.082737737342356,8,2025-09-01,2.8935395814376665,0,TRUE,FALSE,FALSE,FALSE,test
108,Lentils,7836,Bandarawela,Uva,Badulla,2025-09-01,266.8,-2.8935395814376665,2.8935395814376665,5.586499314041468,-0.02936227924226209,3.0864197530864197,0.028024668162567396,2.603951962082744,9,NA,NA,0,TRUE,TRUE,FALSE,FALSE,inference
108,Lentils,7837,Dehiattakandiya,Eastern,Ampara,2023-06-01,295.1,NA,NA,5.687314281948894,NA,NA,NA,NA,6,2023-07-01,3.310742121314821,0,FALSE,FALSE,FALSE,FALSE,excluded
108,Lentils,7837,Dehiattakandiya,Eastern,Ampara,2023-07-01,285.33,-3.310742121314821,3.310742121314821,5.653646405162403,-0.03366787678649086,NA,NA,3.310742121314821,7,2023-08-01,3.241860302106333,0,FALSE,FALSE,FALSE,FALSE,excluded
108,Lentils,7837,Dehiattakandiya,Eastern,Ampara,2023-08-01,294.58,3.241860302106333,3.241860302106333,5.685550613061397,0.03190420789899395,3.310742121314821,0.04636646573764487,3.276301211710577,8,2023-09-01,8.347477764953503,0,TRUE,FALSE,FALSE,FALSE,train
108,Lentils,7837,Dehiattakandiya,Eastern,Ampara,2023-09-01,319.17,8.347477764953503,8.347477764953503,5.765723876196384,0.08017326313498696,3.241860302106333,0.057139310930971195,4.966693396124885,9,2023-10-01,2.2464517341855483,0,TRUE,FALSE,FALSE,FALSE,train
108,Lentils,7837,Dehiattakandiya,Eastern,Ampara,2023-10-01,312,-2.2464517341855483,2.2464517341855483,5.7430031878094825,-0.022720688386901777,8.347477764953503,0.05147968247669657,4.611929933748462,10,2023-11-01,0.5608974358974359,0,TRUE,FALSE,FALSE,FALSE,train
108,Lentils,7837,Dehiattakandiya,Eastern,Ampara,2023-11-01,313.75,0.5608974358974359,0.5608974358974359,5.748596490445994,0.005593302636511588,2.2464517341855483,0.05315232490276863,3.718275645012162,11,2023-12-01,2.9227091633466187,0,TRUE,FALSE,FALSE,FALSE,train
108,Lentils,7837,Dehiattakandiya,Eastern,Ampara,2023-12-01,322.92,2.9227091633466187,2.9227091633466187,5.777404614526815,0.028808124080820896,0.5608974358974359,0.02580642212285806,1.9100194444765344,12,2024-01-01,0.12696643131424754,0,TRUE,FALSE,FALSE,FALSE,train
108,Lentils,7837,Dehiattakandiya,Eastern,Ampara,2024-01-01,323.33,0.12696643131424754,0.12696643131424754,5.778673473497827,0.0012688589710121434,2.9227091633466187,0.014810130938513966,1.203524343519434,1,2024-02-01,0.773203847462345,0,TRUE,FALSE,FALSE,FALSE,train
108,Lentils,7837,Dehiattakandiya,Eastern,Ampara,2024-02-01,320.83,-0.773203847462345,0.773203847462345,5.770911387829468,-0.00776208566835912,0.12696643131424754,0.019049712705474675,1.2742931473744037,2,2024-03-01,3.8961443755259797,0,TRUE,FALSE,FALSE,FALSE,train
108,Lentils,7837,Dehiattakandiya,Eastern,Ampara,2024-03-01,308.33,-3.8961443755259797,3.8961443755259797,5.731170637975067,-0.0397407498544009,0.773203847462345,0.021548321435850542,1.5987715514341907,3,2024-04-01,2.487594460480659,0,TRUE,FALSE,FALSE,FALSE,train
108,Lentils,7837,Dehiattakandiya,Eastern,Ampara,2024-04-01,316,2.487594460480659,2.487594460480659,5.755742213586912,0.024571575611845198,3.8961443755259797,0.0321563260281783,2.385647561156328,4,2024-05-01,3.8765822784810124,0,TRUE,FALSE,FALSE,FALSE,train
108,Lentils,7837,Dehiattakandiya,Eastern,Ampara,2024-05-01,303.75,-3.8765822784810124,3.8765822784810124,5.716204994654758,-0.03953721893215434,2.487594460480659,0.03707212378053853,3.4201070381625502,5,2024-06-01,0.684773662551435,0,TRUE,FALSE,FALSE,FALSE,train
108,Lentils,7837,Dehiattakandiya,Eastern,Ampara,2024-06-01,305.83,0.684773662551435,0.684773662551435,5.723029392018658,0.006824397363899948,3.8765822784810124,0.033101609576251856,2.3496501338377023,6,2024-07-01,1.2555995160710303,0,TRUE,FALSE,FALSE,FALSE,train
108,Lentils,7837,Dehiattakandiya,Eastern,Ampara,2024-07-01,309.67,1.2555995160710303,1.2555995160710303,5.735507214350442,0.012477822331784516,0.684773662551435,0.028539227965320903,1.9389851523678259,7,2024-08-01,3.3907062356702293,0,TRUE,FALSE,FALSE,FALSE,train
108,Lentils,7837,Dehiattakandiya,Eastern,Ampara,2024-08-01,299.17,-3.3907062356702293,3.3907062356702293,5.701011973693533,-0.03449524065690923,1.2555995160710303,0.02564417525345015,1.777026471430898,8,2024-09-01,2.9548417287829767,0,TRUE,FALSE,FALSE,FALSE,train
108,Lentils,7837,Dehiattakandiya,Eastern,Ampara,2024-09-01,290.33,-2.9548417287829767,2.9548417287829767,5.671018207062228,-0.029993766631305263,3.3907062356702293,0.025918358307039906,2.533715826841412,9,2024-10-01,1.7531774187993083,0,TRUE,FALSE,FALSE,FALSE,train
108,Lentils,7837,Dehiattakandiya,Eastern,Ampara,2024-10-01,295.42,1.7531774187993083,1.7531774187993083,5.688398072612454,0.017379865550226192,2.9548417287829767,0.02873891362617302,2.699575127750838,10,2024-11-01,0.42312639631710786,0,TRUE,FALSE,FALSE,FALSE,train
108,Lentils,7837,Dehiattakandiya,Eastern,Ampara,2024-11-01,296.67,0.42312639631710786,0.42312639631710786,5.692620409950009,0.004222337337554727,1.7531774187993083,0.02445445884886883,1.7103818479664643,11,2024-12-01,1.7966090268648611,0,TRUE,FALSE,FALSE,FALSE,train
108,Lentils,7837,Dehiattakandiya,Eastern,Ampara,2024-12-01,302,1.7966090268648611,1.7966090268648611,5.71042701737487,0.017806607424860843,0.42312639631710786,0.007722640428200836,1.3243042806604257,12,2025-01-01,0.6622516556291391,0,TRUE,FALSE,FALSE,FALSE,train
108,Lentils,7837,Dehiattakandiya,Eastern,Ampara,2025-01-01,300,-0.6622516556291391,0.6622516556291391,5.703782474656201,-0.006644542718668767,1.7966090268648611,0.012250715756658571,0.9606623596037027,1,2025-02-01,3.193333333333328,0,TRUE,FALSE,FALSE,FALSE,validation
108,Lentils,7837,Dehiattakandiya,Eastern,Ampara,2025-02-01,290.42,-3.193333333333328,3.193333333333328,5.671328151102592,-0.03245432355360922,0.6622516556291391,0.025133525793620822,1.8840646719424428,2,2025-03-01,2.26912747055989,0,TRUE,FALSE,FALSE,FALSE,validation
108,Lentils,7837,Dehiattakandiya,Eastern,Ampara,2025-03-01,283.83,-2.26912747055989,2.26912747055989,5.648375467384462,-0.022952683718129308,3.193333333333328,0.013053616415698271,2.0415708198407856,3,2025-04-01,2.082232322164665,0,TRUE,FALSE,FALSE,FALSE,validation
108,Lentils,7837,Dehiattakandiya,Eastern,Ampara,2025-04-01,277.92,-2.082232322164665,2.082232322164665,5.6273333024927945,-0.02104216489166788,2.26912747055989,0.006112400061551996,2.514897708685961,4,2025-05-01,2.6266551525618924,0,TRUE,FALSE,FALSE,FALSE,test
108,Lentils,7837,Dehiattakandiya,Eastern,Ampara,2025-05-01,270.62,-2.6266551525618924,2.6266551525618924,5.600715622835498,-0.026617679657296556,2.082232322164665,0.00283339144025081,2.326004981762149,5,2025-06-01,1.0753085507353366,0,TRUE,FALSE,FALSE,FALSE,test
108,Lentils,7837,Dehiattakandiya,Eastern,Ampara,2025-06-01,273.53,1.0753085507353366,1.0753085507353366,5.611411305060508,0.01069568222500994,2.6266551525618924,0.020127362302196652,1.9280653418206313,6,2025-07-01,2.5701019997806362,0,TRUE,FALSE,FALSE,FALSE,test
108,Lentils,7837,Dehiattakandiya,Eastern,Ampara,2025-07-01,266.5,-2.5701019997806362,2.5701019997806362,5.585374243605899,-0.026037061454609045,1.0753085507353366,0.021377240820905162,2.090688567692622,7,2025-08-01,2.4390243902439024,0,TRUE,FALSE,FALSE,FALSE,test
108,Lentils,7837,Dehiattakandiya,Eastern,Ampara,2025-08-01,260,-2.4390243902439024,2.4390243902439024,5.560681631015528,-0.024692612590371255,2.5701019997806362,0.02083040010386052,2.0281449802532916,8,2025-09-01,1.4115384615384676,0,TRUE,FALSE,FALSE,FALSE,test
108,Lentils,7837,Dehiattakandiya,Eastern,Ampara,2025-09-01,256.33,-1.4115384615384676,1.4115384615384676,5.546465676851812,-0.014215954163715239,2.4390243902439024,0.006471817005553071,2.140221617187669,9,NA,NA,0,TRUE,TRUE,FALSE,FALSE,inference
108,Lentils,7839,Keppetipola (DEC},Uva,Badulla,2023-06-01,303.5,NA,NA,5.715381610499553,NA,NA,NA,NA,6,2023-07-01,2.576606260296538,0,FALSE,FALSE,FALSE,FALSE,excluded
108,Lentils,7839,Keppetipola (DEC},Uva,Badulla,2023-07-01,295.68,-2.576606260296538,2.576606260296538,5.689277788453319,-0.026103822046233738,NA,NA,2.576606260296538,7,2023-08-01,2.462121212121203,0,FALSE,FALSE,FALSE,FALSE,excluded
108,Lentils,7839,Keppetipola (DEC},Uva,Badulla,2023-08-01,302.96,2.462121212121203,2.462121212121203,5.713600783593539,0.02432299514021974,2.576606260296538,0.03565714438619559,2.5193637362088706,8,2023-09-01,4.304198574069191,0,TRUE,FALSE,FALSE,FALSE,train
108,Lentils,7839,Keppetipola (DEC},Uva,Badulla,2023-09-01,316,4.304198574069191,4.304198574069191,5.755742213586912,0.042141429993373336,2.462121212121203,0.035397210196383116,3.1143086821623105,9,2023-10-01,4.556962025316449,0,TRUE,FALSE,FALSE,FALSE,train
108,Lentils,7839,Keppetipola (DEC},Uva,Badulla,2023-10-01,330.4,4.556962025316449,4.556962025316449,5.800304041646823,0.04456182805991027,4.304198574069191,0.011052641504543334,3.7744272705022808,10,2023-11-01,5.069612590799031,0,TRUE,FALSE,FALSE,FALSE,train
108,Lentils,7839,Keppetipola (DEC},Uva,Badulla,2023-11-01,313.65,-5.069612590799031,5.069612590799031,5.748277714542752,-0.052026327104070624,4.556962025316449,0.05507978534445124,4.64359106339489,11,2023-12-01,2.9810298102981103,0,TRUE,FALSE,FALSE,FALSE,train
108,Lentils,7839,Keppetipola (DEC},Uva,Badulla,2023-12-01,323,2.9810298102981103,2.9810298102981103,5.777652323222656,0.02937460867990449,5.069612590799031,0.05193912413743695,4.20253480880453,12,2024-01-01,2.5386996904024732,0,TRUE,FALSE,FALSE,FALSE,train
108,Lentils,7839,Keppetipola (DEC},Uva,Badulla,2024-01-01,314.8,-2.5386996904024732,2.5386996904024732,5.751937516543248,-0.025714806679408397,2.9810298102981103,0.04153964399260694,3.5297806971665384,1,2024-02-01,0.8576874205844945,0,TRUE,FALSE,FALSE,FALSE,train
108,Lentils,7839,Keppetipola (DEC},Uva,Badulla,2024-02-01,317.5,0.8576874205844945,0.8576874205844945,5.760477818332746,0.008540301789498272,2.5386996904024732,0.027815836270162986,2.1258056404283594,2,2024-03-01,1.1811023622047243,0,TRUE,FALSE,FALSE,FALSE,train
108,Lentils,7839,Keppetipola (DEC},Uva,Badulla,2024-03-01,321.25,1.1811023622047243,1.1811023622047243,5.77221963620943,0.011741817876683491,0.8576874205844945,0.02076319213018193,1.5258298243972308,3,2024-04-01,0.8809338521400728,0,TRUE,FALSE,FALSE,FALSE,train
108,Lentils,7839,Keppetipola (DEC},Uva,Badulla,2024-04-01,318.42,-0.8809338521400728,0.8809338521400728,5.763371266067859,-0.008848370141571138,1.1811023622047243,0.011079797376380908,0.9732412116430972,4,2024-05-01,3.0776961246152914,0,TRUE,FALSE,FALSE,FALSE,train
108,Lentils,7839,Keppetipola (DEC},Uva,Badulla,2024-05-01,308.62,-3.0776961246152914,3.0776961246152914,5.732110746643059,-0.03126051942479968,0.8809338521400728,0.021507600561628322,1.7132441129866962,5,2024-06-01,1.2863715896571923,0,TRUE,FALSE,FALSE,FALSE,train
108,Lentils,7839,Keppetipola (DEC},Uva,Badulla,2024-06-01,304.65,-1.2863715896571923,1.2863715896571923,5.719163576694504,-0.01294716994855527,3.0776961246152914,0.01193372926059101,1.748333855470852,6,2024-07-01,1.2965698342360235,0,TRUE,FALSE,FALSE,FALSE,train
108,Lentils,7839,Keppetipola (DEC},Uva,Badulla,2024-07-01,308.6,1.2965698342360235,1.2965698342360235,5.73204593992906,0.012882363234556493,1.2863715896571923,0.022177832938072125,1.886879182836169,7,2024-08-01,1.247569669475056,0,TRUE,FALSE,FALSE,FALSE,train
108,Lentils,7839,Keppetipola (DEC},Uva,Badulla,2024-08-01,304.75,-1.247569669475056,1.247569669475056,5.719491768361381,-0.012554171567678907,1.2965698342360235,0.014800543542553743,1.2768370311227573,8,2024-09-01,3.671862182116488,0,TRUE,FALSE,FALSE,FALSE,train
108,Lentils,7839,Keppetipola (DEC},Uva,Badulla,2024-09-01,293.56,-3.671862182116488,3.671862182116488,5.682082047676862,-0.03740972068451942,1.247569669475056,0.02514660125997275,2.0720005619425224,9,2024-10-01,0.7119498569287284,0,TRUE,FALSE,FALSE,FALSE,train
108,Lentils,7839,Keppetipola (DEC},Uva,Badulla,2024-10-01,295.65,0.7119498569287284,0.7119498569287284,5.689176322266839,0.007094274589976912,3.671862182116488,0.022302710424603713,1.8771272361734241,10,2024-11-01,0.13529511246405454,0,TRUE,FALSE,FALSE,FALSE,train
108,Lentils,7839,Keppetipola (DEC},Uva,Badulla,2024-11-01,295.25,-0.13529511246405454,0.13529511246405454,5.687822455077471,-0.0013538671893673637,0.7119498569287284,0.02363613499912145,1.5063690505030902,11,2024-12-01,0.3285351397121176,0,TRUE,FALSE,FALSE,FALSE,train
108,Lentils,7839,Keppetipola (DEC},Uva,Badulla,2024-12-01,294.28,-0.3285351397121176,0.3285351397121176,5.684531695064064,-0.0032907600134075565,0.13529511246405454,0.005522251911572752,0.39192670303496685,12,2025-01-01,1.9131439445426113,0,TRUE,FALSE,FALSE,FALSE,train
108,Lentils,7839,Keppetipola (DEC},Uva,Badulla,2025-01-01,288.65,-1.9131439445426113,1.9131439445426113,5.665214881506943,-0.019316813557121115,0.3285351397121176,0.009859457289058307,0.7923247322395944,1,2025-02-01,0.5543045210462381,0,TRUE,FALSE,FALSE,FALSE,validation
108,Lentils,7839,Keppetipola (DEC},Uva,Badulla,2025-02-01,287.05,-0.5543045210462381,0.5543045210462381,5.659656416613646,-0.005558464893296922,1.9131439445426113,0.008672456741158576,0.9319945351003223,2,2025-03-01,0.3936596411774936,0,TRUE,FALSE,FALSE,FALSE,validation
108,Lentils,7839,Keppetipola (DEC},Uva,Badulla,2025-03-01,285.92,-0.3936596411774936,0.3936596411774936,5.655712051411118,-0.0039443652025275,0.5543045210462381,0.008447974551943826,0.9537027022554476,3,2025-04-01,1.1087017347509849,0,TRUE,FALSE,FALSE,FALSE,validation
108,Lentils,7839,Keppetipola (DEC},Uva,Badulla,2025-04-01,282.75,-1.1087017347509849,1.1087017347509849,5.64456311499623,-0.011148936414888233,0.3936596411774936,0.003780752482408813,0.6855552989915722,4,2025-05-01,2.564102564102564,0,TRUE,FALSE,FALSE,FALSE,test
108,Lentils,7839,Keppetipola (DEC},Uva,Badulla,2025-05-01,275.5,-2.564102564102564,2.564102564102564,5.6185876285929695,-0.02597548640326064,1.1087017347509849,0.011233155777081495,1.3554879800103474,5,2025-06-01,2.9401088929219683,0,TRUE,FALSE,FALSE,FALSE,test
108,Lentils,7839,Keppetipola (DEC},Uva,Badulla,2025-06-01,267.4,-2.9401088929219683,2.9401088929219683,5.588745664667843,-0.029841963925126613,2.564102564102564,0.009867501460884357,2.2043043972585057,6,2025-07-01,8.567688855646981,0,TRUE,FALSE,FALSE,FALSE,test
108,Lentils,7839,Keppetipola (DEC},Uva,Badulla,2025-07-01,290.31,8.567688855646981,8.567688855646981,5.670949317560961,0.08220365289311804,2.9401088929219683,0.06360279877949987,4.690633437557171,7,2025-08-01,2.021976507870898,0,TRUE,FALSE,FALSE,FALSE,test
108,Lentils,7839,Keppetipola (DEC},Uva,Badulla,2025-08-01,284.44,-2.021976507870898,2.021976507870898,5.650522335015317,-0.02042698254564357,8.567688855646981,0.06215023391363987,4.509924752146616,8,2025-09-01,5.70946421037829,0,TRUE,FALSE,FALSE,FALSE,test
108,Lentils,7839,Keppetipola (DEC},Uva,Badulla,2025-09-01,268.2,-5.70946421037829,5.70946421037829,5.591732970847578,-0.0587893641677395,2.021976507870898,0.07289690267106298,5.433043191298723,9,NA,NA,0,TRUE,TRUE,FALSE,FALSE,inference
108,Lentils,7840,Hanguranketha,Central,Nuwara Eliya,2023-06-01,283.14,NA,NA,5.645941474966351,NA,NA,NA,NA,6,2023-07-01,1.2679239951967136,0,FALSE,FALSE,FALSE,FALSE,excluded
108,Lentils,7840,Hanguranketha,Central,Nuwara Eliya,2023-07-01,279.55,-1.2679239951967136,1.2679239951967136,5.633181167472654,-0.012760307493697276,NA,NA,1.2679239951967136,7,2023-08-01,3.952781255589344,0,FALSE,FALSE,FALSE,FALSE,excluded
108,Lentils,7840,Hanguranketha,Central,Nuwara Eliya,2023-08-01,290.6,3.952781255589344,3.952781255589344,5.671947751136183,0.03876658366352892,1.2679239951967136,0.036435014150735794,2.6103526253930287,8,2023-09-01,8.79215416379902,0,TRUE,FALSE,FALSE,FALSE,train
108,Lentils,7840,Hanguranketha,Central,Nuwara Eliya,2023-09-01,316.15,8.79215416379902,8.79215416379902,5.756216784504622,0.0842690333684395,3.952781255589344,0.04854583131711255,4.670953138195026,9,2023-10-01,4.450419104855288,0,TRUE,FALSE,FALSE,FALSE,train
108,Lentils,7840,Hanguranketha,Central,Nuwara Eliya,2023-10-01,302.08,-4.450419104855288,4.450419104855288,5.710691882957136,-0.045524901547486785,8.79215416379902,0.06585589438208563,5.731784841414551,10,2023-11-01,1.8769862288135646,0,TRUE,FALSE,FALSE,FALSE,train
108,Lentils,7840,Hanguranketha,Central,Nuwara Eliya,2023-11-01,307.75,1.8769862288135646,1.8769862288135646,5.729287765064563,0.018595882107427464,4.450419104855288,0.06489851466460511,5.039853165822624,11,2023-12-01,3.057676685621454,0,TRUE,FALSE,FALSE,FALSE,train
108,Lentils,7840,Hanguranketha,Central,Nuwara Eliya,2023-12-01,317.16,3.057676685621454,3.057676685621454,5.759406378404198,0.030118613339634948,1.8769862288135646,0.040755755372806374,3.128360673096769,12,2024-01-01,0.8386934039601541,0,TRUE,FALSE,FALSE,FALSE,train
108,Lentils,7840,Hanguranketha,Central,Nuwara Eliya,2024-01-01,314.5,-0.8386934039601541,0.8386934039601541,5.750984076140496,-0.008422302263702441,3.057676685621454,0.01978281155155334,1.9244521061317243,1,2024-02-01,0.5310015898251242,0,TRUE,FALSE,FALSE,FALSE,train
108,Lentils,7840,Hanguranketha,Central,Nuwara Eliya,2024-02-01,312.83,-0.5310015898251242,0.5310015898251242,5.745659912000673,-0.005324164139822507,0.8386934039601541,0.021413356855152152,1.475790559802244,2,2024-03-01,2.73311383179363,0,TRUE,FALSE,FALSE,FALSE,train
108,Lentils,7840,Hanguranketha,Central,Nuwara Eliya,2024-03-01,304.28,-2.73311383179363,2.73311383179363,5.717948330129101,-0.0277115818715723,0.5310015898251242,0.01213034239913207,1.367602941859636,3,2024-04-01,2.2742211121335476,0,TRUE,FALSE,FALSE,FALSE,train
108,Lentils,7840,Hanguranketha,Central,Nuwara Eliya,2024-04-01,297.36,-2.2742211121335476,2.2742211121335476,5.694943525988997,-0.023004804140104085,2.73311383179363,0.011803638281824147,1.8461121779174339,4,2024-05-01,0.21522733387139706,0,TRUE,FALSE,FALSE,FALSE,train
108,Lentils,7840,Hanguranketha,Central,Nuwara Eliya,2024-05-01,296.72,-0.21522733387139706,0.21522733387139706,5.692788933181335,-0.002154592807661615,2.2742211121335476,0.01360174473633075,1.7408540925995248,5,2024-06-01,0.4313831221353372,0,TRUE,FALSE,FALSE,FALSE,train
108,Lentils,7840,Hanguranketha,Central,Nuwara Eliya,2024-06-01,298,0.4313831221353372,0.4313831221353372,5.697093486505405,0.004304553324069538,0.21522733387139706,0.014272659682440559,0.9736105227134273,6,2024-07-01,0.3892617449664514,0,TRUE,FALSE,FALSE,FALSE,train
108,Lentils,7840,Hanguranketha,Central,Nuwara Eliya,2024-07-01,296.84,-0.3892617449664514,0.3892617449664514,5.693193273101933,-0.003900213403471575,0.4313831221353372,0.0043221514139168225,0.34529073365772855,7,2024-08-01,2.8668643040021533,0,TRUE,FALSE,FALSE,FALSE,train
108,Lentils,7840,Hanguranketha,Central,Nuwara Eliya,2024-08-01,288.33,-2.8668643040021533,2.8668643040021533,5.664105657503303,-0.02908761559863038,0.3892617449664514,0.01740095960838646,1.229169723701314,8,2024-09-01,3.6208511081052954,0,TRUE,FALSE,FALSE,FALSE,train
108,Lentils,7840,Hanguranketha,Central,Nuwara Eliya,2024-09-01,277.89,-3.6208511081052954,3.6208511081052954,5.627225351934046,-0.03688030556925703,2.8668643040021533,0.017237641590342818,2.2923257190246336,9,2024-10-01,3.1883119219835234,0,TRUE,FALSE,FALSE,FALSE,train
108,Lentils,7840,Hanguranketha,Central,Nuwara Eliya,2024-10-01,286.75,3.1883119219835234,3.1883119219835234,5.65861075600948,0.031385404075434664,3.6208511081052954,0.03736736374336014,3.2253424446969907,10,2024-11-01,0.08020924149957043,0,TRUE,FALSE,FALSE,FALSE,train
108,Lentils,7840,Hanguranketha,Central,Nuwara Eliya,2024-11-01,286.52,-0.08020924149957043,0.08020924149957043,5.65780834174625,-8.024142632301334e-4,3.1883119219835234,0.03415132258001567,2.2964574238627966,11,2024-12-01,0.673600446740195,0,TRUE,FALSE,FALSE,FALSE,train
108,Lentils,7840,Hanguranketha,Central,Nuwara Eliya,2024-12-01,284.59,-0.673600446740195,0.673600446740195,5.651049548003997,-0.0067587937422528555,0.08020924149957043,0.020520371719569663,1.3140405367410963,12,2025-01-01,1.1279384377525692,0,TRUE,FALSE,FALSE,FALSE,train
108,Lentils,7840,Hanguranketha,Central,Nuwara Eliya,2025-01-01,287.8,1.1279384377525692,1.1279384377525692,5.662265794453267,0.011216246449269995,0.673600446740195,0.00915631595955472,0.6272493753307782,1,2025-02-01,1.7963863794301653,0,TRUE,FALSE,FALSE,FALSE,validation
108,Lentils,7840,Hanguranketha,Central,Nuwara Eliya,2025-02-01,282.63,-1.7963863794301653,1.7963863794301653,5.644138621728686,-0.018127172724581087,1.1279384377525692,0.014795147624503084,1.1993084213076433,2,2025-03-01,1.7797119909422117,0,TRUE,FALSE,FALSE,FALSE,validation
108,Lentils,7840,Hanguranketha,Central,Nuwara Eliya,2025-03-01,277.6,-1.7797119909422117,1.7797119909422117,5.62618122863265,-0.01795739309603661,1.7963863794301653,0.01689263309973748,1.568012269374982,3,2025-04-01,1.318443804034591,0,TRUE,FALSE,FALSE,FALSE,validation
108,Lentils,7840,Hanguranketha,Central,Nuwara Eliya,2025-04-01,273.94,-1.318443804034591,1.318443804034591,5.6129091043066754,-0.013272124325974133,1.7797119909422117,0.0027553603370765443,1.631514058135656,4,2025-05-01,2.350879754690807,0,TRUE,FALSE,FALSE,FALSE,test
108,Lentils,7840,Hanguranketha,Central,Nuwara Eliya,2025-05-01,267.5,-2.350879754690807,2.350879754690807,5.589119566336061,-0.02378953797061456,1.318443804034591,0.005269118317426823,1.8163451832225366,5,2025-08-01,NA,0,TRUE,TRUE,FALSE,FALSE,inference
108,Lentils,7840,Hanguranketha,Central,Nuwara Eliya,2025-08-01,251.5,NA,NA,5.527442989539794,NA,2.350879754690807,0.007436934508669168,1.834661779362699,8,2025-09-01,0.19880715705765406,0,TRUE,FALSE,FALSE,FALSE,test
108,Lentils,7840,Hanguranketha,Central,Nuwara Eliya,2025-09-01,251,-0.19880715705765406,0.19880715705765406,5.5254529391317835,-0.0019900504080103687,NA,0.015414565481909226,1.2748434558742305,9,NA,NA,0,FALSE,TRUE,FALSE,FALSE,inference
108,Lentils,7841,Meegoda(DEC),Western,Colombo,2023-06-01,299,NA,NA,5.700443573390687,NA,NA,NA,NA,6,2023-07-01,3.2341137123745876,0,FALSE,FALSE,FALSE,FALSE,excluded
108,Lentils,7841,Meegoda(DEC),Western,Colombo,2023-07-01,308.67,3.2341137123745876,3.2341137123745876,5.732272745055829,0.031829171665141764,NA,NA,3.2341137123745876,7,2023-08-01,1.8887485016360461,0,FALSE,FALSE,FALSE,FALSE,excluded
108,Lentils,7841,Meegoda(DEC),Western,Colombo,2023-08-01,314.5,1.8887485016360461,1.8887485016360461,5.750984076140496,0.018711331084666938,3.2341137123745876,0.009275714028977826,2.561431107005317,8,2023-09-01,5.087440381558029,0,TRUE,FALSE,FALSE,FALSE,train
108,Lentils,7841,Meegoda(DEC),Western,Colombo,2023-09-01,330.5,5.087440381558029,5.087440381558029,5.800606659291741,0.04962258315124579,1.8887485016360461,0.015514448846866084,3.4034341985228873,9,2023-10-01,1.6036308623298068,0,TRUE,FALSE,FALSE,FALSE,train
108,Lentils,7841,Meegoda(DEC),Western,Colombo,2023-10-01,325.2,-1.6036308623298068,1.6036308623298068,5.784440377673656,-0.01616628161808542,5.087440381558029,0.032914353757907605,2.8599399151746274,10,2023-11-01,0.12915129151292004,0,TRUE,FALSE,FALSE,FALSE,train
108,Lentils,7841,Meegoda(DEC),Western,Colombo,2023-11-01,325.62,0.12915129151292004,0.12915129151292004,5.7857310573033685,0.0012906796297125211,1.6036308623298068,0.03408052503913652,2.2734075118002517,11,2023-12-01,0.4975124378109467,0,TRUE,FALSE,FALSE,FALSE,train
108,Lentils,7841,Meegoda(DEC),Western,Colombo,2023-12-01,324,-0.4975124378109467,0.4975124378109467,5.780743515792329,-0.004987541511039417,0.12915129151292004,0.008842377009607225,0.7434315305512245,12,2024-01-01,0.7407407407407337,0,TRUE,FALSE,FALSE,FALSE,train
108,Lentils,7841,Meegoda(DEC),Western,Colombo,2024-01-01,321.6,-0.7407407407407337,0.7407407407407337,5.773308537304811,-0.007434978487517618,0.4975124378109467,0.004500798411111847,0.4558014900215335,1,2024-02-01,2.7300995024875534,0,TRUE,FALSE,FALSE,FALSE,train
108,Lentils,7841,Meegoda(DEC),Western,Colombo,2024-02-01,330.38,2.7300995024875534,2.7300995024875534,5.800243507126995,0.02693496982218324,0.7407407407407337,0.01917607026298259,1.3227842270130779,2,2024-03-01,1.419577456262485,0,TRUE,FALSE,FALSE,FALSE,train
108,Lentils,7841,Meegoda(DEC),Western,Colombo,2024-03-01,325.69,-1.419577456262485,1.419577456262485,5.785946008709825,-0.014297498417169763,2.7300995024875534,0.02209262306633007,1.6301392331635907,3,2024-04-01,2.959869814854612,0,TRUE,FALSE,FALSE,FALSE,train
108,Lentils,7841,Meegoda(DEC),Western,Colombo,2024-04-01,316.05,-2.959869814854612,2.959869814854612,5.7559004289183076,-0.03004557979151734,1.419577456262485,0.02942476717087642,2.3698489245348835,4,2024-05-01,0.4587881664293588,0,TRUE,FALSE,FALSE,FALSE,train
108,Lentils,7841,Meegoda(DEC),Western,Colombo,2024-05-01,317.5,0.4587881664293588,0.4587881664293588,5.760477818332746,0.004577389414438748,2.959869814854612,0.01733500050122805,1.6127451458488187,5,2024-06-01,1.4173228346456692,0,TRUE,FALSE,FALSE,FALSE,train
108,Lentils,7841,Meegoda(DEC),Western,Colombo,2024-06-01,322,1.4173228346456692,1.4173228346456692,5.7745515455444085,0.014073727211662224,0.4587881664293588,0.023221554924381386,1.61199360530988,6,2024-07-01,2.732919254658389,0,TRUE,FALSE,FALSE,FALSE,train
108,Lentils,7841,Meegoda(DEC),Western,Colombo,2024-07-01,313.2,-2.732919254658389,2.732919254658389,5.746841964116648,-0.02770958142776081,1.4173228346456692,0.021903096427146638,1.5363434185778058,7,2024-08-01,5.4118773946360115,0,TRUE,FALSE,FALSE,FALSE,train
108,Lentils,7841,Meegoda(DEC),Western,Colombo,2024-08-01,296.25,-5.4118773946360115,5.4118773946360115,5.691203692449341,-0.055638271667306505,2.732919254658389,0.03508470561145582,3.1873731613133565,8,2024-09-01,0.5232067510548561,0,TRUE,FALSE,FALSE,FALSE,train
108,Lentils,7841,Meegoda(DEC),Western,Colombo,2024-09-01,297.8,0.5232067510548561,0.5232067510548561,5.696422120249909,0.005218427800567582,5.4118773946360115,0.030462554610429838,2.8893344667830854,9,2024-10-01,2.1658831430490224,0,TRUE,FALSE,FALSE,FALSE,train
108,Lentils,7841,Meegoda(DEC),Western,Colombo,2024-10-01,304.25,2.1658831430490224,2.1658831430490224,5.717849731867637,0.021427611617728104,0.5232067510548561,0.04063132181918325,2.7003224295799635,10,2024-11-01,1.2325390304026294,0,TRUE,FALSE,FALSE,FALSE,train
108,Lentils,7841,Meegoda(DEC),Western,Colombo,2024-11-01,300.5,-1.2325390304026294,1.2325390304026294,5.705447753975262,-0.012401977892374738,2.1658831430490224,0.01691969987531513,1.3072096415021692,11,2024-12-01,0.2329450915141393,0,TRUE,FALSE,FALSE,FALSE,train
108,Lentils,7841,Meegoda(DEC),Western,Colombo,2024-12-01,301.2,0.2329450915141393,0.2329450915141393,5.707774495925738,0.002326741950476219,1.2325390304026294,0.016961817594608363,1.210455754988597,12,2025-01-01,0.2324037184594916,0,TRUE,FALSE,FALSE,FALSE,train
108,Lentils,7841,Meegoda(DEC),Western,Colombo,2025-01-01,300.5,-0.2324037184594916,0.2324037184594916,5.705447753975262,-0.002326741950476219,0.2329450915141393,0.0075288387762272565,0.5659626134587534,1,2025-02-01,1.6638935108153077,0,TRUE,FALSE,FALSE,FALSE,validation
108,Lentils,7841,Meegoda(DEC),Western,Colombo,2025-02-01,295.5,-1.6638935108153077,1.6638935108153077,5.688668836846153,-0.01677891712910906,0.2324037184594916,0.009962818281621372,0.7097474402629795,2,2025-03-01,0.6598984771573566,0,TRUE,FALSE,FALSE,FALSE,validation
108,Lentils,7841,Meegoda(DEC),Western,Colombo,2025-03-01,293.55,-0.6598984771573566,0.6598984771573566,5.682047982510195,-0.0066208543359582706,1.6638935108153077,0.007421713731596812,0.8520652354773853,3,2025-04-01,2.1188894566513463,0,TRUE,FALSE,FALSE,FALSE,validation
108,Lentils,7841,Meegoda(DEC),Western,Colombo,2025-04-01,287.33,-2.1188894566513463,2.1188894566513463,5.660631381000218,-0.021416601509977262,0.6598984771573566,0.0075675677572523735,1.4808938148746702,4,2025-05-01,0.8109142797480194,0,TRUE,FALSE,FALSE,FALSE,test
108,Lentils,7841,Meegoda(DEC),Western,Colombo,2025-05-01,285,-0.8109142797480194,0.8109142797480194,5.652489180268651,-0.008142200731566795,2.1188894566513463,0.008138779037410816,1.1965674045189074,5,2025-06-01,0.7719298245613996,0,TRUE,FALSE,FALSE,FALSE,test
108,Lentils,7841,Meegoda(DEC),Western,Colombo,2025-06-01,282.8,-0.7719298245613996,0.7719298245613996,5.644739934022418,-0.007749246246232744,0.8109142797480194,0.0077798964127509815,1.2339111869869217,6,2025-07-01,3.642149929278646,0,TRUE,FALSE,FALSE,FALSE,test
108,Lentils,7841,Meegoda(DEC),Western,Colombo,2025-07-01,272.5,-3.642149929278646,3.642149929278646,5.607638614103299,-0.03710131991911947,0.7719298245613996,0.016834138064485686,1.7416646778626883,7,2025-08-01,0.1834862385321101,0,TRUE,FALSE,FALSE,FALSE,test
108,Lentils,7841,Meegoda(DEC),Western,Colombo,2025-08-01,272,-0.1834862385321101,0.1834862385321101,5.605802066295998,-0.0018365478073008035,3.642149929278646,0.018886098872922478,1.5325219974573852,8,2025-09-01,0.4411764705882311,0,TRUE,FALSE,FALSE,FALSE,test
108,Lentils,7841,Meegoda(DEC),Western,Colombo,2025-09-01,270.8,-0.4411764705882311,0.4411764705882311,5.60138054103812,-0.0044215252578778674,0.1834862385321101,0.019656446099687037,1.422270879466329,9,NA,NA,0,TRUE,TRUE,FALSE,FALSE,inference
108,Lentils,7842,Nikaweratiya,North Western,Kurunegala,2023-06-01,307.19,NA,NA,5.727466448660353,NA,NA,NA,NA,6,2023-07-01,2.9916338422474684,0,FALSE,FALSE,FALSE,FALSE,excluded
108,Lentils,7842,Nikaweratiya,North Western,Kurunegala,2023-07-01,298,-2.9916338422474684,2.9916338422474684,5.697093486505405,-0.030372962154948446,NA,NA,2.9916338422474684,7,2023-08-01,5.704697986577181,0,FALSE,FALSE,FALSE,FALSE,excluded
108,Lentils,7842,Nikaweratiya,North Western,Kurunegala,2023-08-01,315,5.704697986577181,5.704697986577181,5.752572638825633,0.055479152320228486,2.9916338422474684,0.06070661232460137,4.348165914412325,8,2023-09-01,4.761904761904762,0,TRUE,FALSE,FALSE,FALSE,train
108,Lentils,7842,Nikaweratiya,North Western,Kurunegala,2023-09-01,330,4.761904761904762,4.761904761904762,5.799092654460526,0.04652001563489261,5.704697986577181,0.047193540736338066,4.486078863576471,9,2023-10-01,0.15151515151515152,0,TRUE,FALSE,FALSE,FALSE,train
108,Lentils,7842,Nikaweratiya,North Western,Kurunegala,2023-10-01,329.5,-0.15151515151515152,0.15151515151515152,5.797576353942562,-0.00151630051796392,4.761904761904762,0.030649185535438325,3.539372633332365,10,2023-11-01,1.5751138088012133,0,TRUE,FALSE,FALSE,FALSE,train
108,Lentils,7842,Nikaweratiya,North Western,Kurunegala,2023-11-01,334.69,1.5751138088012133,1.5751138088012133,5.813204730268699,0.015628376326136895,0.15151515151515152,0.02434379110713891,2.162844574073709,11,2023-12-01,0.09262302429113575,0,TRUE,FALSE,FALSE,FALSE,train
108,Lentils,7842,Nikaweratiya,North Western,Kurunegala,2023-12-01,335,0.09262302429113575,0.09262302429113575,5.814130531825066,9.25801556367567e-4,1.5751138088012133,0.009274243109195474,0.6064173282025002,12,2024-01-01,0.0746268656716418,0,TRUE,FALSE,FALSE,FALSE,train
108,Lentils,7842,Nikaweratiya,North Western,Kurunegala,2024-01-01,334.75,-0.0746268656716418,0.0746268656716418,5.813383984571282,-7.465472537839801e-4,0.09262302429113575,0.009010184771058818,0.5807878995879969,1,2024-02-01,4.29275578790142,0,TRUE,FALSE,FALSE,FALSE,train
108,Lentils,7842,Nikaweratiya,North Western,Kurunegala,2024-02-01,349.12,4.29275578790142,4.29275578790142,5.855415702644706,0.04203171807342354,0.0746268656716418,0.024229710094754043,1.486668559288066,2,2024-03-01,5.83467002749771,0,TRUE,FALSE,FALSE,FALSE,train
108,Lentils,7842,Nikaweratiya,North Western,Kurunegala,2024-03-01,328.75,-5.83467002749771,5.83467002749771,5.795297583491974,-0.06011811915273135,4.29275578790142,0.05129904609166201,3.4006842270235906,3,2024-04-01,2.6615969581749046,0,TRUE,FALSE,FALSE,FALSE,train
108,Lentils,7842,Nikaweratiya,North Western,Kurunegala,2024-04-01,320,-2.6615969581749046,2.6615969581749046,5.768320995793772,-0.026976587698202437,5.83467002749771,0.05211381233728044,4.263007591191345,4,2024-05-01,1.171875,0,TRUE,FALSE,FALSE,FALSE,train
108,Lentils,7842,Nikaweratiya,North Western,Kurunegala,2024-05-01,316.25,-1.171875,1.171875,5.75653304004173,-0.011787955752041945,2.6615969581749046,0.02471457175394304,3.222713995224205,5,2024-07-01,NA,0,TRUE,TRUE,FALSE,FALSE,inference
108,Lentils,7842,Nikaweratiya,North Western,Kurunegala,2024-07-01,314.6,NA,NA,5.751301990624177,NA,1.171875,0.010739984646076712,1.9167359790874523,7,2024-08-01,4.866497139224412,0,TRUE,FALSE,FALSE,FALSE,train
108,Lentils,7842,Nikaweratiya,North Western,Kurunegala,2024-08-01,299.29,-4.866497139224412,4.866497139224412,5.701413003007467,-0.049888987616710345,NA,0.026941498001711753,3.019186069612206,8,2024-09-01,2.5560493167162397,0,FALSE,FALSE,FALSE,FALSE,excluded
108,Lentils,7842,Nikaweratiya,North Western,Kurunegala,2024-09-01,291.64,-2.5560493167162397,2.5560493167162397,5.67552016493823,-0.025892838069236923,4.866497139224412,0.01696784006738496,3.711273227970326,9,2024-10-01,4.66671238513236,0,TRUE,FALSE,FALSE,FALSE,train
108,Lentils,7842,Nikaweratiya,North Western,Kurunegala,2024-10-01,305.25,4.66671238513236,4.66671238513236,5.721131112990814,0.04561094805258392,2.5560493167162397,0.04968038569311359,4.029752947024337,10,2024-11-01,0.5733005733005733,0,TRUE,FALSE,FALSE,FALSE,train
108,Lentils,7842,Nikaweratiya,North Western,Kurunegala,2024-11-01,307,0.5733005733005733,0.5733005733005733,5.726847747587197,0.005716634596383052,4.66671238513236,0.03583179788515429,2.5986874250497243,11,2024-12-01,4.5602605863192185,0,TRUE,FALSE,FALSE,FALSE,train
108,Lentils,7842,Nikaweratiya,North Western,Kurunegala,2024-12-01,293,-4.5602605863192185,4.5602605863192185,5.680172609017068,-0.04667513857012917,0.5733005733005733,0.04628386314510308,3.2667578482507174,12,2025-03-01,NA,0,TRUE,TRUE,FALSE,FALSE,inference
108,Lentils,7842,Nikaweratiya,North Western,Kurunegala,2025-03-01,281.5,NA,NA,5.640132447579745,NA,4.5602605863192185,0.03704657808442819,2.5667805798098957,3,2025-04-01,1.1083481349911206,0,TRUE,FALSE,FALSE,FALSE,validation
108,Lentils,7842,Nikaweratiya,North Western,Kurunegala,2025-04-01,278.38,-1.1083481349911206,1.1083481349911206,5.628987086799254,-0.011145360780490776,NA,0.025123346809104493,2.8343043606551697,4,2025-05-01,3.9945398376320154,0,FALSE,FALSE,FALSE,FALSE,excluded
108,Lentils,7842,Nikaweratiya,North Western,Kurunegala,2025-05-01,289.5,3.9945398376320154,3.9945398376320154,5.66815529701305,0.039168210213795795,1.1083481349911206,0.035577067235770816,2.551443986311568,5,2025-06-01,2.176165803108812,0,TRUE,FALSE,FALSE,FALSE,test
108,Lentils,7842,Nikaweratiya,North Western,Kurunegala,2025-06-01,283.2,-2.176165803108812,2.176165803108812,5.6461533618195645,-0.0220019351934857,3.9945398376320154,0.03263716522445429,2.426351258577316,6,2025-07-01,0.423728813559318,0,TRUE,FALSE,FALSE,FALSE,test
108,Lentils,7842,Nikaweratiya,North Western,Kurunegala,2025-07-01,282,-0.423728813559318,0.423728813559318,5.641907070938114,-0.004246290881450676,2.176165803108812,0.03146921379018077,2.1981448181000482,7,2025-08-01,0,0,TRUE,FALSE,FALSE,FALSE,test
108,Lentils,7842,Nikaweratiya,North Western,Kurunegala,2025-08-01,282,0,0,5.641907070938114,0,0.423728813559318,0.011671753963049267,0.8666315388893767,8,2025-09-01,0.851063829787226,0,TRUE,FALSE,FALSE,FALSE,test
108,Lentils,7842,Nikaweratiya,North Western,Kurunegala,2025-09-01,279.6,-0.851063829787226,0.851063829787226,5.633360010359655,-0.008547060578458776,0,0.004273559226383367,0.42493088111551464,9,NA,NA,0,TRUE,TRUE,FALSE,FALSE,inference
108,Lentils,7843,Mullativu,Northern,Mullattivu,2023-06-01,309.5,NA,NA,5.734958092124651,NA,NA,NA,NA,6,2023-07-01,2.4232633279483036,0,FALSE,FALSE,FALSE,FALSE,excluded
108,Lentils,7843,Mullativu,Northern,Mullattivu,2023-07-01,302,-2.4232633279483036,2.4232633279483036,5.71042701737487,-0.024531074749781112,NA,NA,2.4232633279483036,7,2023-08-01,3.3112582781456954,0,FALSE,FALSE,FALSE,FALSE,excluded
108,Lentils,7843,Mullativu,Northern,Mullattivu,2023-08-01,312,3.3112582781456954,3.3112582781456954,5.7430031878094825,0.032576170434612806,2.4232633279483036,0.04038092032476775,2.8672608030469995,8,2023-09-01,8.173076923076923,0,TRUE,FALSE,FALSE,FALSE,train
108,Lentils,7843,Mullativu,Northern,Mullattivu,2023-09-01,337.5,8.173076923076923,8.173076923076923,5.821565510312585,0.07856232250310224,3.3112582781456954,0.05164657489733715,4.635866176390308,9,2024-05-01,NA,0,TRUE,TRUE,FALSE,FALSE,inference
108,Lentils,7843,Mullativu,Northern,Mullattivu,2024-05-01,303.67,NA,NA,5.715941585480011,NA,8.173076923076923,0.03251711996830466,5.742167600611309,5,2024-06-01,0.9615701254651483,0,TRUE,FALSE,FALSE,FALSE,train
108,Lentils,7843,Mullativu,Northern,Mullattivu,2024-06-01,300.75,-0.9615701254651483,0.9615701254651483,5.7062793548547885,-0.009662230625222534,NA,0.062384179784191286,4.5673235242710355,6,2024-07-01,2.277639235245228,0,FALSE,FALSE,FALSE,FALSE,excluded
108,Lentils,7843,Mullativu,Northern,Mullattivu,2024-07-01,307.6,2.277639235245228,2.277639235245228,5.728800237631489,0.022520882776700724,0.9615701254651483,0.022756897726195595,1.619604680355188,7,2024-08-01,3.1827048114434398,0,TRUE,FALSE,FALSE,FALSE,train
108,Lentils,7843,Mullativu,Northern,Mullattivu,2024-08-01,297.81,-3.1827048114434398,3.1827048114434398,5.69645569926974,-0.03234453836174911,2.277639235245228,0.027569470763857025,2.1406380573846056,8,2024-09-01,0.6077700547328841,0,TRUE,FALSE,FALSE,FALSE,train
108,Lentils,7843,Mullativu,Northern,Mullattivu,2024-09-01,296,-0.6077700547328841,0.6077700547328841,5.69035945432406,-0.006096244945680063,3.1827048114434398,0.02744123218514603,2.0227047004738505,9,2024-10-01,1.0135135135135136,0,TRUE,FALSE,FALSE,FALSE,train
108,Lentils,7843,Mullativu,Northern,Mullattivu,2024-10-01,293,-1.0135135135135136,1.0135135135135136,5.680172609017068,-0.010186845306992431,0.6077700547328841,0.014122495530658611,1.6013294598966126,10,2024-11-01,0.17064846416382254,0,TRUE,FALSE,FALSE,FALSE,train
108,Lentils,7843,Mullativu,Northern,Mullattivu,2024-11-01,292.5,-0.17064846416382254,0.17064846416382254,5.678464666671911,-0.0017079423451562548,1.0135135135135136,0.004240322441866247,0.5973106774700734,11,2024-12-01,1.0256410256410255,0,TRUE,FALSE,FALSE,FALSE,train
108,Lentils,7843,Mullativu,Northern,Mullattivu,2024-12-01,295.5,1.0256410256410255,1.0256410256410255,5.688668836846153,0.010204170174241689,0.17064846416382254,0.010243564910607383,0.7366010011061206,12,2025-01-01,1.015228426395939,0,TRUE,FALSE,FALSE,FALSE,train
108,Lentils,7843,Mullativu,Northern,Mullattivu,2025-01-01,298.5,1.015228426395939,1.015228426395939,5.698769932832657,0.010101095986503772,1.0256410256410255,0.006847900350735142,0.7371726387335957,1,2025-02-01,1.256281407035176,0,TRUE,FALSE,FALSE,FALSE,validation
108,Lentils,7843,Mullativu,Northern,Mullattivu,2025-02-01,294.75,-1.256281407035176,1.256281407035176,5.68612753941748,-0.012642393415176478,1.015228426395939,0.013160815592114392,1.0990502863573801,2,2025-03-01,0.5258693808312167,0,TRUE,FALSE,FALSE,FALSE,validation
108,Lentils,7843,Mullativu,Northern,Mullattivu,2025-03-01,293.2,-0.5258693808312167,0.5258693808312167,5.680854970012496,-0.0052725694049842176,1.256281407035176,0.011604095567765314,0.9324597380874439,3,2025-04-01,1.9440654843110465,0,TRUE,FALSE,FALSE,FALSE,validation
108,Lentils,7843,Mullativu,Northern,Mullattivu,2025-04-01,287.5,-1.9440654843110465,1.9440654843110465,5.661222860237405,-0.01963210977509089,0.5258693808312167,0.007180608613643469,1.2420720907258131,4,2025-05-01,1.2173913043478262,0,TRUE,FALSE,FALSE,FALSE,test
108,Lentils,7843,Mullativu,Northern,Mullattivu,2025-05-01,284,-1.2173913043478262,1.2173913043478262,5.648974238161206,-0.012248622076199034,1.9440654843110465,0.007180733494474107,1.229108723163363,5,2025-06-01,0.39436619718310023,0,TRUE,FALSE,FALSE,FALSE,test
108,Lentils,7843,Mullativu,Northern,Mullattivu,2025-06-01,282.88,-0.39436619718310023,0.39436619718310023,5.645022779449278,-0.003951458711927813,1.2173913043478262,0.007844760759659586,1.185274328613991,6,2025-07-01,0.20503393665157807,0,TRUE,FALSE,FALSE,FALSE,test
108,Lentils,7843,Mullativu,Northern,Mullattivu,2025-07-01,282.3,-0.20503393665157807,0.20503393665157807,5.642970335259443,-0.0020524441898350787,0.39436619718310023,0.005422349114834839,0.6055971460608348,7,2025-08-01,0.05313496280551798,0,TRUE,FALSE,FALSE,FALSE,test
108,Lentils,7843,Mullativu,Northern,Mullattivu,2025-08-01,282.45,0.05313496280551798,0.05313496280551798,5.643501543771271,5.312085118278631e-4,0.20503393665157807,0.0022500304767144354,0.21751169888006544,8,2025-09-01,1.7171180739953853,0,TRUE,FALSE,FALSE,FALSE,test
108,Lentils,7843,Mullativu,Northern,Mullattivu,2025-09-01,277.6,-1.7171180739953853,1.7171180739953853,5.62618122863265,-0.017320315138621645,0.05313496280551798,0.009647625279778863,0.6584289911508271,9,NA,NA,0,TRUE,TRUE,FALSE,FALSE,inference
114,Tomatoes,360,Ampara,Eastern,Ampara,2023-06-01,314.17,NA,NA,5.749934240677345,NA,NA,NA,NA,6,2023-07-01,40.68816245981474,1,FALSE,FALSE,FALSE,FALSE,excluded
114,Tomatoes,360,Ampara,Eastern,Ampara,2023-07-01,442,40.68816245981474,40.68816245981474,6.091309882077698,0.3413756414003526,NA,NA,40.68816245981474,7,2023-08-01,36.65158371040724,1,FALSE,FALSE,FALSE,FALSE,excluded
114,Tomatoes,360,Ampara,Eastern,Ampara,2023-08-01,280,-36.65158371040724,36.65158371040724,5.634789603169249,-0.4565202789084486,40.68816245981474,0.5641976159314345,38.66987308511099,8,2023-09-01,22.617857142857147,1,TRUE,FALSE,FALSE,FALSE,train
114,Tomatoes,360,Ampara,Eastern,Ampara,2023-09-01,216.67,-22.617857142857147,22.617857142857147,5.378375458718616,-0.25641414445063315,36.65158371040724,0.41513712448636486,33.319201104359706,9,2023-10-01,18.15202843033185,1,TRUE,FALSE,FALSE,FALSE,train
114,Tomatoes,360,Ampara,Eastern,Ampara,2023-10-01,256,18.15202843033185,18.15202843033185,5.545177444479562,0.16680198576094618,22.617857142857147,0.3182464986849808,25.80715642786541,10,2023-11-01,21.09375,1,TRUE,FALSE,FALSE,FALSE,train
114,Tomatoes,360,Ampara,Eastern,Ampara,2023-11-01,310,21.09375,21.09375,5.736572297479192,0.19139485299962988,18.15202843033185,0.2517437851558914,20.621211857729666,11,2023-12-01,126.88064516129035,1,TRUE,FALSE,FALSE,FALSE,train
114,Tomatoes,360,Ampara,Eastern,Ampara,2023-12-01,703.33,126.88064516129035,126.88064516129035,6.555826198454279,0.8192539009750872,21.09375,0.3697984349413132,55.37547453054073,12,2024-01-01,7.015199124166453,0,TRUE,FALSE,TRUE,FALSE,train
114,Tomatoes,360,Ampara,Eastern,Ampara,2024-01-01,752.67,7.015199124166453,7.015199124166453,6.623626884729654,0.06780068627537439,126.88064516129035,0.4029401188049831,51.66319809515227,1,2024-02-01,22.453399232067177,1,TRUE,FALSE,FALSE,FALSE,train
114,Tomatoes,360,Ampara,Eastern,Ampara,2024-02-01,921.67,22.453399232067177,22.453399232067177,6.826187241918314,0.20256035718866006,7.015199124166453,0.4006563427126069,52.11641450584133,2,2024-03-01,55.69672442414313,1,TRUE,FALSE,FALSE,FALSE,train
114,Tomatoes,360,Ampara,Eastern,Ampara,2024-03-01,408.33,-55.69672442414313,55.69672442414313,6.0120756710120915,-0.8141115709062223,22.453399232067177,0.5522003271229203,28.388440926792253,3,2024-04-01,51.345725271226705,1,TRUE,FALSE,TRUE,FALSE,train
114,Tomatoes,360,Ampara,Eastern,Ampara,2024-04-01,198.67,-51.345725271226705,51.345725271226705,5.291645156779972,-0.7204305142321195,55.69672442414313,0.5618882003984174,43.16528297581234,4,2024-05-01,7.721346957265805,0,TRUE,FALSE,TRUE,FALSE,train
114,Tomatoes,360,Ampara,Eastern,Ampara,2024-05-01,183.33,-7.721346957265805,7.721346957265805,5.211287807574934,-0.08035734920503845,51.345725271226705,0.39934635235420884,38.25459888421188,5,2024-06-01,0,0,TRUE,FALSE,FALSE,FALSE,train
114,Tomatoes,360,Ampara,Eastern,Ampara,2024-06-01,183.33,0,0,5.211287807574934,0,7.721346957265805,0.39479342404093676,19.68902407616417,6,2024-07-01,119.09671084928817,1,TRUE,FALSE,FALSE,FALSE,train
114,Tomatoes,360,Ampara,Eastern,Ampara,2024-07-01,401.67,119.09671084928817,119.09671084928817,5.995630855977398,0.784343048402464,0,0.4777304153967841,42.27268593551799,7,2024-08-01,26.867826823013917,1,TRUE,FALSE,TRUE,FALSE,train
114,Tomatoes,360,Ampara,Eastern,Ampara,2024-08-01,293.75,-26.867826823013917,26.867826823013917,5.682729065458369,-0.312901790519029,119.09671084928817,0.565250355244933,48.65484589076736,8,2024-09-01,12.738723404255325,1,TRUE,FALSE,FALSE,FALSE,train
114,Tomatoes,360,Ampara,Eastern,Ampara,2024-09-01,256.33,-12.738723404255325,12.738723404255325,5.546465676851812,-0.1362633886065563,26.867826823013917,0.5891609250214083,52.90108702551914,9,2024-10-01,33.29302071548396,1,TRUE,FALSE,FALSE,FALSE,train
114,Tomatoes,360,Ampara,Eastern,Ampara,2024-10-01,341.67,33.29302071548396,33.29302071548396,5.8338453589543695,0.28737968210255715,12.738723404255325,0.30849430647441434,24.299856980917735,10,2024-11-01,5.853601428278749,0,TRUE,FALSE,FALSE,FALSE,train
114,Tomatoes,360,Ampara,Eastern,Ampara,2024-11-01,321.67,-5.853601428278749,5.853601428278749,5.773526175311485,-0.06031918364288469,33.29302071548396,0.2258817813474111,17.295115182672678,11,2024-12-01,38.65141293872602,1,TRUE,FALSE,FALSE,FALSE,train
114,Tomatoes,360,Ampara,Eastern,Ampara,2024-12-01,446,38.65141293872602,38.65141293872602,6.100318952020064,0.3267927767085794,5.853601428278749,0.21303503746029023,25.932678360829577,12,2025-01-01,7.88565022421525,0,TRUE,FALSE,FALSE,FALSE,train
114,Tomatoes,360,Ampara,Eastern,Ampara,2025-01-01,410.83,-7.88565022421525,7.88565022421525,6.018179503625556,-0.08213944839450793,38.65141293872602,0.23005700689493844,17.463554863740004,1,2025-02-01,28.80266777012389,1,TRUE,FALSE,FALSE,FALSE,validation
114,Tomatoes,360,Ampara,Eastern,Ampara,2025-02-01,292.5,-28.80266777012389,28.80266777012389,5.678464666671911,-0.3397148369536449,7.88565022421525,0.33610589714871747,25.11324364435505,2,2025-03-01,8.034188034188034,0,TRUE,FALSE,FALSE,FALSE,validation
114,Tomatoes,360,Ampara,Eastern,Ampara,2025-03-01,316,8.034188034188034,8.034188034188034,5.755742213586912,0.07727754691500088,28.80266777012389,0.2104128906813769,14.907502009509058,3,2025-04-01,69.83227848101265,1,TRUE,FALSE,FALSE,FALSE,validation
114,Tomatoes,360,Ampara,Eastern,Ampara,2025-04-01,536.67,69.83227848101265,69.83227848101265,6.285383380471234,0.5296411668843213,8.034188034188034,0.4347979136498015,35.556378095108194,4,2025-05-01,62.7312873833082,1,TRUE,FALSE,TRUE,FALSE,test
114,Tomatoes,360,Ampara,Eastern,Ampara,2025-05-01,873.33,62.7312873833082,62.7312873833082,6.772313491285856,0.48693011081462245,69.83227848101265,0.24975731623980849,46.865917966169626,5,2025-06-01,42.671155233416926,1,TRUE,FALSE,TRUE,FALSE,test
114,Tomatoes,360,Ampara,Eastern,Ampara,2025-06-01,500.67,-42.671155233416926,42.671155233416926,6.215947201423421,-0.5563662898624351,62.7312873833082,0.615047939877569,58.41157369924593,6,2025-07-01,62.0508518585096,1,TRUE,FALSE,FALSE,FALSE,test
114,Tomatoes,360,Ampara,Eastern,Ampara,2025-07-01,190,-62.0508518585096,62.0508518585096,5.247024072160486,-0.9689231292629348,42.671155233416926,0.750353159301911,55.81776482507824,7,2025-08-01,17.5421052631579,1,TRUE,FALSE,TRUE,FALSE,test
114,Tomatoes,360,Ampara,Eastern,Ampara,2025-08-01,223.33,17.5421052631579,17.5421052631579,5.408650498232383,0.16162642607189692,62.0508518585096,0.5721099811135784,40.754704118361474,8,2025-09-01,8.659830743742432,0,TRUE,FALSE,FALSE,FALSE,test
114,Tomatoes,360,Ampara,Eastern,Ampara,2025-09-01,242.67,8.659830743742432,8.659830743742432,5.491702495697971,0.08305199746558767,17.5421052631579,0.6312643272504903,29.417595955136644,9,NA,NA,0,TRUE,TRUE,FALSE,FALSE,inference
114,Tomatoes,361,Batticaloa,Eastern,Batticaloa,2023-06-01,376.5,NA,NA,5.930918047239948,NA,NA,NA,NA,6,2023-07-01,26.64010624169987,1,FALSE,FALSE,FALSE,FALSE,excluded
114,Tomatoes,361,Batticaloa,Eastern,Batticaloa,2023-07-01,476.8,26.64010624169987,26.64010624169987,6.16709711575114,0.2361790685111922,NA,NA,26.64010624169987,7,2023-08-01,43.68708053691275,1,FALSE,FALSE,FALSE,FALSE,excluded
114,Tomatoes,361,Batticaloa,Eastern,Batticaloa,2023-08-01,268.5,-43.68708053691275,43.68708053691275,5.5928509139489195,-0.5742462018022207,26.64010624169987,0.5730572042835551,35.163593389306314,8,2023-09-01,9.124767225325884,0,TRUE,FALSE,FALSE,FALSE,train
114,Tomatoes,361,Batticaloa,Eastern,Batticaloa,2023-09-01,244,-9.124767225325884,9.124767225325884,5.497168225293202,-0.09568268865571739,43.68708053691275,0.4074195995832799,26.483984667979502,9,2023-10-01,17.540983606557383,1,TRUE,FALSE,FALSE,FALSE,train
114,Tomatoes,361,Batticaloa,Eastern,Batticaloa,2023-10-01,286.8,17.540983606557383,17.540983606557383,5.658785108725465,0.16161688343226288,9.124767225325884,0.37343464089507333,23.450943789598675,10,2023-11-01,25.52301255230125,1,TRUE,FALSE,FALSE,FALSE,train
114,Tomatoes,361,Batticaloa,Eastern,Batticaloa,2023-11-01,360,25.52301255230125,25.52301255230125,5.886104031450156,0.2273189227246908,17.540983606557383,0.17070924048323693,17.39625446139484,11,2023-12-01,110.83333333333334,1,TRUE,FALSE,FALSE,FALSE,train
114,Tomatoes,361,Batticaloa,Eastern,Batticaloa,2023-12-01,759,110.83333333333334,110.83333333333334,6.63200177739563,0.7458977459454745,25.52301255230125,0.3200585571837907,51.29910983073066,12,2024-01-01,2.2397891963109355,0,TRUE,FALSE,TRUE,FALSE,train
114,Tomatoes,361,Batticaloa,Eastern,Batticaloa,2024-01-01,776,2.2397891963109355,2.2397891963109355,6.654152520183219,0.022150742787588662,110.83333333333334,0.3730119976917134,46.19871169398184,1,2024-02-01,17.65463917525773,1,TRUE,FALSE,FALSE,FALSE,train
114,Tomatoes,361,Batticaloa,Eastern,Batticaloa,2024-02-01,913,17.65463917525773,17.65463917525773,6.816735880594968,0.16258336041174903,2.2397891963109355,0.38379393712498516,43.57592056830067,2,2024-03-01,49.726177437020816,1,TRUE,FALSE,FALSE,FALSE,train
114,Tomatoes,361,Batticaloa,Eastern,Batticaloa,2024-03-01,459,-49.726177437020816,49.726177437020816,6.129050210060545,-0.6876856705344228,17.65463917525773,0.45580450465025263,23.20686860286316,3,2024-04-01,57.124183006535944,1,TRUE,FALSE,FALSE,FALSE,train
114,Tomatoes,361,Batticaloa,Eastern,Batticaloa,2024-04-01,196.8,-57.124183006535944,57.124183006535944,5.282187984618153,-0.8468622254423925,49.726177437020816,0.5427207678937244,41.50166653960483,4,2024-05-01,34.40040650406503,1,TRUE,FALSE,TRUE,FALSE,train
114,Tomatoes,361,Batticaloa,Eastern,Batticaloa,2024-05-01,264.5,34.40040650406503,34.40040650406503,5.577841251298354,0.2956532666802012,57.124183006535944,0.6188206916944101,47.0835889825406,5,2024-06-01,0,0,TRUE,FALSE,FALSE,FALSE,train
114,Tomatoes,361,Batticaloa,Eastern,Batticaloa,2024-06-01,264.5,0,0,5.577841251298354,0,34.40040650406503,0.5930047965966841,30.508196503533657,6,2024-07-01,86.91871455576559,1,TRUE,FALSE,FALSE,FALSE,train
114,Tomatoes,361,Batticaloa,Eastern,Batticaloa,2024-07-01,494.4,86.91871455576559,86.91871455576559,6.203344906143481,0.6255036548451267,0,0.31290758883303915,40.43970701994354,7,2024-08-01,22.330097087378636,1,TRUE,FALSE,TRUE,FALSE,train
114,Tomatoes,361,Batticaloa,Eastern,Batticaloa,2024-08-01,384,-22.330097087378636,22.330097087378636,5.950642552587727,-0.25270235355575377,86.91871455576559,0.4520986424274825,36.416270547714745,8,2024-12-01,NA,0,TRUE,TRUE,FALSE,FALSE,inference
114,Tomatoes,361,Batticaloa,Eastern,Batticaloa,2024-12-01,479.33,NA,NA,6.1723892954857815,NA,22.330097087378636,0.6209854238190328,54.62440582157211,12,2025-01-01,19.418772035966867,1,TRUE,FALSE,FALSE,FALSE,train
114,Tomatoes,361,Batticaloa,Eastern,Batticaloa,2025-01-01,386.25,-19.418772035966867,19.418772035966867,5.956484828211956,-0.21590446727382595,NA,0.02602003492328259,20.87443456167275,1,2025-02-01,33.980582524271846,1,FALSE,FALSE,FALSE,FALSE,excluded
114,Tomatoes,361,Batticaloa,Eastern,Batticaloa,2025-02-01,255,-33.980582524271846,33.980582524271846,5.541263545158426,-0.4152212830535298,19.418772035966867,0.14093827204233844,26.699677280119356,2,2025-03-01,23.92156862745098,1,TRUE,FALSE,FALSE,FALSE,validation
114,Tomatoes,361,Batticaloa,Eastern,Batticaloa,2025-03-01,316,23.92156862745098,23.92156862745098,5.755742213586912,0.2144786684284865,33.980582524271846,0.32183817503158557,25.773641062563232,3,2025-04-01,32.120253164556964,1,TRUE,FALSE,FALSE,FALSE,validation
114,Tomatoes,361,Batticaloa,Eastern,Batticaloa,2025-04-01,417.5,32.120253164556964,32.120253164556964,6.0342845442909105,0.27854233070399825,23.92156862745098,0.38339147388678957,30.007468105426597,4,2025-06-01,NA,0,TRUE,TRUE,FALSE,FALSE,inference
114,Tomatoes,361,Batticaloa,Eastern,Batticaloa,2025-06-01,535.5,NA,NA,6.283200889887803,NA,32.120253164556964,0.04529985002265916,28.020910896003972,6,2025-07-01,66.96918767507003,1,TRUE,FALSE,FALSE,FALSE,test
114,Tomatoes,361,Batticaloa,Eastern,Batticaloa,2025-07-01,176.88,-66.96918767507003,66.96918767507003,5.175471536549191,-1.1077293533386126,NA,0.9802421083534252,49.5447204198135,7,2025-08-01,4.240162822252374,0,FALSE,FALSE,TRUE,FALSE,excluded
114,Tomatoes,361,Batticaloa,Eastern,Batticaloa,2025-08-01,169.38,-4.240162822252374,4.240162822252374,5.132144711493453,-0.04332682505573793,66.96918767507003,0.7526462456609265,35.6046752486612,8,2025-09-01,62.35683079466289,1,TRUE,FALSE,FALSE,FALSE,test
114,Tomatoes,361,Batticaloa,Eastern,Batticaloa,2025-09-01,275,62.35683079466289,62.35683079466289,5.616771097666572,0.4846263861731188,4.240162822252374,0.8110984462050821,44.52206043066177,9,NA,NA,0,TRUE,TRUE,TRUE,FALSE,inference
114,Tomatoes,362,Jaffna,Northern,Jaffna,2023-06-01,285.83,NA,NA,5.655397228496406,NA,NA,NA,NA,6,2023-07-01,55.33708847916594,1,FALSE,FALSE,FALSE,FALSE,excluded
114,Tomatoes,362,Jaffna,Northern,Jaffna,2023-07-01,444,55.33708847916594,55.33708847916594,6.095824562432225,0.4404273339358191,NA,NA,55.33708847916594,7,2023-08-01,50.91891891891892,1,FALSE,FALSE,TRUE,FALSE,excluded
114,Tomatoes,362,Jaffna,Northern,Jaffna,2023-08-01,217.92,-50.91891891891892,50.91891891891892,5.384128022961147,-0.7116965394710775,55.33708847916594,0.814674603652928,53.12800369904243,8,2023-09-01,12.812041116005869,1,TRUE,FALSE,TRUE,FALSE,train
114,Tomatoes,362,Jaffna,Northern,Jaffna,2023-09-01,190,-12.812041116005869,12.812041116005869,5.247024072160486,-0.13710395080066107,50.91891891891892,0.5760625613418578,39.68934950469691,9,2023-10-01,6.315789473684211,0,TRUE,FALSE,FALSE,FALSE,train
114,Tomatoes,362,Jaffna,Northern,Jaffna,2023-10-01,202,6.315789473684211,6.315789473684211,5.308267697401205,0.06124362524071891,12.812041116005869,0.4014421714479684,23.348916502869667,10,2023-11-01,50.24752475247525,1,TRUE,FALSE,FALSE,FALSE,train
114,Tomatoes,362,Jaffna,Northern,Jaffna,2023-11-01,303.5,50.24752475247525,50.24752475247525,5.715381610499553,0.4071139130983479,6.315789473684211,0.2754212229570706,23.125118447388445,11,2024-01-01,NA,0,TRUE,TRUE,TRUE,FALSE,inference
114,Tomatoes,362,Jaffna,Northern,Jaffna,2024-01-01,663.4,NA,NA,6.497378126512952,NA,50.24752475247525,0.24456722595507266,28.28165711307973,1,2024-02-01,7.6273741332529426,0,TRUE,FALSE,FALSE,FALSE,train
114,Tomatoes,362,Jaffna,Northern,Jaffna,2024-02-01,714,7.6273741332529426,7.6273741332529426,6.570882962339584,0.0735048358266317,NA,0.23589724080421745,28.937449442864096,2,2024-03-01,63.16526610644257,1,FALSE,FALSE,FALSE,FALSE,excluded
114,Tomatoes,362,Jaffna,Northern,Jaffna,2024-03-01,263,-63.16526610644257,63.16526610644257,5.572154032177765,-0.9987289301618194,7.6273741332529426,0.7581837669476235,35.39632011984776,3,2024-04-01,63.19391634980989,1,TRUE,FALSE,TRUE,FALSE,train
114,Tomatoes,362,Jaffna,Northern,Jaffna,2024-04-01,96.8,-63.19391634980989,63.19391634980989,4.572646994282532,-0.9995070378952331,63.16526610644257,0.6192791959912654,44.662185529835135,4,2024-05-01,92.66528925619836,1,TRUE,FALSE,TRUE,FALSE,train
114,Tomatoes,362,Jaffna,Northern,Jaffna,2024-05-01,186.5,92.66528925619836,92.66528925619836,5.2284312390838705,0.6557842448013389,63.19391634980989,0.9554583265070206,73.0081572374836,5,2024-06-01,217.42627345844502,1,TRUE,FALSE,TRUE,FALSE,train
114,Tomatoes,362,Jaffna,Northern,Jaffna,2024-06-01,592,217.42627345844502,217.42627345844502,6.3835066348840055,1.155075395800135,92.66528925619836,1.1277932987051618,124.42849302148443,6,2024-07-01,42.567567567567565,1,TRUE,FALSE,TRUE,FALSE,train
114,Tomatoes,362,Jaffna,Northern,Jaffna,2024-07-01,340,-42.567567567567565,42.567567567567565,5.8289456176102075,-0.554561017273798,217.42627345844502,0.87911735771376,117.55304342740365,7,2024-08-01,18.38235294117647,1,TRUE,FALSE,FALSE,FALSE,train
114,Tomatoes,362,Jaffna,Northern,Jaffna,2024-08-01,277.5,-18.38235294117647,18.38235294117647,5.625820933186489,-0.20312468442371845,42.567567567567565,0.9028724179782636,92.79206465572969,8,2024-09-01,20.288288288288292,1,TRUE,FALSE,FALSE,FALSE,train
114,Tomatoes,362,Jaffna,Northern,Jaffna,2024-09-01,221.2,-20.288288288288292,20.288288288288292,5.39906726964818,-0.22675366353830917,18.38235294117647,0.1964363704715319,27.07940293234411,9,2024-10-01,43.98734177215191,1,TRUE,FALSE,FALSE,FALSE,train
114,Tomatoes,362,Jaffna,Northern,Jaffna,2024-10-01,318.5,43.98734177215191,43.98734177215191,5.763622475012218,0.36455520536403796,20.288288288288292,0.3347797694918283,27.55266100053889,10,2024-12-01,NA,0,TRUE,TRUE,FALSE,FALSE,inference
114,Tomatoes,362,Jaffna,Northern,Jaffna,2024-12-01,447.2,NA,NA,6.103005921840889,NA,43.98734177215191,0.41811851097659686,32.137815030220096,12,2025-01-01,18.492844364937387,1,TRUE,FALSE,FALSE,FALSE,train
114,Tomatoes,362,Jaffna,Northern,Jaffna,2025-01-01,364.5,-18.492844364937387,18.492844364937387,5.898526551448713,-0.20447937039217656,NA,0.4023682072468295,31.240093068544645,1,2025-02-01,40.98216735253772,1,FALSE,FALSE,FALSE,FALSE,excluded
114,Tomatoes,362,Jaffna,Northern,Jaffna,2025-02-01,215.12,-40.98216735253772,40.98216735253772,5.371196011960609,-0.527330539488104,18.492844364937387,0.22829025098173505,29.737505858737556,2,2025-03-01,19.81219784306434,1,TRUE,FALSE,FALSE,FALSE,validation
114,Tomatoes,362,Jaffna,Northern,Jaffna,2025-03-01,172.5,-19.81219784306434,19.81219784306434,5.150397236471415,-0.22079877548919402,40.98216735253772,0.18187033966978197,26.42906985351315,3,2025-06-01,NA,0,TRUE,TRUE,FALSE,FALSE,inference
114,Tomatoes,362,Jaffna,Northern,Jaffna,2025-06-01,338,NA,NA,5.823045895483019,NA,19.81219784306434,0.2167506889727037,30.39718259780103,6,2025-07-01,52.95857988165681,1,TRUE,FALSE,FALSE,FALSE,test
114,Tomatoes,362,Jaffna,Northern,Jaffna,2025-07-01,159,-52.95857988165681,52.95857988165681,5.0689042022202315,-0.7541416932627873,NA,0.3771303938555271,36.38538886236057,7,2025-08-01,19.49685534591195,1,FALSE,FALSE,TRUE,FALSE,excluded
114,Tomatoes,362,Jaffna,Northern,Jaffna,2025-08-01,190,19.49685534591195,19.49685534591195,5.247024072160486,0.17811986994025464,52.95857988165681,0.6592084731804422,36.22771761378438,8,2025-09-01,4.4210526315789505,0,TRUE,FALSE,FALSE,FALSE,test
114,Tomatoes,362,Jaffna,Northern,Jaffna,2025-09-01,181.6,-4.4210526315789505,4.4210526315789505,5.201806466167193,-0.04521760599329294,19.49685534591195,0.48675192379230053,25.62549595304924,9,NA,NA,0,TRUE,TRUE,FALSE,FALSE,inference
114,Tomatoes,363,Kilinochchi,Northern,Kilinochchi,2023-06-01,379,NA,NA,5.937536205082426,NA,NA,NA,NA,6,2023-07-01,28.86543535620052,1,FALSE,FALSE,FALSE,FALSE,excluded
114,Tomatoes,363,Kilinochchi,Northern,Kilinochchi,2023-07-01,488.4,28.86543535620052,28.86543535620052,6.1911347422365495,0.25359853715412317,NA,NA,28.86543535620052,7,2023-08-01,34.27518427518427,1,FALSE,FALSE,FALSE,FALSE,excluded
114,Tomatoes,363,Kilinochchi,Northern,Kilinochchi,2023-08-01,321,-34.27518427518427,34.27518427518427,5.771441123130016,-0.4196936191065337,28.86543535620052,0.47608944941162307,31.570309815692397,8,2023-09-01,24.45482866043614,1,TRUE,FALSE,FALSE,FALSE,train
114,Tomatoes,363,Kilinochchi,Northern,Kilinochchi,2023-09-01,242.5,-24.45482866043614,24.45482866043614,5.491001710377538,-0.28043941275247786,34.27518427518427,0.3554130445950336,29.198482763940312,9,2023-10-01,17.11340206185567,1,TRUE,FALSE,FALSE,FALSE,train
114,Tomatoes,363,Kilinochchi,Northern,Kilinochchi,2023-10-01,284,17.11340206185567,17.11340206185567,5.648974238161206,0.15797252778366833,24.45482866043614,0.3014672289694022,25.281138332492027,10,2023-11-01,26.23239436619718,1,TRUE,FALSE,FALSE,FALSE,train
114,Tomatoes,363,Kilinochchi,Northern,Kilinochchi,2023-11-01,358.5,26.23239436619718,26.23239436619718,5.881928660039675,0.2329544218784685,17.11340206185567,0.2773086557982461,22.60020836282966,11,2023-12-01,96.79218967921896,1,TRUE,FALSE,FALSE,FALSE,train
114,Tomatoes,363,Kilinochchi,Northern,Kilinochchi,2023-12-01,705.5,96.79218967921896,96.79218967921896,6.558906771292869,0.6769781112531943,26.23239436619718,0.2805191962654635,46.71266203575727,12,2024-01-01,3.557760453579025,0,TRUE,FALSE,TRUE,FALSE,train
114,Tomatoes,363,Kilinochchi,Northern,Kilinochchi,2024-01-01,680.4,-3.557760453579025,3.557760453579025,6.522680860521707,-0.03622591077116244,96.79218967921896,0.3601562312022909,42.19411483299839,1,2024-05-01,NA,0,TRUE,TRUE,FALSE,FALSE,inference
114,Tomatoes,363,Kilinochchi,Northern,Kilinochchi,2024-05-01,239,NA,NA,5.476463551931511,NA,3.557760453579025,0.5043114003429424,50.17497506639899,5,2024-06-01,0,0,TRUE,FALSE,FALSE,FALSE,train
114,Tomatoes,363,Kilinochchi,Northern,Kilinochchi,2024-06-01,239,0,0,5.476463551931511,0,NA,0.025615587160947754,1.7788802267895125,6,2024-07-01,120.08368200836821,1,FALSE,FALSE,FALSE,FALSE,excluded
114,Tomatoes,363,Kilinochchi,Northern,Kilinochchi,2024-07-01,526,120.08368200836821,120.08368200836821,6.26530121273771,0.7888376608061991,0,0.557792459211397,60.04184100418411,7,2024-08-01,41.44486692015209,1,TRUE,FALSE,TRUE,FALSE,train
114,Tomatoes,363,Kilinochchi,Northern,Kilinochchi,2024-08-01,308,-41.44486692015209,41.44486692015209,5.730099782973574,-0.5352014297641361,120.08368200836821,0.6660561711655272,53.8428496428401,8,2024-09-01,5.194805194805195,0,TRUE,FALSE,FALSE,FALSE,train
114,Tomatoes,363,Kilinochchi,Northern,Kilinochchi,2024-09-01,292,-5.194805194805195,5.194805194805195,5.676753802268282,-0.053345980705292284,41.44486692015209,0.6701414618292142,55.574451374441836,9,2024-10-01,33.04794520547945,1,TRUE,FALSE,FALSE,FALSE,train
114,Tomatoes,363,Kilinochchi,Northern,Kilinochchi,2024-10-01,388.5,33.04794520547945,33.04794520547945,5.962293169807702,0.2855393675394202,5.194805194805195,0.41244058347862206,26.562539106812245,10,2024-11-01,3.346203346203346,0,TRUE,FALSE,FALSE,FALSE,train
114,Tomatoes,363,Kilinochchi,Northern,Kilinochchi,2024-11-01,401.5,3.346203346203346,3.346203346203346,5.995207533386816,0.03291436357911426,33.04794520547945,0.1761171574440099,13.862984582162664,11,2024-12-01,30.759651307596513,1,TRUE,FALSE,FALSE,FALSE,train
114,Tomatoes,363,Kilinochchi,Northern,Kilinochchi,2024-12-01,525,30.759651307596513,30.759651307596513,6.263398262591624,0.26819072920480735,3.346203346203346,0.14111185640007046,22.384599953093105,12,2025-03-01,NA,0,TRUE,TRUE,FALSE,FALSE,inference
114,Tomatoes,363,Kilinochchi,Northern,Kilinochchi,2025-03-01,280,NA,NA,5.634789603169249,NA,30.759651307596513,0.16636551358685311,17.05292732689993,3,2025-05-01,NA,0,TRUE,TRUE,FALSE,FALSE,inference
114,Tomatoes,363,Kilinochchi,Northern,Kilinochchi,2025-05-01,982,NA,NA,6.889591308354466,NA,NA,NA,30.759651307596513,5,2025-06-01,32.5356415478615,1,FALSE,FALSE,FALSE,FALSE,excluded
114,Tomatoes,363,Kilinochchi,Northern,Kilinochchi,2025-06-01,662.5,-32.5356415478615,32.5356415478615,6.496020557860377,-0.39357075049408863,NA,NA,32.5356415478615,6,2025-09-01,NA,0,FALSE,TRUE,FALSE,FALSE,inference
114,Tomatoes,363,Kilinochchi,Northern,Kilinochchi,2025-09-01,241.6,NA,NA,5.48728346606066,NA,32.5356415478615,NA,32.5356415478615,9,NA,NA,0,TRUE,TRUE,FALSE,FALSE,inference
114,Tomatoes,364,Mannar,Northern,Mannar,2023-06-01,388,NA,NA,5.961005339623274,NA,NA,NA,NA,6,2023-07-01,31.64948453608248,1,FALSE,FALSE,FALSE,FALSE,excluded
114,Tomatoes,364,Mannar,Northern,Mannar,2023-07-01,510.8,31.64948453608248,31.64948453608248,6.235978124158384,0.27497278453511065,NA,NA,31.64948453608248,7,2023-08-01,40.77916992952232,1,FALSE,FALSE,FALSE,FALSE,excluded
114,Tomatoes,364,Mannar,Northern,Mannar,2023-08-01,302.5,-40.77916992952232,40.77916992952232,5.7120812774708964,-0.5238968466874878,31.64948453608248,0.5648861335214959,36.2143272328024,8,2023-09-01,16.694214876033058,1,TRUE,FALSE,FALSE,FALSE,train
114,Tomatoes,364,Mannar,Northern,Mannar,2023-09-01,252,-16.694214876033058,16.694214876033058,5.529429087511423,-0.18265218995947308,40.77916992952232,0.4008451947066181,29.707623113879286,9,2023-10-01,11.26984126984126,1,TRUE,FALSE,FALSE,FALSE,train
114,Tomatoes,364,Mannar,Northern,Mannar,2023-10-01,280.4,11.26984126984126,11.26984126984126,5.636217155160435,0.10678806764901161,16.694214876033058,0.31569685872197195,22.91440869179888,10,2023-11-01,34.27246790299573,1,TRUE,FALSE,FALSE,FALSE,train
114,Tomatoes,364,Mannar,Northern,Mannar,2023-11-01,376.5,34.27246790299573,34.27246790299573,5.930918047239948,0.2947008920795131,11.26984126984126,0.24046928329207784,20.745508016290017,11,2023-12-01,82.20451527224436,1,TRUE,FALSE,FALSE,FALSE,train
114,Tomatoes,364,Mannar,Northern,Mannar,2023-12-01,686,82.20451527224436,82.20451527224436,6.530877627725885,0.5999595804859368,34.27246790299573,0.24890166649600132,42.58227481502712,12,2024-01-01,20.29154518950438,1,TRUE,FALSE,TRUE,FALSE,train
114,Tomatoes,364,Mannar,Northern,Mannar,2024-01-01,825.2,20.29154518950438,20.29154518950438,6.7156257811970965,0.18474815347121165,82.20451527224436,0.21512515764033735,45.589509454914825,1,2024-02-01,6.03490063015026,0,TRUE,FALSE,FALSE,FALSE,train
114,Tomatoes,364,Mannar,Northern,Mannar,2024-02-01,875,6.03490063015026,6.03490063015026,6.774223886357614,0.058598105160517555,20.29154518950438,0.2832509519780735,36.176987030633,2,2024-03-01,26.400000000000002,1,TRUE,FALSE,FALSE,FALSE,train
114,Tomatoes,364,Mannar,Northern,Mannar,2024-03-01,644,-26.400000000000002,26.400000000000002,6.467698726104354,-0.30652516025326015,6.03490063015026,0.2551399297160396,17.57548193988488,3,2024-04-01,77.84627329192547,1,TRUE,FALSE,FALSE,FALSE,train
114,Tomatoes,364,Mannar,Northern,Mannar,2024-04-01,142.67,-77.84627329192547,77.84627329192547,4.960534271126723,-1.507164454977631,26.400000000000002,0.8191929066376882,36.760391307358574,4,2024-05-01,58.87712903904115,1,TRUE,FALSE,TRUE,FALSE,train
114,Tomatoes,364,Mannar,Northern,Mannar,2024-05-01,226.67,58.87712903904115,58.87712903904115,5.423495215276265,0.46296094414954236,77.84627329192547,0.9928945621423623,54.37446744365554,5,2024-06-01,0,0,TRUE,FALSE,TRUE,FALSE,train
114,Tomatoes,364,Mannar,Northern,Mannar,2024-06-01,226.67,0,0,5.423495215276265,0,58.87712903904115,1.0301514143110113,45.57446744365554,6,2024-07-01,162.27555477125338,1,TRUE,FALSE,FALSE,FALSE,train
114,Tomatoes,364,Mannar,Northern,Mannar,2024-07-01,594.5,162.27555477125338,162.27555477125338,6.387720716130836,0.964225500854571,0,0.4822395338616784,73.71756127009817,7,2024-08-01,41.37931034482759,1,TRUE,FALSE,TRUE,FALSE,train
114,Tomatoes,364,Mannar,Northern,Mannar,2024-08-01,348.5,-41.37931034482759,41.37931034482759,5.853638230200579,-0.5340824859302575,162.27555477125338,0.7593749339137308,67.88495503869366,8,2024-09-01,11.85078909612626,1,TRUE,FALSE,FALSE,FALSE,train
114,Tomatoes,364,Mannar,Northern,Mannar,2024-09-01,307.2,-11.85078909612626,11.85078909612626,5.727499001273517,-0.12613922892706153,41.37931034482759,0.7746224637578139,71.83521807073575,9,2024-10-01,6.7708333333333375,0,TRUE,FALSE,FALSE,FALSE,train
114,Tomatoes,364,Mannar,Northern,Mannar,2024-10-01,328,6.7708333333333375,6.7708333333333375,5.793013608384144,0.06551460711062695,11.85078909612626,0.30623127637604663,20.000310924762395,10,2024-11-01,9.146341463414634,0,TRUE,FALSE,FALSE,FALSE,train
114,Tomatoes,364,Mannar,Northern,Mannar,2024-11-01,358,9.146341463414634,9.146341463414634,5.8805329864007,0.08751937801655618,6.7708333333333375,0.11751978778888753,9.25598796429141,11,2024-12-01,49.94413407821228,1,TRUE,FALSE,FALSE,FALSE,train
114,Tomatoes,364,Mannar,Northern,Mannar,2024-12-01,536.8,49.94413407821228,49.94413407821228,6.285625585657472,0.405092599256772,9.146341463414634,0.19002200466503733,21.95376962498675,12,2025-01-01,21.665424739195224,1,TRUE,FALSE,FALSE,FALSE,train
114,Tomatoes,364,Mannar,Northern,Mannar,2025-01-01,420.5,-21.665424739195224,21.665424739195224,6.041444479413003,-0.24418110624446943,49.94413407821228,0.32466246748564337,26.918633426940712,1,2025-06-01,NA,0,TRUE,TRUE,FALSE,FALSE,inference
114,Tomatoes,364,Mannar,Northern,Mannar,2025-06-01,570,NA,NA,6.345636360828596,NA,21.665424739195224,0.4591058400060452,35.80477940870375,6,2025-07-01,51.75438596491229,1,TRUE,FALSE,FALSE,FALSE,test
114,Tomatoes,364,Mannar,Northern,Mannar,2025-07-01,275,-51.75438596491229,51.75438596491229,5.616771097666572,-0.7288652631620245,NA,0.34272345409008786,36.70990535205375,7,2025-08-01,14.770909090909093,1,FALSE,FALSE,TRUE,FALSE,excluded
114,Tomatoes,364,Mannar,Northern,Mannar,2025-08-01,234.38,-14.770909090909093,14.770909090909093,5.456943729830456,-0.15982736783611529,51.75438596491229,0.4023705545370712,33.26264752791069,8,2025-09-01,15.624200017066306,1,TRUE,FALSE,FALSE,FALSE,test
114,Tomatoes,364,Mannar,Northern,Mannar,2025-09-01,271,15.624200017066306,15.624200017066306,5.602118820879701,0.14517509104924464,14.770909090909093,0.4436171711120631,27.383165024295895,9,NA,NA,0,TRUE,TRUE,FALSE,FALSE,inference
114,Tomatoes,366,Trincomalee,Eastern,Trincomalee,2023-06-01,352.75,NA,NA,5.865759590732924,NA,NA,NA,NA,6,2023-07-01,46.052445074415324,1,FALSE,FALSE,FALSE,FALSE,excluded
114,Tomatoes,366,Trincomalee,Eastern,Trincomalee,2023-07-01,515.2,46.052445074415324,46.052445074415324,6.244555174790144,0.3787955840572206,NA,NA,46.052445074415324,7,2023-08-01,42.54658385093168,1,FALSE,FALSE,FALSE,FALSE,excluded
114,Tomatoes,366,Trincomalee,Eastern,Trincomalee,2023-08-01,296,-42.54658385093168,42.54658385093168,5.69035945432406,-0.5541957204660841,46.052445074415324,0.6597244782165119,44.2995144626735,8,2023-09-01,31.25,1,TRUE,FALSE,FALSE,FALSE,train
114,Tomatoes,366,Trincomalee,Eastern,Trincomalee,2023-09-01,203.5,-31.25,31.25,5.31566600488265,-0.37469344944141003,42.54658385093168,0.49504874561700385,39.949676308449,9,2023-10-01,35.23341523341523,1,TRUE,FALSE,FALSE,FALSE,train
114,Tomatoes,366,Trincomalee,Eastern,Trincomalee,2023-10-01,275.2,35.23341523341523,35.23341523341523,5.617498106059188,0.30183210117653836,31.25,0.4514221079669868,36.34333302811564,10,2023-11-01,25.363372093023262,1,TRUE,FALSE,FALSE,FALSE,train
114,Tomatoes,366,Trincomalee,Eastern,Trincomalee,2023-11-01,345,25.363372093023262,25.363372093023262,5.84354441703136,0.22604631097217176,35.23341523341523,0.37065675190072783,30.6155957754795,11,2023-12-01,114.20289855072463,1,TRUE,FALSE,FALSE,FALSE,train
114,Tomatoes,366,Trincomalee,Eastern,Trincomalee,2023-12-01,739,114.20289855072463,114.20289855072463,6.6052979209482015,0.7617535039168413,25.363372093023262,0.28990037923056877,58.26656195905437,12,2024-01-01,0.40595399188092013,0,TRUE,FALSE,TRUE,FALSE,train
114,Tomatoes,366,Trincomalee,Eastern,Trincomalee,2024-01-01,742,0.40595399188092013,0.40595399188092013,6.60934924316738,0.004051322219178921,114.20289855072463,0.38952461791126375,46.657408211876266,1,2024-02-01,19.878706199460915,1,TRUE,FALSE,FALSE,FALSE,train
114,Tomatoes,366,Trincomalee,Eastern,Trincomalee,2024-02-01,889.5,19.878706199460915,19.878706199460915,6.7906595071058895,0.18131026393850913,0.40595399188092013,0.3963263981882858,44.82918624735549,2,2024-03-01,50.15964024732996,1,TRUE,FALSE,FALSE,FALSE,train
114,Tomatoes,366,Trincomalee,Eastern,Trincomalee,2024-03-01,443.33,-50.15964024732996,50.15964024732996,6.094314413722431,-0.6963450933834583,19.878706199460915,0.46408598298958015,23.481433479557264,3,2024-04-01,52.02896262377913,1,TRUE,FALSE,TRUE,FALSE,train
114,Tomatoes,366,Trincomalee,Eastern,Trincomalee,2024-04-01,212.67,-52.02896262377913,52.02896262377913,5.359741668535036,-0.7345727451873953,50.15964024732996,0.5181026227180472,40.68910302352334,4,2024-05-01,1.5658061785865485,0,TRUE,FALSE,TRUE,FALSE,train
114,Tomatoes,366,Trincomalee,Eastern,Trincomalee,2024-05-01,216,1.5658061785865485,1.5658061785865485,5.375278407684165,0.015536739149129453,52.02896262377913,0.4224731422122211,34.58480301656521,5,2024-06-01,0,0,TRUE,FALSE,FALSE,FALSE,train
114,Tomatoes,366,Trincomalee,Eastern,Trincomalee,2024-06-01,216,0,0,5.375278407684165,0,1.5658061785865485,0.42866123896132347,17.864922934121893,6,2024-07-01,138.14814814814812,1,TRUE,FALSE,FALSE,FALSE,train
114,Tomatoes,366,Trincomalee,Eastern,Trincomalee,2024-07-01,514.4,138.14814814814812,138.14814814814812,6.243001172923409,0.8677227652392441,0,0.4965556717094754,46.571318108911555,7,2024-08-01,36.625194401244165,1,TRUE,FALSE,TRUE,FALSE,train
114,Tomatoes,366,Trincomalee,Eastern,Trincomalee,2024-08-01,326,-36.625194401244165,36.625194401244165,5.786897381366708,-0.45610379155670167,138.14814814814812,0.6724941410482137,58.25778084979743,8,2024-09-01,3.926380368098163,0,TRUE,FALSE,FALSE,FALSE,train
114,Tomatoes,366,Trincomalee,Eastern,Trincomalee,2024-09-01,313.2,-3.926380368098163,3.926380368098163,5.746841964116648,-0.04005541725006001,36.625194401244165,0.6769630997876956,59.56657430583015,9,2024-10-01,31.331417624521073,1,TRUE,FALSE,FALSE,FALSE,train
114,Tomatoes,366,Trincomalee,Eastern,Trincomalee,2024-10-01,411.33,31.331417624521073,31.331417624521073,6.019395812036673,0.2725538479200251,3.926380368098163,0.36555044293986194,23.960997464621133,10,2024-11-01,1.2350181119782133,0,TRUE,FALSE,FALSE,FALSE,train
114,Tomatoes,366,Trincomalee,Eastern,Trincomalee,2024-11-01,406.25,-1.2350181119782133,1.2350181119782133,6.006968733643947,-0.012427078392725832,31.331417624521073,0.17306164900610316,12.164272034865817,11,2024-12-01,15.74153846153846,1,TRUE,FALSE,FALSE,FALSE,train
114,Tomatoes,366,Trincomalee,Eastern,Trincomalee,2024-12-01,470.2,15.74153846153846,15.74153846153846,6.1531581361059695,0.1461894024620225,1.2350181119782133,0.14279430978201177,16.10265806601258,12,2025-01-01,0.6805614632071435,0,TRUE,FALSE,FALSE,FALSE,train
114,Tomatoes,366,Trincomalee,Eastern,Trincomalee,2025-01-01,467,-0.6805614632071435,0.6805614632071435,6.1463292576688975,-0.006828878437072028,15.74153846153846,0.09000474258874958,5.885706012241272,1,2025-02-01,23.126338329764454,1,TRUE,FALSE,FALSE,FALSE,validation
114,Tomatoes,366,Trincomalee,Eastern,Trincomalee,2025-02-01,359,-23.126338329764454,23.126338329764454,5.883322388488279,-0.2630068691806189,0.6805614632071435,0.2067540188875633,13.182812751503352,2,2025-03-01,6.796657381615592,0,TRUE,FALSE,FALSE,FALSE,validation
114,Tomatoes,366,Trincomalee,Eastern,Trincomalee,2025-03-01,334.6,-6.796657381615592,6.796657381615592,5.812935788552724,-0.07038659993555463,23.126338329764454,0.13339747313169048,10.201185724862396,3,2025-04-01,40.863717872086056,1,TRUE,FALSE,FALSE,FALSE,validation
114,Tomatoes,366,Trincomalee,Eastern,Trincomalee,2025-04-01,471.33,40.863717872086056,40.863717872086056,6.1555584856276155,0.34262269707489157,6.796657381615592,0.30942592518618023,23.595571194488702,4,2025-05-01,121.21867905713621,1,TRUE,FALSE,FALSE,FALSE,test
114,Tomatoes,366,Trincomalee,Eastern,Trincomalee,2025-05-01,1042.67,121.21867905713621,121.21867905713621,6.949540009922928,0.7939815242953125,40.863717872086056,0.432325827070518,56.293018103612624,5,2025-06-01,34.11146383803121,1,TRUE,FALSE,TRUE,FALSE,test
114,Tomatoes,366,Trincomalee,Eastern,Trincomalee,2025-06-01,687,-34.11146383803121,34.11146383803121,6.532334292222349,-0.417205717700579,121.21867905713621,0.6121054574150346,65.3979535890845,6,2025-07-01,64.70160116448326,1,TRUE,FALSE,FALSE,FALSE,test
114,Tomatoes,366,Trincomalee,Eastern,Trincomalee,2025-07-01,242.5,-64.70160116448326,64.70160116448326,5.491001710377538,-1.0413325818448111,34.11146383803121,0.9331743983055051,73.34391468655024,7,2025-08-01,12.577319587628866,1,TRUE,FALSE,TRUE,FALSE,test
114,Tomatoes,366,Trincomalee,Eastern,Trincomalee,2025-08-01,212,-12.577319587628866,12.577319587628866,5.356586274672012,-0.1344154357055256,64.70160116448326,0.4640408380194536,37.130128196714445,8,2025-09-01,19.10377358490566,1,TRUE,FALSE,FALSE,FALSE,test
114,Tomatoes,366,Trincomalee,Eastern,Trincomalee,2025-09-01,252.5,19.10377358490566,19.10377358490566,5.531411248715415,0.17482497404340247,12.577319587628866,0.6320822127074801,32.12756477900593,9,NA,NA,0,TRUE,TRUE,FALSE,FALSE,inference
114,Tomatoes,367,Vavuniya,Northern,Vavuniya,2023-06-01,325.5,NA,NA,5.785362461648624,NA,NA,NA,NA,6,2023-07-01,53.241167434715834,1,FALSE,FALSE,FALSE,FALSE,excluded
114,Tomatoes,367,Vavuniya,Northern,Vavuniya,2023-07-01,498.8,53.241167434715834,53.241167434715834,6.212205213805881,0.4268427521572571,NA,NA,53.241167434715834,7,2023-08-01,44.065757818765036,1,FALSE,FALSE,TRUE,FALSE,excluded
114,Tomatoes,367,Vavuniya,Northern,Vavuniya,2023-08-01,279,-44.065757818765036,44.065757818765036,5.631211781821365,-0.580993431984516,53.241167434715834,0.7126478001318217,48.653462626740435,8,2023-09-01,18.100358422939067,1,TRUE,FALSE,FALSE,FALSE,train
114,Tomatoes,367,Vavuniya,Northern,Vavuniya,2023-09-01,228.5,-18.100358422939067,18.100358422939067,5.43153621033426,-0.19967557148710569,44.065757818765036,0.5088651253298715,38.469094558806646,9,2023-10-01,7.87746170678337,0,TRUE,FALSE,FALSE,FALSE,train
114,Tomatoes,367,Vavuniya,Northern,Vavuniya,2023-10-01,246.5,7.87746170678337,7.87746170678337,5.5073619934827445,0.07582578314848476,18.100358422939067,0.32982717406451395,23.34785931616249,10,2023-11-01,49.49290060851927,1,TRUE,FALSE,FALSE,FALSE,train
114,Tomatoes,367,Vavuniya,Northern,Vavuniya,2023-11-01,368.5,49.49290060851927,49.49290060851927,5.909440711629391,0.40207871814664653,7.87746170678337,0.30123363000988174,25.156906912747235,11,2023-12-01,107.00949796472186,1,TRUE,FALSE,FALSE,FALSE,train
114,Tomatoes,367,Vavuniya,Northern,Vavuniya,2023-12-01,762.83,107.00949796472186,107.00949796472186,6.637035201741581,0.7275944901121898,49.49290060851927,0.3258844229606509,54.793286760008165,12,2024-01-01,10.548877207241445,1,TRUE,FALSE,TRUE,FALSE,train
114,Tomatoes,367,Vavuniya,Northern,Vavuniya,2024-01-01,843.3,10.548877207241445,10.548877207241445,6.737322766580596,0.10028756483901535,107.00949796472186,0.31372822540875456,55.68375859349419,1,2024-02-01,8.91734851179889,0,TRUE,FALSE,FALSE,FALSE,train
114,Tomatoes,367,Vavuniya,Northern,Vavuniya,2024-02-01,918.5,8.91734851179889,8.91734851179889,6.822741904655181,0.08541913807458457,10.548877207241445,0.36654336518679376,42.15857456125406,2,2024-03-01,57.43059335873707,1,TRUE,FALSE,FALSE,FALSE,train
114,Tomatoes,367,Vavuniya,Northern,Vavuniya,2024-03-01,391,-57.43059335873707,57.43059335873707,5.968707559985366,-0.8540343446698149,8.91734851179889,0.5467364117079349,25.6322730259258,3,2024-04-01,59.948849104859335,1,TRUE,FALSE,TRUE,FALSE,train
114,Tomatoes,367,Vavuniya,Northern,Vavuniya,2024-04-01,156.6,-59.948849104859335,59.948849104859335,5.053694783556702,-0.9150127764286635,57.43059335873707,0.5608260620039254,42.09893032513177,4,2024-05-01,41.44316730523628,1,TRUE,FALSE,TRUE,FALSE,train
114,Tomatoes,367,Vavuniya,Northern,Vavuniya,2024-05-01,221.5,41.44316730523628,41.44316730523628,5.40042258948519,0.34672780592848795,59.948849104859335,0.7115168548737025,52.94086992294423,5,2024-06-01,180.81264108352144,1,TRUE,FALSE,FALSE,FALSE,train
114,Tomatoes,367,Vavuniya,Northern,Vavuniya,2024-06-01,622,180.81264108352144,180.81264108352144,6.432940092739179,1.032517503253989,41.44316730523628,0.9878571924798946,94.06821916453902,6,2024-07-01,17.07395498392284,1,TRUE,FALSE,TRUE,FALSE,train
114,Tomatoes,367,Vavuniya,Northern,Vavuniya,2024-07-01,515.8,-17.07395498392284,17.07395498392284,6.245719093447244,-0.18722099929193536,180.81264108352144,0.6114423998692347,79.77658779089352,7,2024-08-01,41.64404808065141,1,TRUE,FALSE,FALSE,FALSE,train
114,Tomatoes,367,Vavuniya,Northern,Vavuniya,2024-08-01,301,-41.64404808065141,41.64404808065141,5.707110264748875,-0.5386088286983686,17.07395498392284,0.8245881165974126,79.84354804936522,8,2024-09-01,3.853820598006652,0,TRUE,FALSE,FALSE,FALSE,train
114,Tomatoes,367,Vavuniya,Northern,Vavuniya,2024-09-01,289.4,-3.853820598006652,3.853820598006652,5.667809814197383,-0.039300450551492006,41.64404808065141,0.256470515486122,20.857274554193634,9,2024-10-01,42.709053213545275,1,TRUE,FALSE,FALSE,FALSE,train
114,Tomatoes,367,Vavuniya,Northern,Vavuniya,2024-10-01,413,42.709053213545275,42.709053213545275,6.023447592961033,0.35563777876364977,3.853820598006652,0.4481372662513821,29.402307297401112,10,2024-11-01,8.958837772397095,0,TRUE,FALSE,FALSE,FALSE,train
114,Tomatoes,367,Vavuniya,Northern,Vavuniya,2024-11-01,376,-8.958837772397095,8.958837772397095,5.929589143389895,-0.09385844957113854,42.709053213545275,0.2452888227915571,18.507237194649672,11,2024-12-01,37.63297872340425,1,TRUE,FALSE,FALSE,FALSE,train
114,Tomatoes,367,Vavuniya,Northern,Vavuniya,2024-12-01,517.5,37.63297872340425,37.63297872340425,6.249009525139524,0.3194203817496293,8.958837772397095,0.2497191594410045,29.766956569782206,12,2025-01-01,16.89275362318841,1,TRUE,FALSE,FALSE,FALSE,train
114,Tomatoes,367,Vavuniya,Northern,Vavuniya,2025-01-01,430.08,-16.89275362318841,16.89275362318841,6.06397123789473,-0.18503828724479376,37.63297872340425,0.2688220303285176,21.161523372996584,1,2025-02-01,30.187406994047617,1,TRUE,FALSE,FALSE,FALSE,validation
114,Tomatoes,367,Vavuniya,Northern,Vavuniya,2025-02-01,300.25,-30.187406994047617,30.187406994047617,5.704615460960093,-0.3593557769346374,16.89275362318841,0.3525152974301405,28.237713113546757,2,2025-03-01,1.6819317235637006,0,TRUE,FALSE,FALSE,FALSE,validation
114,Tomatoes,367,Vavuniya,Northern,Vavuniya,2025-03-01,295.2,-1.6819317235637006,1.6819317235637006,5.687653092726317,-0.016962368233775393,30.187406994047617,0.17120618567727172,16.254030780266575,3,2025-04-01,147.45934959349594,1,TRUE,FALSE,FALSE,FALSE,validation
114,Tomatoes,367,Vavuniya,Northern,Vavuniya,2025-04-01,730.5,147.45934959349594,147.45934959349594,6.593729231190754,0.9060761384644369,1.6819317235637006,0.6545419853709451,59.77622943703575,4,2025-05-01,33.880903490759756,1,TRUE,FALSE,TRUE,FALSE,test
114,Tomatoes,367,Vavuniya,Northern,Vavuniya,2025-05-01,978,33.880903490759756,33.880903490759756,6.885509670034818,0.29178043884406346,147.45934959349594,0.46987257356685785,61.0073949359398,5,2025-06-01,43.22597137014315,1,TRUE,FALSE,FALSE,FALSE,test
114,Tomatoes,367,Vavuniya,Northern,Vavuniya,2025-06-01,555.25,-43.22597137014315,43.22597137014315,6.319418462774537,-0.5660912072602811,33.880903490759756,0.7394344304466784,74.85540815146628,6,2025-07-01,62.224223322827555,1,TRUE,FALSE,FALSE,FALSE,test
114,Tomatoes,367,Vavuniya,Northern,Vavuniya,2025-07-01,209.75,-62.224223322827555,62.224223322827555,5.345916345347316,-0.9735021174272207,43.22597137014315,0.6458672926276764,46.44369939457682,7,2025-08-01,4.328963051251495,0,TRUE,FALSE,TRUE,FALSE,test
114,Tomatoes,367,Vavuniya,Northern,Vavuniya,2025-08-01,200.67,-4.328963051251495,4.328963051251495,5.301661767798426,-0.04425457754889006,62.224223322827555,0.46579646989529794,36.5930525814074,8,2025-09-01,19.20067772960582,1,TRUE,FALSE,FALSE,FALSE,test
114,Tomatoes,367,Vavuniya,Northern,Vavuniya,2025-09-01,239.2,19.20067772960582,19.20067772960582,5.477300022076476,0.17563825427805035,4.328963051251495,0.6099695951086045,28.584621367894957,9,NA,NA,0,TRUE,TRUE,FALSE,FALSE,inference
114,Tomatoes,368,Colombo City,Western,Colombo,2023-06-01,360.2,NA,NA,5.8866594327418555,NA,NA,NA,NA,6,2023-07-01,37.41254858411993,1,FALSE,FALSE,FALSE,FALSE,excluded
114,Tomatoes,368,Colombo City,Western,Colombo,2023-07-01,494.96,37.41254858411993,37.41254858411993,6.204476951222733,0.3178175184808776,NA,NA,37.41254858411993,7,2023-08-01,45.20365282042992,1,FALSE,FALSE,FALSE,FALSE,excluded
114,Tomatoes,368,Colombo City,Western,Colombo,2023-08-01,271.22,-45.20365282042992,45.20365282042992,5.602930299659799,-0.6015466515629342,37.41254858411993,0.6500886390179215,41.30810070227493,8,2023-09-01,14.036575473785126,1,TRUE,FALSE,FALSE,FALSE,train
114,Tomatoes,368,Colombo City,Western,Colombo,2023-09-01,233.15,-14.036575473785126,14.036575473785126,5.45168202325433,-0.151248276405469,45.20365282042992,0.45971400960491376,32.21759229277833,9,2023-10-01,13.37765387089855,1,TRUE,FALSE,FALSE,FALSE,train
114,Tomatoes,368,Colombo City,Western,Colombo,2023-10-01,264.34,13.37765387089855,13.37765387089855,5.57723615332966,0.12555413007533023,14.036575473785126,0.3669840472377489,24.205960721704532,10,2023-11-01,31.18332450631763,1,TRUE,FALSE,FALSE,FALSE,train
114,Tomatoes,368,Colombo City,Western,Colombo,2023-11-01,346.77,31.18332450631763,31.18332450631763,5.848661735974286,0.2714255826446257,13.37765387089855,0.21469018143693216,19.53251795033377,11,2023-12-01,93.794157510742,1,TRUE,FALSE,FALSE,FALSE,train
114,Tomatoes,368,Colombo City,Western,Colombo,2023-12-01,672.02,93.794157510742,93.794157510742,6.510288101985035,0.6616263660107489,31.18332450631763,0.2771607758910014,46.118378629319395,12,2024-01-01,5.8510163387994485,0,TRUE,FALSE,TRUE,FALSE,train
114,Tomatoes,368,Colombo City,Western,Colombo,2024-01-01,711.34,5.8510163387994485,5.8510163387994485,6.5671505152208995,0.05686241323586483,93.794157510742,0.3066032842784986,43.60949945195303,1,2024-02-01,32.23212528467399,1,TRUE,FALSE,FALSE,FALSE,train
114,Tomatoes,368,Colombo City,Western,Colombo,2024-02-01,940.62,32.23212528467399,32.23212528467399,6.846539232308495,0.2793887170875955,5.8510163387994485,0.30587661312368936,43.959099711405145,2,2024-03-01,54.02394165550382,1,TRUE,FALSE,FALSE,FALSE,train
114,Tomatoes,368,Colombo City,Western,Colombo,2024-03-01,432.46,-54.02394165550382,54.02394165550382,6.069489836545749,-0.777049395762746,32.23212528467399,0.5569243436613929,30.70236109299242,3,2024-04-01,52.14123849604587,1,TRUE,FALSE,TRUE,FALSE,train
114,Tomatoes,368,Colombo City,Western,Colombo,2024-04-01,206.97,-52.14123849604587,52.14123849604587,5.332573855226127,-0.7369159813196218,54.02394165550382,0.5986857018005134,46.1324351454079,4,2024-05-01,3.5657341643716456,0,TRUE,FALSE,TRUE,FALSE,train
114,Tomatoes,368,Colombo City,Western,Colombo,2024-05-01,214.35,3.5657341643716456,3.5657341643716456,5.367610193043986,0.035036337817858865,52.14123849604587,0.4577124848384168,36.57697143864045,5,2024-06-01,154.16375087473756,1,TRUE,FALSE,FALSE,FALSE,train
114,Tomatoes,368,Colombo City,Western,Colombo,2024-06-01,544.8,154.16375087473756,154.16375087473756,6.300418754835302,0.9328085617913162,3.5657341643716456,0.835651980893463,69.95690784505169,6,2024-07-01,10.712187958883987,1,TRUE,FALSE,TRUE,FALSE,train
114,Tomatoes,368,Colombo City,Western,Colombo,2024-07-01,486.44,-10.712187958883987,10.712187958883987,6.187113564112799,-0.11330519072250311,154.16375087473756,0.5660321189983367,56.1472243326644,7,2024-08-01,35.08757503494779,1,TRUE,FALSE,FALSE,FALSE,train
114,Tomatoes,368,Colombo City,Western,Colombo,2024-08-01,315.76,-35.08757503494779,35.08757503494779,5.754982431354592,-0.43213113275820714,10.712187958883987,0.7140336516661807,66.65450462285645,8,2024-09-01,8.962503166962254,0,TRUE,FALSE,FALSE,FALSE,train
114,Tomatoes,368,Colombo City,Western,Colombo,2024-09-01,287.46,-8.962503166962254,8.962503166962254,5.661083720123085,-0.09389871123150684,35.08757503494779,0.18992444275421919,18.254088720264676,9,2024-10-01,26.949836498991175,1,TRUE,FALSE,FALSE,FALSE,train
114,Tomatoes,368,Colombo City,Western,Colombo,2024-10-01,364.93,26.949836498991175,26.949836498991175,5.89970555436828,0.2386218342451949,8.962503166962254,0.33538053682342334,23.66663823363374,10,2024-11-01,7.823418189789826,0,TRUE,FALSE,FALSE,FALSE,train
114,Tomatoes,368,Colombo City,Western,Colombo,2024-11-01,336.38,-7.823418189789826,7.823418189789826,5.818241473299286,-0.08146408106899372,26.949836498991175,0.18849382234524456,14.578585951914418,11,2024-12-01,35.00208097984422,1,TRUE,FALSE,FALSE,FALSE,train
114,Tomatoes,368,Colombo City,Western,Colombo,2024-12-01,454.12,35.00208097984422,35.00208097984422,6.118361480296333,0.3001200069970462,7.823418189789826,0.20487534205768876,23.258445222875075,12,2025-01-01,7.409935699815022,0,TRUE,FALSE,FALSE,FALSE,train
114,Tomatoes,368,Colombo City,Western,Colombo,2025-01-01,420.47,-7.409935699815022,7.409935699815022,6.041373133229399,-0.07698834706693347,35.00208097984422,0.21902707563407633,16.745144956483024,1,2025-02-01,29.40281113991487,1,TRUE,FALSE,FALSE,FALSE,validation
114,Tomatoes,368,Colombo City,Western,Colombo,2025-02-01,296.84,-29.40281113991487,29.40281113991487,5.693193273101933,-0.34817986012746616,7.409935699815022,0.32558876546306215,23.938275939858038,2,2025-03-01,17.15065355073441,1,TRUE,FALSE,FALSE,FALSE,validation
114,Tomatoes,368,Colombo City,Western,Colombo,2025-03-01,347.75,17.15065355073441,17.15065355073441,5.851483830803552,0.15829055770161915,29.40281113991487,0.2534473265201006,17.987800130154767,3,2025-04-01,97.90941768511863,1,TRUE,FALSE,FALSE,FALSE,validation
114,Tomatoes,368,Colombo City,Western,Colombo,2025-04-01,688.23,97.90941768511863,97.90941768511863,6.534123084392353,0.6826392535888006,17.15065355073441,0.5154353959222802,48.15429412525597,4,2025-05-01,28.297226217979453,1,TRUE,FALSE,TRUE,FALSE,test
114,Tomatoes,368,Colombo City,Western,Colombo,2025-05-01,882.98,28.297226217979453,28.297226217979453,6.783302550290818,0.2491794658984654,97.90941768511863,0.2802052033945697,47.78576581794417,5,2025-06-01,38.66678746970487,1,TRUE,FALSE,FALSE,FALSE,test
114,Tomatoes,368,Colombo City,Western,Colombo,2025-06-01,541.56,-38.66678746970487,38.66678746970487,6.29445386362691,-0.4888486866639079,28.297226217979453,0.5923057959754564,54.957810457600985,6,2025-07-01,60.61562892384962,1,TRUE,FALSE,FALSE,FALSE,test
114,Tomatoes,368,Colombo City,Western,Colombo,2025-07-01,213.29,-60.61562892384962,60.61562892384962,5.362652742052931,-0.9318011215739794,38.66678746970487,0.5966025423951515,42.52654753717798,7,2025-08-01,10.549017769234375,1,TRUE,FALSE,TRUE,FALSE,test
114,Tomatoes,368,Colombo City,Western,Colombo,2025-08-01,235.79,10.549017769234375,10.549017769234375,5.4629415783829565,0.10028883633002561,60.61562892384962,0.5177675736271504,36.610478054262956,8,2025-09-01,3.3377157640273145,0,TRUE,FALSE,FALSE,FALSE,test
114,Tomatoes,368,Colombo City,Western,Colombo,2025-09-01,243.66,3.3377157640273145,3.3377157640273145,5.495773810926261,0.032832232543304585,10.549017769234375,0.5773903333788867,24.834120819037103,9,NA,NA,0,TRUE,TRUE,FALSE,FALSE,inference
114,Tomatoes,1888,Polonnaruwa,North Central,Polonnaruwa,2023-06-01,362,NA,NA,5.8916442118257715,NA,NA,NA,NA,6,2023-07-01,16.574585635359114,1,FALSE,FALSE,FALSE,FALSE,excluded
114,Tomatoes,1888,Polonnaruwa,North Central,Polonnaruwa,2023-07-01,422,16.574585635359114,16.574585635359114,6.045005314036012,0.15336110221024057,NA,NA,16.574585635359114,7,2023-08-01,52.13270142180095,1,FALSE,FALSE,FALSE,FALSE,excluded
114,Tomatoes,1888,Polonnaruwa,North Central,Polonnaruwa,2023-08-01,202,-52.13270142180095,52.13270142180095,5.308267697401205,-0.736737616634807,16.574585635359114,0.6293948400207913,34.35364352858004,8,2023-09-01,6.9306930693069315,0,TRUE,FALSE,TRUE,FALSE,train
114,Tomatoes,1888,Polonnaruwa,North Central,Polonnaruwa,2023-09-01,188,-6.9306930693069315,6.9306930693069315,5.236441962829949,-0.07182573457125585,52.13270142180095,0.46279812943632076,25.212660042155665,9,2023-10-01,21.27659574468085,1,TRUE,FALSE,FALSE,FALSE,train
114,Tomatoes,1888,Polonnaruwa,North Central,Polonnaruwa,2023-10-01,228,21.27659574468085,21.27659574468085,5.429345628954441,0.19290366612449183,6.9306930693069315,0.47896109464694137,26.779996745262913,10,2023-11-01,21.710526315789476,1,TRUE,FALSE,FALSE,FALSE,train
114,Tomatoes,1888,Polonnaruwa,North Central,Polonnaruwa,2023-11-01,277.5,21.710526315789476,21.710526315789476,5.625820933186489,0.19647530423204795,21.27659574468085,0.15388299646941342,16.63927170992575,11,2023-12-01,153.2144144144144,1,TRUE,FALSE,FALSE,FALSE,train
114,Tomatoes,1888,Polonnaruwa,North Central,Polonnaruwa,2023-12-01,702.67,153.2144144144144,153.2144144144144,6.554887364814908,0.929066431628419,21.710526315789476,0.42399648855720634,65.4005121582949,12,2024-01-01,11.30971864459845,1,TRUE,FALSE,TRUE,FALSE,train
114,Tomatoes,1888,Polonnaruwa,North Central,Polonnaruwa,2024-01-01,623.2,-11.30971864459845,11.30971864459845,6.4348674945565385,-0.12001987025836947,153.2144144144144,0.5381203434521104,62.07821979160077,1,2024-02-01,28.610397946084714,1,TRUE,FALSE,FALSE,FALSE,train
114,Tomatoes,1888,Polonnaruwa,North Central,Polonnaruwa,2024-02-01,801.5,28.610397946084714,28.610397946084714,6.686484972049608,0.2516174774930695,11.30971864459845,0.5319200241435581,64.37817700169919,2,2024-03-01,53.54585152838428,1,TRUE,FALSE,FALSE,FALSE,train
114,Tomatoes,1888,Polonnaruwa,North Central,Polonnaruwa,2024-03-01,372.33,-53.54585152838428,53.54585152838428,5.919780557809539,-0.7667044142400687,28.610397946084714,0.5153145791409844,31.155322706355815,3,2024-04-01,45.31732602798593,1,TRUE,FALSE,TRUE,FALSE,train
114,Tomatoes,1888,Polonnaruwa,North Central,Polonnaruwa,2024-04-01,203.6,-45.31732602798593,45.31732602798593,5.316157284676367,-0.6036232731331719,53.54585152838428,0.5469630815237018,42.49119183415164,4,2024-05-01,19.778978388998027,1,TRUE,FALSE,FALSE,FALSE,train
114,Tomatoes,1888,Polonnaruwa,North Central,Polonnaruwa,2024-05-01,163.33,-19.778978388998027,19.778978388998027,5.095772694065048,-0.2203845906113191,45.31732602798593,0.2804557885703084,39.547385315122746,5,2024-08-01,NA,0,TRUE,TRUE,FALSE,FALSE,inference
114,Tomatoes,1888,Polonnaruwa,North Central,Polonnaruwa,2024-08-01,374.17,NA,NA,5.924710239594586,NA,19.778978388998027,0.2709906712242005,32.54815220849198,8,2024-09-01,28.214447978191725,1,TRUE,FALSE,FALSE,FALSE,train
114,Tomatoes,1888,Polonnaruwa,North Central,Polonnaruwa,2024-09-01,268.6,-28.214447978191725,28.214447978191725,5.593223284089137,-0.33148695550544893,NA,0.07856123562250143,23.996713183594878,9,2024-10-01,30.86373790022337,1,FALSE,FALSE,FALSE,FALSE,excluded
114,Tomatoes,1888,Polonnaruwa,North Central,Polonnaruwa,2024-10-01,351.5,30.86373790022337,30.86373790022337,5.86220971125072,0.2689864271615825,28.214447978191725,0.42459880080588264,29.53909293920755,10,2024-11-01,0.5689900426742532,0,TRUE,FALSE,FALSE,FALSE,train
114,Tomatoes,1888,Polonnaruwa,North Central,Polonnaruwa,2024-11-01,349.5,-0.5689900426742532,0.5689900426742532,5.856503561673865,-0.005706149576854891,30.86373790022337,0.30059868832001296,19.88239197369645,11,2024-12-01,45.9513590844063,1,TRUE,FALSE,FALSE,FALSE,train
114,Tomatoes,1888,Polonnaruwa,North Central,Polonnaruwa,2024-12-01,510.1,45.9513590844063,45.9513590844063,6.234606784928881,0.37810322325501655,0.5689900426742532,0.19776759153886195,25.794695675767976,12,2025-01-01,17.56518329739267,1,TRUE,FALSE,FALSE,FALSE,train
114,Tomatoes,1888,Polonnaruwa,North Central,Polonnaruwa,2025-01-01,420.5,-17.56518329739267,17.56518329739267,6.041444479413003,-0.19316230551587843,45.9513590844063,0.29120260685500976,21.361844141491076,1,2025-02-01,24.137931034482758,1,TRUE,FALSE,FALSE,FALSE,validation
114,Tomatoes,1888,Polonnaruwa,North Central,Polonnaruwa,2025-02-01,319,-24.137931034482758,24.137931034482758,5.765191102784844,-0.2762533766281585,17.56518329739267,0.3562375121252547,29.218157805427243,2,2025-03-01,7.836990595611286,0,TRUE,FALSE,FALSE,FALSE,validation
114,Tomatoes,1888,Polonnaruwa,North Central,Polonnaruwa,2025-03-01,344,7.836990595611286,7.836990595611286,5.840641657373398,0.07545055458855376,24.137931034482758,0.18382629932690947,16.51336830916224,3,2025-04-01,62.5,1,TRUE,FALSE,FALSE,FALSE,validation
114,Tomatoes,1888,Polonnaruwa,North Central,Polonnaruwa,2025-04-01,559,62.5,62.5,6.326149473155099,0.485507815781701,7.836990595611286,0.38125291844832826,31.49164054336468,4,2025-05-01,58.31842576028623,1,TRUE,FALSE,TRUE,FALSE,test
114,Tomatoes,1888,Polonnaruwa,North Central,Polonnaruwa,2025-05-01,885,58.31842576028623,58.31842576028623,6.785587645007929,0.4594381718528302,62.5,0.22959133041272106,42.88513878529917,5,2025-06-01,39.163841807909606,1,TRUE,FALSE,TRUE,FALSE,test
114,Tomatoes,1888,Polonnaruwa,North Central,Polonnaruwa,2025-06-01,538.4,-39.163841807909606,39.163841807909606,6.288601778330518,-0.4969858666774112,58.31842576028623,0.5598690924202939,53.32742252273194,6,2025-07-01,61.18127786032689,1,TRUE,FALSE,FALSE,FALSE,test
114,Tomatoes,1888,Polonnaruwa,North Central,Polonnaruwa,2025-07-01,209,-61.18127786032689,61.18127786032689,5.342334251964811,-0.9462675263657072,39.163841807909606,0.7179379570704365,52.88784847617424,7,2025-08-01,15.789473684210526,1,TRUE,FALSE,TRUE,FALSE,test
114,Tomatoes,1888,Polonnaruwa,North Central,Polonnaruwa,2025-08-01,242,15.789473684210526,15.789473684210526,5.488937726156687,0.1466034741918758,61.18127786032689,0.5493068773877018,38.71153111748234,8,2025-09-01,0.8264462809917356,0,TRUE,FALSE,FALSE,FALSE,test
114,Tomatoes,1888,Polonnaruwa,North Central,Polonnaruwa,2025-09-01,240,-0.8264462809917356,0.8264462809917356,5.480638923341991,-0.008298802814695527,15.789473684210526,0.5913469181511909,25.932399275176383,9,NA,NA,0,TRUE,TRUE,FALSE,FALSE,inference
114,Tomatoes,1889,Monaragala,Uva,Moneragala,2023-06-01,326,NA,NA,5.786897381366708,NA,NA,NA,NA,6,2023-07-01,36.932515337423304,1,FALSE,FALSE,FALSE,FALSE,excluded
114,Tomatoes,1889,Monaragala,Uva,Moneragala,2023-07-01,446.4,36.932515337423304,36.932515337423304,6.101215411067101,0.31431802970039335,NA,NA,36.932515337423304,7,2023-08-01,42.876344086021504,1,FALSE,FALSE,FALSE,FALSE,excluded
114,Tomatoes,1889,Monaragala,Uva,Moneragala,2023-08-01,255,-42.876344086021504,42.876344086021504,5.541263545158426,-0.5599518659086753,36.932515337423304,0.6182021717724274,39.9044297117224,8,2023-09-01,16.470588235294116,1,TRUE,FALSE,FALSE,FALSE,train
114,Tomatoes,1889,Monaragala,Uva,Moneragala,2023-09-01,213,-16.470588235294116,16.470588235294116,5.3612921657094255,-0.17997137944900032,42.876344086021504,0.438378649201745,32.093149219579644,9,2023-10-01,2.3474178403755865,0,TRUE,FALSE,FALSE,FALSE,train
114,Tomatoes,1889,Monaragala,Uva,Moneragala,2023-10-01,208,-2.3474178403755865,2.3474178403755865,5.337538079701318,-0.023754086008107578,16.470588235294116,0.27577075988050503,20.564783387230403,10,2023-11-01,40.06249999999999,1,TRUE,FALSE,FALSE,FALSE,train
114,Tomatoes,1889,Monaragala,Uva,Moneragala,2023-11-01,291.33,40.06249999999999,40.06249999999999,5.674456645274372,0.336918565573054,2.3474178403755865,0.26509866705105806,19.626835358556566,11,2023-12-01,112.81708028695982,1,TRUE,FALSE,FALSE,FALSE,train
114,Tomatoes,1889,Monaragala,Uva,Moneragala,2023-12-01,620,112.81708028695982,112.81708028695982,6.429719478039138,0.7552628327647657,40.06249999999999,0.38986408897313984,51.7423327091118,12,2024-01-01,8.129032258064512,0,TRUE,FALSE,TRUE,FALSE,train
114,Tomatoes,1889,Monaragala,Uva,Moneragala,2024-01-01,670.4,8.129032258064512,8.129032258064512,6.507874549167873,0.07815507112873554,112.81708028695982,0.3416736729729504,53.66953751500811,1,2024-02-01,21.718377088305495,1,TRUE,FALSE,FALSE,FALSE,train
114,Tomatoes,1889,Monaragala,Uva,Moneragala,2024-02-01,816,21.718377088305495,21.718377088305495,6.704414354964107,0.19653980579623376,8.129032258064512,0.36163086315904325,47.55482987777661,2,2024-03-01,49.50980392156863,1,TRUE,FALSE,FALSE,FALSE,train
114,Tomatoes,1889,Monaragala,Uva,Moneragala,2024-03-01,412,-49.50980392156863,49.50980392156863,6.021023349349527,-0.6833910056145802,21.718377088305495,0.4775363171661264,26.452404422646214,3,2024-04-01,59.417475728155345,1,TRUE,FALSE,FALSE,FALSE,train
114,Tomatoes,1889,Monaragala,Uva,Moneragala,2024-04-01,167.2,-59.417475728155345,59.417475728155345,5.119190700650601,-0.9018326486989254,49.50980392156863,0.5814374476383513,43.54855224600983,4,2024-05-01,15.430622009569387,1,TRUE,FALSE,TRUE,FALSE,train
114,Tomatoes,1889,Monaragala,Uva,Moneragala,2024-05-01,193,15.430622009569387,15.430622009569387,5.262690188904886,0.14349948825428438,59.417475728155345,0.5513897467356533,41.45263388643112,5,2024-06-01,153.8860103626943,1,TRUE,FALSE,FALSE,FALSE,train
114,Tomatoes,1889,Monaragala,Uva,Moneragala,2024-06-01,490,153.8860103626943,153.8860103626943,6.194405391104672,0.9317152021997863,15.430622009569387,0.9197736143378857,76.24470270013967,6,2024-07-01,18.367346938775512,1,TRUE,FALSE,TRUE,FALSE,train
114,Tomatoes,1889,Monaragala,Uva,Moneragala,2024-07-01,400,-18.367346938775512,18.367346938775512,5.991464547107982,-0.2029408439966902,153.8860103626943,0.5814850612427637,62.561326437013065,7,2024-08-01,24.75,1,TRUE,FALSE,FALSE,FALSE,train
114,Tomatoes,1889,Monaragala,Uva,Moneragala,2024-08-01,301,-24.75,24.75,5.707110264748875,-0.2843542823591063,18.367346938775512,0.6798158430035228,65.6677857671566,8,2024-09-01,1.6611295681063125,0,TRUE,FALSE,FALSE,FALSE,train
114,Tomatoes,1889,Monaragala,Uva,Moneragala,2024-09-01,296,-1.6611295681063125,1.6611295681063125,5.69035945432406,-0.0167508104248153,24.75,0.13717780113097364,14.926158835627275,9,2024-10-01,9.45945945945946,0,TRUE,FALSE,FALSE,FALSE,train
114,Tomatoes,1889,Monaragala,Uva,Moneragala,2024-10-01,324,9.45945945945946,9.45945945945946,5.780743515792329,0.09038406146826894,1.6611295681063125,0.19301050286677776,11.956863009188591,10,2024-11-01,12.345679012345679,1,TRUE,FALSE,FALSE,FALSE,train
114,Tomatoes,1889,Monaragala,Uva,Moneragala,2024-11-01,284,-12.345679012345679,12.345679012345679,5.648974238161206,-0.13176927763112278,9.45945945945946,0.11109998098338071,7.82208934663715,11,2024-12-01,67.32394366197182,1,TRUE,FALSE,FALSE,FALSE,train
114,Tomatoes,1889,Monaragala,Uva,Moneragala,2024-12-01,475.2,67.32394366197182,67.32394366197182,6.1637357680484355,0.5147615298872292,12.345679012345679,0.328494146788297,29.70969404459232,12,2025-01-01,20.664983164983163,1,TRUE,FALSE,TRUE,FALSE,train
114,Tomatoes,1889,Monaragala,Uva,Moneragala,2025-01-01,377,-20.664983164983163,20.664983164983163,5.932245187448011,-0.2314905806004246,67.32394366197182,0.4051416698192344,33.44486861310022,1,2025-02-01,39.52254641909814,1,TRUE,FALSE,FALSE,FALSE,validation
114,Tomatoes,1889,Monaragala,Uva,Moneragala,2025-02-01,228,-39.52254641909814,39.52254641909814,5.429345628954441,-0.5028995584935698,20.664983164983163,0.5269707671355645,42.50382441535104,2,2025-03-01,34.73684210526316,1,TRUE,FALSE,FALSE,FALSE,validation
114,Tomatoes,1889,Monaragala,Uva,Moneragala,2025-03-01,307.2,34.73684210526316,34.73684210526316,5.727499001273517,0.2981533723190761,39.52254641909814,0.40740466126214236,31.641457229781487,3,2025-04-01,87.17447916666667,1,TRUE,FALSE,FALSE,FALSE,validation
114,Tomatoes,1889,Monaragala,Uva,Moneragala,2025-04-01,575,87.17447916666667,87.17447916666667,6.354370040797351,0.6268710395238335,34.73684210526316,0.5811085249820193,53.81128923034266,4,2025-05-01,34.26086956521739,1,TRUE,FALSE,TRUE,FALSE,test
114,Tomatoes,1889,Monaragala,Uva,Moneragala,2025-05-01,772,34.26086956521739,34.26086956521739,6.648984550024776,0.2946145092274257,87.17447916666667,0.19081501959101946,52.05739694571574,5,2025-06-01,40.725388601036265,1,TRUE,FALSE,FALSE,FALSE,test
114,Tomatoes,1889,Monaragala,Uva,Moneragala,2025-06-01,457.6,-40.725388601036265,40.725388601036265,6.125995440065588,-0.5229891099591883,34.26086956521739,0.5917556426150881,54.053579110973445,6,2025-07-01,62.52185314685315,1,TRUE,FALSE,FALSE,FALSE,test
114,Tomatoes,1889,Monaragala,Uva,Moneragala,2025-07-01,171.5,-62.52185314685315,62.52185314685315,5.144583266605995,-0.9814121734595931,40.725388601036265,0.6463837196518004,45.836037104368934,7,2025-08-01,29.44606413994169,1,TRUE,FALSE,TRUE,FALSE,test
114,Tomatoes,1889,Monaragala,Uva,Moneragala,2025-08-01,222,29.44606413994169,29.44606413994169,5.402677381872279,0.25809411526628434,62.52185314685315,0.6267134578721923,44.23110196261037,8,2025-09-01,12.792792792792795,1,TRUE,FALSE,FALSE,FALSE,test
114,Tomatoes,1889,Monaragala,Uva,Moneragala,2025-09-01,250.4,12.792792792792795,12.792792792792795,5.523059639225943,0.12038225735366392,29.44606413994169,0.6793736531261538,34.920236693195875,9,NA,NA,0,TRUE,TRUE,FALSE,FALSE,inference
114,Tomatoes,1906,Anuradhapura,North Central,Anuradhapura,2023-06-01,331,NA,NA,5.802118375377063,NA,NA,NA,NA,6,2023-07-01,35.83081570996979,1,FALSE,FALSE,FALSE,FALSE,excluded
114,Tomatoes,1906,Anuradhapura,North Central,Anuradhapura,2023-07-01,449.6,35.83081570996979,35.83081570996979,6.108358298579481,0.3062399232024182,NA,NA,35.83081570996979,7,2023-08-01,45.95195729537367,1,FALSE,FALSE,FALSE,FALSE,excluded
114,Tomatoes,1906,Anuradhapura,North Central,Anuradhapura,2023-08-01,243,-45.95195729537367,45.95195729537367,5.493061443340548,-0.6152968552389328,35.83081570996979,0.6516249051486843,40.89138650267173,8,2023-09-01,17.28395061728395,1,TRUE,FALSE,FALSE,FALSE,train
114,Tomatoes,1906,Anuradhapura,North Central,Anuradhapura,2023-09-01,201,-17.28395061728395,17.28395061728395,5.303304908059076,-0.18975653528147252,45.95195729537367,0.46121706472443164,33.02224120754247,9,2023-10-01,11.840796019900504,1,TRUE,FALSE,FALSE,FALSE,train
114,Tomatoes,1906,Anuradhapura,North Central,Anuradhapura,2023-10-01,224.8,11.840796019900504,11.840796019900504,5.415211118019536,0.11190620996045997,17.28395061728395,0.3653558251467075,25.025567977519373,10,2023-11-01,34.34163701067615,1,TRUE,FALSE,FALSE,FALSE,train
114,Tomatoes,1906,Anuradhapura,North Central,Anuradhapura,2023-11-01,302,34.34163701067615,34.34163701067615,5.71042701737487,0.295215899355334,11.840796019900504,0.24488130337318384,21.155461215953537,11,2023-12-01,119.20529801324504,1,TRUE,FALSE,FALSE,FALSE,train
114,Tomatoes,1906,Anuradhapura,North Central,Anuradhapura,2023-12-01,662,119.20529801324504,119.20529801324504,6.495265555937008,0.7848385385621386,34.34163701067615,0.3478914318019247,55.1292436812739,12,2024-01-01,1.9939577039274994,0,TRUE,FALSE,TRUE,FALSE,train
114,Tomatoes,1906,Anuradhapura,North Central,Anuradhapura,2024-01-01,675.2,1.9939577039274994,1.9939577039274994,6.515008943281748,0.01974338734473946,119.20529801324504,0.3875104351527493,51.84696424261623,1,2024-02-01,25.148104265402836,1,TRUE,FALSE,FALSE,FALSE,train
114,Tomatoes,1906,Anuradhapura,North Central,Anuradhapura,2024-02-01,845,25.148104265402836,25.148104265402836,6.739336627357174,0.22432768407542625,1.9939577039274994,0.3961055715510258,48.782453327525126,2,2024-03-01,53.609467455621306,1,TRUE,FALSE,FALSE,FALSE,train
114,Tomatoes,1906,Anuradhapura,North Central,Anuradhapura,2024-03-01,392,-53.609467455621306,53.609467455621306,5.971261839790462,-0.7680747875667118,25.148104265402836,0.5239870985865689,26.91717647498388,3,2024-04-01,50.61224489795918,1,TRUE,FALSE,TRUE,FALSE,train
114,Tomatoes,1906,Anuradhapura,North Central,Anuradhapura,2024-04-01,193.6,-50.61224489795918,50.61224489795918,5.265794174842477,-0.7054676649479852,53.609467455621306,0.555772991515659,43.123272206327776,4,2024-05-01,6.921487603305788,0,TRUE,FALSE,TRUE,FALSE,train
114,Tomatoes,1906,Anuradhapura,North Central,Anuradhapura,2024-05-01,207,6.921487603305788,6.921487603305788,5.332718793265369,0.06692461842289177,50.61224489795918,0.4650687223799052,37.04773331896209,5,2024-06-01,162.31884057971016,1,TRUE,FALSE,FALSE,FALSE,train
114,Tomatoes,1906,Anuradhapura,North Central,Anuradhapura,2024-06-01,543,162.31884057971016,162.31884057971016,6.297109319933935,0.9643905266685664,6.921487603305788,0.8357094068298113,73.2841910269917,6,2024-07-01,15.285451197053407,1,TRUE,FALSE,TRUE,FALSE,train
114,Tomatoes,1906,Anuradhapura,North Central,Anuradhapura,2024-07-01,460,-15.285451197053407,15.285451197053407,6.131226489483141,-0.16588283045079422,162.31884057971016,0.5968196582061979,61.50859312668978,7,2024-08-01,33.69565217391305,1,TRUE,FALSE,FALSE,FALSE,train
114,Tomatoes,1906,Anuradhapura,North Central,Anuradhapura,2024-08-01,305,-33.69565217391305,33.69565217391305,5.720311776607412,-0.4109147128757291,15.285451197053407,0.7336010481563496,70.43331465022554,8,2024-09-01,11.86885245901639,1,TRUE,FALSE,FALSE,FALSE,train
114,Tomatoes,1906,Anuradhapura,North Central,Anuradhapura,2024-09-01,268.8,-11.86885245901639,11.86885245901639,5.5939676086489944,-0.1263441679584174,33.69565217391305,0.15415594067422383,20.283318609994282,9,2024-10-01,31.696428571428566,1,TRUE,FALSE,FALSE,FALSE,train
114,Tomatoes,1906,Anuradhapura,North Central,Anuradhapura,2024-10-01,354,31.696428571428566,31.696428571428566,5.869296913133774,0.27532930448477977,11.86885245901639,0.3447832229247343,25.753644401452668,10,2024-11-01,4.80225988700565,0,TRUE,FALSE,FALSE,FALSE,train
114,Tomatoes,1906,Anuradhapura,North Central,Anuradhapura,2024-11-01,337,-4.80225988700565,4.80225988700565,5.820082930352362,-0.049213982781412646,31.696428571428566,0.2131583876055398,16.122513639150203,11,2024-12-01,44.33234421364985,1,TRUE,FALSE,FALSE,FALSE,train
114,Tomatoes,1906,Anuradhapura,North Central,Anuradhapura,2024-12-01,486.4,44.33234421364985,44.33234421364985,6.1870313306519575,0.36694840029959597,4.80225988700565,0.21867538084229438,26.943677557361355,12,2025-01-01,14.884868421052627,1,TRUE,FALSE,FALSE,FALSE,train
114,Tomatoes,1906,Anuradhapura,North Central,Anuradhapura,2025-01-01,414,-14.884868421052627,14.884868421052627,6.025865973825314,-0.16116535682664335,44.33234421364985,0.27827695428244137,21.33982417390271,1,2025-02-01,35.748792270531396,1,TRUE,FALSE,FALSE,FALSE,validation
114,Tomatoes,1906,Anuradhapura,North Central,Anuradhapura,2025-02-01,266,-35.748792270531396,35.748792270531396,5.583496308781699,-0.4423696650436151,14.884868421052627,0.410888414356959,31.65533496841129,2,2025-03-01,20.902255639097753,1,TRUE,FALSE,FALSE,FALSE,validation
114,Tomatoes,1906,Anuradhapura,North Central,Anuradhapura,2025-03-01,321.6,20.902255639097753,20.902255639097753,5.773308537304811,0.1898122285231123,35.748792270531396,0.31673203051668763,23.84530544356059,3,2025-04-01,66.66666666666666,1,TRUE,FALSE,FALSE,FALSE,validation
114,Tomatoes,1906,Anuradhapura,North Central,Anuradhapura,2025-04-01,536,66.66666666666666,66.66666666666666,6.284134161070802,0.5108256237659905,20.902255639097753,0.4849887979956858,41.10590485876527,4,2025-05-01,64.36567164179104,1,TRUE,FALSE,TRUE,FALSE,test
114,Tomatoes,1906,Anuradhapura,North Central,Anuradhapura,2025-05-01,881,64.36567164179104,64.36567164179104,6.78105762593618,0.496923464865378,66.66666666666666,0.1814571489521852,50.64486464918515,5,2025-06-01,41.70261066969353,1,TRUE,FALSE,TRUE,FALSE,test
114,Tomatoes,1906,Anuradhapura,North Central,Anuradhapura,2025-06-01,513.6,-41.70261066969353,41.70261066969353,6.2414447523757515,-0.5396128735604284,64.36567164179104,0.6024978405998178,57.578316326050405,6,2025-07-01,61.253894080996886,1,TRUE,FALSE,FALSE,FALSE,test
114,Tomatoes,1906,Anuradhapura,North Central,Anuradhapura,2025-07-01,199,-61.253894080996886,61.253894080996886,5.293304824724492,-0.9481399276512592,41.70261066969353,0.7449284242119063,55.774058797493815,7,2025-08-01,11.557788944723619,1,TRUE,FALSE,TRUE,FALSE,test
114,Tomatoes,1906,Anuradhapura,North Central,Anuradhapura,2025-08-01,222,11.557788944723619,11.557788944723619,5.402677381872279,0.10937255714778704,61.253894080996886,0.5332930868202327,38.171431231804675,8,2025-09-01,10.990990990990994,1,TRUE,FALSE,FALSE,FALSE,test
114,Tomatoes,1906,Anuradhapura,North Central,Anuradhapura,2025-09-01,246.4,10.990990990990994,10.990990990990994,5.506956231659364,0.10427884978708502,11.557788944723619,0.6090900158522478,27.934224672237168,9,NA,NA,0,TRUE,TRUE,FALSE,FALSE,inference
114,Tomatoes,1907,Badulla,Uva,Badulla,2023-06-01,263,NA,NA,5.572154032177765,NA,NA,NA,NA,6,2023-07-01,51.17870722433461,1,FALSE,FALSE,FALSE,FALSE,excluded
114,Tomatoes,1907,Badulla,Uva,Badulla,2023-07-01,397.6,51.17870722433461,51.17870722433461,5.985446474782419,0.4132924426046545,NA,NA,51.17870722433461,7,2023-08-01,47.183098591549296,1,FALSE,FALSE,TRUE,FALSE,excluded
114,Tomatoes,1907,Badulla,Uva,Badulla,2023-08-01,210,-47.183098591549296,47.183098591549296,5.3471075307174685,-0.6383389440649507,51.17870722433461,0.74361568482269,49.180902907941956,8,2023-09-01,3.8095238095238098,0,TRUE,FALSE,FALSE,FALSE,train
114,Tomatoes,1907,Badulla,Uva,Badulla,2023-09-01,202,-3.8095238095238098,3.8095238095238098,5.308267697401205,-0.038839833316263395,47.183098591549296,0.5275337828276234,34.05710987513591,9,2023-10-01,2.9702970297029703,0,TRUE,FALSE,FALSE,FALSE,train
114,Tomatoes,1907,Badulla,Uva,Badulla,2023-10-01,196,-2.9702970297029703,2.9702970297029703,5.278114659230517,-0.030153038170688262,3.8095238095238098,0.348655689835209,17.987639810258692,10,2023-11-01,42.857142857142854,1,TRUE,FALSE,FALSE,FALSE,train
114,Tomatoes,1907,Badulla,Uva,Badulla,2023-11-01,280,42.857142857142854,42.857142857142854,5.634789603169249,0.35667494393873245,2.9702970297029703,0.22588466348257483,16.545654565456545,11,2023-12-01,107.14285714285714,1,TRUE,FALSE,FALSE,FALSE,train
114,Tomatoes,1907,Badulla,Uva,Badulla,2023-12-01,580,107.14285714285714,107.14285714285714,6.363028103540465,0.7282385003712157,42.857142857142854,0.37922137113291265,50.99009900990099,12,2024-01-01,18.103448275862068,1,TRUE,FALSE,TRUE,FALSE,train
114,Tomatoes,1907,Badulla,Uva,Badulla,2024-01-01,685,18.103448275862068,18.103448275862068,6.529418838262226,0.16639073472176058,107.14285714285714,0.28575644306278514,56.03448275862068,1,2024-02-01,29.927007299270077,1,TRUE,FALSE,FALSE,FALSE,train
114,Tomatoes,1907,Badulla,Uva,Badulla,2024-02-01,890,29.927007299270077,29.927007299270077,6.7912214627261855,0.26180262446395997,18.103448275862068,0.3006489555397434,51.72443757266309,2,2024-03-01,57.41573033707865,1,TRUE,FALSE,FALSE,FALSE,train
114,Tomatoes,1907,Badulla,Uva,Badulla,2024-03-01,379,-57.41573033707865,57.41573033707865,5.937536205082426,-0.8536852576437592,29.927007299270077,0.618327269606455,35.1487286374036,3,2024-04-01,62.84960422163588,1,TRUE,FALSE,TRUE,FALSE,train
114,Tomatoes,1907,Badulla,Uva,Badulla,2024-04-01,140.8,-62.84960422163588,62.84960422163588,4.9473404437239425,-0.9901957613584838,57.41573033707865,0.686834319038638,50.064113952661536,4,2024-05-01,8.203125000000007,0,TRUE,FALSE,TRUE,FALSE,train
114,Tomatoes,1907,Badulla,Uva,Badulla,2024-05-01,129.25,-8.203125000000007,8.203125000000007,4.861748513388538,-0.08559193033540424,62.84960422163588,0.4876663080737517,42.82281985290484,5,2024-06-01,242.83945841392648,1,TRUE,FALSE,FALSE,FALSE,train
114,Tomatoes,1907,Badulla,Uva,Badulla,2024-06-01,443.12,242.83945841392648,242.83945841392648,6.093840613724849,1.2320921003363106,8.203125000000007,1.1175242455255658,104.63072921185412,6,2024-07-01,6.007402058133238,0,TRUE,FALSE,TRUE,FALSE,train
114,Tomatoes,1907,Badulla,Uva,Badulla,2024-07-01,416.5,-6.007402058133238,6.007402058133238,6.031886461606898,-0.06195415211795119,242.83945841392648,0.7540342225585911,85.68332849068658,7,2024-08-01,35.17406962785114,1,TRUE,FALSE,FALSE,FALSE,train
114,Tomatoes,1907,Badulla,Uva,Badulla,2024-08-01,270,-35.17406962785114,35.17406962785114,5.598421958998375,-0.43346450260852265,6.007402058133238,0.8743239713845281,94.67364336663695,8,2024-09-01,1.3888888888888888,0,TRUE,FALSE,FALSE,FALSE,train
114,Tomatoes,1907,Badulla,Uva,Badulla,2024-09-01,273.75,1.3888888888888888,1.3888888888888888,5.612215281130711,0.01379332213233564,35.17406962785114,0.23937320309816407,14.190120191624422,9,2024-10-01,3.3789954337899544,0,TRUE,FALSE,FALSE,FALSE,train
114,Tomatoes,1907,Badulla,Uva,Badulla,2024-10-01,283,3.3789954337899544,3.3789954337899544,5.645446897643238,0.03323161651252704,1.3888888888888888,0.26401473339032433,13.31398465017666,10,2024-11-01,9.187279151943462,0,TRUE,FALSE,FALSE,FALSE,train
114,Tomatoes,1907,Badulla,Uva,Badulla,2024-11-01,257,-9.187279151943462,9.187279151943462,5.54907608489522,-0.09637081274801762,3.3789954337899544,0.06989369734649677,4.651721158207435,11,2024-12-01,41.245136186770424,1,TRUE,FALSE,FALSE,FALSE,train
114,Tomatoes,1907,Badulla,Uva,Badulla,2024-12-01,363,41.245136186770424,41.245136186770424,5.8944028342648505,0.34532674936963037,9.187279151943462,0.22704511225892274,17.937136924167948,12,2025-01-01,4.683195592286501,0,TRUE,FALSE,FALSE,FALSE,train
114,Tomatoes,1907,Badulla,Uva,Badulla,2025-01-01,380,4.683195592286501,4.683195592286501,5.940171252720432,0.045768418455581106,41.245136186770424,0.22547560512829862,18.371870310333463,1,2025-02-01,15.789473684210526,1,TRUE,FALSE,FALSE,FALSE,validation
114,Tomatoes,1907,Badulla,Uva,Badulla,2025-02-01,320,-15.789473684210526,15.789473684210526,5.768320995793772,-0.17185025692665956,4.683195592286501,0.25966810140919144,20.57260182108915,2,2025-03-01,3.3187500000000014,0,TRUE,FALSE,FALSE,FALSE,validation
114,Tomatoes,1907,Badulla,Uva,Badulla,2025-03-01,330.62,3.3187500000000014,3.3187500000000014,5.800969679624866,0.03264868383109398,15.789473684210526,0.12203130205182412,7.930473092165676,3,2025-04-01,44.803702135382004,1,TRUE,FALSE,FALSE,FALSE,validation
114,Tomatoes,1907,Badulla,Uva,Badulla,2025-04-01,478.75,44.803702135382004,44.803702135382004,6.171178540494855,0.3702088608699894,3.3187500000000014,0.27373794557327236,21.30397527319751,4,2025-05-01,42.471018276762415,1,TRUE,FALSE,FALSE,FALSE,test
114,Tomatoes,1907,Badulla,Uva,Badulla,2025-05-01,682.08,42.471018276762415,42.471018276762415,6.5251469530169,0.35396841252204503,44.803702135382004,0.19037550320839558,30.197823470714805,5,2025-06-01,46.682207365704905,1,TRUE,FALSE,FALSE,FALSE,test
114,Tomatoes,1907,Badulla,Uva,Badulla,2025-06-01,363.67,-46.682207365704905,46.682207365704905,5.896246863025796,-0.6289000899911041,42.471018276762415,0.5722052284926183,44.65230925928311,6,2025-07-01,62.878433744878606,1,TRUE,FALSE,FALSE,FALSE,test
114,Tomatoes,1907,Badulla,Uva,Badulla,2025-07-01,135,-62.878433744878606,62.878433744878606,4.90527477843843,-0.9909720845873666,46.682207365704905,0.695939600260955,50.67721979578197,7,2025-08-01,47.22222222222222,1,TRUE,FALSE,TRUE,FALSE,test
114,Tomatoes,1907,Badulla,Uva,Badulla,2025-08-01,198.75,47.22222222222222,47.22222222222222,5.292047753534441,0.3867729750960116,62.878433744878606,0.714244280562368,52.26095444426858,8,2025-09-01,8.427672955974842,0,TRUE,FALSE,FALSE,FALSE,test
114,Tomatoes,1907,Badulla,Uva,Badulla,2025-09-01,182,-8.427672955974842,8.427672955974842,5.204006687076795,-0.08804106645764609,47.22222222222222,0.6998707317592356,39.50944297435856,9,NA,NA,0,TRUE,TRUE,FALSE,FALSE,inference
114,Tomatoes,1908,Hambantota,Southern,Hambantota,2023-06-01,293.99,NA,NA,5.683545753154764,NA,NA,NA,NA,6,2023-07-01,50.36225721963332,1,FALSE,FALSE,FALSE,FALSE,excluded
114,Tomatoes,1908,Hambantota,Southern,Hambantota,2023-07-01,442.05,50.36225721963332,50.36225721963332,6.091422997851813,0.40787724469704933,NA,NA,50.36225721963332,7,2023-08-01,57.01843682841308,1,FALSE,FALSE,TRUE,FALSE,excluded
114,Tomatoes,1908,Hambantota,Southern,Hambantota,2023-08-01,190,-57.01843682841308,57.01843682841308,5.247024072160486,-0.8443989256913271,50.36225721963332,0.8854929719999414,53.6903470240232,8,2023-09-01,7.673684210526323,0,TRUE,FALSE,TRUE,FALSE,train
114,Tomatoes,1908,Hambantota,Southern,Hambantota,2023-09-01,175.42,-7.673684210526323,7.673684210526323,5.167183098523235,-0.07984097363725073,57.01843682841308,0.6312175443097894,38.35145941952424,9,2023-10-01,16.67426747235207,1,TRUE,FALSE,FALSE,FALSE,train
114,Tomatoes,1908,Hambantota,Southern,Hambantota,2023-10-01,204.67,16.67426747235207,16.67426747235207,5.321398925991358,0.15421582746812224,7.673684210526323,0.5222647593926079,27.122129503763823,10,2023-11-01,41.4862950114819,1,TRUE,FALSE,FALSE,FALSE,train
114,Tomatoes,1908,Hambantota,Southern,Hambantota,2023-11-01,289.58,41.4862950114819,41.4862950114819,5.668431597353275,0.3470326713619176,16.67426747235207,0.2137685782287785,21.944748898120096,11,2023-12-01,110.07320947579255,1,TRUE,FALSE,FALSE,FALSE,train
114,Tomatoes,1908,Hambantota,Southern,Hambantota,2023-12-01,608.33,110.07320947579255,110.07320947579255,6.410717497881415,0.7422859005281399,41.4862950114819,0.29978599624963165,56.077923986542174,12,2024-01-01,5.861949928492772,0,TRUE,FALSE,TRUE,FALSE,train
114,Tomatoes,1908,Hambantota,Southern,Hambantota,2024-01-01,572.67,-5.861949928492772,5.861949928492772,6.3503096345809205,-0.060407863300494746,110.07320947579255,0.40136230161407754,52.473818138589074,1,2024-02-01,39.333298409206,1,TRUE,FALSE,FALSE,FALSE,train
114,Tomatoes,1908,Hambantota,Southern,Hambantota,2024-02-01,797.92,39.333298409206,39.333298409206,6.682008341797812,0.33169870721689154,5.861949928492772,0.40138233735502415,51.75615260449711,2,2024-03-01,59.26909965911369,1,TRUE,FALSE,FALSE,FALSE,train
114,Tomatoes,1908,Hambantota,Southern,Hambantota,2024-03-01,325,-59.26909965911369,59.26909965911369,5.783825182329737,-0.8981831594680747,39.333298409206,0.6282547805245999,34.821449332270824,3,2024-04-01,52.307692307692314,1,TRUE,FALSE,TRUE,FALSE,train
114,Tomatoes,1908,Hambantota,Southern,Hambantota,2024-04-01,155,-52.307692307692314,52.307692307692314,5.043425116919247,-0.7404000654104905,59.26909965911369,0.669191139740112,50.30336345867067,4,2024-05-01,21.50322580645162,1,TRUE,FALSE,TRUE,FALSE,train
114,Tomatoes,1908,Hambantota,Southern,Hambantota,2024-05-01,188.33,21.50322580645162,21.50322580645162,5.2381957432066555,0.1947706262874087,52.307692307692314,0.5907604851909606,44.36000592441921,5,2024-06-01,146.6096745075134,1,TRUE,FALSE,FALSE,FALSE,train
114,Tomatoes,1908,Hambantota,Southern,Hambantota,2024-06-01,464.44,146.6096745075134,146.6096745075134,6.140832378758805,0.9026366355521498,21.50322580645162,0.8241347088910197,73.47353087388578,6,2024-07-01,35.406080440961155,1,TRUE,FALSE,TRUE,FALSE,train
114,Tomatoes,1908,Hambantota,Southern,Hambantota,2024-07-01,300,-35.406080440961155,35.406080440961155,5.703782474656201,-0.43704990410260436,146.6096745075134,0.670202891447413,67.83966025164206,7,2024-08-01,7.000000000000001,0,TRUE,FALSE,FALSE,FALSE,train
114,Tomatoes,1908,Hambantota,Southern,Hambantota,2024-08-01,279,-7.000000000000001,7.000000000000001,5.631211781821365,-0.07257069283483553,35.406080440961155,0.6926560538148527,63.00525164949152,8,2024-09-01,6.236559139784938,0,TRUE,FALSE,FALSE,FALSE,train
114,Tomatoes,1908,Hambantota,Southern,Hambantota,2024-09-01,261.6,-6.236559139784938,6.236559139784938,5.566816619583044,-0.06439516223832165,7.000000000000001,0.212831502751529,16.214213193582033,9,2024-10-01,36.27675840978592,1,TRUE,FALSE,FALSE,FALSE,train
114,Tomatoes,1908,Hambantota,Southern,Hambantota,2024-10-01,356.5,36.27675840978592,36.27675840978592,5.8763342398543505,0.3095176202713068,6.236559139784938,0.2182769980387782,16.504439183190286,10,2024-11-01,8.976157082748948,0,TRUE,FALSE,FALSE,FALSE,train
114,Tomatoes,1908,Hambantota,Southern,Hambantota,2024-11-01,324.5,-8.976157082748948,8.976157082748948,5.782285536144145,-0.09404870371020557,36.27675840978592,0.22492809195306118,17.16315821077327,11,2024-12-01,24.006163328197218,1,TRUE,FALSE,FALSE,FALSE,train
114,Tomatoes,1908,Hambantota,Southern,Hambantota,2024-12-01,402.4,24.006163328197218,24.006163328197218,5.9974466187855295,0.21516108264138456,8.976157082748948,0.21110014448955025,23.086359606910694,12,2025-01-01,0.8001988071570645,0,TRUE,FALSE,FALSE,FALSE,train
114,Tomatoes,1908,Hambantota,Southern,Hambantota,2025-01-01,405.62,0.8001988071570645,0.8001988071570645,6.0054167607259865,0.007970141940456976,24.006163328197218,0.15755772632701165,11.260839739367743,1,2025-02-01,38.284601351018196,1,TRUE,FALSE,FALSE,FALSE,validation
114,Tomatoes,1908,Hambantota,Southern,Hambantota,2025-02-01,250.33,-38.284601351018196,38.284601351018196,5.522780047428144,-0.4826367132978424,0.8001988071570645,0.35836316224676146,21.03032116212416,2,2025-03-01,26.073582870610796,1,TRUE,FALSE,FALSE,FALSE,validation
114,Tomatoes,1908,Hambantota,Southern,Hambantota,2025-03-01,315.6,26.073582870610796,26.073582870610796,5.75447558897172,0.23169554154357552,38.284601351018196,0.3653807856518122,21.719461009595353,3,2025-04-01,146.552598225602,1,TRUE,FALSE,FALSE,FALSE,validation
114,Tomatoes,1908,Hambantota,Southern,Hambantota,2025-04-01,778.12,146.552598225602,146.552598225602,6.656880753929617,0.902405164957897,26.073582870610796,0.6926354228319532,70.303594149077,4,2025-05-01,20.16141469182131,1,TRUE,FALSE,TRUE,FALSE,test
114,Tomatoes,1908,Hambantota,Southern,Hambantota,2025-05-01,935,20.16141469182131,20.16141469182131,6.840546529288687,0.1836657753590707,146.552598225602,0.4018176550669911,64.2625319293447,5,2025-08-01,NA,0,TRUE,TRUE,FALSE,FALSE,inference
114,Tomatoes,1908,Hambantota,Southern,Hambantota,2025-08-01,166.5,NA,NA,5.1149953094204985,NA,20.16141469182131,0.50822549629121,83.35700645871165,8,2025-09-01,1.5615615615615581,0,TRUE,FALSE,FALSE,FALSE,test
114,Tomatoes,1908,Hambantota,Southern,Hambantota,2025-09-01,169.1,1.5615615615615581,1.5615615615615581,5.130490255904535,0.015494946484036376,NA,0.11891473349529923,10.861488126691434,9,NA,NA,0,FALSE,TRUE,FALSE,FALSE,inference
114,Tomatoes,1909,Gampaha,Western,Gampaha,2023-06-01,351,NA,NA,5.860786223465865,NA,NA,NA,NA,6,2023-07-01,32.763532763532766,1,FALSE,FALSE,FALSE,FALSE,excluded
114,Tomatoes,1909,Gampaha,Western,Gampaha,2023-07-01,466,32.763532763532766,32.763532763532766,6.1441856341256456,0.28339941065978014,NA,NA,32.763532763532766,7,2023-08-01,35.622317596566525,1,FALSE,FALSE,FALSE,FALSE,excluded
114,Tomatoes,1909,Gampaha,Western,Gampaha,2023-08-01,300,-35.622317596566525,35.622317596566525,5.703782474656201,-0.44040315946944464,32.763532763532766,0.5118057055786265,34.19292518004964,8,2023-09-01,23.333333333333332,1,TRUE,FALSE,FALSE,FALSE,train
114,Tomatoes,1909,Gampaha,Western,Gampaha,2023-09-01,230,-23.333333333333332,23.333333333333332,5.438079308923196,-0.26570316573300534,35.622317596566525,0.3776956198974641,30.57306123114421,9,2023-10-01,11.304347826086957,1,TRUE,FALSE,FALSE,FALSE,train
114,Tomatoes,1909,Gampaha,Western,Gampaha,2023-10-01,256,11.304347826086957,11.304347826086957,5.545177444479562,0.10709813555636671,23.333333333333332,0.2796600812026097,23.419999585328938,10,2023-11-01,26.46484375,1,TRUE,FALSE,FALSE,FALSE,train
114,Tomatoes,1909,Gampaha,Western,Gampaha,2023-11-01,323.75,26.46484375,26.46484375,5.779971613013747,0.23479416853418478,11.304347826086957,0.2600591819470729,20.367508303140095,11,2023-12-01,122.77992277992279,1,TRUE,FALSE,FALSE,FALSE,train
114,Tomatoes,1909,Gampaha,Western,Gampaha,2023-12-01,721.25,122.77992277992279,122.77992277992279,6.5809858178223095,0.8010142048085624,26.46484375,0.3693306823347806,53.51637145200325,12,2024-01-01,0.7514731369150723,0,TRUE,FALSE,TRUE,FALSE,train
114,Tomatoes,1909,Gampaha,Western,Gampaha,2024-01-01,726.67,0.7514731369150723,0.7514731369150723,6.588472454260467,0.00748663643815739,122.77992277992279,0.4086481464108196,49.99874655561262,1,2024-02-01,25.228783354204804,1,TRUE,FALSE,FALSE,FALSE,train
114,Tomatoes,1909,Gampaha,Western,Gampaha,2024-02-01,910,25.228783354204804,25.228783354204804,6.813444599510896,0.22497214525042875,0.7514731369150723,0.4100427625437695,49.58672642368089,2,2024-07-01,NA,0,TRUE,TRUE,FALSE,FALSE,inference
114,Tomatoes,1909,Gampaha,Western,Gampaha,2024-07-01,412.5,NA,NA,6.022236205774735,NA,25.228783354204804,0.1537854780909637,12.990128245559939,7,2024-08-01,18.606060606060606,1,TRUE,FALSE,FALSE,FALSE,train
114,Tomatoes,1909,Gampaha,Western,Gampaha,2024-08-01,335.75,-18.606060606060606,18.606060606060606,5.816366835403347,-0.20586937037138853,NA,0.30465095731287684,21.917421980132705,8,2024-09-01,13.62620997766195,1,FALSE,FALSE,FALSE,FALSE,excluded
114,Tomatoes,1909,Gampaha,Western,Gampaha,2024-09-01,290,-13.62620997766195,13.62620997766195,5.66988092298052,-0.14648591242282727,18.606060606060606,0.04199044580573385,16.116135291861276,9,2024-10-01,33.189655172413794,1,TRUE,FALSE,FALSE,FALSE,train
114,Tomatoes,1909,Gampaha,Western,Gampaha,2024-10-01,386.25,33.189655172413794,33.189655172413794,5.956484828211956,0.286603905231436,13.62620997766195,0.2688317666052839,21.807308585378784,10,2024-11-01,7.119741100323624,0,TRUE,FALSE,FALSE,FALSE,train
114,Tomatoes,1909,Gampaha,Western,Gampaha,2024-11-01,358.75,-7.119741100323624,7.119741100323624,5.882625767073831,-0.07385906113812446,33.189655172413794,0.23193928796392538,17.97853541679979,11,2024-12-01,41.045296167247386,1,TRUE,FALSE,FALSE,FALSE,train
114,Tomatoes,1909,Gampaha,Western,Gampaha,2024-12-01,506,41.045296167247386,41.045296167247386,6.226536669287466,0.34391090221363463,7.119741100323624,0.22647640948010117,27.118230813328267,12,2025-01-01,9.462450592885375,0,TRUE,FALSE,FALSE,FALSE,train
114,Tomatoes,1909,Gampaha,Western,Gampaha,2025-01-01,458.12,-9.462450592885375,9.462450592885375,6.127131158529515,-0.09940551075795057,41.045296167247386,0.24890219142503264,19.209162620152128,1,2025-02-01,22.782240461014585,1,TRUE,FALSE,FALSE,FALSE,validation
114,Tomatoes,1909,Gampaha,Western,Gampaha,2025-02-01,353.75,-22.782240461014585,22.782240461014585,5.868590448957447,-0.25854070957206776,9.462450592885375,0.31219689248261057,24.42999574038245,2,2025-03-01,19.29328621908127,1,TRUE,FALSE,FALSE,FALSE,validation
114,Tomatoes,1909,Gampaha,Western,Gampaha,2025-03-01,422,19.29328621908127,19.29328621908127,6.045005314036012,0.17641486507856463,22.782240461014585,0.2200709140057158,17.17932575766041,3,2025-04-01,48.1042654028436,1,TRUE,FALSE,FALSE,FALSE,validation
114,Tomatoes,1909,Gampaha,Western,Gampaha,2025-04-01,625,48.1042654028436,48.1042654028436,6.437751649736401,0.3927463357003891,19.29328621908127,0.33170279680279813,30.059930694313152,4,2025-05-01,41.96639999999999,1,TRUE,FALSE,FALSE,FALSE,test
114,Tomatoes,1909,Gampaha,Western,Gampaha,2025-05-01,887.29,41.96639999999999,41.96639999999999,6.788171873632399,0.3504202238959975,48.1042654028436,0.11465067947106601,36.45465054064162,5,2025-06-01,36.49201501200284,1,TRUE,FALSE,FALSE,FALSE,test
114,Tomatoes,1909,Gampaha,Western,Gampaha,2025-06-01,563.5,-36.49201501200284,36.49201501200284,6.334167333479831,-0.4540045401525674,41.96639999999999,0.4771229307898221,42.187560138282144,6,2025-07-01,51.641526175687666,1,TRUE,FALSE,FALSE,FALSE,test
114,Tomatoes,1909,Gampaha,Western,Gampaha,2025-07-01,272.5,-51.641526175687666,51.641526175687666,5.607638614103299,-0.7265287193765326,36.49201501200284,0.5599386358777934,43.3666470625635,7,2025-08-01,0.45871559633027525,0,TRUE,FALSE,TRUE,FALSE,test
114,Tomatoes,1909,Gampaha,Western,Gampaha,2025-08-01,271.25,-0.45871559633027525,0.45871559633027525,5.603040904854669,-0.004597709248629123,51.641526175687666,0.3645591655934402,29.53075226134026,8,2025-09-01,8.940092165898617,0,TRUE,FALSE,FALSE,FALSE,test
114,Tomatoes,1909,Gampaha,Western,Gampaha,2025-09-01,247,-8.940092165898617,8.940092165898617,5.5093883366279774,-0.09365256822669199,0.45871559633027525,0.39362574737647554,20.346777979305518,9,NA,NA,0,TRUE,TRUE,FALSE,FALSE,inference
114,Tomatoes,1910,Galle,Southern,Galle,2023-06-01,348.25,NA,NA,5.852920612659915,NA,NA,NA,NA,6,2023-07-01,31.47738693467337,1,FALSE,FALSE,FALSE,FALSE,excluded
114,Tomatoes,1910,Galle,Southern,Galle,2023-07-01,457.87,31.47738693467337,31.47738693467337,6.126585301028435,0.27366468836851965,NA,NA,31.47738693467337,7,2023-08-01,41.46810229977941,1,FALSE,FALSE,FALSE,FALSE,excluded
114,Tomatoes,1910,Galle,Southern,Galle,2023-08-01,268,-41.46810229977941,41.46810229977941,5.5909869805108565,-0.535598320517578,31.47738693467337,0.572235361346789,36.47274461722639,8,2023-09-01,25.74626865671642,1,TRUE,FALSE,FALSE,FALSE,train
114,Tomatoes,1910,Galle,Southern,Galle,2023-09-01,199,-25.74626865671642,25.74626865671642,5.293304824724492,-0.29768215578636426,41.46810229977941,0.4159222554191138,32.89725263038973,9,2023-10-01,11.758793969849249,1,TRUE,FALSE,FALSE,FALSE,train
114,Tomatoes,1910,Galle,Southern,Galle,2023-10-01,222.4,11.758793969849249,11.758793969849249,5.404477562376427,0.11117273765193492,25.74626865671642,0.32712872772415974,26.324388308781693,10,2023-11-01,40.51258992805755,1,TRUE,FALSE,FALSE,FALSE,train
114,Tomatoes,1910,Galle,Southern,Galle,2023-11-01,312.5,40.51258992805755,40.51258992805755,5.744604469176457,0.34012690680002944,11.758793969849249,0.32310543577808354,26.005884184874407,11,2023-12-01,103.67999999999999,1,TRUE,FALSE,FALSE,FALSE,train
114,Tomatoes,1910,Galle,Southern,Galle,2023-12-01,636.5,103.67999999999999,103.67999999999999,6.4559844179974615,0.7113799488210049,40.51258992805755,0.30290194483789495,51.9837946326356,12,2024-01-01,16.889238020424195,1,TRUE,FALSE,TRUE,FALSE,train
114,Tomatoes,1910,Galle,Southern,Galle,2024-01-01,744,16.889238020424195,16.889238020424195,6.612041034833092,0.1560566168356301,103.67999999999999,0.2828706111472007,53.69394264949391,1,2024-02-01,12.231182795698924,1,TRUE,FALSE,FALSE,FALSE,train
114,Tomatoes,1910,Galle,Southern,Galle,2024-02-01,835,12.231182795698924,12.231182795698924,6.727431724850855,0.11539069001776348,16.889238020424195,0.3329767052062681,44.2668069387077,2,2024-03-01,57.93413173652695,1,TRUE,FALSE,FALSE,FALSE,train
114,Tomatoes,1910,Galle,Southern,Galle,2024-03-01,351.25,-57.93413173652695,57.93413173652695,5.861498220647955,-0.8659335042028999,12.231182795698924,0.5786643672094011,29.01818418421669,3,2024-04-01,37.36654804270463,1,TRUE,FALSE,TRUE,FALSE,train
114,Tomatoes,1910,Galle,Southern,Galle,2024-04-01,220,-37.36654804270463,37.36654804270463,5.393627546352362,-0.46787067429559315,57.93413173652695,0.49356610665261547,35.843954191643505,4,2024-05-01,26.99090909090909,1,TRUE,FALSE,FALSE,FALSE,train
114,Tomatoes,1910,Galle,Southern,Galle,2024-05-01,160.62,-26.99090909090909,26.99090909090909,5.079041326760316,-0.31458621959204613,37.36654804270463,0.28458565460898266,40.76386295671355,5,2024-06-01,203.5113933507658,1,TRUE,FALSE,FALSE,FALSE,train
114,Tomatoes,1910,Galle,Southern,Galle,2024-06-01,487.5,203.5113933507658,203.5113933507658,6.189290290437902,1.110248963677586,26.99090909090909,0.8702598285659068,89.2896168281265,6,2024-07-01,6.393846153846157,0,TRUE,FALSE,TRUE,FALSE,train
114,Tomatoes,1910,Galle,Southern,Galle,2024-07-01,456.33,-6.393846153846157,6.393846153846157,6.123216231991761,-0.06607405844614078,203.5113933507658,0.7611011152817468,78.96538286517368,7,2024-08-01,31.79278153967523,1,TRUE,FALSE,FALSE,FALSE,train
114,Tomatoes,1910,Galle,Southern,Galle,2024-08-01,311.25,-31.79278153967523,31.79278153967523,5.740596447778917,-0.38261978421284404,6.393846153846157,0.7866166100572128,80.56600701476239,8,2024-09-01,15.395983935742978,1,TRUE,FALSE,FALSE,FALSE,train
114,Tomatoes,1910,Galle,Southern,Galle,2024-09-01,263.33,-15.395983935742978,15.395983935742978,5.573407998484993,-0.16718844929392418,31.79278153967523,0.16167661993551358,17.860870543088122,9,2024-10-01,33.38776440208105,1,TRUE,FALSE,FALSE,FALSE,train
114,Tomatoes,1910,Galle,Southern,Galle,2024-10-01,351.25,33.38776440208105,33.38776440208105,5.861498220647955,0.2880902221629622,15.395983935742978,0.34242791002903794,26.85884329249975,10,2024-11-01,3.4875444839857654,0,TRUE,FALSE,FALSE,FALSE,train
114,Tomatoes,1910,Galle,Southern,Galle,2024-11-01,339,-3.4875444839857654,3.4875444839857654,5.82600010738045,-0.03549811326750518,33.38776440208105,0.23428274374956973,17.423764273936598,11,2024-12-01,37.46312684365782,1,TRUE,FALSE,FALSE,FALSE,train
114,Tomatoes,1910,Galle,Southern,Galle,2024-12-01,466,37.46312684365782,37.46312684365782,6.1441856341256456,0.3181855267451956,3.4875444839857654,0.19608979890056827,24.779478576574878,12,2025-01-01,8.083690987124466,0,TRUE,FALSE,FALSE,FALSE,train
114,Tomatoes,1910,Galle,Southern,Galle,2025-01-01,428.33,-8.083690987124466,8.083690987124466,6.059893926529762,-0.08429170759588356,37.46312684365782,0.21964397564504248,16.344787438256017,1,2025-02-01,35.97226437559825,1,TRUE,FALSE,FALSE,FALSE,validation
114,Tomatoes,1910,Galle,Southern,Galle,2025-02-01,274.25,-35.97226437559825,35.97226437559825,5.614040099155339,-0.4458538273744228,8.083690987124466,0.3822022207473243,27.173027402126845,2,2025-03-01,37.83044667274385,1,TRUE,FALSE,FALSE,FALSE,validation
114,Tomatoes,1910,Galle,Southern,Galle,2025-03-01,378,37.83044667274385,37.83044667274385,5.934894195619588,0.3208540964642488,35.97226437559825,0.3835603667141345,27.295467345155522,3,2025-04-01,103.7037037037037,1,TRUE,FALSE,FALSE,FALSE,validation
114,Tomatoes,1910,Galle,Southern,Galle,2025-04-01,770,103.7037037037037,103.7037037037037,6.646390514847729,0.7114963192281412,37.83044667274385,0.5887701516047239,59.168804917348595,4,2025-05-01,18.181818181818183,1,TRUE,FALSE,TRUE,FALSE,test
114,Tomatoes,1910,Galle,Southern,Galle,2025-05-01,910,18.181818181818183,18.181818181818183,6.813444599510896,0.1670540846631665,103.7037037037037,0.28067571341735004,53.238656186088576,5,2025-06-01,42.637362637362635,1,TRUE,FALSE,FALSE,FALSE,test
114,Tomatoes,1910,Galle,Southern,Galle,2025-06-01,522,-42.637362637362635,42.637362637362635,6.257667587882639,-0.5557770116282565,18.181818181818183,0.6357258103464407,54.84096150762817,6,2025-07-01,62.40421455938697,1,TRUE,FALSE,FALSE,FALSE,test
114,Tomatoes,1910,Galle,Southern,Galle,2025-07-01,196.25,-62.40421455938697,62.40421455938697,5.279389356662517,-0.9782782312201217,42.637362637362635,0.5791917051847701,41.07446512618927,7,2025-08-01,22.29299363057325,1,TRUE,FALSE,TRUE,FALSE,test
114,Tomatoes,1910,Galle,Southern,Galle,2025-08-01,240,22.29299363057325,22.29299363057325,5.480638923341991,0.2012495666794738,62.40421455938697,0.5976178191841885,42.44485694244095,8,2025-09-01,12.916666666666668,1,TRUE,FALSE,FALSE,FALSE,test
114,Tomatoes,1910,Galle,Southern,Galle,2025-09-01,271,12.916666666666668,12.916666666666668,5.602118820879701,0.12147989753770982,22.29299363057325,0.6591809270983932,32.537958285542295,9,NA,NA,0,TRUE,TRUE,FALSE,FALSE,inference
114,Tomatoes,1911,Kalutara,Western,Kalutara,2023-06-01,299,NA,NA,5.700443573390687,NA,NA,NA,NA,6,2023-07-01,50.63545150501672,1,FALSE,FALSE,FALSE,FALSE,excluded
114,Tomatoes,1911,Kalutara,Western,Kalutara,2023-07-01,450.4,50.63545150501672,50.63545150501672,6.110136076825481,0.409692503434794,NA,NA,50.63545150501672,7,2023-08-01,43.383658969804614,1,FALSE,FALSE,TRUE,FALSE,excluded
114,Tomatoes,1911,Kalutara,Western,Kalutara,2023-08-01,255,-43.383658969804614,43.383658969804614,5.541263545158426,-0.5688725316670551,50.63545150501672,0.6919499721525694,47.009555237410666,8,2023-09-01,25.49019607843137,1,TRUE,FALSE,FALSE,FALSE,train
114,Tomatoes,1911,Kalutara,Western,Kalutara,2023-09-01,190,-25.49019607843137,25.49019607843137,5.247024072160486,-0.2942394729979396,43.383658969804614,0.504733109719439,39.8364355177509,9,2023-10-01,10.947368421052637,1,TRUE,FALSE,FALSE,FALSE,train
114,Tomatoes,1911,Kalutara,Western,Kalutara,2023-10-01,210.8,10.947368421052637,10.947368421052637,5.350909816667207,0.10388574450672117,25.49019607843137,0.3382628918182322,26.607074489762873,10,2023-11-01,42.78937381404174,1,TRUE,FALSE,FALSE,FALSE,train
114,Tomatoes,1911,Kalutara,Western,Kalutara,2023-11-01,301,42.78937381404174,42.78937381404174,5.707110264748875,0.35620044808166806,10.947368421052637,0.32793253609731304,26.408979437841914,11,2023-12-01,111.12956810631229,1,TRUE,FALSE,FALSE,FALSE,train
114,Tomatoes,1911,Kalutara,Western,Kalutara,2023-12-01,635.5,111.12956810631229,111.12956810631229,6.454412090629509,0.7473018258806334,42.78937381404174,0.32419316544485305,54.95543678046889,12,2024-01-01,8.19826907946499,0,TRUE,FALSE,TRUE,FALSE,train
114,Tomatoes,1911,Kalutara,Western,Kalutara,2024-01-01,687.6,8.19826907946499,8.19826907946499,6.533207273508694,0.07879518287918508,111.12956810631229,0.3358608592396994,54.03907033327301,1,2024-02-01,24.490983129726583,1,TRUE,FALSE,FALSE,FALSE,train
114,Tomatoes,1911,Kalutara,Western,Kalutara,2024-02-01,856,24.490983129726583,24.490983129726583,6.752270376141742,0.21906310263304807,8.19826907946499,0.3525176992689826,47.93960677183462,2,2024-03-01,52.978971962616825,1,TRUE,FALSE,FALSE,FALSE,train
114,Tomatoes,1911,Kalutara,Western,Kalutara,2024-03-01,402.5,-52.978971962616825,52.978971962616825,5.997695096858618,-0.7545752792831237,24.490983129726583,0.5263321377319707,28.556074723936135,3,2024-04-01,53.09316770186335,1,TRUE,FALSE,TRUE,FALSE,train
114,Tomatoes,1911,Kalutara,Western,Kalutara,2024-04-01,188.8,-53.09316770186335,53.09316770186335,5.240688253711401,-0.7570068431472174,52.978971962616825,0.5628336270306198,43.521040931402254,4,2024-05-01,4.872881355932197,0,TRUE,FALSE,TRUE,FALSE,train
114,Tomatoes,1911,Kalutara,Western,Kalutara,2024-05-01,198,4.872881355932197,4.872881355932197,5.288267030694535,0.047578776983134397,53.09316770186335,0.4638273857459941,36.981673673470794,5,2024-06-01,156.56565656565658,1,TRUE,FALSE,FALSE,FALSE,train
114,Tomatoes,1911,Kalutara,Western,Kalutara,2024-06-01,508,156.56565656565658,156.56565656565658,6.230481447578482,0.9422144168839468,4.872881355932197,0.8500082194546883,71.5105685411507,6,2024-07-01,9.05511811023622,0,TRUE,FALSE,TRUE,FALSE,train
114,Tomatoes,1911,Kalutara,Western,Kalutara,2024-07-01,462,-9.05511811023622,9.05511811023622,6.135564891081739,-0.09491655649674335,156.56565656565658,0.5621859870466736,56.831218677275,7,2024-09-01,NA,0,TRUE,TRUE,FALSE,FALSE,inference
114,Tomatoes,1911,Kalutara,Western,Kalutara,2024-09-01,334.67,NA,NA,5.813144971693325,NA,9.05511811023622,0.7333623442560907,82.8103873379464,9,2024-10-01,22.90614635312396,1,TRUE,FALSE,FALSE,FALSE,train
114,Tomatoes,1911,Kalutara,Western,Kalutara,2024-10-01,411.33,22.90614635312396,22.90614635312396,6.019395812036673,0.20625084034334762,NA,0.21295750857792833,15.98063223168009,10,2024-11-01,9.683222716553615,0,FALSE,FALSE,FALSE,FALSE,excluded
114,Tomatoes,1911,Kalutara,Western,Kalutara,2024-11-01,371.5,-9.683222716553615,9.683222716553615,5.917548864157814,-0.10184694787885906,22.90614635312396,0.21785803532049916,16.294684534838787,11,2024-12-01,40.61911170928667,1,TRUE,FALSE,FALSE,FALSE,train
114,Tomatoes,1911,Kalutara,Western,Kalutara,2024-12-01,522.4,40.61911170928667,40.61911170928667,6.258433577962221,0.34088471380440755,9.683222716553615,0.22695882565176548,24.402826926321417,12,2025-01-01,12.23200612557427,1,TRUE,FALSE,FALSE,FALSE,train
114,Tomatoes,1911,Kalutara,Western,Kalutara,2025-01-01,458.5,-12.23200612557427,12.23200612557427,6.127960291696519,-0.1304732862657021,40.61911170928667,0.26426286021571965,20.84478018380485,1,2025-02-01,13.849509269356597,1,TRUE,FALSE,FALSE,FALSE,validation
114,Tomatoes,1911,Kalutara,Western,Kalutara,2025-02-01,395,-13.849509269356597,13.849509269356597,5.978885764901122,-0.14907452679539723,12.23200612557427,0.2776641940151432,22.233542368072513,2,2025-03-01,6.455696202531645,0,TRUE,FALSE,FALSE,FALSE,validation
114,Tomatoes,1911,Kalutara,Western,Kalutara,2025-03-01,369.5,-6.455696202531645,6.455696202531645,5.912150740388256,-0.06673502451286595,13.849509269356597,0.04318249220199394,10.84573719915417,3,2025-04-01,45.06089309878214,1,TRUE,FALSE,FALSE,FALSE,validation
114,Tomatoes,1911,Kalutara,Western,Kalutara,2025-04-01,536,45.06089309878214,45.06089309878214,6.284134161070802,0.37198342068254586,6.455696202531645,0.28010565043114877,21.788699523556794,4,2025-05-01,101.3992537313433,1,TRUE,FALSE,FALSE,FALSE,test
114,Tomatoes,1911,Kalutara,Western,Kalutara,2025-05-01,1079.5,101.3992537313433,101.3992537313433,6.984253249954862,0.70011908888406,45.06089309878214,0.3847536272591677,50.97194767755236,5,2025-06-01,52.40481704492821,1,TRUE,FALSE,TRUE,FALSE,test
114,Tomatoes,1911,Kalutara,Western,Kalutara,2025-06-01,513.79,-52.40481704492821,52.40481704492821,6.241814621660377,-0.7424386282944848,101.3992537313433,0.7561505898721048,66.28832129168455,6,2025-07-01,57.57021351135678,1,TRUE,FALSE,TRUE,FALSE,test
114,Tomatoes,1911,Kalutara,Western,Kalutara,2025-07-01,218,-57.57021351135678,57.57021351135678,5.384495062789089,-0.8573195588712883,52.40481704492821,0.8679271798489755,70.45809476254276,7,2025-08-01,4.128440366972478,0,TRUE,FALSE,TRUE,FALSE,test
114,Tomatoes,1911,Kalutara,Western,Kalutara,2025-08-01,227,4.128440366972478,4.128440366972478,5.424950017481403,0.04045495469231408,57.57021351135678,0.48855553551540465,38.03449030775249,8,2025-09-01,14.096916299559473,1,TRUE,FALSE,FALSE,FALSE,test
114,Tomatoes,1911,Kalutara,Western,Kalutara,2025-09-01,259,14.096916299559473,14.096916299559473,5.556828061699537,0.13187804421813443,4.128440366972478,0.5466365575743888,25.265190059296245,9,NA,NA,0,TRUE,TRUE,FALSE,FALSE,inference
114,Tomatoes,1912,Kandy,Central,Kandy,2023-06-01,267,NA,NA,5.58724865840025,NA,NA,NA,NA,6,2023-07-01,67.64044943820225,1,FALSE,FALSE,FALSE,FALSE,excluded
114,Tomatoes,1912,Kandy,Central,Kandy,2023-07-01,447.6,67.64044943820225,67.64044943820225,6.10389997643777,0.5166513180375203,NA,NA,67.64044943820225,7,2023-08-01,55.093833780160864,1,FALSE,FALSE,TRUE,FALSE,excluded
114,Tomatoes,1912,Kandy,Central,Kandy,2023-08-01,201,-55.093833780160864,55.093833780160864,5.303304908059076,-0.8005950683786942,67.64044943820225,0.9314338523283806,61.36714160918156,8,2023-09-01,17.412935323383085,1,TRUE,FALSE,TRUE,FALSE,train
114,Tomatoes,1912,Kandy,Central,Kandy,2023-09-01,166,-17.412935323383085,17.412935323383085,5.111987788356544,-0.19131711970253207,55.093833780160864,0.6592390777891455,46.7157395139154,9,2023-10-01,10.240963855421686,1,TRUE,FALSE,FALSE,FALSE,train
114,Tomatoes,1912,Kandy,Central,Kandy,2023-10-01,183,10.240963855421686,10.240963855421686,5.209486152841421,0.0974983644848777,17.412935323383085,0.45847679272458186,27.582577652988544,10,2023-11-01,90.57377049180327,1,TRUE,FALSE,FALSE,FALSE,train
114,Tomatoes,1912,Kandy,Central,Kandy,2023-11-01,348.75,90.57377049180327,90.57377049180327,5.854355333135575,0.6448691802941537,10.240963855421686,0.4247031752114779,39.40922322353602,11,2023-12-01,108.31541218637992,1,TRUE,FALSE,TRUE,FALSE,train
114,Tomatoes,1912,Kandy,Central,Kandy,2023-12-01,726.5,108.31541218637992,108.31541218637992,6.588238483010338,0.7338831498747629,90.57377049180327,0.34460699641184017,69.71004884453495,12,2024-01-01,1.9958706125258088,0,TRUE,FALSE,TRUE,FALSE,train
114,Tomatoes,1912,Kandy,Central,Kandy,2024-01-01,712,-1.9958706125258088,1.9958706125258088,6.568077911411976,-0.020160571598362154,108.31541218637992,0.41206188685191425,66.96168443023633,1,2024-02-01,23.946629213483146,1,TRUE,FALSE,FALSE,FALSE,train
114,Tomatoes,1912,Kandy,Central,Kandy,2024-02-01,882.5,23.946629213483146,23.946629213483146,6.782758788807452,0.2146808773954758,1.9958706125258088,0.38585477402044693,44.75263733746296,2,2024-03-01,53.42776203966005,1,TRUE,FALSE,FALSE,FALSE,train
114,Tomatoes,1912,Kandy,Central,Kandy,2024-03-01,411,-53.42776203966005,53.42776203966005,6.018593214496234,-0.7641655743112175,23.946629213483146,0.5110176654229716,26.456753955223004,3,2024-04-01,52.89537712895377,1,TRUE,FALSE,TRUE,FALSE,train
114,Tomatoes,1912,Kandy,Central,Kandy,2024-04-01,193.6,-52.89537712895377,52.89537712895377,5.265794174842477,-0.7527990396537572,53.42776203966005,0.5618847693288624,43.423256127365654,4,2024-05-01,20.971074380165287,1,TRUE,FALSE,TRUE,FALSE,train
114,Tomatoes,1912,Kandy,Central,Kandy,2024-05-01,153,-20.971074380165287,20.971074380165287,5.030437921392435,-0.23535625345004174,52.89537712895377,0.30208043435869886,42.431404516259704,5,2024-06-01,258.8235294117647,1,TRUE,FALSE,FALSE,FALSE,train
114,Tomatoes,1912,Kandy,Central,Kandy,2024-06-01,549,258.8235294117647,258.8235294117647,6.3080984415095305,1.2776605201170952,20.971074380165287,1.0551250177075873,110.89666030696125,6,2024-07-01,16.939890710382514,1,TRUE,FALSE,TRUE,FALSE,train
114,Tomatoes,1912,Kandy,Central,Kandy,2024-07-01,456,-16.939890710382514,16.939890710382514,6.1224928095143865,-0.18560563199514402,258.8235294117647,0.8595388989983734,98.9114981674375,7,2024-08-01,41.66666666666667,1,TRUE,FALSE,FALSE,FALSE,train
114,Tomatoes,1912,Kandy,Central,Kandy,2024-08-01,266,-41.66666666666667,41.66666666666667,5.583496308781699,-0.5389965007326873,16.939890710382514,0.9631783903157332,105.81002892960463,8,2024-09-01,1.3533834586466251,0,TRUE,FALSE,FALSE,FALSE,train
114,Tomatoes,1912,Kandy,Central,Kandy,2024-09-01,269.6,1.3533834586466251,1.3533834586466251,5.596939379038152,0.01344307025645275,41.66666666666667,0.2797900914286118,19.986646945231936,9,2024-10-01,18.694362017804146,1,TRUE,FALSE,FALSE,FALSE,train
114,Tomatoes,1912,Kandy,Central,Kandy,2024-10-01,320,18.694362017804146,18.694362017804146,5.768320995793772,0.17138161675562014,1.3533834586466251,0.37299935966682446,20.57147071437248,10,2024-11-01,16.25,1,TRUE,FALSE,FALSE,FALSE,train
114,Tomatoes,1912,Kandy,Central,Kandy,2024-11-01,268,-16.25,16.25,5.5909869805108565,-0.17733401528291548,18.694362017804146,0.17461532620076645,12.099248492150258,11,2024-12-01,71.19402985074628,1,TRUE,FALSE,FALSE,FALSE,train
114,Tomatoes,1912,Kandy,Central,Kandy,2024-12-01,458.8,71.19402985074628,71.19402985074628,6.128614385255216,0.5376274047443594,16.25,0.35751652674502227,35.37946395618347,12,2025-01-01,19.572798605056672,1,TRUE,FALSE,TRUE,FALSE,train
114,Tomatoes,1912,Kandy,Central,Kandy,2025-01-01,369,-19.572798605056672,19.572798605056672,5.910796644040527,-0.2178177412146889,71.19402985074628,0.4249521802010638,35.67227615193431,1,2025-02-01,44.986449864498645,1,TRUE,FALSE,FALSE,FALSE,validation
114,Tomatoes,1912,Kandy,Central,Kandy,2025-02-01,203,-44.986449864498645,44.986449864498645,5.313205979041787,-0.5975906649987399,19.572798605056672,0.5778761268737765,45.25109277343387,2,2025-03-01,56.45320197044336,1,TRUE,FALSE,FALSE,FALSE,validation
114,Tomatoes,1912,Kandy,Central,Kandy,2025-03-01,317.6,56.45320197044336,56.45320197044336,5.760792729372981,0.4475867503311939,44.986449864498645,0.5290536268540714,40.33748347999956,3,2025-04-01,96.15869017632241,1,TRUE,FALSE,TRUE,FALSE,validation
114,Tomatoes,1912,Kandy,Central,Kandy,2025-04-01,623,96.15869017632241,96.15869017632241,6.434546518787453,0.6737537894144721,56.45320197044336,0.6782162979525393,65.8661140037548,4,2025-05-01,49.2776886035313,1,TRUE,FALSE,TRUE,FALSE,test
114,Tomatoes,1912,Kandy,Central,Kandy,2025-05-01,930,49.2776886035313,49.2776886035313,6.835184586147301,0.4006380673598482,96.15869017632241,0.14602962372629485,67.29652691676569,5,2025-06-01,57.376344086021504,1,TRUE,FALSE,FALSE,FALSE,test
114,Tomatoes,1912,Kandy,Central,Kandy,2025-06-01,396.4,-57.376344086021504,57.376344086021504,5.982423802455833,-0.8527607836914681,49.2776886035313,0.8140278065843317,67.60424095529174,6,2025-07-01,62.15943491422805,1,TRUE,FALSE,TRUE,FALSE,test
114,Tomatoes,1912,Kandy,Central,Kandy,2025-07-01,150,-62.15943491422805,62.15943491422805,5.0106352940962555,-0.9717885083595776,57.376344086021504,0.7603432322310515,56.27115586792695,7,2025-08-01,4,0,TRUE,FALSE,TRUE,FALSE,test
114,Tomatoes,1912,Kandy,Central,Kandy,2025-08-01,156,4,4,5.049856007249537,0.03922071315328157,62.15943491422805,0.5525604395202853,41.17859300008318,8,2025-09-01,21.538461538461533,1,TRUE,FALSE,FALSE,FALSE,test
114,Tomatoes,1912,Kandy,Central,Kandy,2025-09-01,189.6,21.538461538461533,21.538461538461533,5.244916589820922,0.1950605825713847,4,0.633503816338242,29.232632150896528,9,NA,NA,0,TRUE,TRUE,FALSE,FALSE,inference
114,Tomatoes,1913,Kegalle,Sabaragamuwa,Kegalle,2023-06-01,357.5,NA,NA,5.879135362134062,NA,NA,NA,NA,6,2023-07-01,33.48251748251748,1,FALSE,FALSE,FALSE,FALSE,excluded
114,Tomatoes,1913,Kegalle,Sabaragamuwa,Kegalle,2023-07-01,477.2,33.48251748251748,33.48251748251748,6.167935690223761,0.2888003280896987,NA,NA,33.48251748251748,7,2023-08-01,41.53394803017603,1,FALSE,FALSE,FALSE,FALSE,excluded
114,Tomatoes,1913,Kegalle,Sabaragamuwa,Kegalle,2023-08-01,279,-41.53394803017603,41.53394803017603,5.631211781821365,-0.5367239084023954,33.48251748251748,0.5837337856574069,37.50823275634676,8,2023-09-01,14.336917562724013,1,TRUE,FALSE,FALSE,FALSE,train
114,Tomatoes,1913,Kegalle,Sabaragamuwa,Kegalle,2023-09-01,239,-14.336917562724013,14.336917562724013,5.476463551931511,-0.15474822988985437,41.53394803017603,0.4131446492647807,29.784461025139173,9,2023-10-01,8.953974895397481,0,TRUE,FALSE,FALSE,FALSE,train
114,Tomatoes,1913,Kegalle,Sabaragamuwa,Kegalle,2023-10-01,260.4,8.953974895397481,8.953974895397481,5.562218910334414,0.08575535840290271,14.336917562724013,0.3139075852750481,21.60828016276584,10,2023-11-01,37.28878648233488,1,TRUE,FALSE,FALSE,FALSE,train
114,Tomatoes,1913,Kegalle,Sabaragamuwa,Kegalle,2023-11-01,357.5,37.28878648233488,37.28878648233488,5.879135362134062,0.31691645179964834,8.953974895397481,0.23584776129081336,20.193226313485457,11,2023-12-01,86.57342657342657,1,TRUE,FALSE,FALSE,FALSE,train
114,Tomatoes,1913,Kegalle,Sabaragamuwa,Kegalle,2023-12-01,667,86.57342657342657,86.57342657342657,6.502790045915623,0.6236546837815613,37.28878648233488,0.2698331207439717,44.27206265038631,12,2024-01-01,9.62518740629686,0,TRUE,FALSE,TRUE,FALSE,train
114,Tomatoes,1913,Kegalle,Sabaragamuwa,Kegalle,2024-01-01,731.2,9.62518740629686,9.62518740629686,6.59468702013994,0.09189697422431653,86.57342657342657,0.26692332542050107,44.495800154019435,1,2024-02-01,16.110503282275705,1,TRUE,FALSE,FALSE,FALSE,train
114,Tomatoes,1913,Kegalle,Sabaragamuwa,Kegalle,2024-02-01,849,16.110503282275705,16.110503282275705,6.744059186311348,0.1493721661714078,9.62518740629686,0.2918371594666986,37.43637242066638,2,2024-03-01,49.64664310954063,1,TRUE,FALSE,FALSE,FALSE,train
114,Tomatoes,1913,Kegalle,Sabaragamuwa,Kegalle,2024-03-01,427.5,-49.64664310954063,49.64664310954063,6.0579542883768145,-0.6861048979345332,16.110503282275705,0.4666569466998059,25.127444599371067,3,2024-04-01,48.91228070175438,1,TRUE,FALSE,FALSE,FALSE,train
114,Tomatoes,1913,Kegalle,Sabaragamuwa,Kegalle,2024-04-01,218.4,-48.91228070175438,48.91228070175438,5.38632824387075,-0.6716260445060644,49.64664310954063,0.4782380201983278,38.223142364523575,4,2024-05-01,9.432234432234429,0,TRUE,FALSE,FALSE,FALSE,train
114,Tomatoes,1913,Kegalle,Sabaragamuwa,Kegalle,2024-05-01,239,9.432234432234429,9.432234432234429,5.476463551931511,0.09013530806076098,48.91228070175438,0.4440418247689173,35.99705274784315,5,2024-06-01,0,0,TRUE,FALSE,FALSE,FALSE,train
114,Tomatoes,1913,Kegalle,Sabaragamuwa,Kegalle,2024-06-01,239,0,0,5.476463551931511,0,9.432234432234429,0.41623036003366165,19.448171711329604,6,2024-07-01,92.13389121338912,1,TRUE,FALSE,FALSE,FALSE,train
114,Tomatoes,1913,Kegalle,Sabaragamuwa,Kegalle,2024-07-01,459.2,92.13389121338912,92.13389121338912,6.129485845005356,0.6530222930738452,0,0.35388421998062003,33.85537521520785,7,2024-08-01,26.829268292682922,1,TRUE,FALSE,TRUE,FALSE,train
114,Tomatoes,1913,Kegalle,Sabaragamuwa,Kegalle,2024-08-01,336,-26.829268292682922,26.829268292682922,5.817111159963204,-0.31237468504215204,92.13389121338912,0.4926133345843888,39.65438650202401,8,2024-09-01,19.047619047619047,1,TRUE,FALSE,FALSE,FALSE,train
114,Tomatoes,1913,Kegalle,Sabaragamuwa,Kegalle,2024-09-01,272,-19.047619047619047,19.047619047619047,5.605802066295998,-0.2113090936672064,26.829268292682922,0.5306088209502327,46.003592851230366,9,2024-10-01,40.07352941176471,1,TRUE,FALSE,FALSE,FALSE,train
114,Tomatoes,1913,Kegalle,Sabaragamuwa,Kegalle,2024-10-01,381,40.07352941176471,40.07352941176471,5.942799375126701,0.33699730883070345,19.047619047619047,0.34941335387727035,28.65013891735556,10,2024-11-01,3.937007874015748,0,TRUE,FALSE,FALSE,FALSE,train
114,Tomatoes,1913,Kegalle,Sabaragamuwa,Kegalle,2024-11-01,366,-3.937007874015748,3.937007874015748,5.902633333401366,-0.04016604172533533,40.07352941176471,0.2805298701418547,21.0193854444665,11,2024-12-01,40.98360655737705,1,TRUE,FALSE,FALSE,FALSE,train
114,Tomatoes,1913,Kegalle,Sabaragamuwa,Kegalle,2024-12-01,516,40.98360655737705,40.98360655737705,6.246106765481563,0.34347343208019687,3.937007874015748,0.21964872677253927,28.331381281052504,12,2025-01-01,9.689922480620156,0,TRUE,FALSE,FALSE,FALSE,train
114,Tomatoes,1913,Kegalle,Sabaragamuwa,Kegalle,2025-01-01,466,-9.689922480620156,9.689922480620156,6.1441856341256456,-0.10192113135591718,40.98360655737705,0.24130521962012946,18.20351230400432,1,2025-02-01,32.18884120171674,1,TRUE,FALSE,FALSE,FALSE,validation
114,Tomatoes,1913,Kegalle,Sabaragamuwa,Kegalle,2025-02-01,316,-32.18884120171674,32.18884120171674,5.755742213586912,-0.38844342053873326,9.689922480620156,0.36882100863982986,27.62079007990465,2,2025-03-01,27.72151898734178,1,TRUE,FALSE,FALSE,FALSE,validation
114,Tomatoes,1913,Kegalle,Sabaragamuwa,Kegalle,2025-03-01,403.6,27.72151898734178,27.72151898734178,6.000424288479454,0.244682074892542,32.18884120171674,0.317037510332077,23.200094223226227,3,2025-04-01,42.71555996035678,1,TRUE,FALSE,FALSE,FALSE,validation
114,Tomatoes,1913,Kegalle,Sabaragamuwa,Kegalle,2025-04-01,576,42.71555996035678,42.71555996035678,6.3561076606958915,0.3556833722164372,27.72151898734178,0.40143365260625197,34.2086400498051,4,2025-05-01,59.46180555555556,1,TRUE,FALSE,FALSE,FALSE,test
114,Tomatoes,1913,Kegalle,Sabaragamuwa,Kegalle,2025-05-01,918.5,59.46180555555556,59.46180555555556,6.822741904655181,0.4666342439592892,42.71555996035678,0.11097608548806097,43.29962816775137,5,2025-06-01,42.51497005988024,1,TRUE,FALSE,TRUE,FALSE,test
114,Tomatoes,1913,Kegalle,Sabaragamuwa,Kegalle,2025-06-01,528,-42.51497005988024,42.51497005988024,6.269096283706261,-0.5536456209489193,59.46180555555556,0.5597857203860438,48.23077852526419,6,2025-07-01,57.1969696969697,1,TRUE,FALSE,FALSE,FALSE,test
114,Tomatoes,1913,Kegalle,Sabaragamuwa,Kegalle,2025-07-01,226,-57.1969696969697,57.1969696969697,5.420534999272286,-0.8485612844339752,42.51497005988024,0.6901310901091643,53.05791510413517,7,2025-08-01,13.274336283185843,1,TRUE,FALSE,TRUE,FALSE,test
114,Tomatoes,1913,Kegalle,Sabaragamuwa,Kegalle,2025-08-01,256,13.274336283185843,13.274336283185843,5.545177444479562,0.12464244520727608,57.1969696969697,0.4990282972348001,37.66209201334526,8,2025-09-01,5.624999999999991,0,TRUE,FALSE,FALSE,FALSE,test
114,Tomatoes,1913,Kegalle,Sabaragamuwa,Kegalle,2025-09-01,270.4,5.624999999999991,5.624999999999991,5.599902344168809,0.054724899689246875,13.274336283185843,0.5428228521636991,25.36543532671851,9,NA,NA,0,TRUE,TRUE,FALSE,FALSE,inference
114,Tomatoes,1914,Kurunegala,North Western,Kurunegala,2023-06-01,342.5,NA,NA,5.83627165770228,NA,NA,NA,NA,6,2023-07-01,43.59124087591241,1,FALSE,FALSE,FALSE,FALSE,excluded
114,Tomatoes,1914,Kurunegala,North Western,Kurunegala,2023-07-01,491.8,43.59124087591241,43.59124087591241,6.198072129782092,0.36180047207981225,NA,NA,43.59124087591241,7,2023-08-01,46.52297681984547,1,FALSE,FALSE,FALSE,FALSE,excluded
114,Tomatoes,1914,Kurunegala,North Western,Kurunegala,2023-08-01,263,-46.52297681984547,46.52297681984547,5.572154032177765,-0.6259180976043277,43.59124087591241,0.6984224985275328,45.057108847878936,8,2023-09-01,11.787072243346007,1,TRUE,FALSE,FALSE,FALSE,train
114,Tomatoes,1914,Kurunegala,North Western,Kurunegala,2023-09-01,232,-11.787072243346007,11.787072243346007,5.44673737166631,-0.12541666051145484,46.52297681984547,0.49387417353704083,33.96709664636796,9,2023-10-01,12.758620689655181,1,TRUE,FALSE,FALSE,FALSE,train
114,Tomatoes,1914,Kurunegala,North Western,Kurunegala,2023-10-01,261.6,12.758620689655181,12.758620689655181,5.566816619583044,0.12007924791673386,11.787072243346007,0.3801933650813935,23.68955658428222,10,2023-11-01,31.880733944954116,1,TRUE,FALSE,FALSE,FALSE,train
114,Tomatoes,1914,Kurunegala,North Western,Kurunegala,2023-11-01,345,31.880733944954116,31.880733944954116,5.84354441703136,0.27672779744831644,12.758620689655181,0.2027014118488442,18.808808959318434,11,2023-12-01,100.36231884057972,1,TRUE,FALSE,FALSE,FALSE,train
114,Tomatoes,1914,Kurunegala,North Western,Kurunegala,2023-12-01,691.25,100.36231884057972,100.36231884057972,6.538501552836545,0.6949571358051845,31.880733944954116,0.29719217506406476,48.33389115839634,12,2024-01-01,7.746835443037968,0,TRUE,FALSE,TRUE,FALSE,train
114,Tomatoes,1914,Kurunegala,North Western,Kurunegala,2024-01-01,744.8,7.746835443037968,7.746835443037968,6.6131157259628575,0.0746141731263128,100.36231884057972,0.3163834930228924,46.6632960761906,1,2024-02-01,17.403329752953812,1,TRUE,FALSE,FALSE,FALSE,train
114,Tomatoes,1914,Kurunegala,North Western,Kurunegala,2024-02-01,874.42,17.403329752953812,17.403329752953812,6.773560809427831,0.16044508346497377,7.746835443037968,0.33612881226589986,41.83749467885717,2,2024-03-01,47.479472107225355,1,TRUE,FALSE,FALSE,FALSE,train
114,Tomatoes,1914,Kurunegala,North Western,Kurunegala,2024-03-01,459.25,-47.479472107225355,47.479472107225355,6.129594724095235,-0.6439660853325959,17.403329752953812,0.44173933895883055,24.209879101072378,3,2024-04-01,40.42460533478497,1,TRUE,FALSE,FALSE,FALSE,train
114,Tomatoes,1914,Kurunegala,North Western,Kurunegala,2024-04-01,273.6,-40.42460533478497,40.42460533478497,5.611667185748395,-0.5179275383468402,47.479472107225355,0.4326569961367371,35.10246906498804,4,2024-05-01,21.783625730994157,1,TRUE,FALSE,FALSE,FALSE,train
114,Tomatoes,1914,Kurunegala,North Western,Kurunegala,2024-05-01,214,-21.783625730994157,21.783625730994157,5.365976015021851,-0.2456911707265439,40.42460533478497,0.20356049992808514,36.562567724334826,5,2024-06-01,144.39252336448598,1,TRUE,FALSE,FALSE,FALSE,train
114,Tomatoes,1914,Kurunegala,North Western,Kurunegala,2024-06-01,523,144.39252336448598,144.39252336448598,6.259581464064923,0.893605449043072,21.783625730994157,0.7488362974379488,68.8669181434217,6,2024-09-01,NA,0,TRUE,TRUE,TRUE,FALSE,inference
114,Tomatoes,1914,Kurunegala,North Western,Kurunegala,2024-09-01,277.5,NA,NA,5.625820933186489,NA,144.39252336448598,0.8056043656220071,83.08807454774006,9,2024-10-01,15.61441441441441,1,TRUE,FALSE,FALSE,FALSE,train
114,Tomatoes,1914,Kurunegala,North Western,Kurunegala,2024-10-01,320.83,15.61441441441441,15.61441441441441,5.770911387829468,0.14509045464297898,NA,0.5292800283601165,80.00346888945019,10,2024-11-01,25.714552878471466,1,FALSE,FALSE,FALSE,FALSE,excluded
114,Tomatoes,1914,Kurunegala,North Western,Kurunegala,2024-11-01,403.33,25.714552878471466,25.714552878471466,5.999755085425717,0.22884369759624867,15.61441441441441,0.05922248603862142,20.66448364644294,11,2024-12-01,23.886147819403476,1,TRUE,FALSE,FALSE,FALSE,train
114,Tomatoes,1914,Kurunegala,North Western,Kurunegala,2024-12-01,499.67,23.886147819403476,23.886147819403476,6.213947880526312,0.21419279510059575,25.714552878471466,0.044729535555094777,21.73837170409645,12,2025-01-01,1.226809694398302,0,TRUE,FALSE,FALSE,FALSE,train
114,Tomatoes,1914,Kurunegala,North Western,Kurunegala,2025-01-01,493.54,-1.226809694398302,1.226809694398302,6.201603909286938,-0.012343971239374696,23.886147819403476,0.13521898723063377,16.942503464091082,1,2025-02-01,24.524861206791755,1,TRUE,FALSE,FALSE,FALSE,validation
114,Tomatoes,1914,Kurunegala,North Western,Kurunegala,2025-02-01,372.5,-24.524861206791755,24.524861206791755,5.920237037819614,-0.2813668714673234,1.226809694398302,0.24808318849387814,16.54593957353118,2,2025-03-01,9.173154362416112,0,TRUE,FALSE,FALSE,FALSE,validation
114,Tomatoes,1914,Kurunegala,North Western,Kurunegala,2025-03-01,338.33,-9.173154362416112,9.173154362416112,5.824021750542496,-0.09621528727711848,24.524861206791755,0.1376522355001318,11.641608421202056,3,2025-04-01,85.71513019832709,1,TRUE,FALSE,FALSE,FALSE,validation
114,Tomatoes,1914,Kurunegala,North Western,Kurunegala,2025-04-01,628.33,85.71513019832709,85.71513019832709,6.443065506160142,0.6190437556176462,9.173154362416112,0.4755025245180839,39.80438192251165,4,2025-05-01,36.87075262998742,1,TRUE,FALSE,TRUE,FALSE,test
114,Tomatoes,1914,Kurunegala,North Western,Kurunegala,2025-05-01,860,36.87075262998742,36.87075262998742,6.756932389247553,0.3138668830874112,85.71513019832709,0.35890941485305017,43.91967906357687,5,2025-06-01,46.705813953488374,1,TRUE,FALSE,FALSE,FALSE,test
114,Tomatoes,1914,Kurunegala,North Western,Kurunegala,2025-06-01,458.33,-46.705813953488374,46.705813953488374,6.127589448678843,-0.6293429405687103,36.87075262998742,0.6508004095194155,56.4305655939343,6,2025-07-01,50.817096851613464,1,TRUE,FALSE,FALSE,FALSE,test
114,Tomatoes,1914,Kurunegala,North Western,Kurunegala,2025-07-01,225.42,-50.817096851613464,50.817096851613464,5.417965328813932,-0.7096241198649107,46.705813953488374,0.5691548811344399,44.79788781169642,7,2025-08-01,16.081093070712463,1,TRUE,FALSE,TRUE,FALSE,test
114,Tomatoes,1914,Kurunegala,North Western,Kurunegala,2025-08-01,261.67,16.081093070712463,16.081093070712463,5.567084167886663,0.14911883907273094,50.817096851613464,0.4743218456626057,37.8680012919381,8,2025-09-01,1.5936102724806112,0,TRUE,FALSE,FALSE,FALSE,test
114,Tomatoes,1914,Kurunegala,North Western,Kurunegala,2025-09-01,257.5,-1.5936102724806112,1.5936102724806112,5.551019720103791,-0.016064447782872193,16.081093070712463,0.4556588648173729,22.830600064935513,9,NA,NA,0,TRUE,TRUE,FALSE,FALSE,inference
114,Tomatoes,1915,Matale,Central,Matale,2023-06-01,355,NA,NA,5.872117789475416,NA,NA,NA,NA,6,2023-07-01,29.690140845070417,1,FALSE,FALSE,FALSE,FALSE,excluded
114,Tomatoes,1915,Matale,Central,Matale,2023-07-01,460.4,29.690140845070417,29.690140845070417,6.132095676847728,0.25997788737231176,NA,NA,29.690140845070417,7,2023-08-01,55.25629887054735,1,FALSE,FALSE,FALSE,FALSE,excluded
114,Tomatoes,1915,Matale,Central,Matale,2023-08-01,206,-55.25629887054735,55.25629887054735,5.327876168789581,-0.8042195080581465,29.690140845070417,0.7525011948299388,42.473219857808886,8,2023-09-01,5.825242718446602,0,TRUE,FALSE,TRUE,FALSE,train
114,Tomatoes,1915,Matale,Central,Matale,2023-09-01,194,-5.825242718446602,5.825242718446602,5.267858159063328,-0.06001800972625304,55.25629887054735,0.5460081410748868,30.257227478021456,9,2023-10-01,1.8556701030927807,0,TRUE,FALSE,FALSE,FALSE,train
114,Tomatoes,1915,Matale,Central,Matale,2023-10-01,190.4,-1.8556701030927807,1.8556701030927807,5.249127122357265,-0.01873103670606291,5.825242718446602,0.4420657234106783,20.97907056402891,10,2023-11-01,74.36974789915965,1,TRUE,FALSE,FALSE,FALSE,train
114,Tomatoes,1915,Matale,Central,Matale,2023-11-01,332,74.36974789915965,74.36974789915965,5.805134968916488,0.5560078465592229,1.8556701030927807,0.3443634837615751,27.35022024023301,11,2023-12-01,112.95180722891567,1,TRUE,FALSE,TRUE,FALSE,train
114,Tomatoes,1915,Matale,Central,Matale,2023-12-01,707,112.95180722891567,112.95180722891567,6.561030665896573,0.755895696980085,74.36974789915965,0.4021456024095773,63.059075077056036,12,2024-01-01,7.666195190947672,0,TRUE,FALSE,TRUE,FALSE,train
114,Tomatoes,1915,Matale,Central,Matale,2024-01-01,652.8,-7.666195190947672,7.666195190947672,6.481270803649897,-0.07975986224667597,112.95180722891567,0.4363629884191917,64.99591677300766,1,2024-02-01,37.867647058823536,1,TRUE,FALSE,FALSE,FALSE,train
114,Tomatoes,1915,Matale,Central,Matale,2024-02-01,900,37.867647058823536,37.867647058823536,6.802394763324311,0.32112395967441376,7.666195190947672,0.4179422838751068,52.82854982622896,2,2024-03-01,61.77777777777778,1,TRUE,FALSE,FALSE,FALSE,train
114,Tomatoes,1915,Matale,Central,Matale,2024-03-01,344,-61.77777777777778,61.77777777777778,5.840641657373398,-0.9617531059509128,37.867647058823536,0.6563019485629855,35.770540009182994,3,2024-04-01,52.55813953488372,1,TRUE,FALSE,TRUE,FALSE,train
114,Tomatoes,1915,Matale,Central,Matale,2024-04-01,163.2,-52.55813953488372,52.55813953488372,5.094976442530006,-0.7456652148433918,61.77777777777778,0.6868414039474622,50.73452145716168,4,2024-05-01,14.381127450980394,1,TRUE,FALSE,TRUE,FALSE,train
114,Tomatoes,1915,Matale,Central,Matale,2024-05-01,186.67,14.381127450980394,14.381127450980394,5.2293423520445055,0.13436590951449912,52.55813953488372,0.580606816555859,42.90568158788063,5,2024-06-01,0,0,TRUE,FALSE,FALSE,FALSE,train
114,Tomatoes,1915,Matale,Central,Matale,2024-06-01,186.67,0,0,5.2293423520445055,0,14.381127450980394,0.4740825508470218,22.313088995288037,6,2024-07-01,131.7083623506723,1,TRUE,FALSE,FALSE,FALSE,train
114,Tomatoes,1915,Matale,Central,Matale,2024-07-01,432.53,131.7083623506723,131.7083623506723,6.069651688128201,0.8403093360836955,0,0.4513923089481658,48.6964966005509,7,2024-08-01,37.11418861119459,1,TRUE,FALSE,TRUE,FALSE,train
114,Tomatoes,1915,Matale,Central,Matale,2024-08-01,272,-37.11418861119459,37.11418861119459,5.605802066295998,-0.46384962183220324,131.7083623506723,0.6610732233138754,56.27418365395563,8,2024-09-01,13.529411764705888,1,TRUE,FALSE,FALSE,FALSE,train
114,Tomatoes,1915,Matale,Central,Matale,2024-09-01,235.2,-13.529411764705888,13.529411764705888,5.460436216024472,-0.14536585027152604,37.11418861119459,0.6799286817081378,60.783987575524264,9,2024-10-01,30.102040816326536,1,TRUE,FALSE,FALSE,FALSE,train
114,Tomatoes,1915,Matale,Central,Matale,2024-10-01,306,30.102040816326536,30.102040816326536,5.723585101952381,0.26314888592790897,13.529411764705888,0.36442718356461773,26.915213730742337,10,2024-11-01,2.6143790849673203,0,TRUE,FALSE,FALSE,FALSE,train
114,Tomatoes,1915,Matale,Central,Matale,2024-11-01,314,2.6143790849673203,2.6143790849673203,5.749392985908253,0.025807883955872413,30.102040816326536,0.20514851863895106,15.415277221999915,11,2024-12-01,39.87261146496815,1,TRUE,FALSE,FALSE,FALSE,train
114,Tomatoes,1915,Matale,Central,Matale,2024-12-01,439.2,39.87261146496815,39.87261146496815,6.084954890195321,0.33556190428706767,2.6143790849673203,0.16202980670045075,24.196343788754003,12,2025-01-01,19.398907103825135,1,TRUE,FALSE,FALSE,FALSE,train
114,Tomatoes,1915,Matale,Central,Matale,2025-01-01,354,-19.398907103825135,19.398907103825135,5.869296913133774,-0.21565797706154655,39.87261146496815,0.2763140341297085,20.628632551253535,1,2025-02-01,34.463276836158194,1,TRUE,FALSE,FALSE,FALSE,validation
114,Tomatoes,1915,Matale,Central,Matale,2025-02-01,232,-34.463276836158194,34.463276836158194,5.44673737166631,-0.42255954146746433,19.398907103825135,0.39187577569525317,31.244931801650495,2,2025-03-01,34.48275862068966,1,TRUE,FALSE,FALSE,FALSE,validation
114,Tomatoes,1915,Matale,Central,Matale,2025-03-01,312,34.48275862068966,34.48275862068966,5.7430031878094825,0.2962658161431726,34.463276836158194,0.3700414666283551,29.448314186890997,3,2025-04-01,83.25320512820514,1,TRUE,FALSE,FALSE,FALSE,validation
114,Tomatoes,1915,Matale,Central,Matale,2025-04-01,571.75,83.25320512820514,83.25320512820514,6.348701832902891,0.6056986450934083,34.48275862068966,0.527537276503702,50.73308019501766,4,2025-05-01,64.40752076956711,1,TRUE,FALSE,TRUE,FALSE,test
114,Tomatoes,1915,Matale,Central,Matale,2025-05-01,940,64.40752076956711,64.40752076956711,6.84587987526405,0.4971780423611589,83.25320512820514,0.15699847106123033,60.7144948394873,5,2025-06-01,51.31914893617021,1,TRUE,FALSE,TRUE,FALSE,test
114,Tomatoes,1915,Matale,Central,Matale,2025-06-01,457.6,-51.31914893617021,51.31914893617021,6.125995440065588,-0.7198844351984617,64.40752076956711,0.7360013924643775,66.32662494464749,6,2025-07-01,67.22027972027972,1,TRUE,FALSE,TRUE,FALSE,test
114,Tomatoes,1915,Matale,Central,Matale,2025-07-01,150,-67.22027972027972,67.22027972027972,5.0106352940962555,-1.1153601459693325,51.31914893617021,0.8404286129626033,60.98231647533901,7,2025-08-01,18.666666666666668,1,TRUE,FALSE,TRUE,FALSE,test
114,Tomatoes,1915,Matale,Central,Matale,2025-08-01,178,18.666666666666668,18.666666666666668,5.181783550292085,0.17114825619582952,67.22027972027972,0.6589694180795542,45.73536510770553,8,2025-09-01,12.359550561797752,1,TRUE,FALSE,FALSE,FALSE,test
114,Tomatoes,1915,Matale,Central,Matale,2025-09-01,200,12.359550561797752,12.359550561797752,5.298317366548036,0.11653381625595127,18.666666666666668,0.7275128108904811,32.74883231624805,9,NA,NA,0,TRUE,TRUE,FALSE,FALSE,inference
114,Tomatoes,1916,Matara,Southern,Matara,2023-06-01,305,NA,NA,5.720311776607412,NA,NA,NA,NA,6,2023-07-01,52.950819672131146,1,FALSE,FALSE,FALSE,FALSE,excluded
114,Tomatoes,1916,Matara,Southern,Matara,2023-07-01,466.5,52.950819672131146,52.950819672131146,6.1452580202873985,0.4249462436799867,NA,NA,52.950819672131146,7,2023-08-01,58.55734190782421,1,FALSE,FALSE,TRUE,FALSE,excluded
114,Tomatoes,1916,Matara,Southern,Matara,2023-08-01,193.33,-58.55734190782421,58.55734190782421,5.264398573344411,-0.8808594469429876,52.950819672131146,0.923344058751488,55.75408078997768,8,2023-09-01,6.8949464645942236,0,TRUE,FALSE,TRUE,FALSE,train
114,Tomatoes,1916,Matara,Southern,Matara,2023-09-01,180,-6.8949464645942236,6.8949464645942236,5.19295685089021,-0.07144172245420055,58.55734190782421,0.659126513817439,39.46770268151653,9,2023-10-01,12.777777777777777,1,TRUE,FALSE,FALSE,FALSE,train
114,Tomatoes,1916,Matara,Southern,Matara,2023-10-01,203,12.777777777777777,12.777777777777777,5.313205979041787,0.12024912815157673,6.8949464645942236,0.5313694279956336,26.076688716732072,10,2023-11-01,57.019704433497544,1,TRUE,FALSE,FALSE,FALSE,train
114,Tomatoes,1916,Matara,Southern,Matara,2023-11-01,318.75,57.019704433497544,57.019704433497544,5.7644070964726355,0.45120111743084834,12.777777777777777,0.2643955809946472,25.564142891956514,11,2023-12-01,116.78431372549018,1,TRUE,FALSE,TRUE,FALSE,train
114,Tomatoes,1916,Matara,Southern,Matara,2023-12-01,691,116.78431372549018,116.78431372549018,6.53813982376767,0.7737327272950347,57.019704433497544,0.32675084109021524,62.19393197892183,12,2024-01-01,11.215629522431259,1,TRUE,FALSE,TRUE,FALSE,train
114,Tomatoes,1916,Matara,Southern,Matara,2024-01-01,613.5,-11.215629522431259,11.215629522431259,6.419180264150966,-0.11895955961670435,116.78431372549018,0.4520341720350756,61.67321589380633,1,2024-02-01,39.36430317848411,1,TRUE,FALSE,FALSE,FALSE,train
114,Tomatoes,1916,Matara,Southern,Matara,2024-02-01,855,39.36430317848411,39.36430317848411,6.75110146893676,0.331921204785794,11.215629522431259,0.446353821581382,55.78808214213518,2,2024-03-01,61.98830409356725,1,TRUE,FALSE,FALSE,FALSE,train
114,Tomatoes,1916,Matara,Southern,Matara,2024-03-01,325,-61.98830409356725,61.98830409356725,5.783825182329737,-0.9672762866070226,39.36430317848411,0.6596525417017072,37.522745598160874,3,2024-04-01,49.02461538461539,1,TRUE,FALSE,TRUE,FALSE,train
114,Tomatoes,1916,Matara,Southern,Matara,2024-04-01,165.67,-49.02461538461539,49.02461538461539,5.109997857950446,-0.6738273243792916,61.98830409356725,0.6813658487420265,50.12574088555558,4,2024-05-01,23.73996499064406,1,TRUE,FALSE,FALSE,FALSE,train
114,Tomatoes,1916,Matara,Southern,Matara,2024-05-01,205,23.73996499064406,23.73996499064406,5.3230099791384085,0.21301212118796276,49.02461538461539,0.6145021319764737,44.91762815627557,5,2024-06-01,167.0731707317073,1,TRUE,FALSE,FALSE,FALSE,train
114,Tomatoes,1916,Matara,Southern,Matara,2024-06-01,547.5,167.0731707317073,167.0731707317073,6.305362461690656,0.9823524825522476,23.73996499064406,0.8287842850350098,79.94591703565558,6,2024-07-01,21.27853881278539,1,TRUE,FALSE,TRUE,FALSE,train
114,Tomatoes,1916,Matara,Southern,Matara,2024-07-01,431,-21.27853881278539,21.27853881278539,6.066108090103747,-0.23925437158690865,167.0731707317073,0.6176235204651748,70.69722484504558,7,2024-08-01,33.438515081206496,1,TRUE,FALSE,FALSE,FALSE,train
114,Tomatoes,1916,Matara,Southern,Matara,2024-08-01,286.88,-33.438515081206496,33.438515081206496,5.659064009856823,-0.4070440802469246,21.27853881278539,0.7583863902095173,73.93007487523306,8,2024-09-01,14.42414947016174,1,TRUE,FALSE,FALSE,FALSE,train
114,Tomatoes,1916,Matara,Southern,Matara,2024-09-01,245.5,-14.42414947016174,14.42414947016174,5.503296947234575,-0.15576706262224782,33.438515081206496,0.12797373212025837,23.04706778805121,9,2024-10-01,47.657841140529534,1,TRUE,FALSE,FALSE,FALSE,train
114,Tomatoes,1916,Matara,Southern,Matara,2024-10-01,362.5,47.657841140529534,47.657841140529534,5.893024474294729,0.38972752706015434,14.42414947016174,0.4073388190785468,31.840168563965925,10,2024-11-01,12.932413793103448,1,TRUE,FALSE,FALSE,FALSE,train
114,Tomatoes,1916,Matara,Southern,Matara,2024-11-01,315.62,-12.932413793103448,12.932413793103448,5.754538958319987,-0.13848551597474223,47.657841140529534,0.3100731145121227,25.004801467931575,11,2024-12-01,25.30891578480451,1,TRUE,FALSE,FALSE,FALSE,train
114,Tomatoes,1916,Matara,Southern,Matara,2024-12-01,395.5,25.30891578480451,25.30891578480451,5.980150787207709,0.2256118288877218,12.932413793103448,0.27034233166940597,28.633056906145832,12,2025-01-01,12.13653603034134,1,TRUE,FALSE,FALSE,FALSE,train
114,Tomatoes,1916,Matara,Southern,Matara,2025-01-01,347.5,-12.13653603034134,12.13653603034134,5.850764665004847,-0.12938612220286227,25.30891578480451,0.2076347838479159,16.792621869416433,1,2025-02-01,38.1294964028777,1,TRUE,FALSE,FALSE,FALSE,validation
114,Tomatoes,1916,Matara,Southern,Matara,2025-02-01,215,-38.1294964028777,38.1294964028777,5.3706380281276624,-0.48012663687718415,12.13653603034134,0.35287137315947587,25.191649406007848,2,2025-03-01,41.16279069767442,1,TRUE,FALSE,FALSE,FALSE,validation
114,Tomatoes,1916,Matara,Southern,Matara,2025-03-01,303.5,41.16279069767442,41.16279069767442,5.715381610499553,0.3447435823718905,38.1294964028777,0.4139703620627462,30.476274376964486,3,2025-04-01,116.08896210873148,1,TRUE,FALSE,FALSE,FALSE,validation
114,Tomatoes,1916,Matara,Southern,Matara,2025-04-01,655.83,116.08896210873148,116.08896210873148,6.48590160901841,0.7705199985188571,41.16279069767442,0.635847654942913,65.1270830697612,4,2025-05-01,43.616485979598366,1,TRUE,FALSE,TRUE,FALSE,test
114,Tomatoes,1916,Matara,Southern,Matara,2025-05-01,941.88,43.616485979598366,43.616485979598366,6.847877877926723,0.3619762689083128,116.08896210873148,0.24100155636990916,66.95607959533476,5,2025-06-01,45.10978043912176,1,TRUE,FALSE,FALSE,FALSE,test
114,Tomatoes,1916,Matara,Southern,Matara,2025-06-01,517,-45.10978043912176,45.10978043912176,6.248042874508429,-0.5998350034182938,43.616485979598366,0.7035459868779946,68.27174284248386,6,2025-07-01,68.08510638297872,1,TRUE,FALSE,FALSE,FALSE,test
114,Tomatoes,1916,Matara,Southern,Matara,2025-07-01,165,-68.08510638297872,68.08510638297872,5.10594547390058,-1.1420974006078488,45.10978043912176,0.7617268795651212,52.27045760056628,7,2025-08-01,17.424242424242426,1,TRUE,FALSE,TRUE,FALSE,test
114,Tomatoes,1916,Matara,Southern,Matara,2025-08-01,193.75,17.424242424242426,17.424242424242426,5.2665686682334565,0.1606231943328762,68.08510638297872,0.6543987222908569,43.539709748780965,8,2025-09-01,4,0,TRUE,FALSE,FALSE,FALSE,test
114,Tomatoes,1916,Matara,Southern,Matara,2025-09-01,201.5,4,4,5.305789381386738,0.03922071315328157,17.424242424242426,0.719644819432873,29.83644960240705,9,NA,NA,0,TRUE,TRUE,FALSE,FALSE,inference
114,Tomatoes,1917,Nuwara Eliya,Central,Nuwara Eliya,2023-06-01,252,NA,NA,5.529429087511423,NA,NA,NA,NA,6,2023-07-01,48.57142857142856,1,FALSE,FALSE,FALSE,FALSE,excluded
114,Tomatoes,1917,Nuwara Eliya,Central,Nuwara Eliya,2023-07-01,374.4,48.57142857142856,48.57142857142856,5.9253247446034365,0.39589565709201313,NA,NA,48.57142857142856,7,2023-08-01,38.96901709401709,1,FALSE,FALSE,FALSE,FALSE,excluded
114,Tomatoes,1917,Nuwara Eliya,Central,Nuwara Eliya,2023-08-01,228.5,-38.96901709401709,38.96901709401709,5.43153621033426,-0.4937885342691768,48.57142857142856,0.6291017248259674,43.77022283272282,8,2023-09-01,9.190371991247265,0,TRUE,FALSE,FALSE,FALSE,train
114,Tomatoes,1917,Nuwara Eliya,Central,Nuwara Eliya,2023-09-01,207.5,-9.190371991247265,9.190371991247265,5.335131339670753,-0.09640487066350634,38.96901709401709,0.4456851553296045,32.24360588556431,9,2023-10-01,5.253012048192774,0,TRUE,FALSE,FALSE,FALSE,train
114,Tomatoes,1917,Nuwara Eliya,Central,Nuwara Eliya,2023-10-01,218.4,5.253012048192774,5.253012048192774,5.38632824387075,0.05119690419999667,9.190371991247265,0.281871480225462,17.804133711152375,10,2023-11-01,26.144688644688642,1,TRUE,FALSE,FALSE,FALSE,train
114,Tomatoes,1917,Nuwara Eliya,Central,Nuwara Eliya,2023-11-01,275.5,26.144688644688642,26.144688644688642,5.6185876285929695,0.2322593847222194,5.253012048192774,0.16461576401019945,13.529357561376226,11,2023-12-01,100.36297640653358,1,TRUE,FALSE,FALSE,FALSE,train
114,Tomatoes,1917,Nuwara Eliya,Central,Nuwara Eliya,2023-12-01,552,100.36297640653358,100.36297640653358,6.313548046277095,0.6949604176841255,26.144688644688642,0.3319907953167541,43.920225699804995,12,2024-01-01,13.695652173913048,1,TRUE,FALSE,TRUE,FALSE,train
114,Tomatoes,1917,Nuwara Eliya,Central,Nuwara Eliya,2024-01-01,627.6,13.695652173913048,13.695652173913048,6.441903020858877,0.12835497458178224,100.36297640653358,0.30164275241413474,46.73443907504509,1,2024-02-01,26.40694710006374,1,TRUE,FALSE,FALSE,FALSE,train
114,Tomatoes,1917,Nuwara Eliya,Central,Nuwara Eliya,2024-02-01,793.33,26.40694710006374,26.40694710006374,6.6762392763079115,0.23433625544903425,13.695652173913048,0.3012331264658226,46.82185856017012,2,2024-03-01,55.567040197647884,1,TRUE,FALSE,FALSE,FALSE,train
114,Tomatoes,1917,Nuwara Eliya,Central,Nuwara Eliya,2024-03-01,352.5,-55.567040197647884,55.567040197647884,5.8650506222523235,-0.8111886540555879,26.40694710006374,0.5754848098780118,31.889879823874892,3,2024-04-01,54.95035460992908,1,TRUE,FALSE,TRUE,FALSE,train
114,Tomatoes,1917,Nuwara Eliya,Central,Nuwara Eliya,2024-04-01,158.8,-54.95035460992908,54.95035460992908,5.067645548813036,-0.7974050734392879,55.567040197647884,0.5996947130589996,45.6414473025469,4,2024-05-01,7.682619647355156,0,TRUE,FALSE,TRUE,FALSE,train
114,Tomatoes,1917,Nuwara Eliya,Central,Nuwara Eliya,2024-05-01,171,7.682619647355156,7.682619647355156,5.14166355650266,0.07401800768962463,54.95035460992908,0.5071421574892186,39.400004818310705,5,2024-06-01,164.03508771929825,1,TRUE,FALSE,FALSE,FALSE,train
114,Tomatoes,1917,Nuwara Eliya,Central,Nuwara Eliya,2024-06-01,451.5,164.03508771929825,164.03508771929825,6.11257537285704,0.9709118163543797,7.682619647355156,0.8841890176007736,75.55602065886083,6,2024-07-01,21.59468438538206,1,TRUE,FALSE,TRUE,FALSE,train
114,Tomatoes,1917,Nuwara Eliya,Central,Nuwara Eliya,2024-07-01,354,-21.59468438538206,21.59468438538206,5.869296913133774,-0.24327845972326578,164.03508771929825,0.6297292511833132,64.43746391734516,7,2024-08-01,12.429378531073446,1,TRUE,FALSE,FALSE,FALSE,train
114,Tomatoes,1917,Nuwara Eliya,Central,Nuwara Eliya,2024-08-01,310,-12.429378531073446,12.429378531073446,5.736572297479192,-0.13272461565458205,21.59468438538206,0.6713783772976983,66.01971687858459,8,2024-09-01,12.741935483870966,1,TRUE,FALSE,FALSE,FALSE,train
114,Tomatoes,1917,Nuwara Eliya,Central,Nuwara Eliya,2024-09-01,270.5,-12.741935483870966,12.741935483870966,5.600272098286537,-0.13630019919265557,12.429378531073446,0.06282155344327255,15.588666133442157,9,2024-10-01,12.014787430683919,1,TRUE,FALSE,FALSE,FALSE,train
114,Tomatoes,1917,Nuwara Eliya,Central,Nuwara Eliya,2024-10-01,303,12.014787430683919,12.014787430683919,5.713732805509369,0.11346070722283219,12.741935483870966,0.14317850651743583,12.395367148542777,10,2024-11-01,9.075907590759076,0,TRUE,FALSE,FALSE,FALSE,train
114,Tomatoes,1917,Nuwara Eliya,Central,Nuwara Eliya,2024-11-01,330.5,9.075907590759076,9.075907590759076,5.800606659291741,0.08687385378237256,12.014787430683919,0.13717022822673727,11.277543501771321,11,2024-12-01,19.51588502269289,1,TRUE,FALSE,FALSE,FALSE,train
114,Tomatoes,1917,Nuwara Eliya,Central,Nuwara Eliya,2024-12-01,395,19.51588502269289,19.51588502269289,5.978885764901122,0.17827910560938065,9.075907590759076,0.04701631916476901,13.535526681378627,12,2025-01-01,13.41772151898734,1,TRUE,FALSE,FALSE,FALSE,train
114,Tomatoes,1917,Nuwara Eliya,Central,Nuwara Eliya,2025-01-01,342,-13.41772151898734,13.41772151898734,5.834810737062605,-0.14407502783851722,19.51588502269289,0.16613473113432348,14.003171377479768,1,2025-02-01,24.707602339181285,1,TRUE,FALSE,FALSE,FALSE,validation
114,Tomatoes,1917,Nuwara Eliya,Central,Nuwara Eliya,2025-02-01,257.5,-24.707602339181285,24.707602339181285,5.551019720103791,-0.2837910169588138,13.41772151898734,0.23697452153378368,19.213736293620507,2,2025-03-01,39.80582524271845,1,TRUE,FALSE,FALSE,FALSE,validation
114,Tomatoes,1917,Nuwara Eliya,Central,Nuwara Eliya,2025-03-01,360,39.80582524271845,39.80582524271845,5.886104031450156,0.33508431134636485,24.707602339181285,0.3245820137573857,25.97704970029569,3,2025-04-01,75.92500000000001,1,TRUE,FALSE,FALSE,FALSE,validation
114,Tomatoes,1917,Nuwara Eliya,Central,Nuwara Eliya,2025-04-01,633.33,75.92500000000001,75.92500000000001,6.450991613314677,0.5648875818645216,39.80582524271845,0.4389517018280454,46.81280919396658,4,2025-05-01,9.342680750951313,0,TRUE,FALSE,TRUE,FALSE,test
114,Tomatoes,1917,Nuwara Eliya,Central,Nuwara Eliya,2025-05-01,692.5,9.342680750951313,9.342680750951313,6.540308238061494,0.08931662474681623,75.92500000000001,0.23783013341850573,41.69116866455659,5,2025-06-01,47.22021660649819,1,TRUE,FALSE,FALSE,FALSE,test
114,Tomatoes,1917,Nuwara Eliya,Central,Nuwara Eliya,2025-06-01,365.5,-47.22021660649819,47.22021660649819,5.901266279189834,-0.63904195887166,9.342680750951313,0.606371764492405,44.16263245248317,6,2025-07-01,51.02599179206566,1,TRUE,FALSE,FALSE,FALSE,test
114,Tomatoes,1917,Nuwara Eliya,Central,Nuwara Eliya,2025-07-01,179,-51.02599179206566,51.02599179206566,5.187385805840755,-0.7138804733490787,47.22021660649819,0.44370271728744354,35.862963049838385,7,2025-08-01,40.78212290502793,1,TRUE,FALSE,TRUE,FALSE,test
114,Tomatoes,1917,Nuwara Eliya,Central,Nuwara Eliya,2025-08-01,252,40.78212290502793,40.78212290502793,5.529429087511423,0.34204328167066844,51.02599179206566,0.5892232215488157,46.342777101197264,8,2025-09-01,2.222222222222231,0,TRUE,FALSE,FALSE,FALSE,test
114,Tomatoes,1917,Nuwara Eliya,Central,Nuwara Eliya,2025-09-01,257.6,2.222222222222231,2.222222222222231,5.551407994230199,0.02197890671877545,40.78212290502793,0.54143408459420606,31.343445639771943,9,NA,NA,0,TRUE,TRUE,FALSE,FALSE,inference
114,Tomatoes,1918,Puttalam,North Western,Puttalam,2023-06-01,378,NA,NA,5.934894195619588,NA,NA,NA,NA,6,2023-07-01,29.312169312169317,1,FALSE,FALSE,FALSE,FALSE,excluded
114,Tomatoes,1918,Puttalam,North Western,Puttalam,2023-07-01,488.8,29.312169312169317,29.312169312169317,6.191953407857386,0.25705921223779793,NA,NA,29.312169312169317,7,2023-08-01,42.716857610474634,1,FALSE,FALSE,FALSE,FALSE,excluded
114,Tomatoes,1918,Puttalam,North Western,Puttalam,2023-08-01,280,-42.716857610474634,42.716857610474634,5.634789603169249,-0.5571638046881366,29.312169312169317,0.5757426166664974,36.014513461321975,8,2023-09-01,17.32142857142857,1,TRUE,FALSE,FALSE,FALSE,train
114,Tomatoes,1918,Puttalam,North Western,Puttalam,2023-09-01,231.5,-17.32142857142857,17.32142857142857,5.444579873526289,-0.19020972964296057,42.716857610474634,0.4077711614895796,29.78348516469084,9,2023-10-01,17.84017278617711,1,TRUE,FALSE,FALSE,FALSE,train
114,Tomatoes,1918,Puttalam,North Western,Puttalam,2023-10-01,272.8,17.84017278617711,17.84017278617711,5.608738925969307,0.16415905244301854,17.32142857142857,0.360679726611023,25.959486322693436,10,2023-11-01,30.865102639296182,1,TRUE,FALSE,FALSE,FALSE,train
114,Tomatoes,1918,Puttalam,North Western,Puttalam,2023-11-01,357,30.865102639296182,30.865102639296182,5.877735781779639,0.2689968558103315,17.84017278617711,0.24063765528821376,22.00890133230062,11,2024-01-01,NA,0,TRUE,TRUE,FALSE,FALSE,inference
114,Tomatoes,1918,Puttalam,North Western,Puttalam,2024-01-01,769.6,NA,NA,6.645870899351497,NA,30.865102639296182,0.07413152168572887,24.352637712736644,1,2024-02-01,15.059771309771305,1,TRUE,FALSE,FALSE,FALSE,train
114,Tomatoes,1918,Puttalam,North Western,Puttalam,2024-02-01,885.5,15.059771309771305,15.059771309771305,6.786152457222888,0.14028155787139163,NA,0.09101546001507123,22.962436974533745,2,2024-03-01,50.81874647092038,1,FALSE,FALSE,FALSE,FALSE,excluded
114,Tomatoes,1918,Puttalam,North Western,Puttalam,2024-03-01,435.5,-50.81874647092038,50.81874647092038,6.0764947962925575,-0.7096576609303309,15.059771309771305,0.6009977852110948,32.93925889034584,3,2024-04-01,41.03329506314581,1,TRUE,FALSE,TRUE,FALSE,train
114,Tomatoes,1918,Puttalam,North Western,Puttalam,2024-04-01,256.8,-41.03329506314581,41.03329506314581,5.548297571815806,-0.5281972244767514,50.81874647092038,0.44762120297279295,35.63727094794583,4,2024-05-01,2.6479750778816245,0,TRUE,FALSE,FALSE,FALSE,train
114,Tomatoes,1918,Puttalam,North Western,Puttalam,2024-05-01,250,-2.6479750778816245,2.6479750778816245,5.521460917862246,-0.026836653953560052,41.03329506314581,0.3536794309451321,31.50000553731594,5,2024-06-01,0,0,TRUE,FALSE,FALSE,FALSE,train
114,Tomatoes,1918,Puttalam,North Western,Puttalam,2024-06-01,250,0,0,5.521460917862246,0,2.6479750778816245,0.297510485982065,14.560423380342478,6,2024-07-01,83.752,1,TRUE,FALSE,FALSE,FALSE,train
114,Tomatoes,1918,Puttalam,North Western,Puttalam,2024-07-01,459.38,83.752,83.752,6.129877754261608,0.6084168363993623,0,0.35926736789731817,28.799991692627206,7,2024-08-01,28.854107710392267,1,TRUE,FALSE,TRUE,FALSE,train
114,Tomatoes,1918,Puttalam,North Western,Puttalam,2024-08-01,326.83,-28.854107710392267,28.854107710392267,5.7894401580381585,-0.3404375962234498,83.752,0.480692822573933,37.53536923679742,8,2024-09-01,17.38824465318361,1,TRUE,FALSE,FALSE,FALSE,train
114,Tomatoes,1918,Puttalam,North Western,Puttalam,2024-09-01,270,-17.38824465318361,17.38824465318361,5.598421958998375,-0.19101819903978345,28.854107710392267,0.5101874273980556,43.33145078785862,9,2024-10-01,37.03703703703704,1,TRUE,FALSE,FALSE,FALSE,train
114,Tomatoes,1918,Puttalam,North Western,Puttalam,2024-10-01,370,37.03703703703704,37.03703703703704,5.91350300563827,0.3150810466398948,17.38824465318361,0.34355186262379434,27.75979646687097,10,2024-11-01,0.8999999999999958,0,TRUE,FALSE,FALSE,FALSE,train
114,Tomatoes,1918,Puttalam,North Western,Puttalam,2024-11-01,366.67,-0.8999999999999958,0.8999999999999958,5.904462260986121,-0.009040744652148547,37.03703703703704,0.25635495443275064,18.44176056340688,11,2024-12-01,46.589576458395825,1,TRUE,FALSE,FALSE,FALSE,train
114,Tomatoes,1918,Puttalam,North Western,Puttalam,2024-12-01,537.5,46.589576458395825,46.589576458395825,6.2869287600018176,0.3824664990156963,0.8999999999999958,0.2093138220577926,28.175537831810953,12,2025-01-01,16.89860465116279,1,TRUE,FALSE,FALSE,FALSE,train
114,Tomatoes,1918,Puttalam,North Western,Puttalam,2025-01-01,446.67,-16.89860465116279,16.89860465116279,6.101820066935569,-0.18510869306624844,46.589576458395825,0.2905223579950431,21.462727036519535,1,2025-02-01,33.02214162580876,1,TRUE,FALSE,FALSE,FALSE,validation
114,Tomatoes,1918,Puttalam,North Western,Puttalam,2025-02-01,299.17,-33.02214162580876,33.02214162580876,5.701011973693533,-0.4008080932420359,16.89860465116279,0.4045958717822777,32.17010757845579,2,2025-03-01,19.219841561653908,1,TRUE,FALSE,FALSE,FALSE,validation
114,Tomatoes,1918,Puttalam,North Western,Puttalam,2025-03-01,356.67,19.219841561653908,19.219841561653908,5.876810984538563,0.17579901084503025,33.02214162580876,0.29133496027264405,23.046862612875152,3,2025-04-01,78.03571929234306,1,TRUE,FALSE,FALSE,FALSE,validation
114,Tomatoes,1918,Puttalam,North Western,Puttalam,2025-04-01,635,78.03571929234306,78.03571929234306,6.453624998892692,0.5768140143541283,19.219841561653908,0.49143222163791156,43.42590082660191,4,2025-05-01,51.574803149606296,1,TRUE,FALSE,TRUE,FALSE,test
114,Tomatoes,1918,Puttalam,North Western,Puttalam,2025-05-01,962.5,51.574803149606296,51.574803149606296,6.869534066161939,0.41590906726924715,78.03571929234306,0.20180695157824755,49.61012133453442,5,2025-06-01,40.77922077922078,1,TRUE,FALSE,TRUE,FALSE,test
114,Tomatoes,1918,Puttalam,North Western,Puttalam,2025-06-01,570,-40.77922077922078,40.77922077922078,6.345636360828596,-0.5238977053333427,51.574803149606296,0.594515693889213,56.79658107372338,6,2025-07-01,54.385964912280706,1,TRUE,FALSE,FALSE,FALSE,test
114,Tomatoes,1918,Puttalam,North Western,Puttalam,2025-07-01,260,-54.385964912280706,54.385964912280706,5.560681631015528,-0.7849547298130686,40.77922077922078,0.6315934081093181,48.913329613702594,7,2025-09-01,NA,0,TRUE,TRUE,TRUE,FALSE,inference
114,Tomatoes,1918,Puttalam,North Western,Puttalam,2025-09-01,307,NA,NA,5.726847747587197,NA,54.385964912280706,0.18459519228599672,47.58259284575074,9,NA,NA,0,TRUE,TRUE,FALSE,FALSE,inference
114,Tomatoes,1919,Rathnapura,Sabaragamuwa,Ratnapura,2023-08-01,269,NA,NA,5.594711379601839,NA,NA,NA,NA,8,2024-01-01,NA,0,FALSE,TRUE,FALSE,FALSE,inference
114,Tomatoes,1919,Rathnapura,Sabaragamuwa,Ratnapura,2024-01-01,764,NA,NA,6.638567789166521,NA,NA,NA,NA,1,2024-02-01,23.232984293193716,1,FALSE,FALSE,FALSE,FALSE,excluded
114,Tomatoes,1919,Rathnapura,Sabaragamuwa,Ratnapura,2024-02-01,941.5,23.232984293193716,23.232984293193716,6.847474348097207,0.20890655893068644,NA,NA,23.232984293193716,2,2024-05-01,NA,0,FALSE,TRUE,FALSE,FALSE,inference
114,Tomatoes,1919,Rathnapura,Sabaragamuwa,Ratnapura,2024-05-01,173,NA,NA,5.153291594497779,NA,23.232984293193716,NA,23.232984293193716,5,2024-08-01,NA,0,TRUE,TRUE,FALSE,FALSE,inference
114,Tomatoes,1919,Rathnapura,Sabaragamuwa,Ratnapura,2024-08-01,282,NA,NA,5.641907070938114,NA,NA,NA,23.232984293193716,8,2024-09-01,5.53191489361703,0,FALSE,FALSE,FALSE,FALSE,excluded
114,Tomatoes,1919,Rathnapura,Sabaragamuwa,Ratnapura,2024-09-01,266.4,-5.53191489361703,5.53191489361703,5.584998938666234,-0.05690813227187963,NA,NA,5.53191489361703,9,2024-10-01,40.015015015015024,1,FALSE,FALSE,FALSE,FALSE,excluded
114,Tomatoes,1919,Rathnapura,Sabaragamuwa,Ratnapura,2024-10-01,373,40.015015015015024,40.015015015015024,5.921578419643816,0.3365794809775817,5.53191489361703,0.2782377596416037,22.773464954316026,10,2024-11-01,10.857908847184987,1,TRUE,FALSE,FALSE,FALSE,train
114,Tomatoes,1919,Rathnapura,Sabaragamuwa,Ratnapura,2024-11-01,332.5,-10.857908847184987,10.857908847184987,5.806639860095909,-0.1149385595479071,40.015015015015024,0.24565170912987522,18.80161291860568,11,2024-12-01,30.04511278195488,1,TRUE,FALSE,FALSE,FALSE,train
114,Tomatoes,1919,Rathnapura,Sabaragamuwa,Ratnapura,2024-12-01,432.4,30.04511278195488,30.04511278195488,6.069351085765053,0.2627112256691442,10.857908847184987,0.2421929053243765,26.972678881384965,12,2025-01-01,17.20629047178538,1,TRUE,FALSE,FALSE,FALSE,train
114,Tomatoes,1919,Rathnapura,Sabaragamuwa,Ratnapura,2025-01-01,358,-17.20629047178538,17.20629047178538,5.8805329864007,-0.18881809936435268,30.04511278195488,0.2421969852699726,19.369770700308415,1,2025-02-01,20.391061452513966,1,TRUE,FALSE,FALSE,FALSE,validation
114,Tomatoes,1919,Rathnapura,Sabaragamuwa,Ratnapura,2025-02-01,285,-20.391061452513966,20.391061452513966,5.652489180268651,-0.22804380613204955,17.20629047178538,0.2727202133673573,22.547488235418076,2,2025-06-01,NA,0,TRUE,TRUE,FALSE,FALSE,inference
114,Tomatoes,1919,Rathnapura,Sabaragamuwa,Ratnapura,2025-06-01,482.4,NA,NA,6.178773645412976,NA,20.391061452513966,0.027736763252273512,18.798675962149673,6,2025-07-01,61.1318407960199,1,TRUE,FALSE,FALSE,FALSE,test
114,Tomatoes,1919,Rathnapura,Sabaragamuwa,Ratnapura,2025-07-01,187.5,-61.1318407960199,61.1318407960199,5.233778845410465,-0.9449948000025108,NA,0.506960909544238,40.761451124266934,7,2025-08-01,0,0,FALSE,FALSE,TRUE,FALSE,excluded
114,Tomatoes,1919,Rathnapura,Sabaragamuwa,Ratnapura,2025-08-01,187.5,0,0,5.233778845410465,0,61.1318407960199,0.6682122312678006,30.56592039800995,8,2025-09-01,33.97333333333333,1,TRUE,FALSE,FALSE,FALSE,test
114,Tomatoes,1919,Rathnapura,Sabaragamuwa,Ratnapura,2025-09-01,251.2,33.97333333333333,33.97333333333333,5.526249434594043,0.29247058918357816,0,0.646770800078185,31.70172470978441,9,NA,NA,0,TRUE,TRUE,FALSE,FALSE,inference
114,Tomatoes,5287,Dammbagalla,Uva,Moneragala,2023-06-01,321.5,NA,NA,5.772997543677674,NA,NA,NA,NA,6,2023-07-01,39.346811819595644,1,FALSE,FALSE,FALSE,FALSE,excluded
114,Tomatoes,5287,Dammbagalla,Uva,Moneragala,2023-07-01,448,39.346811819595644,39.346811819595644,6.104793232414985,0.33179568873731125,NA,NA,39.346811819595644,7,2023-08-01,51.11607142857143,1,FALSE,FALSE,FALSE,FALSE,excluded
114,Tomatoes,5287,Dammbagalla,Uva,Moneragala,2023-08-01,219,-51.11607142857143,51.11607142857143,5.389071729816501,-0.715721502598484,39.346811819595644,0.740706509403027,45.23144162408354,8,2023-09-01,15.068493150684931,1,TRUE,FALSE,TRUE,FALSE,train
114,Tomatoes,5287,Dammbagalla,Uva,Moneragala,2023-09-01,186,-15.068493150684931,15.068493150684931,5.225746673713202,-0.16332505610329928,51.11607142857143,0.524019505396517,35.177125466284004,9,2023-10-01,23.44086021505376,1,TRUE,FALSE,FALSE,FALSE,train
114,Tomatoes,5287,Dammbagalla,Uva,Moneragala,2023-10-01,229.6,23.44086021505376,23.44086021505376,5.436338664445412,0.21059199073221002,15.068493150684931,0.4660136764697666,29.875141598103376,10,2023-11-01,37.63066202090592,1,TRUE,FALSE,FALSE,FALSE,train
114,Tomatoes,5287,Dammbagalla,Uva,Moneragala,2023-11-01,316,37.63066202090592,37.63066202090592,5.755742213586912,0.3194035491415006,23.44086021505376,0.2532063781053039,25.38000512888154,11,2023-12-01,108.70253164556962,1,TRUE,FALSE,FALSE,FALSE,train
114,Tomatoes,5287,Dammbagalla,Uva,Moneragala,2023-12-01,659.5,108.70253164556962,108.70253164556962,6.491481972157369,0.7357397585704568,37.63066202090592,0.2771750267101467,56.591351293843104,12,2024-01-01,1.0765731614859777,0,TRUE,FALSE,TRUE,FALSE,train
114,Tomatoes,5287,Dammbagalla,Uva,Moneragala,2024-01-01,652.4,-1.0765731614859777,1.0765731614859777,6.4806578707468585,-0.0108241014105106,108.70253164556962,0.3741086601288576,49.13658894265384,1,2024-04-01,NA,0,TRUE,TRUE,FALSE,FALSE,inference
114,Tomatoes,5287,Dammbagalla,Uva,Moneragala,2024-04-01,168.4,NA,NA,5.126342101808226,NA,1.0765731614859777,0.5279003679813462,54.8895524035278,4,2024-05-01,16.983372921615196,1,TRUE,FALSE,FALSE,FALSE,train
114,Tomatoes,5287,Dammbagalla,Uva,Moneragala,2024-05-01,197,16.983372921615196,16.983372921615196,5.2832037287379885,0.15686162692976247,NA,0.11857171561761232,9.029973041550587,5,2024-06-01,0,0,FALSE,FALSE,FALSE,FALSE,excluded
114,Tomatoes,5287,Dammbagalla,Uva,Moneragala,2024-06-01,197,0,0,5.2832037287379885,0,16.983372921615196,0.1109179201099894,8.491686460807598,6,2024-07-01,128.2233502538071,1,TRUE,FALSE,FALSE,FALSE,train
114,Tomatoes,5287,Dammbagalla,Uva,Moneragala,2024-07-01,449.6,128.2233502538071,128.2233502538071,6.108358298579481,0.8251545698414926,0,0.4381972713438115,48.4022410584741,7,2024-08-01,37.72241992882562,1,TRUE,FALSE,TRUE,FALSE,train
114,Tomatoes,5287,Dammbagalla,Uva,Moneragala,2024-08-01,280,-37.72241992882562,37.72241992882562,5.634789603169249,-0.47356869541023183,128.2233502538071,0.6572454504862127,55.31525672754424,8,2024-09-01,13.999999999999996,1,TRUE,FALSE,FALSE,FALSE,train
114,Tomatoes,5287,Dammbagalla,Uva,Moneragala,2024-09-01,240.8,-13.999999999999996,13.999999999999996,5.483966713434666,-0.15082288973458358,37.72241992882562,0.6761877175740347,59.98192339421091,9,2024-10-01,26.245847176079728,1,TRUE,FALSE,FALSE,FALSE,train
114,Tomatoes,5287,Dammbagalla,Uva,Moneragala,2024-10-01,304,26.245847176079728,26.245847176079728,5.717027701406222,0.23306098797155617,13.999999999999996,0.35375537594976836,25.98942236830178,10,2024-11-01,9.046052631578947,0,TRUE,FALSE,FALSE,FALSE,train
114,Tomatoes,5287,Dammbagalla,Uva,Moneragala,2024-11-01,331.5,9.046052631578947,9.046052631578947,5.803627809625917,0.08660010821969522,26.245847176079728,0.1937297519819766,16.430633269219555,11,2024-12-01,37.07390648567118,1,TRUE,FALSE,FALSE,FALSE,train
114,Tomatoes,5287,Dammbagalla,Uva,Moneragala,2024-12-01,454.4,37.07390648567118,37.07390648567118,6.118977867406942,0.3153500577810249,9.046052631578947,0.11586545338747262,24.121935431109954,12,2025-02-01,NA,0,TRUE,TRUE,FALSE,FALSE,inference
114,Tomatoes,5287,Dammbagalla,Uva,Moneragala,2025-02-01,254.67,NA,NA,5.539968589417986,NA,37.07390648567118,0.1617506405308969,23.059979558625063,2,2025-04-01,NA,0,TRUE,TRUE,FALSE,FALSE,inference
114,Tomatoes,5287,Dammbagalla,Uva,Moneragala,2025-04-01,645.33,NA,NA,6.469761813865817,NA,NA,NA,37.07390648567118,4,2025-05-01,27.686609951497676,1,FALSE,FALSE,FALSE,FALSE,excluded
114,Tomatoes,5287,Dammbagalla,Uva,Moneragala,2025-05-01,824,27.686609951497676,27.686609951497676,6.714170529909472,0.24440871604365544,NA,NA,27.686609951497676,5,2025-06-01,43.810679611650485,1,FALSE,FALSE,FALSE,FALSE,excluded
114,Tomatoes,5287,Dammbagalla,Uva,Moneragala,2025-06-01,463,-43.810679611650485,43.810679611650485,6.137727054086234,-0.576443475823238,27.686609951497676,0.5804301512209213,35.74864478157408,6,2025-07-01,65.01079913606912,1,TRUE,FALSE,FALSE,FALSE,test
114,Tomatoes,5287,Dammbagalla,Uva,Moneragala,2025-07-01,162,-65.01079913606912,65.01079913606912,5.087596335232384,-1.0501307188538505,43.810679611650485,0.654982222864023,45.50269623307243,7,2025-08-01,18.51851851851852,1,TRUE,FALSE,TRUE,FALSE,test
114,Tomatoes,5287,Dammbagalla,Uva,Moneragala,2025-08-01,192,18.51851851851852,18.51851851851852,5.2574953720277815,0.16989903679539786,65.01079913606912,0.6150717241402834,42.44666575541271,8,2025-09-01,1.6666666666666607,0,TRUE,FALSE,FALSE,FALSE,test
114,Tomatoes,5287,Dammbagalla,Uva,Moneragala,2025-09-01,195.2,1.6666666666666607,1.6666666666666607,5.274024673978992,0.01652930195121094,18.51851851851852,0.6645497824617298,28.398661440418103,9,NA,NA,0,TRUE,TRUE,FALSE,FALSE,inference
114,Tomatoes,5346,Thambuttegama,North Central,Anuradhapura,2023-06-01,307.5,NA,NA,5.728475087246572,NA,NA,NA,NA,6,2023-07-01,35.02439024390244,1,FALSE,FALSE,FALSE,FALSE,excluded
114,Tomatoes,5346,Thambuttegama,North Central,Anuradhapura,2023-07-01,415.2,35.02439024390244,35.02439024390244,6.028760331851679,0.3002852446051065,NA,NA,35.02439024390244,7,2023-08-01,54.359344894026975,1,FALSE,FALSE,FALSE,FALSE,excluded
114,Tomatoes,5346,Thambuttegama,North Central,Anuradhapura,2023-08-01,189.5,-54.359344894026975,54.359344894026975,5.244389024522481,-0.7843713073291978,35.02439024390244,0.7669680031311653,44.69186756896471,8,2023-09-01,14.775725593667547,1,TRUE,FALSE,TRUE,FALSE,train
114,Tomatoes,5346,Thambuttegama,North Central,Anuradhapura,2023-09-01,161.5,-14.775725593667547,14.775725593667547,5.084505142662711,-0.15988388185976987,54.359344894026975,0.5443987517091518,34.719820243865655,9,2023-10-01,22.848297213622295,1,TRUE,FALSE,FALSE,FALSE,train
114,Tomatoes,5346,Thambuttegama,North Central,Anuradhapura,2023-10-01,198.4,22.848297213622295,22.848297213622295,5.290285194850773,0.20578005218806172,14.775725593667547,0.5006819303021711,30.661122567105608,10,2023-11-01,48.18548387096774,1,TRUE,FALSE,FALSE,FALSE,train
114,Tomatoes,5346,Thambuttegama,North Central,Anuradhapura,2023-11-01,294,48.18548387096774,48.18548387096774,5.683579767338681,0.39329457248790867,22.848297213622295,0.28132964363924434,28.603168892752528,11,2023-12-01,111.56462585034012,1,TRUE,FALSE,FALSE,FALSE,train
114,Tomatoes,5346,Thambuttegama,North Central,Anuradhapura,2023-12-01,622,111.56462585034012,111.56462585034012,6.432940092739179,0.7493603254004979,48.18548387096774,0.2761110975513895,60.866135644976715,12,2024-01-01,2.90514469453377,0,TRUE,FALSE,TRUE,FALSE,train
114,Tomatoes,5346,Thambuttegama,North Central,Anuradhapura,2024-01-01,603.93,-2.90514469453377,2.90514469453377,6.4034582971788465,-0.029481795560332813,111.56462585034012,0.38989693662984765,54.21841813861388,1,2024-02-01,23.08214528173797,1,TRUE,FALSE,FALSE,FALSE,train
114,Tomatoes,5346,Thambuttegama,North Central,Anuradhapura,2024-02-01,743.33,23.08214528173797,23.08214528173797,6.611140091471068,0.20768179429222133,2.90514469453377,0.39921949868840656,45.85063860887062,2,2024-03-01,58.80026367831246,1,TRUE,FALSE,FALSE,FALSE,train
114,Tomatoes,5346,Thambuttegama,North Central,Anuradhapura,2024-03-01,306.25,-58.80026367831246,58.80026367831246,5.724401761858937,-0.8867383296121307,23.08214528173797,0.575744552895505,28.2625178848614,3,2024-04-01,46.16489795918367,1,TRUE,FALSE,TRUE,FALSE,train
114,Tomatoes,5346,Thambuttegama,North Central,Anuradhapura,2024-04-01,164.87,-46.16489795918367,46.16489795918367,5.105157284573087,-0.6192444772858501,58.80026367831246,0.5705429325454223,42.682435639744696,4,2024-05-01,32.41341663128525,1,TRUE,FALSE,FALSE,FALSE,train
114,Tomatoes,5346,Thambuttegama,North Central,Anuradhapura,2024-05-01,111.43,-32.41341663128525,32.41341663128525,4.713396591058963,-0.391760693514124,46.16489795918367,0.24775817953151624,45.79285942292713,5,2024-07-01,NA,0,TRUE,TRUE,FALSE,FALSE,inference
114,Tomatoes,5346,Thambuttegama,North Central,Anuradhapura,2024-07-01,272,NA,NA,5.605802066295998,NA,32.41341663128525,0.16085532611496178,39.28915729523446,7,2024-08-01,8.272058823529411,0,TRUE,FALSE,FALSE,FALSE,train
114,Tomatoes,5346,Thambuttegama,North Central,Anuradhapura,2024-08-01,249.5,-8.272058823529411,8.272058823529411,5.519458915191573,-0.08634315110442436,NA,0.21596281533122857,20.342737727407332,8,2024-09-01,13.747494989979964,1,FALSE,FALSE,FALSE,FALSE,excluded
114,Tomatoes,5346,Thambuttegama,North Central,Anuradhapura,2024-09-01,215.2,-13.747494989979964,13.747494989979964,5.371567828287629,-0.14789108690394404,8.272058823529411,0.04352096277187463,11.009776906754688,9,2024-10-01,41.03159851301116,1,TRUE,FALSE,FALSE,FALSE,train
114,Tomatoes,5346,Thambuttegama,North Central,Anuradhapura,2024-10-01,303.5,41.03159851301116,41.03159851301116,5.715381610499553,0.3438137822119236,13.747494989979964,0.2678920224000581,21.017050775506846,10,2024-11-01,0.3294892915980231,0,TRUE,FALSE,FALSE,FALSE,train
114,Tomatoes,5346,Thambuttegama,North Central,Anuradhapura,2024-11-01,302.5,-0.3294892915980231,0.3294892915980231,5.7120812774708964,-0.0033003330286565102,41.03159851301116,0.2527081232758876,18.369527598196385,11,2024-12-01,38.04958677685951,1,TRUE,FALSE,FALSE,FALSE,train
114,Tomatoes,5346,Thambuttegama,North Central,Anuradhapura,2024-12-01,417.6,38.04958677685951,38.04958677685951,6.034524036568429,0.32244275909753295,0.3294892915980231,0.19453084232589687,26.470224860489566,12,2025-01-01,16.039272030651343,1,TRUE,FALSE,FALSE,FALSE,train
114,Tomatoes,5346,Thambuttegama,North Central,Anuradhapura,2025-01-01,350.62,-16.039272030651343,16.039272030651343,5.859703015925728,-0.17482102064270144,38.04958677685951,0.2525863466186927,18.139449366369625,1,2025-02-01,40.819120415264386,1,TRUE,FALSE,FALSE,FALSE,validation
114,Tomatoes,5346,Thambuttegama,North Central,Anuradhapura,2025-02-01,207.5,-40.819120415264386,40.819120415264386,5.335131339670753,-0.5245716762549746,16.039272030651343,0.4256426986409858,31.635993074258415,2,2025-03-01,40.9156626506024,1,TRUE,FALSE,FALSE,FALSE,validation
114,Tomatoes,5346,Thambuttegama,North Central,Anuradhapura,2025-03-01,292.4,40.9156626506024,40.9156626506024,5.678122727875623,0.34299138820486963,40.819120415264386,0.4364861362198298,32.591351698839375,3,2025-04-01,94.70930232558142,1,TRUE,FALSE,FALSE,FALSE,validation
114,Tomatoes,5346,Thambuttegama,North Central,Anuradhapura,2025-04-01,569.33,94.70930232558142,94.70930232558142,6.344460230862329,0.666337502986706,40.9156626506024,0.6158304763977337,58.81469513048273,4,2025-05-01,53.42595682644511,1,TRUE,FALSE,TRUE,FALSE,test
114,Tomatoes,5346,Thambuttegama,North Central,Anuradhapura,2025-05-01,873.5,53.42595682644511,53.42595682644511,6.772508129574112,0.4280478987117826,94.70930232558142,0.1676152615513778,63.016973934209645,5,2025-06-01,45.41499713795077,1,TRUE,FALSE,TRUE,FALSE,test
114,Tomatoes,5346,Thambuttegama,North Central,Anuradhapura,2025-06-01,476.8,-45.41499713795077,45.41499713795077,6.16709711575114,-0.6054110138229714,53.42595682644511,0.6760379118326908,64.5167520966591,6,2025-07-01,65.81375838926175,1,TRUE,FALSE,FALSE,FALSE,test
114,Tomatoes,5346,Thambuttegama,North Central,Anuradhapura,2025-07-01,163,-65.81375838926175,65.81375838926175,5.093750200806762,-1.073346914944378,45.41499713795077,0.7682434204002266,54.884904117885874,7,2025-08-01,16.02453987730062,1,TRUE,FALSE,TRUE,FALSE,test
114,Tomatoes,5346,Thambuttegama,North Central,Anuradhapura,2025-08-01,189.12,16.02453987730062,16.02453987730062,5.242381734217734,0.14863153341097135,65.81375838926175,0.616546226820869,42.417765134837715,8,2025-09-01,5.086717428087989,0,TRUE,FALSE,FALSE,FALSE,test
114,Tomatoes,5346,Thambuttegama,North Central,Anuradhapura,2025-09-01,179.5,-5.086717428087989,5.086717428087989,5.190175207928333,-0.05220652628940048,16.02453987730062,0.6552728372990388,28.97500523155012,9,NA,NA,0,TRUE,TRUE,FALSE,FALSE,inference
114,Tomatoes,7833,Embilipitiya,Sabaragamuwa,Ratnapura,2023-06-01,329.5,NA,NA,5.797576353942562,NA,NA,NA,NA,6,2023-07-01,64.85584218512899,1,FALSE,FALSE,FALSE,FALSE,excluded
114,Tomatoes,7833,Embilipitiya,Sabaragamuwa,Ratnapura,2023-07-01,543.2,64.85584218512899,64.85584218512899,6.297477576244487,0.4999012223019248,NA,NA,64.85584218512899,7,2023-08-01,61.60346097201768,1,FALSE,FALSE,TRUE,FALSE,excluded
114,Tomatoes,7833,Embilipitiya,Sabaragamuwa,Ratnapura,2023-08-01,208.57,-61.60346097201768,61.60346097201768,5.340274716308544,-0.9572028599359426,64.85584218512899,1.0303281774449968,63.22965157857334,8,2023-09-01,20.372057342858504,1,TRUE,FALSE,TRUE,FALSE,train
114,Tomatoes,7833,Embilipitiya,Sabaragamuwa,Ratnapura,2023-09-01,166.08,-20.372057342858504,20.372057342858504,5.112469599977524,-0.2278051163310204,61.60346097201768,0.7285522047340163,48.94378683333506,9,2023-10-01,0.5720134874759255,0,TRUE,FALSE,FALSE,FALSE,train
114,Tomatoes,7833,Embilipitiya,Sabaragamuwa,Ratnapura,2023-10-01,165.13,-0.5720134874759255,0.5720134874759255,5.106733042474897,-0.0057365575026269156,20.372057342858504,0.49776561382880413,27.51584393411737,10,2023-11-01,103.50027251256589,1,TRUE,FALSE,FALSE,FALSE,train
114,Tomatoes,7833,Embilipitiya,Sabaragamuwa,Ratnapura,2023-11-01,336.04,103.50027251256589,103.50027251256589,5.817230200496646,0.7104971580217496,0.5720134874759255,0.4903597893604168,41.481447780966775,11,2023-12-01,107.52886561123674,1,TRUE,FALSE,TRUE,FALSE,train
114,Tomatoes,7833,Embilipitiya,Sabaragamuwa,Ratnapura,2023-12-01,697.38,107.52886561123674,107.52886561123674,6.547330455883672,0.7301002553870255,103.50027251256589,0.41929123368762977,70.53371720375952,12,2024-01-01,14.422552984025932,1,TRUE,FALSE,TRUE,FALSE,train
114,Tomatoes,7833,Embilipitiya,Sabaragamuwa,Ratnapura,2024-01-01,596.8,-14.422552984025932,14.422552984025932,6.391582048889551,-0.15574840699412107,107.52886561123674,0.5058809993431335,75.15056370260952,1,2024-02-01,30.92828418230564,1,TRUE,FALSE,FALSE,FALSE,train
114,Tomatoes,7833,Embilipitiya,Sabaragamuwa,Ratnapura,2024-02-01,781.38,30.92828418230564,30.92828418230564,6.661061587207667,0.2694795383181159,14.422552984025932,0.44304215433560606,50.959900925856104,2,2024-03-01,57.50083186157824,1,TRUE,FALSE,FALSE,FALSE,train
114,Tomatoes,7833,Embilipitiya,Sabaragamuwa,Ratnapura,2024-03-01,332.08,-57.50083186157824,57.50083186157824,5.805375903744784,-0.855685683462883,30.92828418230564,0.5681443145261685,34.28388967596994,3,2024-04-01,55.03192001927246,1,TRUE,FALSE,TRUE,FALSE,train
114,Tomatoes,7833,Embilipitiya,Sabaragamuwa,Ratnapura,2024-04-01,149.33,-55.03192001927246,55.03192001927246,5.006158622069178,-0.799217281675606,57.50083186157824,0.6339424723861763,47.820345354385445,4,2024-05-01,27.904640728587683,1,TRUE,FALSE,TRUE,FALSE,train
114,Tomatoes,7833,Embilipitiya,Sabaragamuwa,Ratnapura,2024-05-01,191,27.904640728587683,27.904640728587683,5.25227342804663,0.24611480597745228,55.03192001927246,0.6204665143272537,46.81246420314613,5,2024-06-01,162.6544502617801,1,TRUE,FALSE,FALSE,FALSE,train
114,Tomatoes,7833,Embilipitiya,Sabaragamuwa,Ratnapura,2024-06-01,501.67,162.6544502617801,162.6544502617801,6.2179425330110645,0.9656691049644346,27.904640728587683,0.8874402815978744,81.86367033654675,6,2024-07-01,22.020451691350893,1,TRUE,FALSE,TRUE,FALSE,train
114,Tomatoes,7833,Embilipitiya,Sabaragamuwa,Ratnapura,2024-07-01,391.2,-22.020451691350893,22.020451691350893,5.969218938160663,-0.24872359485040185,162.6544502617801,0.6106517094449289,70.8598475605729,7,2024-08-01,43.65541922290389,1,TRUE,FALSE,FALSE,FALSE,train
114,Tomatoes,7833,Embilipitiya,Sabaragamuwa,Ratnapura,2024-08-01,220.42,-43.65541922290389,43.65541922290389,5.395534817263396,-0.5736841208972665,22.020451691350893,0.8113730468392296,76.1101070586783,8,2024-09-01,2.291080664186558,0,TRUE,FALSE,FALSE,FALSE,train
114,Tomatoes,7833,Embilipitiya,Sabaragamuwa,Ratnapura,2024-09-01,225.47,2.291080664186558,2.291080664186558,5.418187112398421,0.022652295135024758,43.65541922290389,0.29856918188818354,22.655650526147113,9,2024-10-01,37.04705725817182,1,TRUE,FALSE,FALSE,FALSE,train
114,Tomatoes,7833,Embilipitiya,Sabaragamuwa,Ratnapura,2024-10-01,309,37.04705725817182,37.04705725817182,5.733341276897746,0.315154164499325,2.291080664186558,0.4529915308727454,27.664519048420754,10,2024-11-01,1.6181229773462782,0,TRUE,FALSE,FALSE,FALSE,train
114,Tomatoes,7833,Embilipitiya,Sabaragamuwa,Ratnapura,2024-11-01,304,-1.6181229773462782,1.6181229773462782,5.717027701406222,-0.016313575491524013,37.04705725817182,0.18117512030718427,13.652086966568218,11,2024-12-01,33.45394736842105,1,TRUE,FALSE,FALSE,FALSE,train
114,Tomatoes,7833,Embilipitiya,Sabaragamuwa,Ratnapura,2024-12-01,405.7,33.45394736842105,33.45394736842105,6.005613970212401,0.28858626880617955,1.6181229773462782,0.18418316553047892,24.039709201313048,12,2025-01-01,25.395612521567656,1,TRUE,FALSE,FALSE,FALSE,train
114,Tomatoes,7833,Embilipitiya,Sabaragamuwa,Ratnapura,2025-01-01,302.67,-25.395612521567656,25.395612521567656,5.712643103088397,-0.2929708671240041,33.45394736842105,0.2908928423599491,20.15589428911166,1,2025-02-01,26.65279016750917,1,TRUE,FALSE,FALSE,FALSE,validation
114,Tomatoes,7833,Embilipitiya,Sabaragamuwa,Ratnapura,2025-02-01,222,-26.65279016750917,26.65279016750917,5.402677381872279,-0.309965721216118,25.395612521567656,0.34077412171324056,28.50078335249929,2,2025-03-01,30.842342342342356,1,TRUE,FALSE,FALSE,FALSE,validation
114,Tomatoes,7833,Embilipitiya,Sabaragamuwa,Ratnapura,2025-03-01,290.47,30.842342342342356,30.842342342342356,5.671500300735477,0.2688229188631981,26.65279016750917,0.3293674171611168,27.630248343806393,3,2025-04-01,128.85323785588872,1,TRUE,FALSE,FALSE,FALSE,validation
114,Tomatoes,7833,Embilipitiya,Sabaragamuwa,Ratnapura,2025-04-01,664.75,128.85323785588872,128.85323785588872,6.499411030123129,0.8279107293876518,30.842342342342356,0.5689666490812569,62.11612345524675,4,2025-05-01,27.39827002632569,1,TRUE,FALSE,TRUE,FALSE,test
114,Tomatoes,7833,Embilipitiya,Sabaragamuwa,Ratnapura,2025-05-01,846.88,27.39827002632569,27.39827002632569,6.741559008109677,0.24214797798654786,128.85323785588872,0.33075890849096107,62.36461674151892,5,2025-06-01,48.36340449650481,1,TRUE,FALSE,FALSE,FALSE,test
114,Tomatoes,7833,Embilipitiya,Sabaragamuwa,Ratnapura,2025-06-01,437.3,-48.36340449650481,48.36340449650481,6.080619458418875,-0.6609395496908022,27.39827002632569,0.750040025275026,68.20497079290641,6,2025-07-01,67.12782986508118,1,TRUE,FALSE,FALSE,FALSE,test
114,Tomatoes,7833,Embilipitiya,Sabaragamuwa,Ratnapura,2025-07-01,143.75,-67.12782986508118,67.12782986508118,4.96807567967746,-1.112543778741415,48.36340449650481,0.6897708820192254,47.62983479597056,7,2025-08-01,29.91304347826087,1,TRUE,FALSE,TRUE,FALSE,test
114,Tomatoes,7833,Embilipitiya,Sabaragamuwa,Ratnapura,2025-08-01,186.75,29.91304347826087,29.91304347826087,5.229770824012927,0.2616951443354667,67.12782986508118,0.7004443561074704,48.46809261328229,8,2025-09-01,25.14056224899598,1,TRUE,FALSE,FALSE,FALSE,test
114,Tomatoes,7833,Embilipitiya,Sabaragamuwa,Ratnapura,2025-09-01,139.8,-25.14056224899598,25.14056224899598,4.94021282979971,-0.28955799421321693,29.91304347826087,0.6915825139965556,40.72714519744601,9,NA,NA,0,TRUE,TRUE,FALSE,FALSE,inference
114,Tomatoes,7834,Tissamaharama,Southern,Hambantota,2023-06-01,295.62,NA,NA,5.689074845783927,NA,NA,NA,NA,6,2023-07-01,59.49529801772545,1,FALSE,FALSE,FALSE,FALSE,excluded
114,Tomatoes,7834,Tissamaharama,Southern,Hambantota,2023-07-01,471.5,59.49529801772545,59.49529801772545,6.155919102073512,0.46684425628958515,NA,NA,59.49529801772545,7,2023-08-01,50.95440084835631,1,FALSE,FALSE,TRUE,FALSE,excluded
114,Tomatoes,7834,Tissamaharama,Southern,Hambantota,2023-08-01,231.25,-50.95440084835631,50.95440084835631,5.443499376392535,-0.7124197256809772,59.49529801772545,0.8338655584604352,55.22484943304088,8,2023-09-01,7.7275675675675695,0,TRUE,FALSE,TRUE,FALSE,train
114,Tomatoes,7834,Tissamaharama,Southern,Hambantota,2023-09-01,213.38,-7.7275675675675695,7.7275675675675695,5.363074613763315,-0.08042476262922005,50.95440084835631,0.5901390445711658,39.392422144549776,9,2023-10-01,13.76886306120536,1,TRUE,FALSE,FALSE,FALSE,train
114,Tomatoes,7834,Tissamaharama,Southern,Hambantota,2023-10-01,184,-13.76886306120536,13.76886306120536,5.214935757608986,-0.1481388561543291,7.7275675675675695,0.34699080955612,24.15027715904308,10,2023-11-01,61.41304347826087,1,TRUE,FALSE,FALSE,FALSE,train
114,Tomatoes,7834,Tissamaharama,Southern,Hambantota,2023-11-01,297,61.41304347826087,61.41304347826087,5.6937321388027,0.4787963811937139,13.76886306120536,0.344083632757407,27.636491369011267,11,2023-12-01,102.27272727272727,1,TRUE,FALSE,TRUE,FALSE,train
114,Tomatoes,7834,Tissamaharama,Southern,Hambantota,2023-12-01,600.75,102.27272727272727,102.27272727272727,6.398178874616578,0.7044467358138782,61.41304347826087,0.44175182814196917,59.1515446040645,12,2024-01-01,0.34124011652100783,0,TRUE,FALSE,TRUE,FALSE,train
114,Tomatoes,7834,Tissamaharama,Southern,Hambantota,2024-01-01,602.8,0.34124011652100783,0.34124011652100783,6.401585466752341,0.003406592135762665,102.27272727272727,0.35785723809199904,54.675670289169716,1,2024-02-01,28.110484406104852,1,TRUE,FALSE,FALSE,FALSE,train
114,Tomatoes,7834,Tissamaharama,Southern,Hambantota,2024-02-01,772.25,28.110484406104852,28.110484406104852,6.649308331798691,0.24772286504635055,0.34124011652100783,0.3558427598406415,43.57481726511771,2,2024-03-01,59.145354483651666,1,TRUE,FALSE,FALSE,FALSE,train
114,Tomatoes,7834,Tissamaharama,Southern,Hambantota,2024-03-01,315.5,-59.145354483651666,59.145354483651666,5.754158681981268,-0.895149649817423,28.110484406104852,0.6018376506435655,29.19902633542584,3,2024-04-01,55.7527733755943,1,TRUE,FALSE,TRUE,FALSE,train
114,Tomatoes,7834,Tissamaharama,Southern,Hambantota,2024-04-01,139.6,-55.7527733755943,55.7527733755943,4.938781190328272,-0.8153774916529963,59.145354483651666,0.6380574100167287,47.66953742178361,4,2024-05-01,24.820916905444133,1,TRUE,FALSE,TRUE,FALSE,train
114,Tomatoes,7834,Tissamaharama,Southern,Hambantota,2024-05-01,174.25,24.820916905444133,24.820916905444133,5.160491049640633,0.22170985931236142,55.7527733755943,0.6230688744545256,46.57301492156337,5,2024-09-01,NA,0,TRUE,TRUE,FALSE,FALSE,inference
114,Tomatoes,7834,Tissamaharama,Southern,Hambantota,2024-09-01,210.33,NA,NA,5.348677725886986,NA,24.820916905444133,0.7333314985503975,40.28684514051922,9,2024-10-01,65.11672134265201,1,TRUE,FALSE,FALSE,FALSE,train
114,Tomatoes,7834,Tissamaharama,Southern,Hambantota,2024-10-01,347.29,65.11672134265201,65.11672134265201,5.850160165785241,0.5014824398982549,NA,0.19782908892234513,44.968819124048075,10,2024-11-01,17.216159405684014,1,FALSE,FALSE,TRUE,FALSE,excluded
114,Tomatoes,7834,Tissamaharama,Southern,Hambantota,2024-11-01,287.5,-17.216159405684014,17.216159405684014,5.661222860237405,-0.18893730554783605,65.11672134265201,0.4882004838700209,41.16644037416801,11,2024-12-01,44.208695652173915,1,TRUE,FALSE,FALSE,FALSE,train
114,Tomatoes,7834,Tissamaharama,Southern,Hambantota,2024-12-01,414.6,44.208695652173915,44.208695652173915,6.027314200001679,0.36609133976427355,17.216159405684014,0.3658476395109332,42.18052546683665,12,2025-01-01,18.17414375301496,1,TRUE,FALSE,FALSE,FALSE,train
114,Tomatoes,7834,Tissamaharama,Southern,Hambantota,2025-01-01,339.25,-18.17414375301496,18.17414375301496,5.826737298714979,-0.20057690128670025,44.208695652173915,0.3238582953293421,26.532999603624297,1,2025-02-01,29.99263080324245,1,TRUE,FALSE,FALSE,FALSE,validation
114,Tomatoes,7834,Tissamaharama,Southern,Hambantota,2025-02-01,237.5,-29.99263080324245,29.99263080324245,5.470167623474696,-0.3565696752402827,18.17414375301496,0.38028182171230007,30.79182340281044,2,2025-03-01,3.1999999999999975,0,TRUE,FALSE,FALSE,FALSE,validation
114,Tomatoes,7834,Tissamaharama,Southern,Hambantota,2025-03-01,245.1,3.1999999999999975,3.1999999999999975,5.501666290534067,0.03149866705937132,29.99263080324245,0.19527325010699198,17.122258185419135,3,2025-04-01,59.11872705018361,1,TRUE,FALSE,FALSE,FALSE,validation
114,Tomatoes,7834,Tissamaharama,Southern,Hambantota,2025-04-01,390,59.11872705018361,59.11872705018361,5.966146739123692,0.464480448589625,3.1999999999999975,0.4107297504185732,30.770452617808687,4,2025-06-01,NA,0,TRUE,TRUE,TRUE,FALSE,inference
114,Tomatoes,7834,Tissamaharama,Southern,Hambantota,2025-06-01,355,NA,NA,5.872117789475416,NA,59.11872705018361,0.30616435385027463,31.159363525091802,6,2025-07-01,55.10422535211268,1,TRUE,FALSE,FALSE,FALSE,test
114,Tomatoes,7834,Tissamaharama,Southern,Hambantota,2025-07-01,159.38,-55.10422535211268,55.10422535211268,5.071291287969602,-0.8008265015058136,NA,0.8947071246949531,57.11147620114814,7,2025-08-01,16.46379721420505,1,FALSE,FALSE,TRUE,FALSE,excluded
114,Tomatoes,7834,Tissamaharama,Southern,Hambantota,2025-08-01,185.62,16.46379721420505,16.46379721420505,5.223701573167247,0.15241028519764477,55.10422535211268,0.67404019595449,35.78401128315886,8,2025-09-01,4.374528606831163,0,TRUE,FALSE,FALSE,FALSE,test
114,Tomatoes,7834,Tissamaharama,Southern,Hambantota,2025-09-01,177.5,-4.374528606831163,4.374528606831163,5.178970608915471,-0.044730964251776584,16.46379721420505,0.5031907367348695,25.314183724382964,9,NA,NA,0,TRUE,TRUE,FALSE,FALSE,inference
114,Tomatoes,7835,Galenbindunuwewa,North Central,Anuradhapura,2023-06-01,332,NA,NA,5.805134968916488,NA,NA,NA,NA,6,2023-07-01,34.4578313253012,1,FALSE,FALSE,FALSE,FALSE,excluded
114,Tomatoes,7835,Galenbindunuwewa,North Central,Anuradhapura,2023-07-01,446.4,34.4578313253012,34.4578313253012,6.101215411067101,0.2960804421506129,NA,NA,34.4578313253012,7,2023-08-01,44.89247311827957,1,FALSE,FALSE,FALSE,FALSE,excluded
114,Tomatoes,7835,Galenbindunuwewa,North Central,Anuradhapura,2023-08-01,246,-44.89247311827957,44.89247311827957,5.5053315359323625,-0.5958838751347386,34.4578313253012,0.6307140173289013,39.675152221790384,8,2023-09-01,27.235772357723576,1,TRUE,FALSE,FALSE,FALSE,train
114,Tomatoes,7835,Galenbindunuwewa,North Central,Anuradhapura,2023-09-01,179,-27.235772357723576,27.235772357723576,5.187385805840755,-0.31794573009160754,44.89247311827957,0.4564132075175543,35.52869226710145,9,2023-10-01,18.435754189944134,1,TRUE,FALSE,FALSE,FALSE,train
114,Tomatoes,7835,Galenbindunuwewa,North Central,Anuradhapura,2023-10-01,212,18.435754189944134,18.435754189944134,5.356586274672012,0.1692004688312574,27.235772357723576,0.3872800633858506,30.18799988864909,10,2023-11-01,47.64150943396226,1,TRUE,FALSE,FALSE,FALSE,train
114,Tomatoes,7835,Galenbindunuwewa,North Central,Anuradhapura,2023-11-01,313,47.64150943396226,47.64150943396226,5.746203190540153,0.3896169158681406,18.435754189944134,0.3620634675502162,31.10434532720999,11,2023-12-01,103.19488817891373,1,TRUE,FALSE,FALSE,FALSE,train
114,Tomatoes,7835,Galenbindunuwewa,North Central,Anuradhapura,2023-12-01,636,103.19488817891373,103.19488817891373,6.455198563340122,0.7089953727999694,47.64150943396226,0.27140515446686897,56.42405060094004,12,2024-01-01,4.9056603773584975,0,TRUE,FALSE,TRUE,FALSE,train
114,Tomatoes,7835,Galenbindunuwewa,North Central,Anuradhapura,2024-01-01,667.2,4.9056603773584975,4.9056603773584975,6.503089851044537,0.047891287704414864,103.19488817891373,0.330614986307356,51.91401933007816,1,2024-02-01,14.433453237410065,1,TRUE,FALSE,FALSE,FALSE,train
114,Tomatoes,7835,Galenbindunuwewa,North Central,Anuradhapura,2024-02-01,763.5,14.433453237410065,14.433453237410065,6.637913124658687,0.13482327361414992,4.9056603773584975,0.35923283558802804,40.84466726456076,2,2024-03-01,49.05042567125082,1,TRUE,FALSE,FALSE,FALSE,train
114,Tomatoes,7835,Galenbindunuwewa,North Central,Anuradhapura,2024-03-01,389,-49.05042567125082,49.05042567125082,5.963579343618446,-0.6743337810402412,14.433453237410065,0.4442036618478816,22.796513095339794,3,2024-04-01,53.11053984575835,1,TRUE,FALSE,FALSE,FALSE,train
114,Tomatoes,7835,Galenbindunuwewa,North Central,Anuradhapura,2024-04-01,182.4,-53.11053984575835,53.11053984575835,5.206202077640231,-0.7573772659782145,49.05042567125082,0.49289166530055384,38.86480625147308,4,2024-05-01,1.3157894736842135,0,TRUE,FALSE,TRUE,FALSE,train
114,Tomatoes,7835,Galenbindunuwewa,North Central,Anuradhapura,2024-05-01,180,-1.3157894736842135,1.3157894736842135,5.19295685089021,-0.013245226750020933,53.11053984575835,0.4077717475929573,34.49225166356446,5,2024-06-01,190,1,TRUE,FALSE,FALSE,FALSE,train
114,Tomatoes,7835,Galenbindunuwewa,North Central,Anuradhapura,2024-06-01,522,190,190,6.257667587882639,1.0647107369924287,1.3157894736842135,0.9161264689025719,81.47544310648085,6,2024-07-01,28.735632183908045,1,TRUE,FALSE,TRUE,FALSE,train
114,Tomatoes,7835,Galenbindunuwewa,North Central,Anuradhapura,2024-07-01,672,28.735632183908045,28.735632183908045,6.5102583405231496,0.25259075264051045,190,0.5615746754573543,73.35047388586409,7,2024-12-01,NA,0,TRUE,TRUE,FALSE,FALSE,inference
114,Tomatoes,7835,Galenbindunuwewa,North Central,Anuradhapura,2024-12-01,573,NA,NA,6.35088571671474,NA,28.735632183908045,0.5742555480723542,109.36781609195403,12,2025-01-01,39.46247818499128,1,TRUE,FALSE,FALSE,FALSE,train
114,Tomatoes,7835,Galenbindunuwewa,North Central,Anuradhapura,2025-01-01,346.88,-39.46247818499128,39.46247818499128,5.848978898811227,-0.5019068179035129,NA,0.5335103485204544,34.09905518444966,1,2025-02-01,16.939575645756456,1,FALSE,FALSE,FALSE,FALSE,excluded
114,Tomatoes,7835,Galenbindunuwewa,North Central,Anuradhapura,2025-02-01,288.12,-16.939575645756456,16.939575645756456,5.663377060021162,-0.1856018387900651,39.46247818499128,0.22366139565418822,28.201026915373866,2,2025-03-01,11.758989310009717,1,TRUE,FALSE,FALSE,FALSE,validation
114,Tomatoes,7835,Galenbindunuwewa,North Central,Anuradhapura,2025-03-01,322,11.758989310009717,11.758989310009717,5.7745515455444085,0.1111744855232466,16.939575645756456,0.3065924849851816,22.720347713585817,3,2025-04-01,27.32919254658385,1,TRUE,FALSE,FALSE,FALSE,validation
114,Tomatoes,7835,Galenbindunuwewa,North Central,Anuradhapura,2025-04-01,410,27.32919254658385,27.32919254658385,6.016157159698354,0.24160561415394533,11.758989310009717,0.21893479769089041,18.675919167450008,4,2025-06-01,NA,0,TRUE,TRUE,FALSE,FALSE,inference
114,Tomatoes,7835,Galenbindunuwewa,North Central,Anuradhapura,2025-06-01,509.75,NA,NA,6.233920409454565,NA,27.32919254658385,0.09222873553258192,19.544090928296782,6,2025-07-01,52.52574791564493,1,TRUE,FALSE,FALSE,FALSE,test
114,Tomatoes,7835,Galenbindunuwewa,North Central,Anuradhapura,2025-07-01,242,-52.52574791564493,52.52574791564493,5.488937726156687,-0.7449826832978781,NA,0.6976232753674749,39.92747023111439,7,2025-08-01,13.016528925619836,1,FALSE,FALSE,TRUE,FALSE,excluded
114,Tomatoes,7835,Galenbindunuwewa,North Central,Anuradhapura,2025-08-01,210.5,-13.016528925619836,13.016528925619836,5.349485653122436,-0.139452073034251,52.52574791564493,0.42817480073343916,32.77113842063238,8,2025-09-01,4.133016627078379,0,TRUE,FALSE,FALSE,FALSE,test
114,Tomatoes,7835,Galenbindunuwewa,North Central,Anuradhapura,2025-09-01,219.2,4.133016627078379,4.133016627078379,5.389984555073861,0.040498901951425026,13.016528925619836,0.41150759290894706,23.22509782278105,9,NA,NA,0,TRUE,TRUE,FALSE,FALSE,inference
114,Tomatoes,7836,Bandarawela,Uva,Badulla,2023-06-01,253,NA,NA,5.53338948872752,NA,NA,NA,NA,6,2023-07-01,21.73913043478261,1,FALSE,FALSE,FALSE,FALSE,excluded
114,Tomatoes,7836,Bandarawela,Uva,Badulla,2023-07-01,308,21.73913043478261,21.73913043478261,5.730099782973574,0.19671029424605369,NA,NA,21.73913043478261,7,2023-08-01,37.33766233766234,1,FALSE,FALSE,FALSE,FALSE,excluded
114,Tomatoes,7836,Bandarawela,Uva,Badulla,2023-08-01,193,-37.33766233766234,37.33766233766234,5.262690188904886,-0.46740959406868843,21.73913043478261,0.46960367654820673,29.538396386222473,8,2023-09-01,5.181347150259067,0,TRUE,FALSE,FALSE,FALSE,train
114,Tomatoes,7836,Bandarawela,Uva,Badulla,2023-09-01,183,-5.181347150259067,5.181347150259067,5.209486152841421,-0.053204036063464244,37.33766233766234,0.3354297350245054,21.419379974234673,9,2023-10-01,2.73224043715847,0,TRUE,FALSE,FALSE,FALSE,train
114,Tomatoes,7836,Bandarawela,Uva,Badulla,2023-10-01,188,2.73224043715847,2.73224043715847,5.236441962829949,0.026955809988527868,5.181347150259067,0.2653265277383552,15.083749975026624,10,2023-11-01,34.57446808510639,1,TRUE,FALSE,FALSE,FALSE,train
114,Tomatoes,7836,Bandarawela,Uva,Badulla,2023-11-01,253,34.57446808510639,34.57446808510639,5.53338948872752,0.2969475258975711,2.73224043715847,0.18345173930416567,14.162685224174641,11,2023-12-01,110.67193675889328,1,TRUE,FALSE,FALSE,FALSE,train
114,Tomatoes,7836,Bandarawela,Uva,Badulla,2023-12-01,533,110.67193675889328,110.67193675889328,6.278521424165844,0.7451319354383239,34.57446808510639,0.36275375917670466,49.32621509371938,12,2024-01-01,7.4671669793620925,0,TRUE,FALSE,TRUE,FALSE,train
114,Tomatoes,7836,Bandarawela,Uva,Badulla,2024-01-01,572.8,7.4671669793620925,7.4671669793620925,6.350536615646436,0.07201519148059177,110.67193675889328,0.3426733067655752,50.90452394112059,1,2024-02-01,29.18994413407822,1,TRUE,FALSE,FALSE,FALSE,train
114,Tomatoes,7836,Bandarawela,Uva,Badulla,2024-02-01,740,29.18994413407822,29.18994413407822,6.606650186198215,0.2561135705517792,7.4671669793620925,0.3478786487098644,49.1096826241112,2,2024-05-01,NA,0,TRUE,TRUE,FALSE,FALSE,inference
114,Tomatoes,7836,Bandarawela,Uva,Badulla,2024-05-01,180,NA,NA,5.19295685089021,NA,29.18994413407822,0.1301772122466882,18.328555556720158,5,2024-06-01,121.38888888888889,1,TRUE,FALSE,FALSE,FALSE,train
114,Tomatoes,7836,Bandarawela,Uva,Badulla,2024-06-01,398.5,121.38888888888889,121.38888888888889,5.98770749823027,0.7947506473400594,NA,0.38087392959549204,75.28941651148355,6,2024-07-01,7.252195734002504,0,FALSE,FALSE,TRUE,FALSE,excluded
114,Tomatoes,7836,Bandarawela,Uva,Badulla,2024-07-01,369.6,-7.252195734002504,7.252195734002504,5.912421339767529,-0.075286158462740893,121.38888888888889,0.6152089252650434,64.32054231144569,7,2024-08-01,20.72510822510823,1,TRUE,FALSE,FALSE,FALSE,train
114,Tomatoes,7836,Bandarawela,Uva,Badulla,2024-08-01,293,-20.72510822510823,20.72510822510823,5.680172609017068,-0.23224873075046126,7.252195734002504,0.5532222300831486,49.78873094933321,8,2024-09-01,19.453924914675767,1,TRUE,FALSE,FALSE,FALSE,train
114,Tomatoes,7836,Bandarawela,Uva,Badulla,2024-09-01,236,-19.453924914675767,19.453924914675767,5.4638318050256105,-0.21634080399145716,20.72510822510823,0.08639707195866023,15.8104096245955,9,2024-10-01,16.94915254237288,1,TRUE,FALSE,FALSE,FALSE,train
114,Tomatoes,7836,Bandarawela,Uva,Badulla,2024-10-01,276,16.94915254237288,16.94915254237288,5.62040086571715,0.15656906069153909,19.453924914675767,0.22003564266329492,19.04272856071896,10,2024-11-01,2.536231884057971,0,TRUE,FALSE,FALSE,FALSE,train
114,Tomatoes,7836,Bandarawela,Uva,Badulla,2024-11-01,283,2.536231884057971,2.536231884057971,5.645446897643238,0.02504603192608812,16.94915254237288,0.18913296858198825,12.979769780368873,11,2024-12-01,30.742049469964666,1,TRUE,FALSE,FALSE,FALSE,train
114,Tomatoes,7836,Bandarawela,Uva,Badulla,2024-12-01,370,30.742049469964666,30.742049469964666,5.91350300563827,0.2680561079950321,2.536231884057971,0.12164262265829007,16.742477965465174,12,2025-01-01,7.297297297297297,0,TRUE,FALSE,FALSE,FALSE,train
114,Tomatoes,7836,Bandarawela,Uva,Badulla,2025-01-01,343,-7.297297297297297,7.297297297297297,5.8377304471659395,-0.07577255847233033,30.742049469964666,0.17674672893044951,13.525192883773311,1,2025-02-01,27.113702623906704,1,TRUE,FALSE,FALSE,FALSE,validation
114,Tomatoes,7836,Bandarawela,Uva,Badulla,2025-02-01,250,-27.113702623906704,27.113702623906704,5.521460917862246,-0.31626952930369345,7.297297297297297,0.2936816289988043,21.717683130389556,2,2025-03-01,25.44000000000001,1,TRUE,FALSE,FALSE,FALSE,validation
114,Tomatoes,7836,Bandarawela,Uva,Badulla,2025-03-01,313.6,25.44000000000001,25.44000000000001,5.7481182884762525,0.22665737061400648,27.113702623906704,0.2720515495393206,19.950333307068004,3,2025-04-01,78.89030612244898,1,TRUE,FALSE,FALSE,FALSE,validation
114,Tomatoes,7836,Bandarawela,Uva,Badulla,2025-04-01,561,78.89030612244898,78.89030612244898,6.329720905522696,0.5816026170464434,25.44000000000001,0.45220388797728345,43.81466958211856,4,2025-05-01,28.609625668449194,1,TRUE,FALSE,TRUE,FALSE,test
114,Tomatoes,7836,Bandarawela,Uva,Badulla,2025-05-01,721.5,28.609625668449194,28.609625668449194,6.581332378213926,0.25161147269122974,78.89030612244898,0.1981173854597014,44.31331059696606,5,2025-06-01,49.133749133749134,1,TRUE,FALSE,FALSE,FALSE,test
114,Tomatoes,7836,Bandarawela,Uva,Badulla,2025-06-01,367,-49.133749133749134,49.133749133749134,5.905361848054571,-0.675970530159355,28.609625668449194,0.6520215676312994,52.211226974882436,6,2025-07-01,67.98365122615803,1,TRUE,FALSE,FALSE,FALSE,test
114,Tomatoes,7836,Bandarawela,Uva,Badulla,2025-07-01,117.5,-67.98365122615803,67.98365122615803,4.7664383335842135,-1.1389235144703571,49.133749133749134,0.7080867870790086,48.57567534278545,7,2025-08-01,60,1,TRUE,FALSE,TRUE,FALSE,test
114,Tomatoes,7836,Bandarawela,Uva,Badulla,2025-08-01,188,60,60,5.236441962829949,0.4700036292457357,67.98365122615803,0.828274189051457,59.03913345330239,8,2025-09-01,8.085106382978717,0,TRUE,FALSE,TRUE,FALSE,test
114,Tomatoes,7836,Bandarawela,Uva,Badulla,2025-09-01,203.2,8.085106382978717,8.085106382978717,5.314190715704327,0.07774875287437766,60,0.8389280708091439,45.35625253637892,9,NA,NA,0,TRUE,TRUE,FALSE,FALSE,inference
114,Tomatoes,7837,Dehiattakandiya,Eastern,Ampara,2023-06-01,318.33,NA,NA,5.7630885805536085,NA,NA,NA,NA,6,2023-07-01,56.65190211415828,1,FALSE,FALSE,FALSE,FALSE,excluded
114,Tomatoes,7837,Dehiattakandiya,Eastern,Ampara,2023-07-01,498.67,56.65190211415828,56.65190211415828,6.21194455433595,0.4488559737823419,NA,NA,56.65190211415828,7,2023-08-01,59.057091864359194,1,FALSE,FALSE,TRUE,FALSE,excluded
114,Tomatoes,7837,Dehiattakandiya,Eastern,Ampara,2023-08-01,204.17,-59.057091864359194,59.057091864359194,5.318952980148108,-0.8929915741878425,56.65190211415828,0.9488295004882584,57.854496989258735,8,2023-09-01,18.36704706861929,1,TRUE,FALSE,TRUE,FALSE,train
114,Tomatoes,7837,Dehiattakandiya,Eastern,Ampara,2023-09-01,166.67,-18.36704706861929,18.36704706861929,5.116015809554085,-0.20293717059402283,59.057091864359194,0.6710146825230239,44.69201368237892,9,2023-10-01,15.599688006239877,1,TRUE,FALSE,FALSE,FALSE,train
114,Tomatoes,7837,Dehiattakandiya,Eastern,Ampara,2023-10-01,192.67,15.599688006239877,15.599688006239877,5.260978880892669,0.14496307133858366,18.36704706861929,0.5282927699085481,31.007942313072785,10,2023-11-01,76.46753516375149,1,TRUE,FALSE,FALSE,FALSE,train
114,Tomatoes,7837,Dehiattakandiya,Eastern,Ampara,2023-11-01,340,76.46753516375149,76.46753516375149,5.8289456176102075,0.5679667367175387,15.599688006239877,0.38606120274058225,36.81142341287022,11,2023-12-01,112.74411764705883,1,TRUE,FALSE,TRUE,FALSE,train
114,Tomatoes,7837,Dehiattakandiya,Eastern,Ampara,2023-12-01,723.33,112.74411764705883,112.74411764705883,6.583865549560847,0.7549199319506394,76.46753516375149,0.3124982586457114,68.27044693901674,12,2024-01-01,5.068226120857711,0,TRUE,FALSE,TRUE,FALSE,train
114,Tomatoes,7837,Dehiattakandiya,Eastern,Ampara,2024-01-01,686.67,-5.068226120857711,5.068226120857711,6.531853827472666,-0.05201172208818061,112.74411764705883,0.4223867660649433,64.75995964388935,1,2024-02-01,12.074213231974614,1,TRUE,FALSE,FALSE,FALSE,train
114,Tomatoes,7837,Dehiattakandiya,Eastern,Ampara,2024-02-01,769.58,12.074213231974614,12.074213231974614,6.645844911487828,0.11399108401516145,5.068226120857711,0.4261231070242317,43.29551899996372,2,2024-03-01,50.622417422490194,1,TRUE,FALSE,FALSE,FALSE,train
114,Tomatoes,7837,Dehiattakandiya,Eastern,Ampara,2024-03-01,380,-50.622417422490194,50.622417422490194,5.940171252720432,-0.7056736587673962,12.074213231974614,0.43333611851506276,22.588285591774174,3,2024-04-01,54.56052631578948,1,TRUE,FALSE,TRUE,FALSE,train
114,Tomatoes,7837,Dehiattakandiya,Eastern,Ampara,2024-04-01,172.67,-54.56052631578948,54.56052631578948,5.151382258424339,-0.7887889942960928,50.622417422490194,0.49896063962275933,39.085718990084764,4,2024-05-01,2.3165575954132165,0,TRUE,FALSE,TRUE,FALSE,train
114,Tomatoes,7837,Dehiattakandiya,Eastern,Ampara,2024-05-01,176.67,2.3165575954132165,2.3165575954132165,5.174283585624589,0.022901327200250066,54.56052631578948,0.44657415345207796,35.833167111230964,5,2024-06-01,224.52029206996102,1,TRUE,FALSE,FALSE,FALSE,train
114,Tomatoes,7837,Dehiattakandiya,Eastern,Ampara,2024-06-01,573.33,224.52029206996102,224.52029206996102,6.351461467169,1.1771778815444112,2.3165575954132165,0.9879457895739638,93.79912532705457,6,2024-07-01,29.534474037639757,1,TRUE,FALSE,TRUE,FALSE,train
114,Tomatoes,7837,Dehiattakandiya,Eastern,Ampara,2024-07-01,404,-29.534474037639757,29.534474037639757,6.0014148779611505,-0.3500465892078495,224.52029206996102,0.7962264226050165,85.45710790100466,7,2024-08-01,36.26237623762376,1,TRUE,FALSE,FALSE,FALSE,train
114,Tomatoes,7837,Dehiattakandiya,Eastern,Ampara,2024-08-01,257.5,-36.26237623762376,36.26237623762376,5.551019720103791,-0.4503951578573595,29.534474037639757,0.9120926869825279,96.77238078174152,8,2024-09-01,6.796116504854369,0,TRUE,FALSE,FALSE,FALSE,train
114,Tomatoes,7837,Dehiattakandiya,Eastern,Ampara,2024-09-01,240,-6.796116504854369,6.796116504854369,5.480638923341991,-0.07038079676179976,36.26237623762376,0.19693218178404667,24.19765559337263,9,2024-10-01,21.529166666666676,1,TRUE,FALSE,FALSE,FALSE,train
114,Tomatoes,7837,Dehiattakandiya,Eastern,Ampara,2024-10-01,291.67,21.529166666666676,21.529166666666676,5.675623026195628,0.19498410285363654,6.796116504854369,0.32438244782526093,21.529219803048267,10,2024-11-01,14.855830219083204,1,TRUE,FALSE,FALSE,FALSE,train
114,Tomatoes,7837,Dehiattakandiya,Eastern,Ampara,2024-11-01,335,14.855830219083204,14.855830219083204,5.814130531825066,0.13850750562943848,21.529166666666676,0.13978701588358644,14.39370446353475,11,2024-12-01,26.17014925373135,1,TRUE,FALSE,FALSE,FALSE,train
114,Tomatoes,7837,Dehiattakandiya,Eastern,Ampara,2024-12-01,422.67,26.17014925373135,26.17014925373135,6.046591732733295,0.23246120090822853,14.855830219083204,0.04729594022245732,20.851715379827077,12,2025-01-01,13.168665862256598,1,TRUE,FALSE,FALSE,FALSE,train
114,Tomatoes,7837,Dehiattakandiya,Eastern,Ampara,2025-01-01,478.33,13.168665862256598,13.168665862256598,6.170300870860216,0.1237091381269213,26.17014925373135,0.05898205899038097,18.06488177835705,1,2025-02-01,37.6309242573119,1,TRUE,FALSE,FALSE,FALSE,validation
114,Tomatoes,7837,Dehiattakandiya,Eastern,Ampara,2025-02-01,298.33,-37.6309242573119,37.6309242573119,5.698200256359968,-0.4721006145002482,13.168665862256598,0.3793027867496992,25.656579791099947,2,2025-03-01,3.687192035665203,0,TRUE,FALSE,FALSE,FALSE,validation
114,Tomatoes,7837,Dehiattakandiya,Eastern,Ampara,2025-03-01,309.33,3.687192035665203,3.687192035665203,5.734408668197962,0.03620841183799417,37.6309242573119,0.32172029898750837,18.162260718411233,3,2025-04-01,124.1392687421201,1,TRUE,FALSE,FALSE,FALSE,validation
114,Tomatoes,7837,Dehiattakandiya,Eastern,Ampara,2025-04-01,693.33,124.1392687421201,124.1392687421201,6.541506076323389,0.8070974081254274,3.687192035665203,0.6440749816524233,55.15246167836573,4,2025-05-01,31.00976447002149,1,TRUE,FALSE,TRUE,FALSE,test
114,Tomatoes,7837,Dehiattakandiya,Eastern,Ampara,2025-05-01,908.33,31.00976447002149,31.00976447002149,6.811607748697731,0.27010167237434146,124.1392687421201,0.39525104303809666,52.945408415935596,5,2025-06-01,52.44019244107319,1,TRUE,FALSE,FALSE,FALSE,test
114,Tomatoes,7837,Dehiattakandiya,Eastern,Ampara,2025-06-01,432,-52.44019244107319,52.44019244107319,6.068425588244111,-0.7431821604536202,31.00976447002149,0.7872394052255232,69.19640855107158,6,2025-07-01,62.38425925925925,1,TRUE,FALSE,TRUE,FALSE,test
114,Tomatoes,7837,Dehiattakandiya,Eastern,Ampara,2025-07-01,162.5,-62.38425925925925,62.38425925925925,5.090678001769792,-0.9777475864743188,52.44019244107319,0.6631858509955244,48.61140539011798,7,2025-08-01,37.95076923076922,1,TRUE,FALSE,TRUE,FALSE,test
114,Tomatoes,7837,Dehiattakandiya,Eastern,Ampara,2025-08-01,224.17,37.95076923076922,37.95076923076922,5.412404692585804,0.32172669081601235,62.38425925925925,0.692541839642909,50.92507364370055,8,2025-09-01,10.188696078868704,1,TRUE,FALSE,FALSE,FALSE,test
114,Tomatoes,7837,Dehiattakandiya,Eastern,Ampara,2025-09-01,201.33,-10.188696078868704,10.188696078868704,5.304945352838257,-0.10745933974754696,37.95076923076922,0.6620971326727536,36.841241522965724,9,NA,NA,0,TRUE,TRUE,FALSE,FALSE,inference
114,Tomatoes,7839,Keppetipola (DEC},Uva,Badulla,2023-06-01,250,NA,NA,5.521460917862246,NA,NA,NA,NA,6,2023-07-01,46.24000000000001,1,FALSE,FALSE,FALSE,FALSE,excluded
114,Tomatoes,7839,Keppetipola (DEC},Uva,Badulla,2023-07-01,365.6,46.24000000000001,46.24000000000001,5.901539839579995,0.3800789217177494,NA,NA,46.24000000000001,7,2023-08-01,39.68818380743983,1,FALSE,FALSE,FALSE,FALSE,excluded
114,Tomatoes,7839,Keppetipola (DEC},Uva,Badulla,2023-08-01,220.5,-39.68818380743983,39.68818380743983,5.395897694886901,-0.5056421446930948,46.24000000000001,0.6262993722988883,42.96409190371992,8,2023-09-01,7.029478458049887,0,TRUE,FALSE,FALSE,FALSE,train
114,Tomatoes,7839,Keppetipola (DEC},Uva,Badulla,2023-09-01,205,-7.029478458049887,7.029478458049887,5.3230099791384085,-0.07288771574849218,39.68818380743983,0.4428989685230341,30.985887421829908,9,2023-10-01,0.4878048780487805,0,TRUE,FALSE,FALSE,FALSE,train
114,Tomatoes,7839,Keppetipola (DEC},Uva,Badulla,2023-10-01,204,-0.4878048780487805,0.4878048780487805,5.318119993844216,-0.004889985294192378,7.029478458049887,0.271616399928517,15.735155714512832,10,2023-11-01,23.284313725490197,1,TRUE,FALSE,FALSE,FALSE,train
114,Tomatoes,7839,Keppetipola (DEC},Uva,Badulla,2023-11-01,251.5,23.284313725490197,23.284313725490197,5.527442989539794,0.20932299569557777,0.4878048780487805,0.14728304848444448,10.267199020529622,11,2023-12-01,108.74751491053678,1,TRUE,FALSE,FALSE,FALSE,train
114,Tomatoes,7839,Keppetipola (DEC},Uva,Badulla,2023-12-01,525,108.74751491053678,108.74751491053678,6.263398262591624,0.7359552730518297,23.284313725490197,0.38124367832829703,44.17321117135859,12,2024-01-01,14.514285714285723,1,TRUE,FALSE,TRUE,FALSE,train
114,Tomatoes,7839,Keppetipola (DEC},Uva,Badulla,2024-01-01,601.2,14.514285714285723,14.514285714285723,6.3989276578788195,0.13552939528719588,108.74751491053678,0.32743912556486365,48.84870478343757,1,2024-02-01,20.093147039254813,1,TRUE,FALSE,FALSE,FALSE,train
114,Tomatoes,7839,Keppetipola (DEC},Uva,Badulla,2024-02-01,722,20.093147039254813,20.093147039254813,6.582025138892826,0.18309748101400647,14.514285714285723,0.33377280089058614,47.78498255469244,2,2024-03-01,54.986149584487535,1,TRUE,FALSE,FALSE,FALSE,train
114,Tomatoes,7839,Keppetipola (DEC},Uva,Badulla,2024-03-01,325,-54.986149584487535,54.986149584487535,5.783825182329737,-0.7981999565630886,20.093147039254813,0.5533320109846406,29.864527446009358,3,2024-04-01,61.69230769230769,1,TRUE,FALSE,TRUE,FALSE,train
114,Tomatoes,7839,Keppetipola (DEC},Uva,Badulla,2024-04-01,124.5,-61.69230769230769,61.69230769230769,4.824305715904762,-0.9595194664249753,54.986149584487535,0.6184041469557252,45.59053477201668,4,2024-05-01,5.622489959839357,0,TRUE,FALSE,TRUE,FALSE,train
114,Tomatoes,7839,Keppetipola (DEC},Uva,Badulla,2024-05-01,131.5,5.622489959839357,5.622489959839357,4.879006851617819,0.05470113571305735,61.69230769230769,0.5449935301250765,40.766982412211526,5,2024-06-01,223.95437262357416,1,TRUE,FALSE,FALSE,FALSE,train
114,Tomatoes,7839,Keppetipola (DEC},Uva,Badulla,2024-06-01,426,223.95437262357416,223.95437262357416,6.054439346269371,1.1754324946515515,5.622489959839357,1.0679186989040774,97.08972342524041,6,2024-07-01,17.46478873239436,1,TRUE,FALSE,TRUE,FALSE,train
114,Tomatoes,7839,Keppetipola (DEC},Uva,Badulla,2024-07-01,351.6,-17.46478873239436,17.46478873239436,5.862494165811022,-0.19194518045834918,223.95437262357416,0.7287654961849304,82.3472171052693,7,2024-08-01,25.34129692832765,1,TRUE,FALSE,FALSE,FALSE,train
114,Tomatoes,7839,Keppetipola (DEC},Uva,Badulla,2024-08-01,262.5,-25.34129692832765,25.34129692832765,5.570251082031678,-0.2922430837793435,17.46478873239436,0.8199444065831544,88.92015276143206,8,2024-09-01,5.371428571428569,0,TRUE,FALSE,FALSE,FALSE,train
114,Tomatoes,7839,Keppetipola (DEC},Uva,Badulla,2024-09-01,248.4,-5.371428571428569,5.371428571428569,5.515040350059324,-0.05521073197235449,25.34129692832765,0.1189820116771921,16.05917141071686,9,2024-10-01,10.909822866344603,1,TRUE,FALSE,FALSE,FALSE,train
114,Tomatoes,7839,Keppetipola (DEC},Uva,Badulla,2024-10-01,275.5,10.909822866344603,10.909822866344603,5.6185876285929695,0.10354727853364576,5.371428571428569,0.19918101173004368,13.874182788700274,10,2024-11-01,4.71869328493648,0,TRUE,FALSE,FALSE,FALSE,train
114,Tomatoes,7839,Keppetipola (DEC},Uva,Badulla,2024-11-01,288.5,4.71869328493648,4.71869328493648,5.664695085948154,0.046107457355184955,10.909822866344603,0.08038326364512284,6.999981574236551,11,2024-12-01,22.0103986135182,1,TRUE,FALSE,FALSE,FALSE,train
114,Tomatoes,7839,Keppetipola (DEC},Uva,Badulla,2024-12-01,352,22.0103986135182,22.0103986135182,5.863631175598097,0.19893608964994236,4.71869328493648,0.0771955840622595,12.546304921599761,12,2025-01-01,13.210227272727273,1,TRUE,FALSE,FALSE,FALSE,train
114,Tomatoes,7839,Keppetipola (DEC},Uva,Badulla,2025-01-01,305.5,-13.210227272727273,13.210227272727273,5.72194977861165,-0.14168139698644655,22.0103986135182,0.1706075012353009,13.313106390393983,1,2025-02-01,35.84288052373159,1,TRUE,FALSE,FALSE,FALSE,validation
114,Tomatoes,7839,Keppetipola (DEC},Uva,Badulla,2025-02-01,196,-35.84288052373159,35.84288052373159,5.278114659230517,-0.4438351193811334,13.210227272727273,0.321577354954897,23.687835469992354,2,2025-03-01,48.77551020408165,1,TRUE,FALSE,FALSE,FALSE,validation
114,Tomatoes,7839,Keppetipola (DEC},Uva,Badulla,2025-03-01,291.6,48.77551020408165,48.77551020408165,5.675383000134503,0.39726834090398633,35.84288052373159,0.42607094926250916,32.6095393335135,3,2025-04-01,35.71673525377228,1,TRUE,FALSE,FALSE,FALSE,validation
114,Tomatoes,7839,Keppetipola (DEC},Uva,Badulla,2025-04-01,395.75,35.71673525377228,35.71673525377228,5.9807826987611215,0.3053996986266183,48.77551020408165,0.46138337111571287,40.11170866052851,4,2025-05-01,48.07327858496526,1,TRUE,FALSE,FALSE,FALSE,test
114,Tomatoes,7839,Keppetipola (DEC},Uva,Badulla,2025-05-01,586,48.07327858496526,48.07327858496526,6.373319789577012,0.3925370908158907,35.71673525377228,0.05172871104591432,44.18850801427306,5,2025-06-01,51.02389078498294,1,TRUE,FALSE,FALSE,FALSE,test
114,Tomatoes,7839,Keppetipola (DEC},Uva,Badulla,2025-06-01,287,-51.02389078498294,51.02389078498294,5.659482215759621,-0.7138375738173908,48.07327858496526,0.6151561375237803,44.93796820790683,6,2025-07-01,55.749128919860624,1,TRUE,FALSE,TRUE,FALSE,test
114,Tomatoes,7839,Keppetipola (DEC},Uva,Badulla,2025-07-01,127,-55.749128919860624,55.749128919860624,4.844187086458591,-0.8152951293010302,51.02389078498294,0.6699772640495213,51.61543276326961,7,2025-08-01,30.708661417322837,1,TRUE,FALSE,TRUE,FALSE,test
114,Tomatoes,7839,Keppetipola (DEC},Uva,Badulla,2025-08-01,166,30.708661417322837,30.708661417322837,5.111987788356544,0.26780070189795246,55.749128919860624,0.5981922655627708,45.827227040722136,8,2025-09-01,8.674698795180728,0,TRUE,FALSE,FALSE,FALSE,test
114,Tomatoes,7839,Keppetipola (DEC},Uva,Badulla,2025-09-01,180.4,8.674698795180728,8.674698795180728,5.1951766076285235,0.08318881927197985,30.708661417322837,0.5794324137479522,31.71082971078806,9,NA,NA,0,TRUE,TRUE,FALSE,FALSE,inference
114,Tomatoes,7840,Hanguranketha,Central,Nuwara Eliya,2023-06-01,222,NA,NA,5.402677381872279,NA,NA,NA,NA,6,2023-07-01,55.4954954954955,1,FALSE,FALSE,FALSE,FALSE,excluded
114,Tomatoes,7840,Hanguranketha,Central,Nuwara Eliya,2023-07-01,345.2,55.4954954954955,55.4954954954955,5.844123959209273,0.44144657733699333,NA,NA,55.4954954954955,7,2023-08-01,55.82271147161067,1,FALSE,FALSE,TRUE,FALSE,excluded
114,Tomatoes,7840,Hanguranketha,Central,Nuwara Eliya,2023-08-01,152.5,-55.82271147161067,55.82271147161067,5.0271645960474665,-0.8169593631618062,55.4954954954955,0.8898273740121362,55.65910348355308,8,2023-09-01,12.131147540983607,1,TRUE,FALSE,TRUE,FALSE,train
114,Tomatoes,7840,Hanguranketha,Central,Nuwara Eliya,2023-09-01,134,-12.131147540983607,12.131147540983607,4.897839799950911,-0.12932479609655534,55.82271147161067,0.6301067065237049,41.14978483602992,9,2023-10-01,19.104477611940293,1,TRUE,FALSE,FALSE,FALSE,train
114,Tomatoes,7840,Hanguranketha,Central,Nuwara Eliya,2023-10-01,159.6,19.104477611940293,19.104477611940293,5.072670685015709,0.1748308850647975,12.131147540983607,0.5081010189393328,29.019445541511523,10,2023-11-01,49.74937343358397,1,TRUE,FALSE,FALSE,FALSE,train
114,Tomatoes,7840,Hanguranketha,Central,Nuwara Eliya,2023-11-01,239,49.74937343358397,49.74937343358397,5.476463551931511,0.4037928669158024,19.104477611940293,0.26744118049009835,26.994999528835955,11,2023-12-01,128.76569037656904,1,TRUE,FALSE,FALSE,FALSE,train
114,Tomatoes,7840,Hanguranketha,Central,Nuwara Eliya,2023-12-01,546.75,128.76569037656904,128.76569037656904,6.3039916595568775,0.8275281076253664,49.74937343358397,0.33115676239776354,65.8731804740311,12,2024-01-01,9.666209419295843,0,TRUE,FALSE,TRUE,FALSE,train
114,Tomatoes,7840,Hanguranketha,Central,Nuwara Eliya,2024-01-01,599.6,9.666209419295843,9.666209419295843,6.396262766228443,0.09227110667156513,128.76569037656904,0.3690528911453475,62.72709107648295,1,2024-02-01,21.831220813875913,1,TRUE,FALSE,FALSE,FALSE,train
114,Tomatoes,7840,Hanguranketha,Central,Nuwara Eliya,2024-02-01,730.5,21.831220813875913,21.831220813875913,6.593729231190754,0.19746646496231168,9.666209419295843,0.3976276722456079,53.42104020324693,2,2024-03-01,57.90554414784395,1,TRUE,FALSE,FALSE,FALSE,train
114,Tomatoes,7840,Hanguranketha,Central,Nuwara Eliya,2024-03-01,307.5,-57.90554414784395,57.90554414784395,5.728475087246572,-0.8652541439441821,21.831220813875913,0.5855618045329427,29.80099146033857,3,2024-04-01,56.3349593495935,1,TRUE,FALSE,TRUE,FALSE,train
114,Tomatoes,7840,Hanguranketha,Central,Nuwara Eliya,2024-04-01,134.27,-56.3349593495935,56.3349593495935,4.899852698084617,-0.8286223891619553,57.90554414784395,0.6032654632098909,45.35724143710445,4,2024-05-01,2.435391375586512,0,TRUE,FALSE,TRUE,FALSE,train
114,Tomatoes,7840,Hanguranketha,Central,Nuwara Eliya,2024-05-01,131,-2.435391375586512,2.435391375586512,4.875197323201151,-0.024655374883465697,56.3349593495935,0.4750984347221612,38.89196495767465,5,2024-06-01,40.458015267175576,1,TRUE,FALSE,FALSE,FALSE,train
114,Tomatoes,7840,Hanguranketha,Central,Nuwara Eliya,2024-06-01,184,40.458015267175576,40.458015267175576,5.214935757608986,0.3397384344078347,2.435391375586512,0.5978033152509794,33.076121997451864,6,2024-07-01,89.2391304347826,1,TRUE,FALSE,FALSE,FALSE,train
114,Tomatoes,7840,Hanguranketha,Central,Nuwara Eliya,2024-07-01,348.2,89.2391304347826,89.2391304347826,5.8527770273340884,0.6378412697251026,40.458015267175576,0.33180063110037183,44.04417902584823,7,2024-08-01,50.89029293509477,1,TRUE,FALSE,TRUE,FALSE,train
114,Tomatoes,7840,Hanguranketha,Central,Nuwara Eliya,2024-08-01,171,-50.89029293509477,50.89029293509477,5.14166355650266,-0.7111134708314282,89.2391304347826,0.7086176589246512,60.195812879017645,8,2024-09-01,5.964912280701748,0,TRUE,FALSE,TRUE,FALSE,train
114,Tomatoes,7840,Hanguranketha,Central,Nuwara Eliya,2024-09-01,181.2,5.964912280701748,5.964912280701748,5.199601393608879,0.057937837106218915,50.89029293509477,0.6766839239351593,48.69811188352637,9,2024-10-01,19.205298013245038,1,TRUE,FALSE,FALSE,FALSE,train
114,Tomatoes,7840,Hanguranketha,Central,Nuwara Eliya,2024-10-01,216,19.205298013245038,19.205298013245038,5.375278407684165,0.17567701407528613,5.964912280701748,0.48161184096653403,25.353501076347186,10,2024-11-01,6.597222222222222,0,TRUE,FALSE,FALSE,FALSE,train
114,Tomatoes,7840,Hanguranketha,Central,Nuwara Eliya,2024-11-01,230.25,6.597222222222222,6.597222222222222,5.439165675135416,0.06388726745125073,19.205298013245038,0.0663260343116358,10.589144172056336,11,2024-12-01,65.38545059717698,1,TRUE,FALSE,FALSE,FALSE,train
114,Tomatoes,7840,Hanguranketha,Central,Nuwara Eliya,2024-12-01,380.8,65.38545059717698,65.38545059717698,5.942274302917211,0.5031086277817947,6.597222222222222,0.22826293774042242,30.39599027754808,12,2025-01-01,27.521008403361346,1,TRUE,FALSE,TRUE,FALSE,train
114,Tomatoes,7840,Hanguranketha,Central,Nuwara Eliya,2025-01-01,276,-27.521008403361346,27.521008403361346,5.62040086571715,-0.3218734372000611,65.38545059717698,0.4127796288912154,33.167893740920185,1,2025-02-01,37.27536231884058,1,TRUE,FALSE,FALSE,FALSE,validation
114,Tomatoes,7840,Hanguranketha,Central,Nuwara Eliya,2025-02-01,173.12,-37.27536231884058,37.27536231884058,5.153984995658116,-0.4664158700590333,27.521008403361346,0.5230464724974297,43.39394043979297,2,2025-03-01,48.45194085027726,1,TRUE,FALSE,FALSE,FALSE,validation
114,Tomatoes,7840,Hanguranketha,Central,Nuwara Eliya,2025-03-01,257,48.45194085027726,48.45194085027726,5.54907608489522,0.3950910892371038,37.27536231884058,0.461361190388784,37.7494371908264,3,2025-04-01,79.63813229571986,1,TRUE,FALSE,FALSE,FALSE,validation
114,Tomatoes,7840,Hanguranketha,Central,Nuwara Eliya,2025-04-01,461.67,79.63813229571986,79.63813229571986,6.1348503501438705,0.5857742652486504,48.45194085027726,0.5606036025821228,55.12181182161257,4,2025-05-01,69.49336105876492,1,TRUE,FALSE,TRUE,FALSE,test
114,Tomatoes,7840,Hanguranketha,Central,Nuwara Eliya,2025-05-01,782.5,69.49336105876492,69.49336105876492,6.662493922414308,0.5276435722704376,79.63813229571986,0.09773212695789099,65.86114473492069,5,2025-08-01,NA,0,TRUE,TRUE,TRUE,FALSE,inference
114,Tomatoes,7840,Hanguranketha,Central,Nuwara Eliya,2025-08-01,134.17,NA,NA,4.89910765260238,NA,69.49336105876492,0.04110460719996751,74.56574667724239,8,2025-09-01,18.260415890288442,1,TRUE,FALSE,FALSE,FALSE,test
114,Tomatoes,7840,Hanguranketha,Central,Nuwara Eliya,2025-09-01,158.67,18.260415890288442,18.260415890288442,5.066826573745998,0.16771892114361808,NA,0.2545051615279764,43.87688847452668,9,NA,NA,0,FALSE,TRUE,FALSE,FALSE,inference
114,Tomatoes,7841,Meegoda(DEC),Western,Colombo,2023-06-01,295,NA,NA,5.68697535633982,NA,NA,NA,NA,6,2023-07-01,52.54237288135594,1,FALSE,FALSE,FALSE,FALSE,excluded
114,Tomatoes,7841,Meegoda(DEC),Western,Colombo,2023-07-01,450,52.54237288135594,52.54237288135594,6.1092475827643655,0.4222722264245453,NA,NA,52.54237288135594,7,2023-08-01,44.888888888888886,1,FALSE,FALSE,TRUE,FALSE,excluded
114,Tomatoes,7841,Meegoda(DEC),Western,Colombo,2023-08-01,248,-44.888888888888886,44.888888888888886,5.5134287461649825,-0.5958188365993831,52.54237288135594,0.7198990945296405,48.71563088512241,8,2023-09-01,13.709677419354838,1,TRUE,FALSE,FALSE,FALSE,train
114,Tomatoes,7841,Meegoda(DEC),Western,Colombo,2023-09-01,214,-13.709677419354838,13.709677419354838,5.365976015021851,-0.1474527311431313,44.888888888888886,0.510249629169666,37.04697972986656,9,2023-10-01,9.158878504672895,0,TRUE,FALSE,FALSE,FALSE,train
114,Tomatoes,7841,Meegoda(DEC),Western,Colombo,2023-10-01,233.6,9.158878504672895,9.158878504672895,5.453610250954072,0.08763423593222086,13.709677419354838,0.34722858680403995,22.585814937638872,10,2023-11-01,37.62842465753425,1,TRUE,FALSE,FALSE,FALSE,train
114,Tomatoes,7841,Meegoda(DEC),Western,Colombo,2023-11-01,321.5,37.62842465753425,37.62842465753425,5.772997543677674,0.31938729272360167,9.158878504672895,0.23342199600177946,20.165660193853995,11,2023-12-01,118.11819595645412,1,TRUE,FALSE,FALSE,FALSE,train
114,Tomatoes,7841,Meegoda(DEC),Western,Colombo,2023-12-01,701.25,118.11819595645412,118.11819595645412,6.552864456836906,0.779866913159232,37.62842465753425,0.35235801859036464,54.96849970622042,12,2024-01-01,3.657754010695184,0,TRUE,FALSE,TRUE,FALSE,train
114,Tomatoes,7841,Meegoda(DEC),Western,Colombo,2024-01-01,675.6,-3.657754010695184,3.657754010695184,6.5156011849336455,-0.037263271903260176,118.11819595645412,0.4096630414998535,53.134791541561185,1,2024-02-01,24.259917110716394,1,TRUE,FALSE,FALSE,FALSE,train
114,Tomatoes,7841,Meegoda(DEC),Western,Colombo,2024-02-01,839.5,24.259917110716394,24.259917110716394,6.732806476517595,0.21720529158394974,3.657754010695184,0.41813954798552455,48.67862235928857,2,2024-03-01,55.3603335318642,1,TRUE,FALSE,FALSE,FALSE,train
114,Tomatoes,7841,Meegoda(DEC),Western,Colombo,2024-03-01,374.75,-55.3603335318642,55.3603335318642,5.926259136982707,-0.8065473395348883,24.259917110716394,0.5330137078033815,27.759334884425257,3,2024-04-01,50.26017344896597,1,TRUE,FALSE,TRUE,FALSE,train
114,Tomatoes,7841,Meegoda(DEC),Western,Colombo,2024-04-01,186.4,-50.26017344896597,50.26017344896597,5.2278949022514904,-0.6983642347312164,55.3603335318642,0.5624411956528854,43.29347469718219,4,2024-05-01,37.33905579399141,1,TRUE,FALSE,TRUE,FALSE,train
114,Tomatoes,7841,Meegoda(DEC),Western,Colombo,2024-05-01,256,37.33905579399141,37.33905579399141,5.545177444479562,0.31728254222807184,50.26017344896597,0.619977897839391,47.65318759160719,5,2024-06-01,129.1015625,1,TRUE,FALSE,FALSE,FALSE,train
114,Tomatoes,7841,Meegoda(DEC),Western,Colombo,2024-06-01,586.5,129.1015625,129.1015625,6.3741726680935304,0.8289952236139682,37.33905579399141,0.7774118555432753,72.23359724765245,6,2024-07-01,19.249786871270246,1,TRUE,FALSE,TRUE,FALSE,train
114,Tomatoes,7841,Meegoda(DEC),Western,Colombo,2024-07-01,473.6,-19.249786871270246,19.249786871270246,6.160363083569796,-0.21380958452373466,129.1015625,0.5214324154455066,61.89680172175389,7,2024-08-01,32.960304054054056,1,TRUE,FALSE,FALSE,FALSE,train
114,Tomatoes,7841,Meegoda(DEC),Western,Colombo,2024-08-01,317.5,-32.960304054054056,32.960304054054056,5.760477818332746,-0.3998852652370495,19.249786871270246,0.6623459925027542,60.43721780844143,8,2024-09-01,5.007874015748024,0,TRUE,FALSE,FALSE,FALSE,train
114,Tomatoes,7841,Meegoda(DEC),Western,Colombo,2024-09-01,301.6,-5.007874015748024,5.007874015748024,5.709101636133801,-0.05137618219894513,32.960304054054056,0.17438814471545494,19.07265498035744,9,2024-10-01,26.714190981432356,1,TRUE,FALSE,FALSE,FALSE,train
114,Tomatoes,7841,Meegoda(DEC),Western,Colombo,2024-10-01,382.17,26.714190981432356,26.714190981432356,5.945865535789805,0.23676389965600375,5.007874015748024,0.3188012565038128,21.56078968374481,10,2024-11-01,4.7544286574037775,0,TRUE,FALSE,FALSE,FALSE,train
114,Tomatoes,7841,Meegoda(DEC),Western,Colombo,2024-11-01,364,-4.7544286574037775,4.7544286574037775,5.8971538676367405,-0.04871166815306438,26.714190981432356,0.16559393417956025,12.15883121819472,11,2024-12-01,31.098901098901095,1,TRUE,FALSE,FALSE,FALSE,train
114,Tomatoes,7841,Meegoda(DEC),Western,Colombo,2024-12-01,477.2,31.098901098901095,31.098901098901095,6.167935690223761,0.2707818225870202,4.7544286574037775,0.17546586064993525,20.85584024591241,12,2025-01-01,10.938809723386418,1,TRUE,FALSE,FALSE,FALSE,train
114,Tomatoes,7841,Meegoda(DEC),Western,Colombo,2025-01-01,425,-10.938809723386418,10.938809723386418,6.052089168924417,-0.11584652129934359,31.098901098901095,0.20658519446327278,15.597379826563763,1,2025-02-01,34.588235294117645,1,TRUE,FALSE,FALSE,FALSE,validation
114,Tomatoes,7841,Meegoda(DEC),Western,Colombo,2025-02-01,278,-34.588235294117645,34.588235294117645,5.627621113690637,-0.4244680552337803,10.938809723386418,0.34835353692147175,25.54198203880172,2,2025-03-01,31.79856115107913,1,TRUE,FALSE,FALSE,FALSE,validation
114,Tomatoes,7841,Meegoda(DEC),Western,Colombo,2025-03-01,366.4,31.79856115107913,31.79856115107913,5.903725632799975,0.27610451910933786,34.588235294117645,0.351111283690142,25.7752020561944,3,2025-04-01,87.04421397379915,1,TRUE,FALSE,FALSE,FALSE,validation
114,Tomatoes,7841,Meegoda(DEC),Western,Colombo,2025-04-01,685.33,87.04421397379915,87.04421397379915,6.529900474081888,0.6261748412819133,31.79856115107913,0.5349768933307059,51.1436701396653,4,2025-05-01,36.06583689609384,1,TRUE,FALSE,TRUE,FALSE,test
114,Tomatoes,7841,Meegoda(DEC),Western,Colombo,2025-05-01,932.5,36.06583689609384,36.06583689609384,6.837869151517971,0.307968677436083,87.04421397379915,0.19357157064049202,51.63620400699071,5,2025-06-01,41.96246648793565,1,TRUE,FALSE,FALSE,FALSE,test
114,Tomatoes,7841,Meegoda(DEC),Western,Colombo,2025-06-01,541.2,-41.96246648793565,41.96246648793565,6.293788896296633,-0.5440802552213384,36.06583689609384,0.6050811980282709,55.02417245260955,6,2025-07-01,63.04508499630451,1,TRUE,FALSE,FALSE,FALSE,test
114,Tomatoes,7841,Meegoda(DEC),Western,Colombo,2025-07-01,200,-63.04508499630451,63.04508499630451,5.298317366548036,-0.9954715297485963,41.96246648793565,0.6619035478662574,47.02446279344467,7,2025-08-01,16.5,1,TRUE,FALSE,TRUE,FALSE,test
114,Tomatoes,7841,Meegoda(DEC),Western,Colombo,2025-08-01,233,16.5,16.5,5.4510384535657,0.15272108701766385,63.04508499630451,0.5784508735208159,40.50251716141339,8,2025-09-01,11.244635193133043,1,TRUE,FALSE,FALSE,FALSE,test
114,Tomatoes,7841,Meegoda(DEC),Western,Colombo,2025-09-01,259.2,11.244635193133043,11.244635193133043,5.557599964478119,0.10656151091241917,16.5,0.6499940787385851,30.26324006314585,9,NA,NA,0,TRUE,TRUE,FALSE,FALSE,inference
114,Tomatoes,7842,Nikaweratiya,North Western,Kurunegala,2023-06-01,355,NA,NA,5.872117789475416,NA,NA,NA,NA,6,2023-07-01,25.633802816901408,1,FALSE,FALSE,FALSE,FALSE,excluded
114,Tomatoes,7842,Nikaweratiya,North Western,Kurunegala,2023-07-01,446,25.633802816901408,25.633802816901408,6.100318952020064,0.22820116254464828,NA,NA,25.633802816901408,7,2023-08-01,34.97757847533632,1,FALSE,FALSE,FALSE,FALSE,excluded
114,Tomatoes,7842,Nikaweratiya,North Western,Kurunegala,2023-08-01,290,-34.97757847533632,34.97757847533632,5.66988092298052,-0.43043802903954465,25.633802816901408,0.46572823872440844,30.305690646118865,8,2023-09-01,21.551724137931032,1,TRUE,FALSE,FALSE,FALSE,train
114,Tomatoes,7842,Nikaweratiya,North Western,Kurunegala,2023-09-01,227.5,-21.551724137931032,21.551724137931032,5.427150238391005,-0.24273068458951474,34.97757847533632,0.3393170681669177,27.387701810056253,9,2023-10-01,15.164835164835164,1,TRUE,FALSE,FALSE,FALSE,train
114,Tomatoes,7842,Nikaweratiya,North Western,Kurunegala,2023-10-01,262,15.164835164835164,15.164835164835164,5.568344503761097,0.14119426537009172,21.551724137931032,0.2913748714783053,23.898045926034172,10,2023-11-01,27.86259541984733,1,TRUE,FALSE,FALSE,FALSE,train
114,Tomatoes,7842,Nikaweratiya,North Western,Kurunegala,2023-11-01,335,27.86259541984733,27.86259541984733,5.814130531825066,0.24578602806396965,15.164835164835164,0.257224409989496,21.526384907537842,11,2023-12-01,90.74626865671642,1,TRUE,FALSE,FALSE,FALSE,train
114,Tomatoes,7842,Nikaweratiya,North Western,Kurunegala,2023-12-01,639,90.74626865671642,90.74626865671642,6.459904454377535,0.6457739225524683,27.86259541984733,0.2663113412915541,44.59123308046631,12,2024-01-01,3.599374021909233,0,TRUE,FALSE,TRUE,FALSE,train
114,Tomatoes,7842,Nikaweratiya,North Western,Kurunegala,2024-01-01,662,3.599374021909233,3.599374021909233,6.495265555937008,0.035361101559473695,90.74626865671642,0.31007331860502246,40.73607936615766,1,2024-02-01,32.087613293051355,1,TRUE,FALSE,FALSE,FALSE,train
114,Tomatoes,7842,Nikaweratiya,North Western,Kurunegala,2024-02-01,874.42,32.087613293051355,32.087613293051355,6.773560809427831,0.27829525349082296,3.599374021909233,0.3073167167658765,42.14441865722567,2,2024-03-01,51.39635415475401,1,TRUE,FALSE,FALSE,FALSE,train
114,Tomatoes,7842,Nikaweratiya,North Western,Kurunegala,2024-03-01,425,-51.39635415475401,51.39635415475401,6.052089168924417,-0.7214716405034141,32.087613293051355,0.5214317858806201,29.027780489904867,3,2024-04-01,46.82352941176471,1,TRUE,FALSE,TRUE,FALSE,train
114,Tomatoes,7842,Nikaweratiya,North Western,Kurunegala,2024-04-01,226,-46.82352941176471,46.82352941176471,5.420534999272286,-0.631554169652131,51.39635415475401,0.5530890474846315,43.43583228652336,4,2024-05-01,1.7699115044247788,0,TRUE,FALSE,FALSE,FALSE,train
114,Tomatoes,7842,Nikaweratiya,North Western,Kurunegala,2024-05-01,230,1.7699115044247788,1.7699115044247788,5.438079308923196,0.017544309650909362,46.82352941176471,0.4032283393604481,33.329931690314496,5,2024-07-01,NA,0,TRUE,TRUE,FALSE,FALSE,inference
114,Tomatoes,7842,Nikaweratiya,North Western,Kurunegala,2024-07-01,484.13,NA,NA,6.1823534656927635,NA,1.7699115044247788,0.4589819363730557,24.296720458094743,7,2024-08-01,29.87420734100345,1,TRUE,FALSE,FALSE,FALSE,train
114,Tomatoes,7842,Nikaweratiya,North Western,Kurunegala,2024-08-01,339.5,-29.87420734100345,29.87420734100345,5.827473946998751,-0.3548795186940126,NA,0.2633434144981491,15.822059422714116,8,2024-09-01,17.849779086892497,1,FALSE,FALSE,FALSE,FALSE,excluded
114,Tomatoes,7842,Nikaweratiya,North Western,Kurunegala,2024-09-01,278.9,-17.849779086892497,17.849779086892497,5.630853294633443,-0.1966206523653078,29.87420734100345,0.11190591756392253,23.861993213947976,9,2024-10-01,18.501254930082474,1,TRUE,FALSE,FALSE,FALSE,train
114,Tomatoes,7842,Nikaweratiya,North Western,Kurunegala,2024-10-01,330.5,18.501254930082474,18.501254930082474,5.800606659291741,0.16975336465829827,17.849779086892497,0.26910823455015886,22.075080452659474,10,2024-11-01,1.6641452344931922,0,TRUE,FALSE,FALSE,FALSE,train
114,Tomatoes,7842,Nikaweratiya,North Western,Kurunegala,2024-11-01,336,1.6641452344931922,1.6641452344931922,5.817111159963204,0.016504500671462807,18.501254930082474,0.1840006637307848,12.671726417156055,11,2024-12-01,31.69642857142857,1,TRUE,FALSE,FALSE,FALSE,train
114,Tomatoes,7842,Nikaweratiya,North Western,Kurunegala,2024-12-01,442.5,31.69642857142857,31.69642857142857,6.092440464447984,0.27532930448477977,1.6641452344931922,0.1301420841827004,17.287276245334745,12,2025-03-01,NA,0,TRUE,TRUE,FALSE,FALSE,inference
114,Tomatoes,7842,Nikaweratiya,North Western,Kurunegala,2025-03-01,349.5,NA,NA,5.856503561673865,NA,31.69642857142857,0.1830167739156742,16.68028690296088,3,2025-04-01,75.3934191702432,1,TRUE,FALSE,FALSE,FALSE,validation
114,Tomatoes,7842,Nikaweratiya,North Western,Kurunegala,2025-04-01,613,75.3934191702432,75.3934191702432,6.418364935936212,0.5618613742623468,NA,0.20260876956713467,53.54492387083589,4,2025-05-01,47.63458401305057,1,FALSE,FALSE,TRUE,FALSE,excluded
114,Tomatoes,7842,Nikaweratiya,North Western,Kurunegala,2025-05-01,905,47.63458401305057,47.63458401305057,6.807934943699926,0.3895700077637141,75.3934191702432,0.12182839359107997,61.51400159164689,5,2025-06-01,46.78453038674033,1,TRUE,FALSE,FALSE,FALSE,test
114,Tomatoes,7842,Nikaweratiya,North Western,Kurunegala,2025-06-01,481.6,-46.78453038674033,46.78453038674033,6.177113893994611,-0.6308210497053146,47.63458401305057,0.6446411908410892,56.604177856678035,6,2025-07-01,54.31893687707642,1,TRUE,FALSE,FALSE,FALSE,test
114,Tomatoes,7842,Nikaweratiya,North Western,Kurunegala,2025-07-01,220,-54.31893687707642,54.31893687707642,5.393627546352362,-0.7834863476422491,46.78453038674033,0.6377781506024459,49.57935042562244,7,2025-08-01,8.863636363636363,0,TRUE,FALSE,TRUE,FALSE,test
114,Tomatoes,7842,Nikaweratiya,North Western,Kurunegala,2025-08-01,239.5,8.863636363636363,8.863636363636363,5.4785534168509695,0.08492587049860756,54.31893687707642,0.4636342178182954,36.65570120915103,8,2025-09-01,3.2150313152400787,0,TRUE,FALSE,FALSE,FALSE,test
114,Tomatoes,7842,Nikaweratiya,North Western,Kurunegala,2025-09-01,247.2,3.2150313152400787,3.2150313152400787,5.510197725583535,0.03164430873256574,8.863636363636363,0.48672659889007297,22.132534851984285,9,NA,NA,0,TRUE,TRUE,FALSE,FALSE,inference
114,Tomatoes,7843,Mullativu,Northern,Mullattivu,2023-06-01,347.5,NA,NA,5.850764665004847,NA,NA,NA,NA,6,2023-07-01,28.690647482014388,1,FALSE,FALSE,FALSE,FALSE,excluded
114,Tomatoes,7843,Mullativu,Northern,Mullattivu,2023-07-01,447.2,28.690647482014388,28.690647482014388,6.103005921840889,0.2522412568360428,NA,NA,28.690647482014388,7,2023-08-01,34.14579606440071,1,FALSE,FALSE,FALSE,FALSE,excluded
114,Tomatoes,7843,Mullativu,Northern,Mullattivu,2023-08-01,294.5,-34.14579606440071,34.14579606440071,5.685279003091641,-0.4177269187492483,28.690647482014388,0.4737390401355389,31.41822177320755,8,2023-09-01,26.6553480475382,1,TRUE,FALSE,FALSE,FALSE,train
114,Tomatoes,7843,Mullativu,Northern,Mullattivu,2023-09-01,216,-26.6553480475382,26.6553480475382,5.375278407684165,-0.3100005954074758,34.14579606440071,0.35976339851167977,29.830597197984435,9,2024-05-01,NA,0,TRUE,TRUE,FALSE,FALSE,inference
114,Tomatoes,7843,Mullativu,Northern,Mullattivu,2024-05-01,199.67,NA,NA,5.296666003798806,NA,26.6553480475382,0.07617401374726196,30.400572055969455,5,2024-06-01,207.75780037061153,1,TRUE,FALSE,FALSE,FALSE,train
114,Tomatoes,7843,Mullativu,Northern,Mullattivu,2024-06-01,614.5,207.75780037061153,207.75780037061153,6.42080892900609,1.124142925207284,NA,1.014092608621446,117.20657420907487,6,2024-07-01,20.716029292107407,1,FALSE,FALSE,TRUE,FALSE,excluded
114,Tomatoes,7843,Mullativu,Northern,Mullattivu,2024-07-01,487.2,-20.716029292107407,20.716029292107407,6.1886747163956874,-0.23213421261040246,207.75780037061153,0.9590327613191678,114.23691483135947,7,2024-08-01,37.5,1,TRUE,FALSE,FALSE,FALSE,train
114,Tomatoes,7843,Mullativu,Northern,Mullattivu,2024-08-01,304.5,-37.5,37.5,5.718671087149952,-0.4700036292457357,20.716029292107407,0.8599779814053191,88.65794322090632,8,2024-09-01,7.389162561576355,0,TRUE,FALSE,FALSE,FALSE,train
114,Tomatoes,7843,Mullativu,Northern,Mullattivu,2024-09-01,282,-7.389162561576355,7.389162561576355,5.641907070938114,-0.07676401621183793,37.5,0.19805687338001843,21.868397284561254,9,2024-10-01,31.73758865248227,1,TRUE,FALSE,FALSE,FALSE,train
114,Tomatoes,7843,Mullativu,Northern,Mullattivu,2024-10-01,371.5,31.73758865248227,31.73758865248227,5.917548864157814,0.27564179321969995,7.389162561576355,0.37300901325656216,25.542250404686207,10,2024-11-01,3.3647375504710633,0,TRUE,FALSE,FALSE,FALSE,train
114,Tomatoes,7843,Mullativu,Northern,Mullattivu,2024-11-01,359,-3.3647375504710633,3.3647375504710633,5.883322388488279,-0.034226475669535183,31.73758865248227,0.19236148303861697,14.163829588176563,11,2024-12-01,28.27298050139276,1,TRUE,FALSE,FALSE,FALSE,train
114,Tomatoes,7843,Mullativu,Northern,Mullattivu,2024-12-01,460.5,28.27298050139276,28.27298050139276,6.1323128556953614,0.24899046720708284,3.3647375504710633,0.17172675678483132,21.12510223478203,12,2025-01-01,9.229098805646037,0,TRUE,FALSE,FALSE,FALSE,train
114,Tomatoes,7843,Mullativu,Northern,Mullattivu,2025-01-01,418,-9.229098805646037,9.229098805646037,6.035481432524756,-0.09683142317060511,28.27298050139276,0.18426611012716856,13.622272285836619,1,2025-02-01,25.598086124401913,1,TRUE,FALSE,FALSE,FALSE,validation
114,Tomatoes,7843,Mullativu,Northern,Mullattivu,2025-02-01,311,-25.598086124401913,25.598086124401913,5.739792912179234,-0.2956885203455224,9.229098805646037,0.2756241778347717,21.033388477146904,2,2025-03-01,8.424437299035366,0,TRUE,FALSE,FALSE,FALSE,validation
114,Tomatoes,7843,Mullativu,Northern,Mullattivu,2025-03-01,284.8,-8.424437299035366,8.424437299035366,5.651787179537821,-0.0880057326414132,25.598086124401913,0.11744089167087533,14.41720740969444,3,2025-04-01,121.73455056179773,1,TRUE,FALSE,FALSE,FALSE,validation
114,Tomatoes,7843,Mullativu,Northern,Mullattivu,2025-04-01,631.5,121.73455056179773,121.73455056179773,6.448097941790546,0.796310762252725,8.424437299035366,0.5798865171516308,51.919024661745006,4,2025-05-01,51.93982581155978,1,TRUE,FALSE,TRUE,FALSE,test
114,Tomatoes,7843,Mullativu,Northern,Mullattivu,2025-05-01,959.5,51.93982581155978,51.93982581155978,6.8664123154477545,0.4183143736572088,121.73455056179773,0.4437072952174956,60.69960455746429,5,2025-06-01,41.01094319958312,1,TRUE,FALSE,TRUE,FALSE,test
114,Tomatoes,7843,Mullativu,Northern,Mullattivu,2025-06-01,566,-41.01094319958312,41.01094319958312,6.338594078203183,-0.5278182372445714,51.93982581155978,0.6820759726150726,71.5617731909802,6,2025-07-01,57.06713780918727,1,TRUE,FALSE,FALSE,FALSE,test
114,Tomatoes,7843,Mullativu,Northern,Mullattivu,2025-07-01,243,-57.06713780918727,57.06713780918727,5.493061443340548,-0.8455326348626349,41.01094319958312,0.6574469074648013,50.00596894011006,7,2025-08-01,14.814814814814813,1,TRUE,FALSE,TRUE,FALSE,test
114,Tomatoes,7843,Mullativu,Northern,Mullattivu,2025-08-01,207,-14.814814814814813,14.814814814814813,5.332718793265369,-0.16034265007517945,57.06713780918727,0.3428960145759284,37.6309652745284,8,2025-09-01,15.458937198067632,1,TRUE,FALSE,FALSE,FALSE,test
114,Tomatoes,7843,Mullativu,Northern,Mullattivu,2025-09-01,239,15.458937198067632,15.458937198067632,5.476463551931511,0.14374475866614222,14.814814814814813,0.5067254728080312,29.113629940689904,9,NA,NA,0,TRUE,TRUE,FALSE,FALSE,inference
