commodity_id,commodity,market_id,market,admin1,admin2,date,price,monthly_change_pct,absolute_change_pct,spike_flag,month_inserted,n_merged
108,Lentils,360,Ampara,Eastern,Ampara,2023-06-01,287.35,NA,NA,FALSE,FALSE,1
108,Lentils,360,Ampara,Eastern,Ampara,2023-07-01,283.58,-1.3119888637550159,1.3119888637550159,FALSE,FALSE,1
108,Lentils,360,Ampara,Eastern,Ampara,2023-08-01,295.56,4.224557444107489,4.224557444107489,FALSE,FALSE,1
108,Lentils,360,Ampara,Eastern,Ampara,2023-09-01,317.4,7.389362565976443,7.389362565976443,FALSE,FALSE,1
108,Lentils,360,Ampara,Eastern,Ampara,2023-10-01,304.5,-4.06427221172022,4.06427221172022,FALSE,FALSE,1
108,Lentils,360,Ampara,Eastern,Ampara,2023-11-01,306.77,0.7454844006568085,0.7454844006568085,FALSE,FALSE,1
108,Lentils,360,Ampara,Eastern,Ampara,2023-12-01,313.33,2.1384098836261702,2.1384098836261702,FALSE,FALSE,1
108,Lentils,360,Ampara,Eastern,Ampara,2024-01-01,312.5,-0.2648964350684531,0.2648964350684531,FALSE,FALSE,1
108,Lentils,360,Ampara,Eastern,Ampara,2024-02-01,311.56,-0.3007999999999993,0.3007999999999993,FALSE,FALSE,1
108,Lentils,360,Ampara,Eastern,Ampara,2024-03-01,305.31,-2.0060341507253816,2.0060341507253816,FALSE,FALSE,1
108,Lentils,360,Ampara,Eastern,Ampara,2024-04-01,294.42,-3.566866463594375,3.566866463594375,FALSE,FALSE,1
108,Lentils,360,Ampara,Eastern,Ampara,2024-05-01,295.46,0.3532368724950627,0.3532368724950627,FALSE,FALSE,1
108,Lentils,360,Ampara,Eastern,Ampara,2024-06-01,295.46,0,0,FALSE,FALSE,1
108,Lentils,360,Ampara,Eastern,Ampara,2024-07-01,295.81,0.11845935151967195,0.11845935151967195,FALSE,FALSE,1
108,Lentils,360,Ampara,Eastern,Ampara,2024-08-01,295.92,0.03718603157432597,0.03718603157432597,FALSE,FALSE,1
108,Lentils,360,Ampara,Eastern,Ampara,2024-09-01,277.25,-6.309137604758047,6.309137604758047,FALSE,FALSE,1
108,Lentils,360,Ampara,Eastern,Ampara,2024-10-01,284.62,2.6582506762849434,2.6582506762849434,FALSE,FALSE,1
108,Lentils,360,Ampara,Eastern,Ampara,2024-11-01,286.25,0.5726934157824451,0.5726934157824451,FALSE,FALSE,1
108,Lentils,360,Ampara,Eastern,Ampara,2024-12-01,284.27,-0.6917030567685654,0.6917030567685654,FALSE,FALSE,1
108,Lentils,360,Ampara,Eastern,Ampara,2025-01-01,284.67,0.14071129559926623,0.14071129559926623,FALSE,FALSE,1
108,Lentils,360,Ampara,Eastern,Ampara,2025-02-01,280.83,-1.3489303403941517,1.3489303403941517,FALSE,FALSE,1
108,Lentils,360,Ampara,Eastern,Ampara,2025-03-01,274.5,-2.254032688815292,2.254032688815292,FALSE,FALSE,1
108,Lentils,360,Ampara,Eastern,Ampara,2025-04-01,271.67,-1.0309653916211237,1.0309653916211237,FALSE,FALSE,1
108,Lentils,360,Ampara,Eastern,Ampara,2025-05-01,266.04,-2.0723672102182777,2.0723672102182777,FALSE,FALSE,1
108,Lentils,360,Ampara,Eastern,Ampara,2025-06-01,265.5,-0.20297699594046775,0.20297699594046775,FALSE,FALSE,1
108,Lentils,360,Ampara,Eastern,Ampara,2025-07-01,261.88,-1.3634651600753314,1.3634651600753314,FALSE,FALSE,1
108,Lentils,360,Ampara,Eastern,Ampara,2025-08-01,256.67,-1.9894608217504124,1.9894608217504124,FALSE,FALSE,1
108,Lentils,360,Ampara,Eastern,Ampara,2025-09-01,255.33,-0.522071141933223,0.522071141933223,FALSE,FALSE,1
108,Lentils,361,Batticaloa,Eastern,Batticaloa,2023-06-01,304.65,NA,NA,FALSE,FALSE,1
108,Lentils,361,Batticaloa,Eastern,Batticaloa,2023-07-01,297.76,-2.2616116855407804,2.2616116855407804,FALSE,FALSE,1
108,Lentils,361,Batticaloa,Eastern,Batticaloa,2023-08-01,314.4,5.588393336915632,5.588393336915632,FALSE,FALSE,1
108,Lentils,361,Batticaloa,Eastern,Batticaloa,2023-09-01,330.05,4.977735368956755,4.977735368956755,FALSE,FALSE,1
108,Lentils,361,Batticaloa,Eastern,Batticaloa,2023-10-01,325.44,-1.3967580669595556,1.3967580669595556,FALSE,FALSE,1
108,Lentils,361,Batticaloa,Eastern,Batticaloa,2023-11-01,323.95,-0.45784169124877366,0.45784169124877366,FALSE,FALSE,1
108,Lentils,361,Batticaloa,Eastern,Batticaloa,2023-12-01,325.3,0.41673097700263095,0.41673097700263095,FALSE,FALSE,1
108,Lentils,361,Batticaloa,Eastern,Batticaloa,2024-01-01,326.28,0.3012603750384142,0.3012603750384142,FALSE,FALSE,1
108,Lentils,361,Batticaloa,Eastern,Batticaloa,2024-02-01,323.05,-0.9899472845408733,0.9899472845408733,FALSE,FALSE,1
108,Lentils,361,Batticaloa,Eastern,Batticaloa,2024-03-01,319.85,-0.9905587370376067,0.9905587370376067,FALSE,FALSE,1
108,Lentils,361,Batticaloa,Eastern,Batticaloa,2024-04-01,318.88,-0.30326715647960834,0.30326715647960834,FALSE,FALSE,1
108,Lentils,361,Batticaloa,Eastern,Batticaloa,2024-05-01,317.3,-0.4954841946813799,0.4954841946813799,FALSE,FALSE,1
108,Lentils,361,Batticaloa,Eastern,Batticaloa,2024-06-01,317.3,0,0,FALSE,FALSE,1
108,Lentils,361,Batticaloa,Eastern,Batticaloa,2024-07-01,314,-1.0400252127324334,1.0400252127324334,FALSE,FALSE,1
108,Lentils,361,Batticaloa,Eastern,Batticaloa,2024-08-01,301.8,-3.885350318471334,3.885350318471334,FALSE,FALSE,1
108,Lentils,361,Batticaloa,Eastern,Batticaloa,2024-09-01,NA,NA,NA,FALSE,TRUE,NA
108,Lentils,361,Batticaloa,Eastern,Batticaloa,2024-10-01,NA,NA,NA,FALSE,TRUE,NA
108,Lentils,361,Batticaloa,Eastern,Batticaloa,2024-11-01,NA,NA,NA,FALSE,TRUE,NA
108,Lentils,361,Batticaloa,Eastern,Batticaloa,2024-12-01,297.5,NA,NA,FALSE,FALSE,1
108,Lentils,361,Batticaloa,Eastern,Batticaloa,2025-01-01,293.75,-1.2605042016806722,1.2605042016806722,FALSE,FALSE,1
108,Lentils,361,Batticaloa,Eastern,Batticaloa,2025-02-01,292.5,-0.425531914893617,0.425531914893617,FALSE,FALSE,1
108,Lentils,361,Batticaloa,Eastern,Batticaloa,2025-03-01,287.75,-1.6239316239316242,1.6239316239316242,FALSE,FALSE,1
108,Lentils,361,Batticaloa,Eastern,Batticaloa,2025-04-01,286.25,-0.5212858384013901,0.5212858384013901,FALSE,FALSE,1
108,Lentils,361,Batticaloa,Eastern,Batticaloa,2025-05-01,NA,NA,NA,FALSE,TRUE,NA
108,Lentils,361,Batticaloa,Eastern,Batticaloa,2025-06-01,293.75,NA,NA,FALSE,FALSE,1
108,Lentils,361,Batticaloa,Eastern,Batticaloa,2025-07-01,277.81,-5.426382978723403,5.426382978723403,FALSE,FALSE,1
108,Lentils,361,Batticaloa,Eastern,Batticaloa,2025-08-01,285,2.5880997804254697,2.5880997804254697,FALSE,FALSE,1
108,Lentils,361,Batticaloa,Eastern,Batticaloa,2025-09-01,291,2.1052631578947367,2.1052631578947367,FALSE,FALSE,1
108,Lentils,362,Jaffna,Northern,Jaffna,2023-06-01,293.96,NA,NA,FALSE,FALSE,1
108,Lentils,362,Jaffna,Northern,Jaffna,2023-07-01,283.33,-3.6161382501020536,3.6161382501020536,FALSE,FALSE,1
108,Lentils,362,Jaffna,Northern,Jaffna,2023-08-01,291.67,2.9435640419299163,2.9435640419299163,FALSE,FALSE,1
108,Lentils,362,Jaffna,Northern,Jaffna,2023-09-01,294.08,0.826276271128319,0.826276271128319,FALSE,FALSE,1
108,Lentils,362,Jaffna,Northern,Jaffna,2023-10-01,328.6,11.738302502720362,11.738302502720362,FALSE,FALSE,1
108,Lentils,362,Jaffna,Northern,Jaffna,2023-11-01,321,-2.3128423615337863,2.3128423615337863,FALSE,FALSE,1
108,Lentils,362,Jaffna,Northern,Jaffna,2023-12-01,317.75,-1.0124610591900312,1.0124610591900312,FALSE,FALSE,1
108,Lentils,362,Jaffna,Northern,Jaffna,2024-01-01,317.2,-0.17309205350118376,0.17309205350118376,FALSE,FALSE,1
108,Lentils,362,Jaffna,Northern,Jaffna,2024-02-01,317,-0.06305170239596111,0.06305170239596111,FALSE,FALSE,1
108,Lentils,362,Jaffna,Northern,Jaffna,2024-03-01,319.25,0.7097791798107256,0.7097791798107256,FALSE,FALSE,1
108,Lentils,362,Jaffna,Northern,Jaffna,2024-04-01,319,-0.07830853563038372,0.07830853563038372,FALSE,FALSE,1
108,Lentils,362,Jaffna,Northern,Jaffna,2024-05-01,317,-0.6269592476489028,0.6269592476489028,FALSE,FALSE,1
108,Lentils,362,Jaffna,Northern,Jaffna,2024-06-01,315,-0.6309148264984227,0.6309148264984227,FALSE,FALSE,1
108,Lentils,362,Jaffna,Northern,Jaffna,2024-07-01,313.75,-0.3968253968253968,0.3968253968253968,FALSE,FALSE,1
108,Lentils,362,Jaffna,Northern,Jaffna,2024-08-01,307.25,-2.0717131474103585,2.0717131474103585,FALSE,FALSE,1
108,Lentils,362,Jaffna,Northern,Jaffna,2024-09-01,290,-5.614320585842148,5.614320585842148,FALSE,FALSE,1
108,Lentils,362,Jaffna,Northern,Jaffna,2024-10-01,296,2.0689655172413794,2.0689655172413794,FALSE,FALSE,1
108,Lentils,362,Jaffna,Northern,Jaffna,2024-11-01,294.5,-0.5067567567567568,0.5067567567567568,FALSE,FALSE,1
108,Lentils,362,Jaffna,Northern,Jaffna,2024-12-01,296.8,0.7809847198641804,0.7809847198641804,FALSE,FALSE,1
108,Lentils,362,Jaffna,Northern,Jaffna,2025-01-01,297.75,0.3200808625336889,0.3200808625336889,FALSE,FALSE,1
108,Lentils,362,Jaffna,Northern,Jaffna,2025-02-01,297,-0.2518891687657431,0.2518891687657431,FALSE,FALSE,1
108,Lentils,362,Jaffna,Northern,Jaffna,2025-03-01,296.5,-0.16835016835016833,0.16835016835016833,FALSE,FALSE,1
108,Lentils,362,Jaffna,Northern,Jaffna,2025-04-01,NA,NA,NA,FALSE,TRUE,NA
108,Lentils,362,Jaffna,Northern,Jaffna,2025-05-01,NA,NA,NA,FALSE,TRUE,NA
108,Lentils,362,Jaffna,Northern,Jaffna,2025-06-01,271,NA,NA,FALSE,FALSE,1
108,Lentils,362,Jaffna,Northern,Jaffna,2025-07-01,262.25,-3.2287822878228782,3.2287822878228782,FALSE,FALSE,1
108,Lentils,362,Jaffna,Northern,Jaffna,2025-08-01,254,-3.145853193517636,3.145853193517636,FALSE,FALSE,1
108,Lentils,362,Jaffna,Northern,Jaffna,2025-09-01,254.4,0.15748031496063214,0.15748031496063214,FALSE,FALSE,1
108,Lentils,363,Kilinochchi,Northern,Kilinochchi,2023-06-01,307.75,NA,NA,FALSE,FALSE,1
108,Lentils,363,Kilinochchi,Northern,Kilinochchi,2023-07-01,297.6,-3.2981316003249312,3.2981316003249312,FALSE,FALSE,1
108,Lentils,363,Kilinochchi,Northern,Kilinochchi,2023-08-01,324.5,9.038978494623647,9.038978494623647,FALSE,FALSE,1
108,Lentils,363,Kilinochchi,Northern,Kilinochchi,2023-09-01,332.25,2.3882896764252695,2.3882896764252695,FALSE,FALSE,1
108,Lentils,363,Kilinochchi,Northern,Kilinochchi,2023-10-01,325.6,-2.001504890895403,2.001504890895403,FALSE,FALSE,1
108,Lentils,363,Kilinochchi,Northern,Kilinochchi,2023-11-01,325.5,-0.030712530712537694,0.030712530712537694,FALSE,FALSE,1
108,Lentils,363,Kilinochchi,Northern,Kilinochchi,2023-12-01,326.75,0.38402457757296465,0.38402457757296465,FALSE,FALSE,1
108,Lentils,363,Kilinochchi,Northern,Kilinochchi,2024-01-01,326.8,0.01530221882173263,0.01530221882173263,FALSE,FALSE,1
108,Lentils,363,Kilinochchi,Northern,Kilinochchi,2024-02-01,325,-0.5507955936352543,0.5507955936352543,FALSE,FALSE,1
108,Lentils,363,Kilinochchi,Northern,Kilinochchi,2024-03-01,317,-2.4615384615384617,2.4615384615384617,FALSE,FALSE,1
108,Lentils,363,Kilinochchi,Northern,Kilinochchi,2024-04-01,317.2,0.06309148264983869,0.06309148264983869,FALSE,FALSE,1
108,Lentils,363,Kilinochchi,Northern,Kilinochchi,2024-05-01,321.25,1.2767969735182885,1.2767969735182885,FALSE,FALSE,1
108,Lentils,363,Kilinochchi,Northern,Kilinochchi,2024-06-01,321.25,0,0,FALSE,FALSE,1
108,Lentils,363,Kilinochchi,Northern,Kilinochchi,2024-07-01,315.2,-1.883268482490276,1.883268482490276,FALSE,FALSE,1
108,Lentils,363,Kilinochchi,Northern,Kilinochchi,2024-08-01,304.25,-3.4739847715736003,3.4739847715736003,FALSE,FALSE,1
108,Lentils,363,Kilinochchi,Northern,Kilinochchi,2024-09-01,299.72,-1.4889071487263674,1.4889071487263674,FALSE,FALSE,1
108,Lentils,363,Kilinochchi,Northern,Kilinochchi,2024-10-01,304.75,1.678233017482975,1.678233017482975,FALSE,FALSE,1
108,Lentils,363,Kilinochchi,Northern,Kilinochchi,2024-11-01,305,0.08203445447087777,0.08203445447087777,FALSE,FALSE,1
108,Lentils,363,Kilinochchi,Northern,Kilinochchi,2024-12-01,304.6,-0.1311475409835991,0.1311475409835991,FALSE,FALSE,1
108,Lentils,363,Kilinochchi,Northern,Kilinochchi,2025-01-01,305,0.131319763624418,0.131319763624418,FALSE,FALSE,1
108,Lentils,363,Kilinochchi,Northern,Kilinochchi,2025-02-01,300,-1.639344262295082,1.639344262295082,FALSE,FALSE,1
108,Lentils,363,Kilinochchi,Northern,Kilinochchi,2025-03-01,291.4,-2.8666666666666742,2.8666666666666742,FALSE,FALSE,1
108,Lentils,363,Kilinochchi,Northern,Kilinochchi,2025-04-01,285,-2.1962937542896284,2.1962937542896284,FALSE,FALSE,1
108,Lentils,363,Kilinochchi,Northern,Kilinochchi,2025-05-01,284.5,-0.17543859649122806,0.17543859649122806,FALSE,FALSE,1
108,Lentils,363,Kilinochchi,Northern,Kilinochchi,2025-06-01,276.5,-2.8119507908611596,2.8119507908611596,FALSE,FALSE,1
108,Lentils,363,Kilinochchi,Northern,Kilinochchi,2025-07-01,NA,NA,NA,FALSE,TRUE,NA
108,Lentils,363,Kilinochchi,Northern,Kilinochchi,2025-08-01,NA,NA,NA,FALSE,TRUE,NA
108,Lentils,363,Kilinochchi,Northern,Kilinochchi,2025-09-01,258.16,NA,NA,FALSE,FALSE,1
108,Lentils,364,Mannar,Northern,Mannar,2023-06-01,297.5,NA,NA,FALSE,FALSE,1
108,Lentils,364,Mannar,Northern,Mannar,2023-07-01,307.8,3.4621848739495835,3.4621848739495835,FALSE,FALSE,1
108,Lentils,364,Mannar,Northern,Mannar,2023-08-01,313.5,1.8518518518518479,1.8518518518518479,FALSE,FALSE,1
108,Lentils,364,Mannar,Northern,Mannar,2023-09-01,340,8.452950558213717,8.452950558213717,FALSE,FALSE,1
108,Lentils,364,Mannar,Northern,Mannar,2023-10-01,332.2,-2.294117647058827,2.294117647058827,FALSE,FALSE,1
108,Lentils,364,Mannar,Northern,Mannar,2023-11-01,336,1.1438892233594253,1.1438892233594253,FALSE,FALSE,1
108,Lentils,364,Mannar,Northern,Mannar,2023-12-01,336,0,0,FALSE,FALSE,1
108,Lentils,364,Mannar,Northern,Mannar,2024-01-01,336,0,0,FALSE,FALSE,1
108,Lentils,364,Mannar,Northern,Mannar,2024-02-01,332,-1.1904761904761905,1.1904761904761905,FALSE,FALSE,1
108,Lentils,364,Mannar,Northern,Mannar,2024-03-01,332,0,0,FALSE,FALSE,1
108,Lentils,364,Mannar,Northern,Mannar,2024-04-01,316,-4.819277108433735,4.819277108433735,FALSE,FALSE,1
108,Lentils,364,Mannar,Northern,Mannar,2024-05-01,316.33,0.10443037974683039,0.10443037974683039,FALSE,FALSE,1
108,Lentils,364,Mannar,Northern,Mannar,2024-06-01,316.33,0,0,FALSE,FALSE,1
108,Lentils,364,Mannar,Northern,Mannar,2024-07-01,323.5,2.266620301583794,2.266620301583794,FALSE,FALSE,1
108,Lentils,364,Mannar,Northern,Mannar,2024-08-01,313,-3.2457496136012365,3.2457496136012365,FALSE,FALSE,1
108,Lentils,364,Mannar,Northern,Mannar,2024-09-01,310.8,-0.7028753993610187,0.7028753993610187,FALSE,FALSE,1
108,Lentils,364,Mannar,Northern,Mannar,2024-10-01,312,0.38610038610038244,0.38610038610038244,FALSE,FALSE,1
108,Lentils,364,Mannar,Northern,Mannar,2024-11-01,310.5,-0.4807692307692308,0.4807692307692308,FALSE,FALSE,1
108,Lentils,364,Mannar,Northern,Mannar,2024-12-01,305.6,-1.578099838969397,1.578099838969397,FALSE,FALSE,1
108,Lentils,364,Mannar,Northern,Mannar,2025-01-01,313.5,2.585078534031406,2.585078534031406,FALSE,FALSE,1
108,Lentils,364,Mannar,Northern,Mannar,2025-02-01,NA,NA,NA,FALSE,TRUE,NA
108,Lentils,364,Mannar,Northern,Mannar,2025-03-01,NA,NA,NA,FALSE,TRUE,NA
108,Lentils,364,Mannar,Northern,Mannar,2025-04-01,NA,NA,NA,FALSE,TRUE,NA
108,Lentils,364,Mannar,Northern,Mannar,2025-05-01,NA,NA,NA,FALSE,TRUE,NA
108,Lentils,364,Mannar,Northern,Mannar,2025-06-01,292.5,NA,NA,FALSE,FALSE,1
108,Lentils,364,Mannar,Northern,Mannar,2025-07-01,284.69,-2.670085470085471,2.670085470085471,FALSE,FALSE,1
108,Lentils,364,Mannar,Northern,Mannar,2025-08-01,272.25,-4.369665249920966,4.369665249920966,FALSE,FALSE,1
108,Lentils,364,Mannar,Northern,Mannar,2025-09-01,273.6,0.49586776859504966,0.49586776859504966,FALSE,FALSE,1
108,Lentils,366,Trincomalee,Eastern,Trincomalee,2023-06-01,311.85,NA,NA,FALSE,FALSE,1
108,Lentils,366,Trincomalee,Eastern,Trincomalee,2023-07-01,300,-3.7999037999038068,3.7999037999038068,FALSE,FALSE,1
108,Lentils,366,Trincomalee,Eastern,Trincomalee,2023-08-01,303.25,1.0833333333333335,1.0833333333333335,FALSE,FALSE,1
108,Lentils,366,Trincomalee,Eastern,Trincomalee,2023-09-01,321,5.85325638911789,5.85325638911789,FALSE,FALSE,1
108,Lentils,366,Trincomalee,Eastern,Trincomalee,2023-10-01,315.6,-1.6822429906541985,1.6822429906541985,FALSE,FALSE,1
108,Lentils,366,Trincomalee,Eastern,Trincomalee,2023-11-01,315.5,-0.03168567807351798,0.03168567807351798,FALSE,FALSE,1
108,Lentils,366,Trincomalee,Eastern,Trincomalee,2023-12-01,321.25,1.8225039619651346,1.8225039619651346,FALSE,FALSE,1
108,Lentils,366,Trincomalee,Eastern,Trincomalee,2024-01-01,317.96,-1.0241245136186834,1.0241245136186834,FALSE,FALSE,1
108,Lentils,366,Trincomalee,Eastern,Trincomalee,2024-02-01,314.1,-1.2139891810290468,1.2139891810290468,FALSE,FALSE,1
108,Lentils,366,Trincomalee,Eastern,Trincomalee,2024-03-01,323.2,2.897166507481683,2.897166507481683,FALSE,FALSE,1
108,Lentils,366,Trincomalee,Eastern,Trincomalee,2024-04-01,326.13,0.9065594059405963,0.9065594059405963,FALSE,FALSE,1
108,Lentils,366,Trincomalee,Eastern,Trincomalee,2024-05-01,310.55,-4.777236071505223,4.777236071505223,FALSE,FALSE,1
108,Lentils,366,Trincomalee,Eastern,Trincomalee,2024-06-01,310.55,0,0,FALSE,FALSE,1
108,Lentils,366,Trincomalee,Eastern,Trincomalee,2024-07-01,317.08,2.10272097890838,2.10272097890838,FALSE,FALSE,1
108,Lentils,366,Trincomalee,Eastern,Trincomalee,2024-08-01,307.35,-3.0686262142046052,3.0686262142046052,FALSE,FALSE,1
108,Lentils,366,Trincomalee,Eastern,Trincomalee,2024-09-01,302,-1.7406865137465501,1.7406865137465501,FALSE,FALSE,1
108,Lentils,366,Trincomalee,Eastern,Trincomalee,2024-10-01,295.6,-2.119205298013237,2.119205298013237,FALSE,FALSE,1
108,Lentils,366,Trincomalee,Eastern,Trincomalee,2024-11-01,302.85,2.4526387009472255,2.4526387009472255,FALSE,FALSE,1
108,Lentils,366,Trincomalee,Eastern,Trincomalee,2024-12-01,303.76,0.3004787848769913,0.3004787848769913,FALSE,FALSE,1
108,Lentils,366,Trincomalee,Eastern,Trincomalee,2025-01-01,305.7,0.6386621016592039,0.6386621016592039,FALSE,FALSE,1
108,Lentils,366,Trincomalee,Eastern,Trincomalee,2025-02-01,301.2,-1.4720314033366046,1.4720314033366046,FALSE,FALSE,1
108,Lentils,366,Trincomalee,Eastern,Trincomalee,2025-03-01,291.56,-3.200531208499332,3.200531208499332,FALSE,FALSE,1
108,Lentils,366,Trincomalee,Eastern,Trincomalee,2025-04-01,285.6,-2.0441761558512757,2.0441761558512757,FALSE,FALSE,1
108,Lentils,366,Trincomalee,Eastern,Trincomalee,2025-05-01,284.07,-0.535714285714296,0.535714285714296,FALSE,FALSE,1
108,Lentils,366,Trincomalee,Eastern,Trincomalee,2025-06-01,283.32,-0.26401943183018267,0.26401943183018267,FALSE,FALSE,1
108,Lentils,366,Trincomalee,Eastern,Trincomalee,2025-07-01,283.45,0.0458845122123378,0.0458845122123378,FALSE,FALSE,1
108,Lentils,366,Trincomalee,Eastern,Trincomalee,2025-08-01,282.5,-0.3351561121890946,0.3351561121890946,FALSE,FALSE,1
108,Lentils,366,Trincomalee,Eastern,Trincomalee,2025-09-01,282.75,0.08849557522123894,0.08849557522123894,FALSE,FALSE,1
108,Lentils,367,Vavuniya,Northern,Vavuniya,2023-06-01,303.25,NA,NA,FALSE,FALSE,1
108,Lentils,367,Vavuniya,Northern,Vavuniya,2023-07-01,298.92,-1.4278647980214292,1.4278647980214292,FALSE,FALSE,1
108,Lentils,367,Vavuniya,Northern,Vavuniya,2023-08-01,306.75,2.6194299478121184,2.6194299478121184,FALSE,FALSE,1
108,Lentils,367,Vavuniya,Northern,Vavuniya,2023-09-01,328.85,7.204563977180121,7.204563977180121,FALSE,FALSE,1
108,Lentils,367,Vavuniya,Northern,Vavuniya,2023-10-01,323.6,-1.5964725558765394,1.5964725558765394,FALSE,FALSE,1
108,Lentils,367,Vavuniya,Northern,Vavuniya,2023-11-01,NA,NA,NA,FALSE,TRUE,NA
108,Lentils,367,Vavuniya,Northern,Vavuniya,2023-12-01,NA,NA,NA,FALSE,TRUE,NA
108,Lentils,367,Vavuniya,Northern,Vavuniya,2024-01-01,321.76,NA,NA,FALSE,FALSE,1
108,Lentils,367,Vavuniya,Northern,Vavuniya,2024-02-01,321.45,-0.09634510193933438,0.09634510193933438,FALSE,FALSE,1
108,Lentils,367,Vavuniya,Northern,Vavuniya,2024-03-01,322.45,0.31109037175299425,0.31109037175299425,FALSE,FALSE,1
108,Lentils,367,Vavuniya,Northern,Vavuniya,2024-04-01,317.8,-1.4420840440378284,1.4420840440378284,FALSE,FALSE,1
108,Lentils,367,Vavuniya,Northern,Vavuniya,2024-05-01,321.05,1.0226557583385776,1.0226557583385776,FALSE,FALSE,1
108,Lentils,367,Vavuniya,Northern,Vavuniya,2024-06-01,314.15,-2.149197944245455,2.149197944245455,FALSE,FALSE,1
108,Lentils,367,Vavuniya,Northern,Vavuniya,2024-07-01,317.96,1.2127964348241296,1.2127964348241296,FALSE,FALSE,1
108,Lentils,367,Vavuniya,Northern,Vavuniya,2024-08-01,304.27,-4.305573028053843,4.305573028053843,FALSE,FALSE,1
108,Lentils,367,Vavuniya,Northern,Vavuniya,2024-09-01,NA,NA,NA,FALSE,TRUE,NA
108,Lentils,367,Vavuniya,Northern,Vavuniya,2024-10-01,302.8,NA,NA,FALSE,FALSE,1
108,Lentils,367,Vavuniya,Northern,Vavuniya,2024-11-01,NA,NA,NA,FALSE,TRUE,NA
108,Lentils,367,Vavuniya,Northern,Vavuniya,2024-12-01,303.7,NA,NA,FALSE,FALSE,1
108,Lentils,367,Vavuniya,Northern,Vavuniya,2025-01-01,307.8,1.3500164636154175,1.3500164636154175,FALSE,FALSE,1
108,Lentils,367,Vavuniya,Northern,Vavuniya,2025-02-01,313.1,1.7218973359324274,1.7218973359324274,FALSE,FALSE,1
108,Lentils,367,Vavuniya,Northern,Vavuniya,2025-03-01,312.32,-0.249121686362194,0.249121686362194,FALSE,FALSE,1
108,Lentils,367,Vavuniya,Northern,Vavuniya,2025-04-01,287.05,-8.091060450819667,8.091060450819667,FALSE,FALSE,1
108,Lentils,367,Vavuniya,Northern,Vavuniya,2025-05-01,286.2,-0.2961156592928141,0.2961156592928141,FALSE,FALSE,1
108,Lentils,367,Vavuniya,Northern,Vavuniya,2025-06-01,296.3,3.5290006988120277,3.5290006988120277,FALSE,FALSE,1
108,Lentils,367,Vavuniya,Northern,Vavuniya,2025-07-01,287.2,-3.0712116098548843,3.0712116098548843,FALSE,FALSE,1
108,Lentils,367,Vavuniya,Northern,Vavuniya,2025-08-01,NA,NA,NA,FALSE,TRUE,NA
108,Lentils,367,Vavuniya,Northern,Vavuniya,2025-09-01,287.72,NA,NA,FALSE,FALSE,1
108,Lentils,368,Colombo City,Western,Colombo,2023-06-01,310.07,NA,NA,FALSE,FALSE,1
108,Lentils,368,Colombo City,Western,Colombo,2023-07-01,307.36,-0.8739961944077078,0.8739961944077078,FALSE,FALSE,1
108,Lentils,368,Colombo City,Western,Colombo,2023-08-01,325.71,5.970197813638718,5.970197813638718,FALSE,FALSE,1
108,Lentils,368,Colombo City,Western,Colombo,2023-09-01,337.62,3.656627060882388,3.656627060882388,FALSE,FALSE,1
108,Lentils,368,Colombo City,Western,Colombo,2023-10-01,336.88,-0.21918132812037472,0.21918132812037472,FALSE,FALSE,1
108,Lentils,368,Colombo City,Western,Colombo,2023-11-01,338.96,0.6174305390643505,0.6174305390643505,FALSE,FALSE,1
108,Lentils,368,Colombo City,Western,Colombo,2023-12-01,339.87,0.2684682558414046,0.2684682558414046,FALSE,FALSE,1
108,Lentils,368,Colombo City,Western,Colombo,2024-01-01,NA,NA,NA,FALSE,TRUE,NA
108,Lentils,368,Colombo City,Western,Colombo,2024-02-01,NA,NA,NA,FALSE,TRUE,NA
108,Lentils,368,Colombo City,Western,Colombo,2024-03-01,335.56,NA,NA,FALSE,FALSE,1
108,Lentils,368,Colombo City,Western,Colombo,2024-04-01,NA,NA,NA,FALSE,TRUE,NA
108,Lentils,368,Colombo City,Western,Colombo,2024-05-01,328.72,NA,NA,FALSE,FALSE,1
108,Lentils,368,Colombo City,Western,Colombo,2024-06-01,330.12,0.4258943781942009,0.4258943781942009,FALSE,FALSE,1
108,Lentils,368,Colombo City,Western,Colombo,2024-07-01,329.38,-0.2241609111838147,0.2241609111838147,FALSE,FALSE,1
108,Lentils,368,Colombo City,Western,Colombo,2024-08-01,321.09,-2.5168498390916327,2.5168498390916327,FALSE,FALSE,1
108,Lentils,368,Colombo City,Western,Colombo,2024-09-01,313.51,-2.3607088355289747,2.3607088355289747,FALSE,FALSE,1
108,Lentils,368,Colombo City,Western,Colombo,2024-10-01,313.71,0.06379381837899545,0.06379381837899545,FALSE,FALSE,1
108,Lentils,368,Colombo City,Western,Colombo,2024-11-01,307.6,-1.9476586656466028,1.9476586656466028,FALSE,FALSE,1
108,Lentils,368,Colombo City,Western,Colombo,2024-12-01,309.23,0.529908972691806,0.529908972691806,FALSE,FALSE,1
108,Lentils,368,Colombo City,Western,Colombo,2025-01-01,313.31,1.319406267179764,1.319406267179764,FALSE,FALSE,1
108,Lentils,368,Colombo City,Western,Colombo,2025-02-01,NA,NA,NA,FALSE,TRUE,NA
108,Lentils,368,Colombo City,Western,Colombo,2025-03-01,NA,NA,NA,FALSE,TRUE,NA
108,Lentils,368,Colombo City,Western,Colombo,2025-04-01,298.44,NA,NA,FALSE,FALSE,1
108,Lentils,368,Colombo City,Western,Colombo,2025-05-01,291.38,-2.365634633427155,2.365634633427155,FALSE,FALSE,1
108,Lentils,368,Colombo City,Western,Colombo,2025-06-01,289.7,-0.5765666826824102,0.5765666826824102,FALSE,FALSE,1
108,Lentils,368,Colombo City,Western,Colombo,2025-07-01,287.16,-0.876769071453215,0.876769071453215,FALSE,FALSE,1
108,Lentils,368,Colombo City,Western,Colombo,2025-08-01,281.26,-2.0546037052514396,2.0546037052514396,FALSE,FALSE,1
108,Lentils,368,Colombo City,Western,Colombo,2025-09-01,277.07,-1.4897248097845401,1.4897248097845401,FALSE,FALSE,1
108,Lentils,1888,Polonnaruwa,North Central,Polonnaruwa,2023-06-01,302,NA,NA,FALSE,FALSE,1
108,Lentils,1888,Polonnaruwa,North Central,Polonnaruwa,2023-07-01,296.2,-1.9205298013245071,1.9205298013245071,FALSE,FALSE,1
108,Lentils,1888,Polonnaruwa,North Central,Polonnaruwa,2023-08-01,318,7.359891964888593,7.359891964888593,FALSE,FALSE,1
108,Lentils,1888,Polonnaruwa,North Central,Polonnaruwa,2023-09-01,324.25,1.9654088050314464,1.9654088050314464,FALSE,FALSE,1
108,Lentils,1888,Polonnaruwa,North Central,Polonnaruwa,2023-10-01,329.2,1.526599845797992,1.526599845797992,FALSE,FALSE,1
108,Lentils,1888,Polonnaruwa,North Central,Polonnaruwa,2023-11-01,327,-0.668286755771564,0.668286755771564,FALSE,FALSE,1
108,Lentils,1888,Polonnaruwa,North Central,Polonnaruwa,2023-12-01,328,0.3058103975535168,0.3058103975535168,FALSE,FALSE,1
108,Lentils,1888,Polonnaruwa,North Central,Polonnaruwa,2024-01-01,328,0,0,FALSE,FALSE,1
108,Lentils,1888,Polonnaruwa,North Central,Polonnaruwa,2024-02-01,328,0,0,FALSE,FALSE,1
108,Lentils,1888,Polonnaruwa,North Central,Polonnaruwa,2024-03-01,328,0,0,FALSE,FALSE,1
108,Lentils,1888,Polonnaruwa,North Central,Polonnaruwa,2024-04-01,324,-1.2195121951219512,1.2195121951219512,FALSE,FALSE,1
108,Lentils,1888,Polonnaruwa,North Central,Polonnaruwa,2024-05-01,324,0,0,FALSE,FALSE,1
108,Lentils,1888,Polonnaruwa,North Central,Polonnaruwa,2024-06-01,NA,NA,NA,FALSE,TRUE,NA
108,Lentils,1888,Polonnaruwa,North Central,Polonnaruwa,2024-07-01,NA,NA,NA,FALSE,TRUE,NA
108,Lentils,1888,Polonnaruwa,North Central,Polonnaruwa,2024-08-01,309.8,NA,NA,FALSE,FALSE,1
108,Lentils,1888,Polonnaruwa,North Central,Polonnaruwa,2024-09-01,308,-0.5810200129115595,0.5810200129115595,FALSE,FALSE,1
108,Lentils,1888,Polonnaruwa,North Central,Polonnaruwa,2024-10-01,309.5,0.487012987012987,0.487012987012987,FALSE,FALSE,1
108,Lentils,1888,Polonnaruwa,North Central,Polonnaruwa,2024-11-01,310,0.16155088852988692,0.16155088852988692,FALSE,FALSE,1
108,Lentils,1888,Polonnaruwa,North Central,Polonnaruwa,2024-12-01,307.6,-0.7741935483870894,0.7741935483870894,FALSE,FALSE,1
108,Lentils,1888,Polonnaruwa,North Central,Polonnaruwa,2025-01-01,310,0.7802340702210588,0.7802340702210588,FALSE,FALSE,1
108,Lentils,1888,Polonnaruwa,North Central,Polonnaruwa,2025-02-01,308.5,-0.4838709677419355,0.4838709677419355,FALSE,FALSE,1
108,Lentils,1888,Polonnaruwa,North Central,Polonnaruwa,2025-03-01,298.4,-3.2739059967585167,3.2739059967585167,FALSE,FALSE,1
108,Lentils,1888,Polonnaruwa,North Central,Polonnaruwa,2025-04-01,293,-1.8096514745308236,1.8096514745308236,FALSE,FALSE,1
108,Lentils,1888,Polonnaruwa,North Central,Polonnaruwa,2025-05-01,292,-0.3412969283276451,0.3412969283276451,FALSE,FALSE,1
108,Lentils,1888,Polonnaruwa,North Central,Polonnaruwa,2025-06-01,292,0,0,FALSE,FALSE,1
108,Lentils,1888,Polonnaruwa,North Central,Polonnaruwa,2025-07-01,290,-0.684931506849315,0.684931506849315,FALSE,FALSE,1
108,Lentils,1888,Polonnaruwa,North Central,Polonnaruwa,2025-08-01,282,-2.7586206896551726,2.7586206896551726,FALSE,FALSE,1
108,Lentils,1888,Polonnaruwa,North Central,Polonnaruwa,2025-09-01,275.33,-2.36524822695036,2.36524822695036,FALSE,FALSE,1
108,Lentils,1889,Monaragala,Uva,Moneragala,2023-06-01,298,NA,NA,FALSE,FALSE,1
108,Lentils,1889,Monaragala,Uva,Moneragala,2023-07-01,294.4,-1.2080536912751754,1.2080536912751754,FALSE,FALSE,1
108,Lentils,1889,Monaragala,Uva,Moneragala,2023-08-01,306.5,4.110054347826095,4.110054347826095,FALSE,FALSE,1
108,Lentils,1889,Monaragala,Uva,Moneragala,2023-09-01,327,6.688417618270799,6.688417618270799,FALSE,FALSE,1
108,Lentils,1889,Monaragala,Uva,Moneragala,2023-10-01,323.2,-1.1620795107033672,1.1620795107033672,FALSE,FALSE,1
108,Lentils,1889,Monaragala,Uva,Moneragala,2023-11-01,320.5,-0.835396039603957,0.835396039603957,FALSE,FALSE,1
108,Lentils,1889,Monaragala,Uva,Moneragala,2023-12-01,329,2.65210608424337,2.65210608424337,FALSE,FALSE,1
108,Lentils,1889,Monaragala,Uva,Moneragala,2024-01-01,328,-0.303951367781155,0.303951367781155,FALSE,FALSE,1
108,Lentils,1889,Monaragala,Uva,Moneragala,2024-02-01,328,0,0,FALSE,FALSE,1
108,Lentils,1889,Monaragala,Uva,Moneragala,2024-03-01,316,-3.6585365853658534,3.6585365853658534,FALSE,FALSE,1
108,Lentils,1889,Monaragala,Uva,Moneragala,2024-04-01,311.2,-1.5189873417721556,1.5189873417721556,FALSE,FALSE,1
108,Lentils,1889,Monaragala,Uva,Moneragala,2024-05-01,310,-0.3856041131105362,0.3856041131105362,FALSE,FALSE,1
108,Lentils,1889,Monaragala,Uva,Moneragala,2024-06-01,308,-0.6451612903225806,0.6451612903225806,FALSE,FALSE,1
108,Lentils,1889,Monaragala,Uva,Moneragala,2024-07-01,309.6,0.5194805194805269,0.5194805194805269,FALSE,FALSE,1
108,Lentils,1889,Monaragala,Uva,Moneragala,2024-08-01,305,-1.4857881136950977,1.4857881136950977,FALSE,FALSE,1
108,Lentils,1889,Monaragala,Uva,Moneragala,2024-09-01,301.6,-1.1147540983606483,1.1147540983606483,FALSE,FALSE,1
108,Lentils,1889,Monaragala,Uva,Moneragala,2024-10-01,305,1.1273209549071541,1.1273209549071541,FALSE,FALSE,1
108,Lentils,1889,Monaragala,Uva,Moneragala,2024-11-01,303.5,-0.49180327868852464,0.49180327868852464,FALSE,FALSE,1
108,Lentils,1889,Monaragala,Uva,Moneragala,2024-12-01,305.6,0.6919275123558559,0.6919275123558559,FALSE,FALSE,1
108,Lentils,1889,Monaragala,Uva,Moneragala,2025-01-01,307,0.4581151832460658,0.4581151832460658,FALSE,FALSE,1
108,Lentils,1889,Monaragala,Uva,Moneragala,2025-02-01,301,-1.9543973941368076,1.9543973941368076,FALSE,FALSE,1
108,Lentils,1889,Monaragala,Uva,Moneragala,2025-03-01,288,-4.318936877076411,4.318936877076411,FALSE,FALSE,1
108,Lentils,1889,Monaragala,Uva,Moneragala,2025-04-01,285.75,-0.78125,0.78125,FALSE,FALSE,1
108,Lentils,1889,Monaragala,Uva,Moneragala,2025-05-01,280.5,-1.837270341207349,1.837270341207349,FALSE,FALSE,1
108,Lentils,1889,Monaragala,Uva,Moneragala,2025-06-01,278.8,-0.606060606060602,0.606060606060602,FALSE,FALSE,1
108,Lentils,1889,Monaragala,Uva,Moneragala,2025-07-01,282,1.1477761836441853,1.1477761836441853,FALSE,FALSE,1
108,Lentils,1889,Monaragala,Uva,Moneragala,2025-08-01,273,-3.1914893617021276,3.1914893617021276,FALSE,FALSE,1
108,Lentils,1889,Monaragala,Uva,Moneragala,2025-09-01,268.8,-1.5384615384615343,1.5384615384615343,FALSE,FALSE,1
108,Lentils,1906,Anuradhapura,North Central,Anuradhapura,2023-06-01,300,NA,NA,FALSE,FALSE,1
108,Lentils,1906,Anuradhapura,North Central,Anuradhapura,2023-07-01,293.2,-2.26666666666667,2.26666666666667,FALSE,FALSE,1
108,Lentils,1906,Anuradhapura,North Central,Anuradhapura,2023-08-01,306.5,4.536152796725788,4.536152796725788,FALSE,FALSE,1
108,Lentils,1906,Anuradhapura,North Central,Anuradhapura,2023-09-01,328,7.01468189233279,7.01468189233279,FALSE,FALSE,1
108,Lentils,1906,Anuradhapura,North Central,Anuradhapura,2023-10-01,326.8,-0.3658536585365819,0.3658536585365819,FALSE,FALSE,1
108,Lentils,1906,Anuradhapura,North Central,Anuradhapura,2023-11-01,328,0.3671970624234971,0.3671970624234971,FALSE,FALSE,1
108,Lentils,1906,Anuradhapura,North Central,Anuradhapura,2023-12-01,328,0,0,FALSE,FALSE,1
108,Lentils,1906,Anuradhapura,North Central,Anuradhapura,2024-01-01,328,0,0,FALSE,FALSE,1
108,Lentils,1906,Anuradhapura,North Central,Anuradhapura,2024-02-01,323.5,-1.3719512195121952,1.3719512195121952,FALSE,FALSE,1
108,Lentils,1906,Anuradhapura,North Central,Anuradhapura,2024-03-01,320.5,-0.9273570324574961,0.9273570324574961,FALSE,FALSE,1
108,Lentils,1906,Anuradhapura,North Central,Anuradhapura,2024-04-01,311.6,-2.7769110764430502,2.7769110764430502,FALSE,FALSE,1
108,Lentils,1906,Anuradhapura,North Central,Anuradhapura,2024-05-01,305.75,-1.8774069319640638,1.8774069319640638,FALSE,FALSE,1
108,Lentils,1906,Anuradhapura,North Central,Anuradhapura,2024-06-01,306.5,0.24529844644317253,0.24529844644317253,FALSE,FALSE,1
108,Lentils,1906,Anuradhapura,North Central,Anuradhapura,2024-07-01,310.8,1.4029363784665616,1.4029363784665616,FALSE,FALSE,1
108,Lentils,1906,Anuradhapura,North Central,Anuradhapura,2024-08-01,305,-1.8661518661518697,1.8661518661518697,FALSE,FALSE,1
108,Lentils,1906,Anuradhapura,North Central,Anuradhapura,2024-09-01,303.2,-0.5901639344262333,0.5901639344262333,FALSE,FALSE,1
108,Lentils,1906,Anuradhapura,North Central,Anuradhapura,2024-10-01,305,0.5936675461741463,0.5936675461741463,FALSE,FALSE,1
108,Lentils,1906,Anuradhapura,North Central,Anuradhapura,2024-11-01,304.25,-0.24590163934426232,0.24590163934426232,FALSE,FALSE,1
108,Lentils,1906,Anuradhapura,North Central,Anuradhapura,2024-12-01,302.4,-0.6080525883319713,0.6080525883319713,FALSE,FALSE,1
108,Lentils,1906,Anuradhapura,North Central,Anuradhapura,2025-01-01,300,-0.7936507936507862,0.7936507936507862,FALSE,FALSE,1
108,Lentils,1906,Anuradhapura,North Central,Anuradhapura,2025-02-01,295.75,-1.4166666666666665,1.4166666666666665,FALSE,FALSE,1
108,Lentils,1906,Anuradhapura,North Central,Anuradhapura,2025-03-01,289.2,-2.214708368554526,2.214708368554526,FALSE,FALSE,1
108,Lentils,1906,Anuradhapura,North Central,Anuradhapura,2025-04-01,285.5,-1.2793914246196365,1.2793914246196365,FALSE,FALSE,1
108,Lentils,1906,Anuradhapura,North Central,Anuradhapura,2025-05-01,280.5,-1.7513134851138354,1.7513134851138354,FALSE,FALSE,1
108,Lentils,1906,Anuradhapura,North Central,Anuradhapura,2025-06-01,279.8,-0.24955436720142196,0.24955436720142196,FALSE,FALSE,1
108,Lentils,1906,Anuradhapura,North Central,Anuradhapura,2025-07-01,282,0.7862759113652569,0.7862759113652569,FALSE,FALSE,1
108,Lentils,1906,Anuradhapura,North Central,Anuradhapura,2025-08-01,274,-2.8368794326241136,2.8368794326241136,FALSE,FALSE,1
108,Lentils,1906,Anuradhapura,North Central,Anuradhapura,2025-09-01,268.8,-1.8978102189780979,1.8978102189780979,FALSE,FALSE,1
108,Lentils,1907,Badulla,Uva,Badulla,2023-06-01,302.5,NA,NA,FALSE,FALSE,1
108,Lentils,1907,Badulla,Uva,Badulla,2023-07-01,294,-2.809917355371901,2.809917355371901,FALSE,FALSE,1
108,Lentils,1907,Badulla,Uva,Badulla,2023-08-01,311.5,5.952380952380952,5.952380952380952,FALSE,FALSE,1
108,Lentils,1907,Badulla,Uva,Badulla,2023-09-01,336.5,8.025682182985554,8.025682182985554,FALSE,FALSE,1
108,Lentils,1907,Badulla,Uva,Badulla,2023-10-01,327.6,-2.644873699851405,2.644873699851405,FALSE,FALSE,1
108,Lentils,1907,Badulla,Uva,Badulla,2023-11-01,326,-0.4884004884004953,0.4884004884004953,FALSE,FALSE,1
108,Lentils,1907,Badulla,Uva,Badulla,2023-12-01,326.5,0.15337423312883436,0.15337423312883436,FALSE,FALSE,1
108,Lentils,1907,Badulla,Uva,Badulla,2024-01-01,326,-0.1531393568147014,0.1531393568147014,FALSE,FALSE,1
108,Lentils,1907,Badulla,Uva,Badulla,2024-02-01,321,-1.5337423312883436,1.5337423312883436,FALSE,FALSE,1
108,Lentils,1907,Badulla,Uva,Badulla,2024-03-01,323,0.6230529595015576,0.6230529595015576,FALSE,FALSE,1
108,Lentils,1907,Badulla,Uva,Badulla,2024-04-01,318.4,-1.4241486068111526,1.4241486068111526,FALSE,FALSE,1
108,Lentils,1907,Badulla,Uva,Badulla,2024-05-01,326.5,2.5439698492462384,2.5439698492462384,FALSE,FALSE,1
108,Lentils,1907,Badulla,Uva,Badulla,2024-06-01,316,-3.215926493108729,3.215926493108729,FALSE,FALSE,1
108,Lentils,1907,Badulla,Uva,Badulla,2024-07-01,312.8,-1.0126582278480976,1.0126582278480976,FALSE,FALSE,1
108,Lentils,1907,Badulla,Uva,Badulla,2024-08-01,295.5,-5.530690537084403,5.530690537084403,FALSE,FALSE,1
108,Lentils,1907,Badulla,Uva,Badulla,2024-09-01,297,0.5076142131979695,0.5076142131979695,FALSE,FALSE,1
108,Lentils,1907,Badulla,Uva,Badulla,2024-10-01,300,1.0101010101010102,1.0101010101010102,FALSE,FALSE,1
108,Lentils,1907,Badulla,Uva,Badulla,2024-11-01,299,-0.33333333333333337,0.33333333333333337,FALSE,FALSE,1
108,Lentils,1907,Badulla,Uva,Badulla,2024-12-01,314,5.016722408026756,5.016722408026756,FALSE,FALSE,1
108,Lentils,1907,Badulla,Uva,Badulla,2025-01-01,302,-3.821656050955414,3.821656050955414,FALSE,FALSE,1
108,Lentils,1907,Badulla,Uva,Badulla,2025-02-01,296,-1.9867549668874174,1.9867549668874174,FALSE,FALSE,1
108,Lentils,1907,Badulla,Uva,Badulla,2025-03-01,287.62,-2.8310810810810794,2.8310810810810794,FALSE,FALSE,1
108,Lentils,1907,Badulla,Uva,Badulla,2025-04-01,284.38,-1.126486336137963,1.126486336137963,FALSE,FALSE,1
108,Lentils,1907,Badulla,Uva,Badulla,2025-05-01,283.33,-0.36922427737534685,0.36922427737534685,FALSE,FALSE,1
108,Lentils,1907,Badulla,Uva,Badulla,2025-06-01,281,-0.8223626160307713,0.8223626160307713,FALSE,FALSE,1
108,Lentils,1907,Badulla,Uva,Badulla,2025-07-01,275.42,-1.9857651245551544,1.9857651245551544,FALSE,FALSE,1
108,Lentils,1907,Badulla,Uva,Badulla,2025-08-01,274.17,-0.4538522983080386,0.4538522983080386,FALSE,FALSE,1
108,Lentils,1907,Badulla,Uva,Badulla,2025-09-01,271,-1.1562169456906357,1.1562169456906357,FALSE,FALSE,1
108,Lentils,1908,Hambantota,Southern,Hambantota,2023-06-01,308.25,NA,NA,FALSE,FALSE,1
108,Lentils,1908,Hambantota,Southern,Hambantota,2023-07-01,293,-4.94728304947283,4.94728304947283,FALSE,FALSE,1
108,Lentils,1908,Hambantota,Southern,Hambantota,2023-08-01,307,4.778156996587031,4.778156996587031,FALSE,FALSE,1
108,Lentils,1908,Hambantota,Southern,Hambantota,2023-09-01,320.75,4.478827361563518,4.478827361563518,FALSE,FALSE,1
108,Lentils,1908,Hambantota,Southern,Hambantota,2023-10-01,324,1.0132501948558068,1.0132501948558068,FALSE,FALSE,1
108,Lentils,1908,Hambantota,Southern,Hambantota,2023-11-01,328,1.2345679012345678,1.2345679012345678,FALSE,FALSE,1
108,Lentils,1908,Hambantota,Southern,Hambantota,2023-12-01,327,-0.3048780487804878,0.3048780487804878,FALSE,FALSE,1
108,Lentils,1908,Hambantota,Southern,Hambantota,2024-01-01,325.6,-0.4281345565749166,0.4281345565749166,FALSE,FALSE,1
108,Lentils,1908,Hambantota,Southern,Hambantota,2024-02-01,326,0.12285012285011586,0.12285012285011586,FALSE,FALSE,1
108,Lentils,1908,Hambantota,Southern,Hambantota,2024-03-01,326,0,0,FALSE,FALSE,1
108,Lentils,1908,Hambantota,Southern,Hambantota,2024-04-01,326,0,0,FALSE,FALSE,1
108,Lentils,1908,Hambantota,Southern,Hambantota,2024-05-01,322.5,-1.0736196319018405,1.0736196319018405,FALSE,FALSE,1
108,Lentils,1908,Hambantota,Southern,Hambantota,2024-06-01,316,-2.0155038759689923,2.0155038759689923,FALSE,FALSE,1
108,Lentils,1908,Hambantota,Southern,Hambantota,2024-07-01,308,-2.5316455696202533,2.5316455696202533,FALSE,FALSE,1
108,Lentils,1908,Hambantota,Southern,Hambantota,2024-08-01,304.83,-1.0292207792207844,1.0292207792207844,FALSE,FALSE,1
108,Lentils,1908,Hambantota,Southern,Hambantota,2024-09-01,286.33,-6.068956467539285,6.068956467539285,FALSE,FALSE,1
108,Lentils,1908,Hambantota,Southern,Hambantota,2024-10-01,297.75,3.9884049872524767,3.9884049872524767,FALSE,FALSE,1
108,Lentils,1908,Hambantota,Southern,Hambantota,2024-11-01,303.38,1.8908480268681767,1.8908480268681767,FALSE,FALSE,1
108,Lentils,1908,Hambantota,Southern,Hambantota,2024-12-01,296.4,-2.300744940338855,2.300744940338855,FALSE,FALSE,1
108,Lentils,1908,Hambantota,Southern,Hambantota,2025-01-01,307.83,3.8562753036437276,3.8562753036437276,FALSE,FALSE,1
108,Lentils,1908,Hambantota,Southern,Hambantota,2025-02-01,293,-4.817594126628329,4.817594126628329,FALSE,FALSE,1
108,Lentils,1908,Hambantota,Southern,Hambantota,2025-03-01,282,-3.754266211604096,3.754266211604096,FALSE,FALSE,1
108,Lentils,1908,Hambantota,Southern,Hambantota,2025-04-01,280.12,-0.6666666666666651,0.6666666666666651,FALSE,FALSE,1
108,Lentils,1908,Hambantota,Southern,Hambantota,2025-05-01,280,-0.04283878337855367,0.04283878337855367,FALSE,FALSE,1
108,Lentils,1908,Hambantota,Southern,Hambantota,2025-06-01,NA,NA,NA,FALSE,TRUE,NA
108,Lentils,1908,Hambantota,Southern,Hambantota,2025-07-01,NA,NA,NA,FALSE,TRUE,NA
108,Lentils,1908,Hambantota,Southern,Hambantota,2025-08-01,292.22,NA,NA,FALSE,FALSE,1
108,Lentils,1908,Hambantota,Southern,Hambantota,2025-09-01,281.33,-3.726644309082213,3.726644309082213,FALSE,FALSE,1
108,Lentils,1909,Gampaha,Western,Gampaha,2023-06-01,334,NA,NA,FALSE,FALSE,1
108,Lentils,1909,Gampaha,Western,Gampaha,2023-07-01,300,-10.179640718562874,10.179640718562874,FALSE,FALSE,1
108,Lentils,1909,Gampaha,Western,Gampaha,2023-08-01,308.5,2.833333333333333,2.833333333333333,FALSE,FALSE,1
108,Lentils,1909,Gampaha,Western,Gampaha,2023-09-01,345,11.831442463533225,11.831442463533225,FALSE,FALSE,1
108,Lentils,1909,Gampaha,Western,Gampaha,2023-10-01,340.4,-1.33333333333334,1.33333333333334,FALSE,FALSE,1
108,Lentils,1909,Gampaha,Western,Gampaha,2023-11-01,337,-0.9988249118683835,0.9988249118683835,FALSE,FALSE,1
108,Lentils,1909,Gampaha,Western,Gampaha,2023-12-01,333.5,-1.0385756676557862,1.0385756676557862,FALSE,FALSE,1
108,Lentils,1909,Gampaha,Western,Gampaha,2024-01-01,347.2,4.107946026986503,4.107946026986503,FALSE,FALSE,1
108,Lentils,1909,Gampaha,Western,Gampaha,2024-02-01,349,0.5184331797235056,0.5184331797235056,FALSE,FALSE,1
108,Lentils,1909,Gampaha,Western,Gampaha,2024-03-01,NA,NA,NA,FALSE,TRUE,NA
108,Lentils,1909,Gampaha,Western,Gampaha,2024-04-01,NA,NA,NA,FALSE,TRUE,NA
108,Lentils,1909,Gampaha,Western,Gampaha,2024-05-01,NA,NA,NA,FALSE,TRUE,NA
108,Lentils,1909,Gampaha,Western,Gampaha,2024-06-01,NA,NA,NA,FALSE,TRUE,NA
108,Lentils,1909,Gampaha,Western,Gampaha,2024-07-01,328,NA,NA,FALSE,FALSE,1
108,Lentils,1909,Gampaha,Western,Gampaha,2024-08-01,324.25,-1.1432926829268293,1.1432926829268293,FALSE,FALSE,1
108,Lentils,1909,Gampaha,Western,Gampaha,2024-09-01,330.1,1.8041634541249105,1.8041634541249105,FALSE,FALSE,1
108,Lentils,1909,Gampaha,Western,Gampaha,2024-10-01,310.83,-5.837624962132698,5.837624962132698,FALSE,FALSE,1
108,Lentils,1909,Gampaha,Western,Gampaha,2024-11-01,310.35,-0.15442524852812192,0.15442524852812192,FALSE,FALSE,1
108,Lentils,1909,Gampaha,Western,Gampaha,2024-12-01,306,-1.401643305944908,1.401643305944908,FALSE,FALSE,1
108,Lentils,1909,Gampaha,Western,Gampaha,2025-01-01,293.33,-4.140522875816998,4.140522875816998,FALSE,FALSE,1
108,Lentils,1909,Gampaha,Western,Gampaha,2025-02-01,295.42,0.7125080966829277,0.7125080966829277,FALSE,FALSE,1
108,Lentils,1909,Gampaha,Western,Gampaha,2025-03-01,292.83,-0.8767178931690581,0.8767178931690581,FALSE,FALSE,1
108,Lentils,1909,Gampaha,Western,Gampaha,2025-04-01,297.08,1.4513540279342965,1.4513540279342965,FALSE,FALSE,1
108,Lentils,1909,Gampaha,Western,Gampaha,2025-05-01,294.27,-0.9458731654773133,0.9458731654773133,FALSE,FALSE,1
108,Lentils,1909,Gampaha,Western,Gampaha,2025-06-01,291.33,-0.9990824752778054,0.9990824752778054,FALSE,FALSE,1
108,Lentils,1909,Gampaha,Western,Gampaha,2025-07-01,289.9,-0.4908522980812161,0.4908522980812161,FALSE,FALSE,1
108,Lentils,1909,Gampaha,Western,Gampaha,2025-08-01,268.02,-7.547430148327009,7.547430148327009,FALSE,FALSE,1
108,Lentils,1909,Gampaha,Western,Gampaha,2025-09-01,271.75,1.391687187523326,1.391687187523326,FALSE,FALSE,1
108,Lentils,1910,Galle,Southern,Galle,2023-06-01,309.25,NA,NA,FALSE,FALSE,1
108,Lentils,1910,Galle,Southern,Galle,2023-07-01,293.6,-5.060630557801125,5.060630557801125,FALSE,FALSE,1
108,Lentils,1910,Galle,Southern,Galle,2023-08-01,317.33,8.082425068119878,8.082425068119878,FALSE,FALSE,1
108,Lentils,1910,Galle,Southern,Galle,2023-09-01,333.5,5.095641760942873,5.095641760942873,FALSE,FALSE,1
108,Lentils,1910,Galle,Southern,Galle,2023-10-01,328.4,-1.5292353823088525,1.5292353823088525,FALSE,FALSE,1
108,Lentils,1910,Galle,Southern,Galle,2023-11-01,326.5,-0.5785627283800175,0.5785627283800175,FALSE,FALSE,1
108,Lentils,1910,Galle,Southern,Galle,2023-12-01,332.25,1.761102603369066,1.761102603369066,FALSE,FALSE,1
108,Lentils,1910,Galle,Southern,Galle,2024-01-01,323.75,-2.558314522197141,2.558314522197141,FALSE,FALSE,1
108,Lentils,1910,Galle,Southern,Galle,2024-02-01,323.12,-0.1945945945945932,0.1945945945945932,FALSE,FALSE,1
108,Lentils,1910,Galle,Southern,Galle,2024-03-01,322.19,-0.2878187670215421,0.2878187670215421,FALSE,FALSE,1
108,Lentils,1910,Galle,Southern,Galle,2024-04-01,316.25,-1.843632639125981,1.843632639125981,FALSE,FALSE,1
108,Lentils,1910,Galle,Southern,Galle,2024-05-01,317.69,0.45533596837944595,0.45533596837944595,FALSE,FALSE,1
108,Lentils,1910,Galle,Southern,Galle,2024-06-01,304.06,-4.290345934716231,4.290345934716231,FALSE,FALSE,1
108,Lentils,1910,Galle,Southern,Galle,2024-07-01,317.5,4.42018022758666,4.42018022758666,FALSE,FALSE,1
108,Lentils,1910,Galle,Southern,Galle,2024-08-01,313.75,-1.1811023622047243,1.1811023622047243,FALSE,FALSE,1
108,Lentils,1910,Galle,Southern,Galle,2024-09-01,307,-2.1513944223107573,2.1513944223107573,FALSE,FALSE,1
108,Lentils,1910,Galle,Southern,Galle,2024-10-01,306.88,-0.03908794788273764,0.03908794788273764,FALSE,FALSE,1
108,Lentils,1910,Galle,Southern,Galle,2024-11-01,306,-0.28675703858185464,0.28675703858185464,FALSE,FALSE,1
108,Lentils,1910,Galle,Southern,Galle,2024-12-01,306.1,0.03267973856209894,0.03267973856209894,FALSE,FALSE,1
108,Lentils,1910,Galle,Southern,Galle,2025-01-01,307.25,0.3756942175759481,0.3756942175759481,FALSE,FALSE,1
108,Lentils,1910,Galle,Southern,Galle,2025-02-01,302.5,-1.545972335231896,1.545972335231896,FALSE,FALSE,1
108,Lentils,1910,Galle,Southern,Galle,2025-03-01,300,-0.8264462809917356,0.8264462809917356,FALSE,FALSE,1
108,Lentils,1910,Galle,Southern,Galle,2025-04-01,299.58,-0.14000000000000531,0.14000000000000531,FALSE,FALSE,1
108,Lentils,1910,Galle,Southern,Galle,2025-05-01,299.69,0.03671807196742561,0.03671807196742561,FALSE,FALSE,1
108,Lentils,1910,Galle,Southern,Galle,2025-06-01,295.6,-1.3647435683539575,1.3647435683539575,FALSE,FALSE,1
108,Lentils,1910,Galle,Southern,Galle,2025-07-01,292.38,-1.0893098782138115,1.0893098782138115,FALSE,FALSE,1
108,Lentils,1910,Galle,Southern,Galle,2025-08-01,282,-3.550174430535603,3.550174430535603,FALSE,FALSE,1
108,Lentils,1910,Galle,Southern,Galle,2025-09-01,279.2,-0.9929078014184437,0.9929078014184437,FALSE,FALSE,1
108,Lentils,1911,Kalutara,Western,Kalutara,2023-06-01,297.25,NA,NA,FALSE,FALSE,1
108,Lentils,1911,Kalutara,Western,Kalutara,2023-07-01,289.24,-2.6947014297729153,2.6947014297729153,FALSE,FALSE,1
108,Lentils,1911,Kalutara,Western,Kalutara,2023-08-01,300.5,3.8929608629511794,3.8929608629511794,FALSE,FALSE,1
108,Lentils,1911,Kalutara,Western,Kalutara,2023-09-01,327.75,9.068219633943428,9.068219633943428,FALSE,FALSE,1
108,Lentils,1911,Kalutara,Western,Kalutara,2023-10-01,323.2,-1.388253241800156,1.388253241800156,FALSE,FALSE,1
108,Lentils,1911,Kalutara,Western,Kalutara,2023-11-01,314,-2.8465346534653433,2.8465346534653433,FALSE,FALSE,1
108,Lentils,1911,Kalutara,Western,Kalutara,2023-12-01,320.5,2.0700636942675157,2.0700636942675157,FALSE,FALSE,1
108,Lentils,1911,Kalutara,Western,Kalutara,2024-01-01,317,-1.0920436817472698,1.0920436817472698,FALSE,FALSE,1
108,Lentils,1911,Kalutara,Western,Kalutara,2024-02-01,321,1.2618296529968454,1.2618296529968454,FALSE,FALSE,1
108,Lentils,1911,Kalutara,Western,Kalutara,2024-03-01,320.25,-0.23364485981308408,0.23364485981308408,FALSE,FALSE,1
108,Lentils,1911,Kalutara,Western,Kalutara,2024-04-01,311.4,-2.763466042154574,2.763466042154574,FALSE,FALSE,1
108,Lentils,1911,Kalutara,Western,Kalutara,2024-05-01,308,-1.091843288375073,1.091843288375073,FALSE,FALSE,1
108,Lentils,1911,Kalutara,Western,Kalutara,2024-06-01,306.5,-0.487012987012987,0.487012987012987,FALSE,FALSE,1
108,Lentils,1911,Kalutara,Western,Kalutara,2024-07-01,305.5,-0.3262642740619902,0.3262642740619902,FALSE,FALSE,1
108,Lentils,1911,Kalutara,Western,Kalutara,2024-08-01,NA,NA,NA,FALSE,TRUE,NA
108,Lentils,1911,Kalutara,Western,Kalutara,2024-09-01,283.25,NA,NA,FALSE,FALSE,1
108,Lentils,1911,Kalutara,Western,Kalutara,2024-10-01,285.27,0.7131509267431533,0.7131509267431533,FALSE,FALSE,1
108,Lentils,1911,Kalutara,Western,Kalutara,2024-11-01,288.59,1.163809724121006,1.163809724121006,FALSE,FALSE,1
108,Lentils,1911,Kalutara,Western,Kalutara,2024-12-01,286.44,-0.7450015593055814,0.7450015593055814,FALSE,FALSE,1
108,Lentils,1911,Kalutara,Western,Kalutara,2025-01-01,285,-0.5027230833682439,0.5027230833682439,FALSE,FALSE,1
108,Lentils,1911,Kalutara,Western,Kalutara,2025-02-01,285.6,0.21052631578948167,0.21052631578948167,FALSE,FALSE,1
108,Lentils,1911,Kalutara,Western,Kalutara,2025-03-01,275.66,-3.480392156862744,3.480392156862744,FALSE,FALSE,1
108,Lentils,1911,Kalutara,Western,Kalutara,2025-04-01,272.65,-1.091924834941612,1.091924834941612,FALSE,FALSE,1
108,Lentils,1911,Kalutara,Western,Kalutara,2025-05-01,267.89,-1.7458279845956322,1.7458279845956322,FALSE,FALSE,1
108,Lentils,1911,Kalutara,Western,Kalutara,2025-06-01,266.65,-0.46287655380940274,0.46287655380940274,FALSE,FALSE,1
108,Lentils,1911,Kalutara,Western,Kalutara,2025-07-01,263.75,-1.087567972998304,1.087567972998304,FALSE,FALSE,1
108,Lentils,1911,Kalutara,Western,Kalutara,2025-08-01,254.75,-3.4123222748815163,3.4123222748815163,FALSE,FALSE,1
108,Lentils,1911,Kalutara,Western,Kalutara,2025-09-01,258,1.2757605495583906,1.2757605495583906,FALSE,FALSE,1
108,Lentils,1912,Kandy,Central,Kandy,2023-06-01,317.5,NA,NA,FALSE,FALSE,1
108,Lentils,1912,Kandy,Central,Kandy,2023-07-01,302.8,-4.629921259842516,4.629921259842516,FALSE,FALSE,1
108,Lentils,1912,Kandy,Central,Kandy,2023-08-01,315,4.029062087186257,4.029062087186257,FALSE,FALSE,1
108,Lentils,1912,Kandy,Central,Kandy,2023-09-01,335,6.349206349206349,6.349206349206349,FALSE,FALSE,1
108,Lentils,1912,Kandy,Central,Kandy,2023-10-01,341.1,1.8208955223880667,1.8208955223880667,FALSE,FALSE,1
108,Lentils,1912,Kandy,Central,Kandy,2023-11-01,345.38,1.2547639988273154,1.2547639988273154,FALSE,FALSE,1
108,Lentils,1912,Kandy,Central,Kandy,2023-12-01,339,-1.8472407203659724,1.8472407203659724,FALSE,FALSE,1
108,Lentils,1912,Kandy,Central,Kandy,2024-01-01,340.4,0.4129793510324417,0.4129793510324417,FALSE,FALSE,1
108,Lentils,1912,Kandy,Central,Kandy,2024-02-01,340,-0.11750881316098039,0.11750881316098039,FALSE,FALSE,1
108,Lentils,1912,Kandy,Central,Kandy,2024-03-01,340,0,0,FALSE,FALSE,1
108,Lentils,1912,Kandy,Central,Kandy,2024-04-01,338,-0.5882352941176471,0.5882352941176471,FALSE,FALSE,1
108,Lentils,1912,Kandy,Central,Kandy,2024-05-01,312,-7.6923076923076925,7.6923076923076925,FALSE,FALSE,1
108,Lentils,1912,Kandy,Central,Kandy,2024-06-01,314.5,0.8012820512820512,0.8012820512820512,FALSE,FALSE,1
108,Lentils,1912,Kandy,Central,Kandy,2024-07-01,318,1.1128775834658187,1.1128775834658187,FALSE,FALSE,1
108,Lentils,1912,Kandy,Central,Kandy,2024-08-01,307.1,-3.4276729559748356,3.4276729559748356,FALSE,FALSE,1
108,Lentils,1912,Kandy,Central,Kandy,2024-09-01,304.8,-0.7489417127971382,0.7489417127971382,FALSE,FALSE,1
108,Lentils,1912,Kandy,Central,Kandy,2024-10-01,307,0.7217847769028835,0.7217847769028835,FALSE,FALSE,1
108,Lentils,1912,Kandy,Central,Kandy,2024-11-01,308.2,0.39087947882735785,0.39087947882735785,FALSE,FALSE,1
108,Lentils,1912,Kandy,Central,Kandy,2024-12-01,306.4,-0.58403634003893945,0.58403634003893945,FALSE,FALSE,1
108,Lentils,1912,Kandy,Central,Kandy,2025-01-01,306.4,0,0,FALSE,FALSE,1
108,Lentils,1912,Kandy,Central,Kandy,2025-02-01,303.5,-0.9464751958224469,0.9464751958224469,FALSE,FALSE,1
108,Lentils,1912,Kandy,Central,Kandy,2025-03-01,299.6,-1.2850082372322824,1.2850082372322824,FALSE,FALSE,1
108,Lentils,1912,Kandy,Central,Kandy,2025-04-01,293,-2.202937249666229,2.202937249666229,FALSE,FALSE,1
108,Lentils,1912,Kandy,Central,Kandy,2025-05-01,290,-1.023890784982935,1.023890784982935,FALSE,FALSE,1
108,Lentils,1912,Kandy,Central,Kandy,2025-06-01,284,-2.0689655172413794,2.0689655172413794,FALSE,FALSE,1
108,Lentils,1912,Kandy,Central,Kandy,2025-07-01,281,-1.056338028169014,1.056338028169014,FALSE,FALSE,1
108,Lentils,1912,Kandy,Central,Kandy,2025-08-01,270,-3.9145907473309607,3.9145907473309607,FALSE,FALSE,1
108,Lentils,1912,Kandy,Central,Kandy,2025-09-01,270,0,0,FALSE,FALSE,1
108,Lentils,1913,Kegalle,Sabaragamuwa,Kegalle,2023-06-01,320.62,NA,NA,FALSE,FALSE,1
108,Lentils,1913,Kegalle,Sabaragamuwa,Kegalle,2023-07-01,310.7,-3.0940053646060806,3.0940053646060806,FALSE,FALSE,1
108,Lentils,1913,Kegalle,Sabaragamuwa,Kegalle,2023-08-01,323.12,3.997425168973291,3.997425168973291,FALSE,FALSE,1
108,Lentils,1913,Kegalle,Sabaragamuwa,Kegalle,2023-09-01,334.38,3.484773458776922,3.484773458776922,FALSE,FALSE,1
108,Lentils,1913,Kegalle,Sabaragamuwa,Kegalle,2023-10-01,327.17,-2.1562294395597763,2.1562294395597763,FALSE,FALSE,1
108,Lentils,1913,Kegalle,Sabaragamuwa,Kegalle,2023-11-01,329.69,0.7702417703334602,0.7702417703334602,FALSE,FALSE,1
108,Lentils,1913,Kegalle,Sabaragamuwa,Kegalle,2023-12-01,346.88,5.213988898662379,5.213988898662379,FALSE,FALSE,1
108,Lentils,1913,Kegalle,Sabaragamuwa,Kegalle,2024-01-01,343.67,-0.9253920664206583,0.9253920664206583,FALSE,FALSE,1
108,Lentils,1913,Kegalle,Sabaragamuwa,Kegalle,2024-02-01,345.42,0.5092094160095441,0.5092094160095441,FALSE,FALSE,1
108,Lentils,1913,Kegalle,Sabaragamuwa,Kegalle,2024-03-01,340,-1.5691042788489422,1.5691042788489422,FALSE,FALSE,1
108,Lentils,1913,Kegalle,Sabaragamuwa,Kegalle,2024-04-01,330.6,-2.7647058823529345,2.7647058823529345,FALSE,FALSE,1
108,Lentils,1913,Kegalle,Sabaragamuwa,Kegalle,2024-05-01,322.5,-2.4500907441016397,2.4500907441016397,FALSE,FALSE,1
108,Lentils,1913,Kegalle,Sabaragamuwa,Kegalle,2024-06-01,322.5,0,0,FALSE,FALSE,1
108,Lentils,1913,Kegalle,Sabaragamuwa,Kegalle,2024-07-01,317.5,-1.550387596899225,1.550387596899225,FALSE,FALSE,1
108,Lentils,1913,Kegalle,Sabaragamuwa,Kegalle,2024-08-01,308.75,-2.7559055118110236,2.7559055118110236,FALSE,FALSE,1
108,Lentils,1913,Kegalle,Sabaragamuwa,Kegalle,2024-09-01,307.5,-0.4048582995951417,0.4048582995951417,FALSE,FALSE,1
108,Lentils,1913,Kegalle,Sabaragamuwa,Kegalle,2024-10-01,308.75,0.40650406504065045,0.40650406504065045,FALSE,FALSE,1
108,Lentils,1913,Kegalle,Sabaragamuwa,Kegalle,2024-11-01,307.5,-0.4048582995951417,0.4048582995951417,FALSE,FALSE,1
108,Lentils,1913,Kegalle,Sabaragamuwa,Kegalle,2024-12-01,299.33,-2.6569105691056962,2.6569105691056962,FALSE,FALSE,1
108,Lentils,1913,Kegalle,Sabaragamuwa,Kegalle,2025-01-01,303.33,1.3363177763672203,1.3363177763672203,FALSE,FALSE,1
108,Lentils,1913,Kegalle,Sabaragamuwa,Kegalle,2025-02-01,295.83,-2.4725546434576207,2.4725546434576207,FALSE,FALSE,1
108,Lentils,1913,Kegalle,Sabaragamuwa,Kegalle,2025-03-01,287.67,-2.758340939052824,2.758340939052824,FALSE,FALSE,1
108,Lentils,1913,Kegalle,Sabaragamuwa,Kegalle,2025-04-01,284.44,-1.1228143358709695,1.1228143358709695,FALSE,FALSE,1
108,Lentils,1913,Kegalle,Sabaragamuwa,Kegalle,2025-05-01,282.92,-0.5343833497398333,0.5343833497398333,FALSE,FALSE,1
108,Lentils,1913,Kegalle,Sabaragamuwa,Kegalle,2025-06-01,282,-0.32518026297187047,0.32518026297187047,FALSE,FALSE,1
108,Lentils,1913,Kegalle,Sabaragamuwa,Kegalle,2025-07-01,290.83,3.13120567375886,3.13120567375886,FALSE,FALSE,1
108,Lentils,1913,Kegalle,Sabaragamuwa,Kegalle,2025-08-01,284.17,-2.2899975930956122,2.2899975930956122,FALSE,FALSE,1
108,Lentils,1913,Kegalle,Sabaragamuwa,Kegalle,2025-09-01,278.67,-1.935461167610937,1.935461167610937,FALSE,FALSE,1
108,Lentils,1914,Kurunegala,North Western,Kurunegala,2023-06-01,321.17,NA,NA,FALSE,FALSE,1
108,Lentils,1914,Kurunegala,North Western,Kurunegala,2023-07-01,314.67,-2.0238502973503127,2.0238502973503127,FALSE,FALSE,1
108,Lentils,1914,Kurunegala,North Western,Kurunegala,2023-08-01,314,-0.2129214732894829,0.2129214732894829,FALSE,FALSE,1
108,Lentils,1914,Kurunegala,North Western,Kurunegala,2023-09-01,342,8.9171974522293,8.9171974522293,FALSE,FALSE,1
108,Lentils,1914,Kurunegala,North Western,Kurunegala,2023-10-01,346,1.1695906432748537,1.1695906432748537,FALSE,FALSE,1
108,Lentils,1914,Kurunegala,North Western,Kurunegala,2023-11-01,343.5,-0.7225433526011561,0.7225433526011561,FALSE,FALSE,1
108,Lentils,1914,Kurunegala,North Western,Kurunegala,2023-12-01,342.38,-0.3260553129548776,0.3260553129548776,FALSE,FALSE,1
108,Lentils,1914,Kurunegala,North Western,Kurunegala,2024-01-01,347.2,1.4077925112448137,1.4077925112448137,FALSE,FALSE,1
108,Lentils,1914,Kurunegala,North Western,Kurunegala,2024-02-01,349.12,0.5529953917050737,0.5529953917050737,FALSE,FALSE,1
108,Lentils,1914,Kurunegala,North Western,Kurunegala,2024-03-01,342,-2.0394133822181497,2.0394133822181497,FALSE,FALSE,1
108,Lentils,1914,Kurunegala,North Western,Kurunegala,2024-04-01,333.4,-2.5146198830409423,2.5146198830409423,FALSE,FALSE,1
108,Lentils,1914,Kurunegala,North Western,Kurunegala,2024-05-01,329.62,-1.1337732453509217,1.1337732453509217,FALSE,FALSE,1
108,Lentils,1914,Kurunegala,North Western,Kurunegala,2024-06-01,342,3.755840058248891,3.755840058248891,FALSE,FALSE,1
108,Lentils,1914,Kurunegala,North Western,Kurunegala,2024-07-01,NA,NA,NA,FALSE,TRUE,NA
108,Lentils,1914,Kurunegala,North Western,Kurunegala,2024-08-01,NA,NA,NA,FALSE,TRUE,NA
108,Lentils,1914,Kurunegala,North Western,Kurunegala,2024-09-01,312.75,NA,NA,FALSE,FALSE,1
108,Lentils,1914,Kurunegala,North Western,Kurunegala,2024-10-01,301.04,-3.7442046362909607,3.7442046362909607,FALSE,FALSE,1
108,Lentils,1914,Kurunegala,North Western,Kurunegala,2024-11-01,302.08,0.34546904065903655,0.34546904065903655,FALSE,FALSE,1
108,Lentils,1914,Kurunegala,North Western,Kurunegala,2024-12-01,316.33,4.71729343220339,4.71729343220339,FALSE,FALSE,1
108,Lentils,1914,Kurunegala,North Western,Kurunegala,2025-01-01,302.5,-4.372016564979605,4.372016564979605,FALSE,FALSE,1
108,Lentils,1914,Kurunegala,North Western,Kurunegala,2025-02-01,301.56,-0.31074380165289184,0.31074380165289184,FALSE,FALSE,1
108,Lentils,1914,Kurunegala,North Western,Kurunegala,2025-03-01,301.5,-0.019896538002388338,0.019896538002388338,FALSE,FALSE,1
108,Lentils,1914,Kurunegala,North Western,Kurunegala,2025-04-01,287.08,-4.7827529021558925,4.7827529021558925,FALSE,FALSE,1
108,Lentils,1914,Kurunegala,North Western,Kurunegala,2025-05-01,283.44,-1.2679392503831637,1.2679392503831637,FALSE,FALSE,1
108,Lentils,1914,Kurunegala,North Western,Kurunegala,2025-06-01,288.92,1.93338978267006,1.93338978267006,FALSE,FALSE,1
108,Lentils,1914,Kurunegala,North Western,Kurunegala,2025-07-01,283.88,-1.7444275231898172,1.7444275231898172,FALSE,FALSE,1
108,Lentils,1914,Kurunegala,North Western,Kurunegala,2025-08-01,278.33,-1.9550514301817712,1.9550514301817712,FALSE,FALSE,1
108,Lentils,1914,Kurunegala,North Western,Kurunegala,2025-09-01,268.33,-3.592857399489814,3.592857399489814,FALSE,FALSE,1
108,Lentils,1915,Matale,Central,Matale,2023-06-01,286,NA,NA,FALSE,FALSE,1
108,Lentils,1915,Matale,Central,Matale,2023-07-01,279.4,-2.307692307692316,2.307692307692316,FALSE,FALSE,1
108,Lentils,1915,Matale,Central,Matale,2023-08-01,294.4,5.368647100930566,5.368647100930566,FALSE,FALSE,1
108,Lentils,1915,Matale,Central,Matale,2023-09-01,320,8.695652173913052,8.695652173913052,FALSE,FALSE,1
108,Lentils,1915,Matale,Central,Matale,2023-10-01,312.8,-2.2499999999999964,2.2499999999999964,FALSE,FALSE,1
108,Lentils,1915,Matale,Central,Matale,2023-11-01,312,-0.25575447570332843,0.25575447570332843,FALSE,FALSE,1
108,Lentils,1915,Matale,Central,Matale,2023-12-01,320,2.564102564102564,2.564102564102564,FALSE,FALSE,1
108,Lentils,1915,Matale,Central,Matale,2024-01-01,315.8,-1.3124999999999964,1.3124999999999964,FALSE,FALSE,1
108,Lentils,1915,Matale,Central,Matale,2024-02-01,312.65,-0.9974667511083071,0.9974667511083071,FALSE,FALSE,1
108,Lentils,1915,Matale,Central,Matale,2024-03-01,308.5,-1.327362865824397,1.327362865824397,FALSE,FALSE,1
108,Lentils,1915,Matale,Central,Matale,2024-04-01,304.6,-1.264181523500803,1.264181523500803,FALSE,FALSE,1
108,Lentils,1915,Matale,Central,Matale,2024-05-01,301.33,-1.0735390676296908,1.0735390676296908,FALSE,FALSE,1
108,Lentils,1915,Matale,Central,Matale,2024-06-01,301.33,0,0,FALSE,FALSE,1
108,Lentils,1915,Matale,Central,Matale,2024-07-01,301.6,0.08960276109250279,0.08960276109250279,FALSE,FALSE,1
108,Lentils,1915,Matale,Central,Matale,2024-08-01,294.25,-2.4370026525199013,2.4370026525199013,FALSE,FALSE,1
108,Lentils,1915,Matale,Central,Matale,2024-09-01,283.8,-3.5514018691588745,3.5514018691588745,FALSE,FALSE,1
108,Lentils,1915,Matale,Central,Matale,2024-10-01,294.15,3.646934460887937,3.646934460887937,FALSE,FALSE,1
108,Lentils,1915,Matale,Central,Matale,2024-11-01,295.15,0.33996260411354756,0.33996260411354756,FALSE,FALSE,1
108,Lentils,1915,Matale,Central,Matale,2024-12-01,292.75,-0.813145858038278,0.813145858038278,FALSE,FALSE,1
108,Lentils,1915,Matale,Central,Matale,2025-01-01,286.88,-2.0051238257899247,2.0051238257899247,FALSE,FALSE,1
108,Lentils,1915,Matale,Central,Matale,2025-02-01,284.88,-0.6971556051310653,0.6971556051310653,FALSE,FALSE,1
108,Lentils,1915,Matale,Central,Matale,2025-03-01,278.4,-2.2746419545071674,2.2746419545071674,FALSE,FALSE,1
108,Lentils,1915,Matale,Central,Matale,2025-04-01,276.19,-0.7938218390804525,0.7938218390804525,FALSE,FALSE,1
108,Lentils,1915,Matale,Central,Matale,2025-05-01,278.25,0.7458633549368197,0.7458633549368197,FALSE,FALSE,1
108,Lentils,1915,Matale,Central,Matale,2025-06-01,271.2,-2.533692722371972,2.533692722371972,FALSE,FALSE,1
108,Lentils,1915,Matale,Central,Matale,2025-07-01,266.81,-1.6187315634218242,1.6187315634218242,FALSE,FALSE,1
108,Lentils,1915,Matale,Central,Matale,2025-08-01,261.75,-1.8964806416551114,1.8964806416551114,FALSE,FALSE,1
108,Lentils,1915,Matale,Central,Matale,2025-09-01,255.75,-2.292263610315186,2.292263610315186,FALSE,FALSE,1
108,Lentils,1916,Matara,Southern,Matara,2023-06-01,311.05,NA,NA,FALSE,FALSE,1
108,Lentils,1916,Matara,Southern,Matara,2023-07-01,299.72,-3.642501205593951,3.642501205593951,FALSE,FALSE,1
108,Lentils,1916,Matara,Southern,Matara,2023-08-01,313,4.4308020819431375,4.4308020819431375,FALSE,FALSE,1
108,Lentils,1916,Matara,Southern,Matara,2023-09-01,330.25,5.5111821086261985,5.5111821086261985,FALSE,FALSE,1
108,Lentils,1916,Matara,Southern,Matara,2023-10-01,328,-0.6813020439061317,0.6813020439061317,FALSE,FALSE,1
108,Lentils,1916,Matara,Southern,Matara,2023-11-01,328,0,0,FALSE,FALSE,1
108,Lentils,1916,Matara,Southern,Matara,2023-12-01,329.5,0.45731707317073167,0.45731707317073167,FALSE,FALSE,1
108,Lentils,1916,Matara,Southern,Matara,2024-01-01,327.6,-0.5766312594840599,0.5766312594840599,FALSE,FALSE,1
108,Lentils,1916,Matara,Southern,Matara,2024-02-01,328.5,0.27472527472526775,0.27472527472526775,FALSE,FALSE,1
108,Lentils,1916,Matara,Southern,Matara,2024-03-01,325,-1.06544901065449,1.06544901065449,FALSE,FALSE,1
108,Lentils,1916,Matara,Southern,Matara,2024-04-01,324.8,-0.06153846153845804,0.06153846153845804,FALSE,FALSE,1
108,Lentils,1916,Matara,Southern,Matara,2024-05-01,319.5,-1.6317733990147818,1.6317733990147818,FALSE,FALSE,1
108,Lentils,1916,Matara,Southern,Matara,2024-06-01,314.25,-1.643192488262911,1.643192488262911,FALSE,FALSE,1
108,Lentils,1916,Matara,Southern,Matara,2024-07-01,319.2,1.5751789976133617,1.5751789976133617,FALSE,FALSE,1
108,Lentils,1916,Matara,Southern,Matara,2024-08-01,313,-1.9423558897243072,1.9423558897243072,FALSE,FALSE,1
108,Lentils,1916,Matara,Southern,Matara,2024-09-01,303.2,-3.130990415335467,3.130990415335467,FALSE,FALSE,1
108,Lentils,1916,Matara,Southern,Matara,2024-10-01,310.25,2.325197889182062,2.325197889182062,FALSE,FALSE,1
108,Lentils,1916,Matara,Southern,Matara,2024-11-01,312.75,0.8058017727639,0.8058017727639,FALSE,FALSE,1
108,Lentils,1916,Matara,Southern,Matara,2024-12-01,313,0.07993605115907274,0.07993605115907274,FALSE,FALSE,1
108,Lentils,1916,Matara,Southern,Matara,2025-01-01,316.75,1.1980830670926517,1.1980830670926517,FALSE,FALSE,1
108,Lentils,1916,Matara,Southern,Matara,2025-02-01,308,-2.7624309392265194,2.7624309392265194,FALSE,FALSE,1
108,Lentils,1916,Matara,Southern,Matara,2025-03-01,304.2,-1.2337662337662374,1.2337662337662374,FALSE,FALSE,1
108,Lentils,1916,Matara,Southern,Matara,2025-04-01,298.08,-2.011834319526629,2.011834319526629,FALSE,FALSE,1
108,Lentils,1916,Matara,Southern,Matara,2025-05-01,296,-0.6977992485238809,0.6977992485238809,FALSE,FALSE,1
108,Lentils,1916,Matara,Southern,Matara,2025-06-01,289,-2.364864864864865,2.364864864864865,FALSE,FALSE,1
108,Lentils,1916,Matara,Southern,Matara,2025-07-01,285.5,-1.2110726643598615,1.2110726643598615,FALSE,FALSE,1
108,Lentils,1916,Matara,Southern,Matara,2025-08-01,281.5,-1.4010507880910683,1.4010507880910683,FALSE,FALSE,1
108,Lentils,1916,Matara,Southern,Matara,2025-09-01,282.6,0.3907637655417488,0.3907637655417488,FALSE,FALSE,1
108,Lentils,1917,Nuwara Eliya,Central,Nuwara Eliya,2023-06-01,309.6,NA,NA,FALSE,FALSE,1
108,Lentils,1917,Nuwara Eliya,Central,Nuwara Eliya,2023-07-01,293.8,-5.103359173126618,5.103359173126618,FALSE,FALSE,1
108,Lentils,1917,Nuwara Eliya,Central,Nuwara Eliya,2023-08-01,304.17,3.5296119809394155,3.5296119809394155,FALSE,FALSE,1
108,Lentils,1917,Nuwara Eliya,Central,Nuwara Eliya,2023-09-01,319.26,4.961041522832618,4.961041522832618,FALSE,FALSE,1
108,Lentils,1917,Nuwara Eliya,Central,Nuwara Eliya,2023-10-01,329.56,3.226210612040347,3.226210612040347,FALSE,FALSE,1
108,Lentils,1917,Nuwara Eliya,Central,Nuwara Eliya,2023-11-01,316.75,-3.887000849617673,3.887000849617673,FALSE,FALSE,1
108,Lentils,1917,Nuwara Eliya,Central,Nuwara Eliya,2023-12-01,323.25,2.0520915548539858,2.0520915548539858,FALSE,FALSE,1
108,Lentils,1917,Nuwara Eliya,Central,Nuwara Eliya,2024-01-01,315.92,-2.2675947409126014,2.2675947409126014,FALSE,FALSE,1
108,Lentils,1917,Nuwara Eliya,Central,Nuwara Eliya,2024-02-01,316,0.02532286654848825,0.02532286654848825,FALSE,FALSE,1
108,Lentils,1917,Nuwara Eliya,Central,Nuwara Eliya,2024-03-01,319,0.949367088607595,0.949367088607595,FALSE,FALSE,1
108,Lentils,1917,Nuwara Eliya,Central,Nuwara Eliya,2024-04-01,314.6,-1.379310344827579,1.379310344827579,FALSE,FALSE,1
108,Lentils,1917,Nuwara Eliya,Central,Nuwara Eliya,2024-05-01,304.85,-3.099173553719008,3.099173553719008,FALSE,FALSE,1
108,Lentils,1917,Nuwara Eliya,Central,Nuwara Eliya,2024-06-01,301.7,-1.0332950631458206,1.0332950631458206,FALSE,FALSE,1
108,Lentils,1917,Nuwara Eliya,Central,Nuwara Eliya,2024-07-01,304.12,0.8021213125621531,0.8021213125621531,FALSE,FALSE,1
108,Lentils,1917,Nuwara Eliya,Central,Nuwara Eliya,2024-08-01,303.05,-0.3518348020518194,0.3518348020518194,FALSE,FALSE,1
108,Lentils,1917,Nuwara Eliya,Central,Nuwara Eliya,2024-09-01,294,-2.986305890117146,2.986305890117146,FALSE,FALSE,1
108,Lentils,1917,Nuwara Eliya,Central,Nuwara Eliya,2024-10-01,296.75,0.935374149659864,0.935374149659864,FALSE,FALSE,1
108,Lentils,1917,Nuwara Eliya,Central,Nuwara Eliya,2024-11-01,298.4,0.5560235888795206,0.5560235888795206,FALSE,FALSE,1
108,Lentils,1917,Nuwara Eliya,Central,Nuwara Eliya,2024-12-01,290.4,-2.680965147453083,2.680965147453083,FALSE,FALSE,1
108,Lentils,1917,Nuwara Eliya,Central,Nuwara Eliya,2025-01-01,288.47,-0.6646005509641701,0.6646005509641701,FALSE,FALSE,1
108,Lentils,1917,Nuwara Eliya,Central,Nuwara Eliya,2025-02-01,287.3,-0.4055881027489915,0.4055881027489915,FALSE,FALSE,1
108,Lentils,1917,Nuwara Eliya,Central,Nuwara Eliya,2025-03-01,285.4,-0.6613296206056506,0.6613296206056506,FALSE,FALSE,1
108,Lentils,1917,Nuwara Eliya,Central,Nuwara Eliya,2025-04-01,282.57,-0.9915907498248018,0.9915907498248018,FALSE,FALSE,1
108,Lentils,1917,Nuwara Eliya,Central,Nuwara Eliya,2025-05-01,272.75,-3.4752450720175507,3.4752450720175507,FALSE,FALSE,1
108,Lentils,1917,Nuwara Eliya,Central,Nuwara Eliya,2025-06-01,264.64,-2.9734188817598586,2.9734188817598586,FALSE,FALSE,1
108,Lentils,1917,Nuwara Eliya,Central,Nuwara Eliya,2025-07-01,270,2.025392986698917,2.025392986698917,FALSE,FALSE,1
108,Lentils,1917,Nuwara Eliya,Central,Nuwara Eliya,2025-08-01,275.67,2.100000000000006,2.100000000000006,FALSE,FALSE,1
108,Lentils,1917,Nuwara Eliya,Central,Nuwara Eliya,2025-09-01,267,-3.1450647513331216,3.1450647513331216,FALSE,FALSE,1
108,Lentils,1918,Puttalam,North Western,Puttalam,2023-06-01,295.75,NA,NA,FALSE,FALSE,1
108,Lentils,1918,Puttalam,North Western,Puttalam,2023-07-01,291,-1.6060862214708367,1.6060862214708367,FALSE,FALSE,1
108,Lentils,1918,Puttalam,North Western,Puttalam,2023-08-01,309.75,6.443298969072164,6.443298969072164,FALSE,FALSE,1
108,Lentils,1918,Puttalam,North Western,Puttalam,2023-09-01,324.5,4.761904761904762,4.761904761904762,FALSE,FALSE,1
108,Lentils,1918,Puttalam,North Western,Puttalam,2023-10-01,313.32,-3.445300462249617,3.445300462249617,FALSE,FALSE,1
108,Lentils,1918,Puttalam,North Western,Puttalam,2023-11-01,326.25,4.126771351972427,4.126771351972427,FALSE,FALSE,1
108,Lentils,1918,Puttalam,North Western,Puttalam,2023-12-01,317.8,-2.5900383141762418,2.5900383141762418,FALSE,FALSE,1
108,Lentils,1918,Puttalam,North Western,Puttalam,2024-01-01,318.4,0.18879798615480362,0.18879798615480362,FALSE,FALSE,1
108,Lentils,1918,Puttalam,North Western,Puttalam,2024-02-01,322.75,1.366206030150761,1.366206030150761,FALSE,FALSE,1
108,Lentils,1918,Puttalam,North Western,Puttalam,2024-03-01,315.8,-2.1533694810224597,2.1533694810224597,FALSE,FALSE,1
108,Lentils,1918,Puttalam,North Western,Puttalam,2024-04-01,315.68,-0.037998733375555586,0.037998733375555586,FALSE,FALSE,1
108,Lentils,1918,Puttalam,North Western,Puttalam,2024-05-01,308.9,-2.1477445514445104,2.1477445514445104,FALSE,FALSE,1
108,Lentils,1918,Puttalam,North Western,Puttalam,2024-06-01,308.9,0,0,FALSE,FALSE,1
108,Lentils,1918,Puttalam,North Western,Puttalam,2024-07-01,309.58,0.22013596633214855,0.22013596633214855,FALSE,FALSE,1
108,Lentils,1918,Puttalam,North Western,Puttalam,2024-08-01,308.12,-0.47160669293881374,0.47160669293881374,FALSE,FALSE,1
108,Lentils,1918,Puttalam,North Western,Puttalam,2024-09-01,291.25,-5.475139556017138,5.475139556017138,FALSE,FALSE,1
108,Lentils,1918,Puttalam,North Western,Puttalam,2024-10-01,292.5,0.4291845493562232,0.4291845493562232,FALSE,FALSE,1
108,Lentils,1918,Puttalam,North Western,Puttalam,2024-11-01,297.5,1.7094017094017095,1.7094017094017095,FALSE,FALSE,1
108,Lentils,1918,Puttalam,North Western,Puttalam,2024-12-01,300.83,1.1193277310924317,1.1193277310924317,FALSE,FALSE,1
108,Lentils,1918,Puttalam,North Western,Puttalam,2025-01-01,298.33,-0.8310341388824253,0.8310341388824253,FALSE,FALSE,1
108,Lentils,1918,Puttalam,North Western,Puttalam,2025-02-01,290,-2.7922099688264623,2.7922099688264623,FALSE,FALSE,1
108,Lentils,1918,Puttalam,North Western,Puttalam,2025-03-01,288,-0.6896551724137931,0.6896551724137931,FALSE,FALSE,1
108,Lentils,1918,Puttalam,North Western,Puttalam,2025-04-01,285,-1.0416666666666665,1.0416666666666665,FALSE,FALSE,1
108,Lentils,1918,Puttalam,North Western,Puttalam,2025-05-01,285,0,0,FALSE,FALSE,1
108,Lentils,1918,Puttalam,North Western,Puttalam,2025-06-01,285,0,0,FALSE,FALSE,1
108,Lentils,1918,Puttalam,North Western,Puttalam,2025-07-01,285,0,0,FALSE,FALSE,1
108,Lentils,1918,Puttalam,North Western,Puttalam,2025-08-01,NA,NA,NA,FALSE,TRUE,NA
108,Lentils,1918,Puttalam,North Western,Puttalam,2025-09-01,277.22,NA,NA,FALSE,FALSE,1
108,Lentils,1919,Rathnapura,Sabaragamuwa,Ratnapura,2023-06-01,297.25,NA,NA,FALSE,FALSE,1
108,Lentils,1919,Rathnapura,Sabaragamuwa,Ratnapura,2023-07-01,292.6,-1.5643397813288402,1.5643397813288402,FALSE,FALSE,1
108,Lentils,1919,Rathnapura,Sabaragamuwa,Ratnapura,2023-08-01,307.75,5.177717019822275,5.177717019822275,FALSE,FALSE,1
108,Lentils,1919,Rathnapura,Sabaragamuwa,Ratnapura,2023-09-01,321.75,4.54914703493095,4.54914703493095,FALSE,FALSE,1
108,Lentils,1919,Rathnapura,Sabaragamuwa,Ratnapura,2023-10-01,316,-1.7871017871017871,1.7871017871017871,FALSE,FALSE,1
108,Lentils,1919,Rathnapura,Sabaragamuwa,Ratnapura,2023-11-01,NA,NA,NA,FALSE,TRUE,NA
108,Lentils,1919,Rathnapura,Sabaragamuwa,Ratnapura,2023-12-01,NA,NA,NA,FALSE,TRUE,NA
108,Lentils,1919,Rathnapura,Sabaragamuwa,Ratnapura,2024-01-01,329,NA,NA,FALSE,FALSE,1
108,Lentils,1919,Rathnapura,Sabaragamuwa,Ratnapura,2024-02-01,329,0,0,FALSE,FALSE,1
108,Lentils,1919,Rathnapura,Sabaragamuwa,Ratnapura,2024-03-01,328.5,-0.1519756838905775,0.1519756838905775,FALSE,FALSE,1
108,Lentils,1919,Rathnapura,Sabaragamuwa,Ratnapura,2024-04-01,327.6,-0.2739726027397191,0.2739726027397191,FALSE,FALSE,1
108,Lentils,1919,Rathnapura,Sabaragamuwa,Ratnapura,2024-05-01,331,1.0378510378510308,1.0378510378510308,FALSE,FALSE,1
108,Lentils,1919,Rathnapura,Sabaragamuwa,Ratnapura,2024-06-01,316,-4.531722054380665,4.531722054380665,FALSE,FALSE,1
108,Lentils,1919,Rathnapura,Sabaragamuwa,Ratnapura,2024-07-01,320.8,1.5189873417721556,1.5189873417721556,FALSE,FALSE,1
108,Lentils,1919,Rathnapura,Sabaragamuwa,Ratnapura,2024-08-01,307.75,-4.067955112219455,4.067955112219455,FALSE,FALSE,1
108,Lentils,1919,Rathnapura,Sabaragamuwa,Ratnapura,2024-09-01,308,0.08123476848090982,0.08123476848090982,FALSE,FALSE,1
108,Lentils,1919,Rathnapura,Sabaragamuwa,Ratnapura,2024-10-01,313,1.6233766233766231,1.6233766233766231,FALSE,FALSE,1
108,Lentils,1919,Rathnapura,Sabaragamuwa,Ratnapura,2024-11-01,310,-0.9584664536741214,0.9584664536741214,FALSE,FALSE,1
108,Lentils,1919,Rathnapura,Sabaragamuwa,Ratnapura,2024-12-01,310,0,0,FALSE,FALSE,1
108,Lentils,1919,Rathnapura,Sabaragamuwa,Ratnapura,2025-01-01,310,0,0,FALSE,FALSE,1
108,Lentils,1919,Rathnapura,Sabaragamuwa,Ratnapura,2025-02-01,310,0,0,FALSE,FALSE,1
108,Lentils,1919,Rathnapura,Sabaragamuwa,Ratnapura,2025-03-01,304,-1.935483870967742,1.935483870967742,FALSE,FALSE,1
108,Lentils,1919,Rathnapura,Sabaragamuwa,Ratnapura,2025-04-01,284,-6.578947368421052,6.578947368421052,FALSE,FALSE,1
108,Lentils,1919,Rathnapura,Sabaragamuwa,Ratnapura,2025-05-01,287,1.056338028169014,1.056338028169014,FALSE,FALSE,1
108,Lentils,1919,Rathnapura,Sabaragamuwa,Ratnapura,2025-06-01,288.2,0.4181184668989507,0.4181184668989507,FALSE,FALSE,1
108,Lentils,1919,Rathnapura,Sabaragamuwa,Ratnapura,2025-07-01,293.5,1.83900069396253,1.83900069396253,FALSE,FALSE,1
108,Lentils,1919,Rathnapura,Sabaragamuwa,Ratnapura,2025-08-01,292.45,-0.35775127768313847,0.35775127768313847,FALSE,FALSE,1
108,Lentils,1919,Rathnapura,Sabaragamuwa,Ratnapura,2025-09-01,283.61,-3.02273892973157,3.02273892973157,FALSE,FALSE,1
108,Lentils,5287,Dammbagalla,Uva,Moneragala,2023-06-01,290,NA,NA,FALSE,FALSE,1
108,Lentils,5287,Dammbagalla,Uva,Moneragala,2023-07-01,287,-1.0344827586206897,1.0344827586206897,FALSE,FALSE,1
108,Lentils,5287,Dammbagalla,Uva,Moneragala,2023-08-01,301.75,5.139372822299651,5.139372822299651,FALSE,FALSE,1
108,Lentils,5287,Dammbagalla,Uva,Moneragala,2023-09-01,321.5,6.545153272576636,6.545153272576636,FALSE,FALSE,1
108,Lentils,5287,Dammbagalla,Uva,Moneragala,2023-10-01,315.2,-1.9595645412130671,1.9595645412130671,FALSE,FALSE,1
108,Lentils,5287,Dammbagalla,Uva,Moneragala,2023-11-01,321.5,1.9987309644670086,1.9987309644670086,FALSE,FALSE,1
108,Lentils,5287,Dammbagalla,Uva,Moneragala,2023-12-01,320.75,-0.23328149300155523,0.23328149300155523,FALSE,FALSE,1
108,Lentils,5287,Dammbagalla,Uva,Moneragala,2024-01-01,319.2,-0.4832424006235421,0.4832424006235421,FALSE,FALSE,1
108,Lentils,5287,Dammbagalla,Uva,Moneragala,2024-02-01,316.5,-0.8458646616541319,0.8458646616541319,FALSE,FALSE,1
108,Lentils,5287,Dammbagalla,Uva,Moneragala,2024-03-01,310,-2.0537124802527646,2.0537124802527646,FALSE,FALSE,1
108,Lentils,5287,Dammbagalla,Uva,Moneragala,2024-04-01,303.3,-2.1612903225806415,2.1612903225806415,FALSE,FALSE,1
108,Lentils,5287,Dammbagalla,Uva,Moneragala,2024-05-01,297.5,-1.9122980547312929,1.9122980547312929,FALSE,FALSE,1
108,Lentils,5287,Dammbagalla,Uva,Moneragala,2024-06-01,297.5,0,0,FALSE,FALSE,1
108,Lentils,5287,Dammbagalla,Uva,Moneragala,2024-07-01,297,-0.16806722689075632,0.16806722689075632,FALSE,FALSE,1
108,Lentils,5287,Dammbagalla,Uva,Moneragala,2024-08-01,292,-1.6835016835016834,1.6835016835016834,FALSE,FALSE,1
108,Lentils,5287,Dammbagalla,Uva,Moneragala,2024-09-01,281.6,-3.561643835616431,3.561643835616431,FALSE,FALSE,1
108,Lentils,5287,Dammbagalla,Uva,Moneragala,2024-10-01,292.75,3.9595170454545374,3.9595170454545374,FALSE,FALSE,1
108,Lentils,5287,Dammbagalla,Uva,Moneragala,2024-11-01,296,1.1101622544833476,1.1101622544833476,FALSE,FALSE,1
108,Lentils,5287,Dammbagalla,Uva,Moneragala,2024-12-01,292.6,-1.148648648648641,1.148648648648641,FALSE,FALSE,1
108,Lentils,5287,Dammbagalla,Uva,Moneragala,2025-01-01,291.5,-0.3759398496240679,0.3759398496240679,FALSE,FALSE,1
108,Lentils,5287,Dammbagalla,Uva,Moneragala,2025-02-01,288.33,-1.0874785591766778,1.0874785591766778,FALSE,FALSE,1
108,Lentils,5287,Dammbagalla,Uva,Moneragala,2025-03-01,285,-1.154926646550822,1.154926646550822,FALSE,FALSE,1
108,Lentils,5287,Dammbagalla,Uva,Moneragala,2025-04-01,279,-2.1052631578947367,2.1052631578947367,FALSE,FALSE,1
108,Lentils,5287,Dammbagalla,Uva,Moneragala,2025-05-01,277.5,-0.5376344086021506,0.5376344086021506,FALSE,FALSE,1
108,Lentils,5287,Dammbagalla,Uva,Moneragala,2025-06-01,274.5,-1.0810810810810811,1.0810810810810811,FALSE,FALSE,1
108,Lentils,5287,Dammbagalla,Uva,Moneragala,2025-07-01,270.25,-1.5482695810564664,1.5482695810564664,FALSE,FALSE,1
108,Lentils,5287,Dammbagalla,Uva,Moneragala,2025-08-01,263.75,-2.4051803885291396,2.4051803885291396,FALSE,FALSE,1
108,Lentils,5287,Dammbagalla,Uva,Moneragala,2025-09-01,262.8,-0.3601895734597113,0.3601895734597113,FALSE,FALSE,1
108,Lentils,5346,Thambuttegama,North Central,Anuradhapura,2023-06-01,296.4,NA,NA,FALSE,FALSE,1
108,Lentils,5346,Thambuttegama,North Central,Anuradhapura,2023-07-01,289.27,-2.4055330634277987,2.4055330634277987,FALSE,FALSE,1
108,Lentils,5346,Thambuttegama,North Central,Anuradhapura,2023-08-01,293.46,1.4484737442527735,1.4484737442527735,FALSE,FALSE,1
108,Lentils,5346,Thambuttegama,North Central,Anuradhapura,2023-09-01,314.04,7.012880801472106,7.012880801472106,FALSE,FALSE,1
108,Lentils,5346,Thambuttegama,North Central,Anuradhapura,2023-10-01,304.99,-2.8817984970067543,2.8817984970067543,FALSE,FALSE,1
108,Lentils,5346,Thambuttegama,North Central,Anuradhapura,2023-11-01,307.47,0.8131414144726117,0.8131414144726117,FALSE,FALSE,1
108,Lentils,5346,Thambuttegama,North Central,Anuradhapura,2023-12-01,313.98,2.1172797346082515,2.1172797346082515,FALSE,FALSE,1
108,Lentils,5346,Thambuttegama,North Central,Anuradhapura,2024-01-01,318,1.28033632715459,1.28033632715459,FALSE,FALSE,1
108,Lentils,5346,Thambuttegama,North Central,Anuradhapura,2024-02-01,318.19,0.05974842767295526,0.05974842767295526,FALSE,FALSE,1
108,Lentils,5346,Thambuttegama,North Central,Anuradhapura,2024-03-01,317.11,-0.33941984348973386,0.33941984348973386,FALSE,FALSE,1
108,Lentils,5346,Thambuttegama,North Central,Anuradhapura,2024-04-01,308.32,-2.7719088013623097,2.7719088013623097,FALSE,FALSE,1
108,Lentils,5346,Thambuttegama,North Central,Anuradhapura,2024-05-01,309.75,0.4638038401660634,0.4638038401660634,FALSE,FALSE,1
108,Lentils,5346,Thambuttegama,North Central,Anuradhapura,2024-06-01,NA,NA,NA,FALSE,TRUE,NA
108,Lentils,5346,Thambuttegama,North Central,Anuradhapura,2024-07-01,296.25,NA,NA,FALSE,FALSE,1
108,Lentils,5346,Thambuttegama,North Central,Anuradhapura,2024-08-01,290.83,-1.8295358649789084,1.8295358649789084,FALSE,FALSE,1
108,Lentils,5346,Thambuttegama,North Central,Anuradhapura,2024-09-01,300.75,3.4109273458721647,3.4109273458721647,FALSE,FALSE,1
108,Lentils,5346,Thambuttegama,North Central,Anuradhapura,2024-10-01,303.55,0.9310058187863712,0.9310058187863712,FALSE,FALSE,1
108,Lentils,5346,Thambuttegama,North Central,Anuradhapura,2024-11-01,310.1,2.1577993740734676,2.1577993740734676,FALSE,FALSE,1
108,Lentils,5346,Thambuttegama,North Central,Anuradhapura,2024-12-01,297.6,-4.030957755562722,4.030957755562722,FALSE,FALSE,1
108,Lentils,5346,Thambuttegama,North Central,Anuradhapura,2025-01-01,300.5,0.9744623655913902,0.9744623655913902,FALSE,FALSE,1
108,Lentils,5346,Thambuttegama,North Central,Anuradhapura,2025-02-01,294.5,-1.9966722129783694,1.9966722129783694,FALSE,FALSE,1
108,Lentils,5346,Thambuttegama,North Central,Anuradhapura,2025-03-01,292.6,-0.645161290322573,0.645161290322573,FALSE,FALSE,1
108,Lentils,5346,Thambuttegama,North Central,Anuradhapura,2025-04-01,285.67,-2.368421052631581,2.368421052631581,FALSE,FALSE,1
108,Lentils,5346,Thambuttegama,North Central,Anuradhapura,2025-05-01,284.15,-0.5320824727832949,0.5320824727832949,FALSE,FALSE,1
108,Lentils,5346,Thambuttegama,North Central,Anuradhapura,2025-06-01,281.12,-1.0663382016540464,1.0663382016540464,FALSE,FALSE,1
108,Lentils,5346,Thambuttegama,North Central,Anuradhapura,2025-07-01,267.55,-4.8271200910643115,4.8271200910643115,FALSE,FALSE,1
108,Lentils,5346,Thambuttegama,North Central,Anuradhapura,2025-08-01,260,-2.8219024481405386,2.8219024481405386,FALSE,FALSE,1
108,Lentils,5346,Thambuttegama,North Central,Anuradhapura,2025-09-01,260,0,0,FALSE,FALSE,1
108,Lentils,7833,Embilipitiya,Sabaragamuwa,Ratnapura,2023-06-01,308.22,NA,NA,FALSE,FALSE,1
108,Lentils,7833,Embilipitiya,Sabaragamuwa,Ratnapura,2023-07-01,292.93,-4.960742326909356,4.960742326909356,FALSE,FALSE,1
108,Lentils,7833,Embilipitiya,Sabaragamuwa,Ratnapura,2023-08-01,317.5,8.387669409073837,8.387669409073837,FALSE,FALSE,1
108,Lentils,7833,Embilipitiya,Sabaragamuwa,Ratnapura,2023-09-01,358.85,13.023622047244102,13.023622047244102,FALSE,FALSE,1
108,Lentils,7833,Embilipitiya,Sabaragamuwa,Ratnapura,2023-10-01,350.7,-2.2711439320050255,2.2711439320050255,FALSE,FALSE,1
108,Lentils,7833,Embilipitiya,Sabaragamuwa,Ratnapura,2023-11-01,345.21,-1.5654405474764783,1.5654405474764783,FALSE,FALSE,1
108,Lentils,7833,Embilipitiya,Sabaragamuwa,Ratnapura,2023-12-01,347.79,0.7473711653776081,0.7473711653776081,FALSE,FALSE,1
108,Lentils,7833,Embilipitiya,Sabaragamuwa,Ratnapura,2024-01-01,343.93,-1.1098651485091617,1.1098651485091617,FALSE,FALSE,1
108,Lentils,7833,Embilipitiya,Sabaragamuwa,Ratnapura,2024-02-01,345.83,0.5524379961038517,0.5524379961038517,FALSE,FALSE,1
108,Lentils,7833,Embilipitiya,Sabaragamuwa,Ratnapura,2024-03-01,348.58,0.7951883873579505,0.7951883873579505,FALSE,FALSE,1
108,Lentils,7833,Embilipitiya,Sabaragamuwa,Ratnapura,2024-04-01,315.82,-9.398129554191287,9.398129554191287,FALSE,FALSE,1
108,Lentils,7833,Embilipitiya,Sabaragamuwa,Ratnapura,2024-05-01,305.85,-3.1568615033879963,3.1568615033879963,FALSE,FALSE,1
108,Lentils,7833,Embilipitiya,Sabaragamuwa,Ratnapura,2024-06-01,305.6,-0.08173941474579041,0.08173941474579041,FALSE,FALSE,1
108,Lentils,7833,Embilipitiya,Sabaragamuwa,Ratnapura,2024-07-01,306.4,0.261780104712027,0.261780104712027,FALSE,FALSE,1
108,Lentils,7833,Embilipitiya,Sabaragamuwa,Ratnapura,2024-08-01,301.4,-1.6318537859007836,1.6318537859007836,FALSE,FALSE,1
108,Lentils,7833,Embilipitiya,Sabaragamuwa,Ratnapura,2024-09-01,290,-3.7823490378234834,3.7823490378234834,FALSE,FALSE,1
108,Lentils,7833,Embilipitiya,Sabaragamuwa,Ratnapura,2024-10-01,294.5,1.5517241379310345,1.5517241379310345,FALSE,FALSE,1
108,Lentils,7833,Embilipitiya,Sabaragamuwa,Ratnapura,2024-11-01,296.25,0.5942275042444821,0.5942275042444821,FALSE,FALSE,1
108,Lentils,7833,Embilipitiya,Sabaragamuwa,Ratnapura,2024-12-01,298.6,0.7932489451476871,0.7932489451476871,FALSE,FALSE,1
108,Lentils,7833,Embilipitiya,Sabaragamuwa,Ratnapura,2025-01-01,309,3.482920294708632,3.482920294708632,FALSE,FALSE,1
108,Lentils,7833,Embilipitiya,Sabaragamuwa,Ratnapura,2025-02-01,306.25,-0.889967637540453,0.889967637540453,FALSE,FALSE,1
108,Lentils,7833,Embilipitiya,Sabaragamuwa,Ratnapura,2025-03-01,291.8,-4.718367346938772,4.718367346938772,FALSE,FALSE,1
108,Lentils,7833,Embilipitiya,Sabaragamuwa,Ratnapura,2025-04-01,283.56,-2.823851953392738,2.823851953392738,FALSE,FALSE,1
108,Lentils,7833,Embilipitiya,Sabaragamuwa,Ratnapura,2025-05-01,282.5,-0.37381859218507624,0.37381859218507624,FALSE,FALSE,1
108,Lentils,7833,Embilipitiya,Sabaragamuwa,Ratnapura,2025-06-01,281.25,-0.4424778761061947,0.4424778761061947,FALSE,FALSE,1
108,Lentils,7833,Embilipitiya,Sabaragamuwa,Ratnapura,2025-07-01,279.69,-0.5546666666666674,0.5546666666666674,FALSE,FALSE,1
108,Lentils,7833,Embilipitiya,Sabaragamuwa,Ratnapura,2025-08-01,289.85,3.6325932282169635,3.6325932282169635,FALSE,FALSE,1
108,Lentils,7833,Embilipitiya,Sabaragamuwa,Ratnapura,2025-09-01,280.43,-3.249956874245304,3.249956874245304,FALSE,FALSE,1
108,Lentils,7834,Tissamaharama,Southern,Hambantota,2023-06-01,305.62,NA,NA,FALSE,FALSE,1
108,Lentils,7834,Tissamaharama,Southern,Hambantota,2023-07-01,299,-2.166088606766574,2.166088606766574,FALSE,FALSE,1
108,Lentils,7834,Tissamaharama,Southern,Hambantota,2023-08-01,299.38,0.12709030100334298,0.12709030100334298,FALSE,FALSE,1
108,Lentils,7834,Tissamaharama,Southern,Hambantota,2023-09-01,333.75,11.480392811811079,11.480392811811079,FALSE,FALSE,1
108,Lentils,7834,Tissamaharama,Southern,Hambantota,2023-10-01,321,-3.8202247191011236,3.8202247191011236,FALSE,FALSE,1
108,Lentils,7834,Tissamaharama,Southern,Hambantota,2023-11-01,318,-0.9345794392523363,0.9345794392523363,FALSE,FALSE,1
108,Lentils,7834,Tissamaharama,Southern,Hambantota,2023-12-01,322.25,1.3364779874213837,1.3364779874213837,FALSE,FALSE,1
108,Lentils,7834,Tissamaharama,Southern,Hambantota,2024-01-01,325,0.8533747090768037,0.8533747090768037,FALSE,FALSE,1
108,Lentils,7834,Tissamaharama,Southern,Hambantota,2024-02-01,325,0,0,FALSE,FALSE,1
108,Lentils,7834,Tissamaharama,Southern,Hambantota,2024-03-01,325,0,0,FALSE,FALSE,1
108,Lentils,7834,Tissamaharama,Southern,Hambantota,2024-04-01,332.8,2.4000000000000035,2.4000000000000035,FALSE,FALSE,1
108,Lentils,7834,Tissamaharama,Southern,Hambantota,2024-05-01,324,-2.6442307692307727,2.6442307692307727,FALSE,FALSE,1
108,Lentils,7834,Tissamaharama,Southern,Hambantota,2024-06-01,NA,NA,NA,FALSE,TRUE,NA
108,Lentils,7834,Tissamaharama,Southern,Hambantota,2024-07-01,NA,NA,NA,FALSE,TRUE,NA
108,Lentils,7834,Tissamaharama,Southern,Hambantota,2024-08-01,NA,NA,NA,FALSE,TRUE,NA
108,Lentils,7834,Tissamaharama,Southern,Hambantota,2024-09-01,310.85,NA,NA,FALSE,FALSE,1
108,Lentils,7834,Tissamaharama,Southern,Hambantota,2024-10-01,301.81,-2.908155058709995,2.908155058709995,FALSE,FALSE,1
108,Lentils,7834,Tissamaharama,Southern,Hambantota,2024-11-01,298.75,-1.0138829064643327,1.0138829064643327,FALSE,FALSE,1
108,Lentils,7834,Tissamaharama,Southern,Hambantota,2024-12-01,301.4,0.8870292887029212,0.8870292887029212,FALSE,FALSE,1
108,Lentils,7834,Tissamaharama,Southern,Hambantota,2025-01-01,301.38,-0.006635700066350965,0.006635700066350965,FALSE,FALSE,1
108,Lentils,7834,Tissamaharama,Southern,Hambantota,2025-02-01,293.75,-2.5316875705089905,2.5316875705089905,FALSE,FALSE,1
108,Lentils,7834,Tissamaharama,Southern,Hambantota,2025-03-01,287.65,-2.076595744680859,2.076595744680859,FALSE,FALSE,1
108,Lentils,7834,Tissamaharama,Southern,Hambantota,2025-04-01,285,-0.921258473839728,0.921258473839728,FALSE,FALSE,1
108,Lentils,7834,Tissamaharama,Southern,Hambantota,2025-05-01,NA,NA,NA,FALSE,TRUE,NA
108,Lentils,7834,Tissamaharama,Southern,Hambantota,2025-06-01,277.19,NA,NA,FALSE,FALSE,1
108,Lentils,7834,Tissamaharama,Southern,Hambantota,2025-07-01,269.38,-2.8175619611097087,2.8175619611097087,FALSE,FALSE,1
108,Lentils,7834,Tissamaharama,Southern,Hambantota,2025-08-01,267.5,-0.6978988789071183,0.6978988789071183,FALSE,FALSE,1
108,Lentils,7834,Tissamaharama,Southern,Hambantota,2025-09-01,267.5,0,0,FALSE,FALSE,1
108,Lentils,7835,Galenbindunuwewa,North Central,Anuradhapura,2023-06-01,293,NA,NA,FALSE,FALSE,1
108,Lentils,7835,Galenbindunuwewa,North Central,Anuradhapura,2023-07-01,290.8,-0.7508532423208153,0.7508532423208153,FALSE,FALSE,1
108,Lentils,7835,Galenbindunuwewa,North Central,Anuradhapura,2023-08-01,300.5,3.3356258596973825,3.3356258596973825,FALSE,FALSE,1
108,Lentils,7835,Galenbindunuwewa,North Central,Anuradhapura,2023-09-01,325.5,8.319467554076539,8.319467554076539,FALSE,FALSE,1
108,Lentils,7835,Galenbindunuwewa,North Central,Anuradhapura,2023-10-01,315.2,-3.1643625192012323,3.1643625192012323,FALSE,FALSE,1
108,Lentils,7835,Galenbindunuwewa,North Central,Anuradhapura,2023-11-01,314.5,-0.2220812182741081,0.2220812182741081,FALSE,FALSE,1
108,Lentils,7835,Galenbindunuwewa,North Central,Anuradhapura,2023-12-01,326.5,3.815580286168521,3.815580286168521,FALSE,FALSE,1
108,Lentils,7835,Galenbindunuwewa,North Central,Anuradhapura,2024-01-01,322,-1.3782542113323124,1.3782542113323124,FALSE,FALSE,1
108,Lentils,7835,Galenbindunuwewa,North Central,Anuradhapura,2024-02-01,321.5,-0.15527950310559005,0.15527950310559005,FALSE,FALSE,1
108,Lentils,7835,Galenbindunuwewa,North Central,Anuradhapura,2024-03-01,309.5,-3.7325038880248838,3.7325038880248838,FALSE,FALSE,1
108,Lentils,7835,Galenbindunuwewa,North Central,Anuradhapura,2024-04-01,305.4,-1.32471728594508,1.32471728594508,FALSE,FALSE,1
108,Lentils,7835,Galenbindunuwewa,North Central,Anuradhapura,2024-05-01,299.5,-1.9318925998690168,1.9318925998690168,FALSE,FALSE,1
108,Lentils,7835,Galenbindunuwewa,North Central,Anuradhapura,2024-06-01,299,-0.1669449081803005,0.1669449081803005,FALSE,FALSE,1
108,Lentils,7835,Galenbindunuwewa,North Central,Anuradhapura,2024-07-01,314,5.016722408026756,5.016722408026756,FALSE,FALSE,1
108,Lentils,7835,Galenbindunuwewa,North Central,Anuradhapura,2024-08-01,NA,NA,NA,FALSE,TRUE,NA
108,Lentils,7835,Galenbindunuwewa,North Central,Anuradhapura,2024-09-01,NA,NA,NA,FALSE,TRUE,NA
108,Lentils,7835,Galenbindunuwewa,North Central,Anuradhapura,2024-10-01,NA,NA,NA,FALSE,TRUE,NA
108,Lentils,7835,Galenbindunuwewa,North Central,Anuradhapura,2024-11-01,NA,NA,NA,FALSE,TRUE,NA
108,Lentils,7835,Galenbindunuwewa,North Central,Anuradhapura,2024-12-01,293.67,NA,NA,FALSE,FALSE,1
108,Lentils,7835,Galenbindunuwewa,North Central,Anuradhapura,2025-01-01,302,2.836517179146656,2.836517179146656,FALSE,FALSE,1
108,Lentils,7835,Galenbindunuwewa,North Central,Anuradhapura,2025-02-01,300.62,-0.45695364238410446,0.45695364238410446,FALSE,FALSE,1
108,Lentils,7835,Galenbindunuwewa,North Central,Anuradhapura,2025-03-01,285.75,-4.946444015700886,4.946444015700886,FALSE,FALSE,1
108,Lentils,7835,Galenbindunuwewa,North Central,Anuradhapura,2025-04-01,285,-0.26246719160104987,0.26246719160104987,FALSE,FALSE,1
108,Lentils,7835,Galenbindunuwewa,North Central,Anuradhapura,2025-05-01,NA,NA,NA,FALSE,TRUE,NA
108,Lentils,7835,Galenbindunuwewa,North Central,Anuradhapura,2025-06-01,276,NA,NA,FALSE,FALSE,1
108,Lentils,7835,Galenbindunuwewa,North Central,Anuradhapura,2025-07-01,276.25,0.09057971014492754,0.09057971014492754,FALSE,FALSE,1
108,Lentils,7835,Galenbindunuwewa,North Central,Anuradhapura,2025-08-01,271.75,-1.6289592760180998,1.6289592760180998,FALSE,FALSE,1
108,Lentils,7835,Galenbindunuwewa,North Central,Anuradhapura,2025-09-01,267,-1.7479300827966882,1.7479300827966882,FALSE,FALSE,1
108,Lentils,7836,Bandarawela,Uva,Badulla,2023-06-01,298,NA,NA,FALSE,FALSE,1
108,Lentils,7836,Bandarawela,Uva,Badulla,2023-07-01,301,1.006711409395973,1.006711409395973,FALSE,FALSE,1
108,Lentils,7836,Bandarawela,Uva,Badulla,2023-08-01,308,2.3255813953488373,2.3255813953488373,FALSE,FALSE,1
108,Lentils,7836,Bandarawela,Uva,Badulla,2023-09-01,329.5,6.98051948051948,6.98051948051948,FALSE,FALSE,1
108,Lentils,7836,Bandarawela,Uva,Badulla,2023-10-01,328,-0.4552352048558422,0.4552352048558422,FALSE,FALSE,1
108,Lentils,7836,Bandarawela,Uva,Badulla,2023-11-01,328,0,0,FALSE,FALSE,1
108,Lentils,7836,Bandarawela,Uva,Badulla,2023-12-01,328,0,0,FALSE,FALSE,1
108,Lentils,7836,Bandarawela,Uva,Badulla,2024-01-01,328,0,0,FALSE,FALSE,1
108,Lentils,7836,Bandarawela,Uva,Badulla,2024-02-01,328,0,0,FALSE,FALSE,1
108,Lentils,7836,Bandarawela,Uva,Badulla,2024-03-01,NA,NA,NA,FALSE,TRUE,NA
108,Lentils,7836,Bandarawela,Uva,Badulla,2024-04-01,NA,NA,NA,FALSE,TRUE,NA
108,Lentils,7836,Bandarawela,Uva,Badulla,2024-05-01,326.67,NA,NA,FALSE,FALSE,1
108,Lentils,7836,Bandarawela,Uva,Badulla,2024-06-01,344.25,5.381577739002658,5.381577739002658,FALSE,FALSE,1
108,Lentils,7836,Bandarawela,Uva,Badulla,2024-07-01,335.6,-2.5127087872185845,2.5127087872185845,FALSE,FALSE,1
108,Lentils,7836,Bandarawela,Uva,Badulla,2024-08-01,308.5,-8.0750893921335,8.0750893921335,FALSE,FALSE,1
108,Lentils,7836,Bandarawela,Uva,Badulla,2024-09-01,296.8,-3.792544570502428,3.792544570502428,FALSE,FALSE,1
108,Lentils,7836,Bandarawela,Uva,Badulla,2024-10-01,297.5,0.23584905660376976,0.23584905660376976,FALSE,FALSE,1
108,Lentils,7836,Bandarawela,Uva,Badulla,2024-11-01,302,1.5126050420168067,1.5126050420168067,FALSE,FALSE,1
108,Lentils,7836,Bandarawela,Uva,Badulla,2024-12-01,301.2,-0.2649006622516594,0.2649006622516594,FALSE,FALSE,1
108,Lentils,7836,Bandarawela,Uva,Badulla,2025-01-01,302,0.2656042496679985,0.2656042496679985,FALSE,FALSE,1
108,Lentils,7836,Bandarawela,Uva,Badulla,2025-02-01,302,0,0,FALSE,FALSE,1
108,Lentils,7836,Bandarawela,Uva,Badulla,2025-03-01,302,0,0,FALSE,FALSE,1
108,Lentils,7836,Bandarawela,Uva,Badulla,2025-04-01,296.5,-1.8211920529801324,1.8211920529801324,FALSE,FALSE,1
108,Lentils,7836,Bandarawela,Uva,Badulla,2025-05-01,291,-1.854974704890388,1.854974704890388,FALSE,FALSE,1
108,Lentils,7836,Bandarawela,Uva,Badulla,2025-06-01,278.4,-4.3298969072165026,4.3298969072165026,FALSE,FALSE,1
108,Lentils,7836,Bandarawela,Uva,Badulla,2025-07-01,283.5,1.8318965517241461,1.8318965517241461,FALSE,FALSE,1
108,Lentils,7836,Bandarawela,Uva,Badulla,2025-08-01,274.75,-3.0864197530864197,3.0864197530864197,FALSE,FALSE,1
108,Lentils,7836,Bandarawela,Uva,Badulla,2025-09-01,266.8,-2.8935395814376665,2.8935395814376665,FALSE,FALSE,1
108,Lentils,7837,Dehiattakandiya,Eastern,Ampara,2023-06-01,295.1,NA,NA,FALSE,FALSE,1
108,Lentils,7837,Dehiattakandiya,Eastern,Ampara,2023-07-01,285.33,-3.310742121314821,3.310742121314821,FALSE,FALSE,1
108,Lentils,7837,Dehiattakandiya,Eastern,Ampara,2023-08-01,294.58,3.241860302106333,3.241860302106333,FALSE,FALSE,1
108,Lentils,7837,Dehiattakandiya,Eastern,Ampara,2023-09-01,319.17,8.347477764953503,8.347477764953503,FALSE,FALSE,1
108,Lentils,7837,Dehiattakandiya,Eastern,Ampara,2023-10-01,312,-2.2464517341855483,2.2464517341855483,FALSE,FALSE,1
108,Lentils,7837,Dehiattakandiya,Eastern,Ampara,2023-11-01,313.75,0.5608974358974359,0.5608974358974359,FALSE,FALSE,1
108,Lentils,7837,Dehiattakandiya,Eastern,Ampara,2023-12-01,322.92,2.9227091633466187,2.9227091633466187,FALSE,FALSE,1
108,Lentils,7837,Dehiattakandiya,Eastern,Ampara,2024-01-01,323.33,0.12696643131424754,0.12696643131424754,FALSE,FALSE,1
108,Lentils,7837,Dehiattakandiya,Eastern,Ampara,2024-02-01,320.83,-0.773203847462345,0.773203847462345,FALSE,FALSE,1
108,Lentils,7837,Dehiattakandiya,Eastern,Ampara,2024-03-01,308.33,-3.8961443755259797,3.8961443755259797,FALSE,FALSE,1
108,Lentils,7837,Dehiattakandiya,Eastern,Ampara,2024-04-01,316,2.487594460480659,2.487594460480659,FALSE,FALSE,1
108,Lentils,7837,Dehiattakandiya,Eastern,Ampara,2024-05-01,303.75,-3.8765822784810124,3.8765822784810124,FALSE,FALSE,1
108,Lentils,7837,Dehiattakandiya,Eastern,Ampara,2024-06-01,305.83,0.684773662551435,0.684773662551435,FALSE,FALSE,1
108,Lentils,7837,Dehiattakandiya,Eastern,Ampara,2024-07-01,309.67,1.2555995160710303,1.2555995160710303,FALSE,FALSE,1
108,Lentils,7837,Dehiattakandiya,Eastern,Ampara,2024-08-01,299.17,-3.3907062356702293,3.3907062356702293,FALSE,FALSE,1
108,Lentils,7837,Dehiattakandiya,Eastern,Ampara,2024-09-01,290.33,-2.9548417287829767,2.9548417287829767,FALSE,FALSE,1
108,Lentils,7837,Dehiattakandiya,Eastern,Ampara,2024-10-01,295.42,1.7531774187993083,1.7531774187993083,FALSE,FALSE,1
108,Lentils,7837,Dehiattakandiya,Eastern,Ampara,2024-11-01,296.67,0.42312639631710786,0.42312639631710786,FALSE,FALSE,1
108,Lentils,7837,Dehiattakandiya,Eastern,Ampara,2024-12-01,302,1.7966090268648611,1.7966090268648611,FALSE,FALSE,1
108,Lentils,7837,Dehiattakandiya,Eastern,Ampara,2025-01-01,300,-0.6622516556291391,0.6622516556291391,FALSE,FALSE,1
108,Lentils,7837,Dehiattakandiya,Eastern,Ampara,2025-02-01,290.42,-3.193333333333328,3.193333333333328,FALSE,FALSE,1
108,Lentils,7837,Dehiattakandiya,Eastern,Ampara,2025-03-01,283.83,-2.26912747055989,2.26912747055989,FALSE,FALSE,1
108,Lentils,7837,Dehiattakandiya,Eastern,Ampara,2025-04-01,277.92,-2.082232322164665,2.082232322164665,FALSE,FALSE,1
108,Lentils,7837,Dehiattakandiya,Eastern,Ampara,2025-05-01,270.62,-2.6266551525618924,2.6266551525618924,FALSE,FALSE,1
108,Lentils,7837,Dehiattakandiya,Eastern,Ampara,2025-06-01,273.53,1.0753085507353366,1.0753085507353366,FALSE,FALSE,1
108,Lentils,7837,Dehiattakandiya,Eastern,Ampara,2025-07-01,266.5,-2.5701019997806362,2.5701019997806362,FALSE,FALSE,1
108,Lentils,7837,Dehiattakandiya,Eastern,Ampara,2025-08-01,260,-2.4390243902439024,2.4390243902439024,FALSE,FALSE,1
108,Lentils,7837,Dehiattakandiya,Eastern,Ampara,2025-09-01,256.33,-1.4115384615384676,1.4115384615384676,FALSE,FALSE,1
108,Lentils,7839,Keppetipola (DEC},Uva,Badulla,2023-06-01,303.5,NA,NA,FALSE,FALSE,1
108,Lentils,7839,Keppetipola (DEC},Uva,Badulla,2023-07-01,295.68,-2.576606260296538,2.576606260296538,FALSE,FALSE,1
108,Lentils,7839,Keppetipola (DEC},Uva,Badulla,2023-08-01,302.96,2.462121212121203,2.462121212121203,FALSE,FALSE,1
108,Lentils,7839,Keppetipola (DEC},Uva,Badulla,2023-09-01,316,4.304198574069191,4.304198574069191,FALSE,FALSE,1
108,Lentils,7839,Keppetipola (DEC},Uva,Badulla,2023-10-01,330.4,4.556962025316449,4.556962025316449,FALSE,FALSE,1
108,Lentils,7839,Keppetipola (DEC},Uva,Badulla,2023-11-01,313.65,-5.069612590799031,5.069612590799031,FALSE,FALSE,1
108,Lentils,7839,Keppetipola (DEC},Uva,Badulla,2023-12-01,323,2.9810298102981103,2.9810298102981103,FALSE,FALSE,1
108,Lentils,7839,Keppetipola (DEC},Uva,Badulla,2024-01-01,314.8,-2.5386996904024732,2.5386996904024732,FALSE,FALSE,1
108,Lentils,7839,Keppetipola (DEC},Uva,Badulla,2024-02-01,317.5,0.8576874205844945,0.8576874205844945,FALSE,FALSE,1
108,Lentils,7839,Keppetipola (DEC},Uva,Badulla,2024-03-01,321.25,1.1811023622047243,1.1811023622047243,FALSE,FALSE,1
108,Lentils,7839,Keppetipola (DEC},Uva,Badulla,2024-04-01,318.42,-0.8809338521400728,0.8809338521400728,FALSE,FALSE,1
108,Lentils,7839,Keppetipola (DEC},Uva,Badulla,2024-05-01,308.62,-3.0776961246152914,3.0776961246152914,FALSE,FALSE,1
108,Lentils,7839,Keppetipola (DEC},Uva,Badulla,2024-06-01,304.65,-1.2863715896571923,1.2863715896571923,FALSE,FALSE,1
108,Lentils,7839,Keppetipola (DEC},Uva,Badulla,2024-07-01,308.6,1.2965698342360235,1.2965698342360235,FALSE,FALSE,1
108,Lentils,7839,Keppetipola (DEC},Uva,Badulla,2024-08-01,304.75,-1.247569669475056,1.247569669475056,FALSE,FALSE,1
108,Lentils,7839,Keppetipola (DEC},Uva,Badulla,2024-09-01,293.56,-3.671862182116488,3.671862182116488,FALSE,FALSE,1
108,Lentils,7839,Keppetipola (DEC},Uva,Badulla,2024-10-01,295.65,0.7119498569287284,0.7119498569287284,FALSE,FALSE,1
108,Lentils,7839,Keppetipola (DEC},Uva,Badulla,2024-11-01,295.25,-0.13529511246405454,0.13529511246405454,FALSE,FALSE,1
108,Lentils,7839,Keppetipola (DEC},Uva,Badulla,2024-12-01,294.28,-0.3285351397121176,0.3285351397121176,FALSE,FALSE,1
108,Lentils,7839,Keppetipola (DEC},Uva,Badulla,2025-01-01,288.65,-1.9131439445426113,1.9131439445426113,FALSE,FALSE,1
108,Lentils,7839,Keppetipola (DEC},Uva,Badulla,2025-02-01,287.05,-0.5543045210462381,0.5543045210462381,FALSE,FALSE,1
108,Lentils,7839,Keppetipola (DEC},Uva,Badulla,2025-03-01,285.92,-0.3936596411774936,0.3936596411774936,FALSE,FALSE,1
108,Lentils,7839,Keppetipola (DEC},Uva,Badulla,2025-04-01,282.75,-1.1087017347509849,1.1087017347509849,FALSE,FALSE,1
108,Lentils,7839,Keppetipola (DEC},Uva,Badulla,2025-05-01,275.5,-2.564102564102564,2.564102564102564,FALSE,FALSE,1
108,Lentils,7839,Keppetipola (DEC},Uva,Badulla,2025-06-01,267.4,-2.9401088929219683,2.9401088929219683,FALSE,FALSE,1
108,Lentils,7839,Keppetipola (DEC},Uva,Badulla,2025-07-01,290.31,8.567688855646981,8.567688855646981,FALSE,FALSE,1
108,Lentils,7839,Keppetipola (DEC},Uva,Badulla,2025-08-01,284.44,-2.021976507870898,2.021976507870898,FALSE,FALSE,1
108,Lentils,7839,Keppetipola (DEC},Uva,Badulla,2025-09-01,268.2,-5.70946421037829,5.70946421037829,FALSE,FALSE,1
108,Lentils,7840,Hanguranketha,Central,Nuwara Eliya,2023-06-01,283.14,NA,NA,FALSE,FALSE,1
108,Lentils,7840,Hanguranketha,Central,Nuwara Eliya,2023-07-01,279.55,-1.2679239951967136,1.2679239951967136,FALSE,FALSE,1
108,Lentils,7840,Hanguranketha,Central,Nuwara Eliya,2023-08-01,290.6,3.952781255589344,3.952781255589344,FALSE,FALSE,1
108,Lentils,7840,Hanguranketha,Central,Nuwara Eliya,2023-09-01,316.15,8.79215416379902,8.79215416379902,FALSE,FALSE,1
108,Lentils,7840,Hanguranketha,Central,Nuwara Eliya,2023-10-01,302.08,-4.450419104855288,4.450419104855288,FALSE,FALSE,1
108,Lentils,7840,Hanguranketha,Central,Nuwara Eliya,2023-11-01,307.75,1.8769862288135646,1.8769862288135646,FALSE,FALSE,1
108,Lentils,7840,Hanguranketha,Central,Nuwara Eliya,2023-12-01,317.16,3.057676685621454,3.057676685621454,FALSE,FALSE,1
108,Lentils,7840,Hanguranketha,Central,Nuwara Eliya,2024-01-01,314.5,-0.8386934039601541,0.8386934039601541,FALSE,FALSE,1
108,Lentils,7840,Hanguranketha,Central,Nuwara Eliya,2024-02-01,312.83,-0.5310015898251242,0.5310015898251242,FALSE,FALSE,1
108,Lentils,7840,Hanguranketha,Central,Nuwara Eliya,2024-03-01,304.28,-2.73311383179363,2.73311383179363,FALSE,FALSE,1
108,Lentils,7840,Hanguranketha,Central,Nuwara Eliya,2024-04-01,297.36,-2.2742211121335476,2.2742211121335476,FALSE,FALSE,1
108,Lentils,7840,Hanguranketha,Central,Nuwara Eliya,2024-05-01,296.72,-0.21522733387139706,0.21522733387139706,FALSE,FALSE,1
108,Lentils,7840,Hanguranketha,Central,Nuwara Eliya,2024-06-01,298,0.4313831221353372,0.4313831221353372,FALSE,FALSE,1
108,Lentils,7840,Hanguranketha,Central,Nuwara Eliya,2024-07-01,296.84,-0.3892617449664514,0.3892617449664514,FALSE,FALSE,1
108,Lentils,7840,Hanguranketha,Central,Nuwara Eliya,2024-08-01,288.33,-2.8668643040021533,2.8668643040021533,FALSE,FALSE,1
108,Lentils,7840,Hanguranketha,Central,Nuwara Eliya,2024-09-01,277.89,-3.6208511081052954,3.6208511081052954,FALSE,FALSE,1
108,Lentils,7840,Hanguranketha,Central,Nuwara Eliya,2024-10-01,286.75,3.1883119219835234,3.1883119219835234,FALSE,FALSE,1
108,Lentils,7840,Hanguranketha,Central,Nuwara Eliya,2024-11-01,286.52,-0.08020924149957043,0.08020924149957043,FALSE,FALSE,1
108,Lentils,7840,Hanguranketha,Central,Nuwara Eliya,2024-12-01,284.59,-0.673600446740195,0.673600446740195,FALSE,FALSE,1
108,Lentils,7840,Hanguranketha,Central,Nuwara Eliya,2025-01-01,287.8,1.1279384377525692,1.1279384377525692,FALSE,FALSE,1
108,Lentils,7840,Hanguranketha,Central,Nuwara Eliya,2025-02-01,282.63,-1.7963863794301653,1.7963863794301653,FALSE,FALSE,1
108,Lentils,7840,Hanguranketha,Central,Nuwara Eliya,2025-03-01,277.6,-1.7797119909422117,1.7797119909422117,FALSE,FALSE,1
108,Lentils,7840,Hanguranketha,Central,Nuwara Eliya,2025-04-01,273.94,-1.318443804034591,1.318443804034591,FALSE,FALSE,1
108,Lentils,7840,Hanguranketha,Central,Nuwara Eliya,2025-05-01,267.5,-2.350879754690807,2.350879754690807,FALSE,FALSE,1
108,Lentils,7840,Hanguranketha,Central,Nuwara Eliya,2025-06-01,NA,NA,NA,FALSE,TRUE,NA
108,Lentils,7840,Hanguranketha,Central,Nuwara Eliya,2025-07-01,NA,NA,NA,FALSE,TRUE,NA
108,Lentils,7840,Hanguranketha,Central,Nuwara Eliya,2025-08-01,251.5,NA,NA,FALSE,FALSE,1
108,Lentils,7840,Hanguranketha,Central,Nuwara Eliya,2025-09-01,251,-0.19880715705765406,0.19880715705765406,FALSE,FALSE,1
108,Lentils,7841,Meegoda(DEC),Western,Colombo,2023-06-01,299,NA,NA,FALSE,FALSE,1
108,Lentils,7841,Meegoda(DEC),Western,Colombo,2023-07-01,308.67,3.2341137123745876,3.2341137123745876,FALSE,FALSE,1
108,Lentils,7841,Meegoda(DEC),Western,Colombo,2023-08-01,314.5,1.8887485016360461,1.8887485016360461,FALSE,FALSE,1
108,Lentils,7841,Meegoda(DEC),Western,Colombo,2023-09-01,330.5,5.087440381558029,5.087440381558029,FALSE,FALSE,1
108,Lentils,7841,Meegoda(DEC),Western,Colombo,2023-10-01,325.2,-1.6036308623298068,1.6036308623298068,FALSE,FALSE,1
108,Lentils,7841,Meegoda(DEC),Western,Colombo,2023-11-01,325.62,0.12915129151292004,0.12915129151292004,FALSE,FALSE,1
108,Lentils,7841,Meegoda(DEC),Western,Colombo,2023-12-01,324,-0.4975124378109467,0.4975124378109467,FALSE,FALSE,1
108,Lentils,7841,Meegoda(DEC),Western,Colombo,2024-01-01,321.6,-0.7407407407407337,0.7407407407407337,FALSE,FALSE,1
108,Lentils,7841,Meegoda(DEC),Western,Colombo,2024-02-01,330.38,2.7300995024875534,2.7300995024875534,FALSE,FALSE,1
108,Lentils,7841,Meegoda(DEC),Western,Colombo,2024-03-01,325.69,-1.419577456262485,1.419577456262485,FALSE,FALSE,1
108,Lentils,7841,Meegoda(DEC),Western,Colombo,2024-04-01,316.05,-2.959869814854612,2.959869814854612,FALSE,FALSE,1
108,Lentils,7841,Meegoda(DEC),Western,Colombo,2024-05-01,317.5,0.4587881664293588,0.4587881664293588,FALSE,FALSE,1
108,Lentils,7841,Meegoda(DEC),Western,Colombo,2024-06-01,322,1.4173228346456692,1.4173228346456692,FALSE,FALSE,1
108,Lentils,7841,Meegoda(DEC),Western,Colombo,2024-07-01,313.2,-2.732919254658389,2.732919254658389,FALSE,FALSE,1
108,Lentils,7841,Meegoda(DEC),Western,Colombo,2024-08-01,296.25,-5.4118773946360115,5.4118773946360115,FALSE,FALSE,1
108,Lentils,7841,Meegoda(DEC),Western,Colombo,2024-09-01,297.8,0.5232067510548561,0.5232067510548561,FALSE,FALSE,1
108,Lentils,7841,Meegoda(DEC),Western,Colombo,2024-10-01,304.25,2.1658831430490224,2.1658831430490224,FALSE,FALSE,1
108,Lentils,7841,Meegoda(DEC),Western,Colombo,2024-11-01,300.5,-1.2325390304026294,1.2325390304026294,FALSE,FALSE,1
108,Lentils,7841,Meegoda(DEC),Western,Colombo,2024-12-01,301.2,0.2329450915141393,0.2329450915141393,FALSE,FALSE,1
108,Lentils,7841,Meegoda(DEC),Western,Colombo,2025-01-01,300.5,-0.2324037184594916,0.2324037184594916,FALSE,FALSE,1
108,Lentils,7841,Meegoda(DEC),Western,Colombo,2025-02-01,295.5,-1.6638935108153077,1.6638935108153077,FALSE,FALSE,1
108,Lentils,7841,Meegoda(DEC),Western,Colombo,2025-03-01,293.55,-0.6598984771573566,0.6598984771573566,FALSE,FALSE,1
108,Lentils,7841,Meegoda(DEC),Western,Colombo,2025-04-01,287.33,-2.1188894566513463,2.1188894566513463,FALSE,FALSE,1
108,Lentils,7841,Meegoda(DEC),Western,Colombo,2025-05-01,285,-0.8109142797480194,0.8109142797480194,FALSE,FALSE,1
108,Lentils,7841,Meegoda(DEC),Western,Colombo,2025-06-01,282.8,-0.7719298245613996,0.7719298245613996,FALSE,FALSE,1
108,Lentils,7841,Meegoda(DEC),Western,Colombo,2025-07-01,272.5,-3.642149929278646,3.642149929278646,FALSE,FALSE,1
108,Lentils,7841,Meegoda(DEC),Western,Colombo,2025-08-01,272,-0.1834862385321101,0.1834862385321101,FALSE,FALSE,1
108,Lentils,7841,Meegoda(DEC),Western,Colombo,2025-09-01,270.8,-0.4411764705882311,0.4411764705882311,FALSE,FALSE,1
108,Lentils,7842,Nikaweratiya,North Western,Kurunegala,2023-06-01,307.19,NA,NA,FALSE,FALSE,1
108,Lentils,7842,Nikaweratiya,North Western,Kurunegala,2023-07-01,298,-2.9916338422474684,2.9916338422474684,FALSE,FALSE,1
108,Lentils,7842,Nikaweratiya,North Western,Kurunegala,2023-08-01,315,5.704697986577181,5.704697986577181,FALSE,FALSE,1
108,Lentils,7842,Nikaweratiya,North Western,Kurunegala,2023-09-01,330,4.761904761904762,4.761904761904762,FALSE,FALSE,1
108,Lentils,7842,Nikaweratiya,North Western,Kurunegala,2023-10-01,329.5,-0.15151515151515152,0.15151515151515152,FALSE,FALSE,1
108,Lentils,7842,Nikaweratiya,North Western,Kurunegala,2023-11-01,334.69,1.5751138088012133,1.5751138088012133,FALSE,FALSE,1
108,Lentils,7842,Nikaweratiya,North Western,Kurunegala,2023-12-01,335,0.09262302429113575,0.09262302429113575,FALSE,FALSE,1
108,Lentils,7842,Nikaweratiya,North Western,Kurunegala,2024-01-01,334.75,-0.0746268656716418,0.0746268656716418,FALSE,FALSE,1
108,Lentils,7842,Nikaweratiya,North Western,Kurunegala,2024-02-01,349.12,4.29275578790142,4.29275578790142,FALSE,FALSE,1
108,Lentils,7842,Nikaweratiya,North Western,Kurunegala,2024-03-01,328.75,-5.83467002749771,5.83467002749771,FALSE,FALSE,1
108,Lentils,7842,Nikaweratiya,North Western,Kurunegala,2024-04-01,320,-2.6615969581749046,2.6615969581749046,FALSE,FALSE,1
108,Lentils,7842,Nikaweratiya,North Western,Kurunegala,2024-05-01,316.25,-1.171875,1.171875,FALSE,FALSE,1
108,Lentils,7842,Nikaweratiya,North Western,Kurunegala,2024-06-01,NA,NA,NA,FALSE,TRUE,NA
108,Lentils,7842,Nikaweratiya,North Western,Kurunegala,2024-07-01,314.6,NA,NA,FALSE,FALSE,1
108,Lentils,7842,Nikaweratiya,North Western,Kurunegala,2024-08-01,299.29,-4.866497139224412,4.866497139224412,FALSE,FALSE,1
108,Lentils,7842,Nikaweratiya,North Western,Kurunegala,2024-09-01,291.64,-2.5560493167162397,2.5560493167162397,FALSE,FALSE,1
108,Lentils,7842,Nikaweratiya,North Western,Kurunegala,2024-10-01,305.25,4.66671238513236,4.66671238513236,FALSE,FALSE,1
108,Lentils,7842,Nikaweratiya,North Western,Kurunegala,2024-11-01,307,0.5733005733005733,0.5733005733005733,FALSE,FALSE,1
108,Lentils,7842,Nikaweratiya,North Western,Kurunegala,2024-12-01,293,-4.5602605863192185,4.5602605863192185,FALSE,FALSE,1
108,Lentils,7842,Nikaweratiya,North Western,Kurunegala,2025-01-01,NA,NA,NA,FALSE,TRUE,NA
108,Lentils,7842,Nikaweratiya,North Western,Kurunegala,2025-02-01,NA,NA,NA,FALSE,TRUE,NA
108,Lentils,7842,Nikaweratiya,North Western,Kurunegala,2025-03-01,281.5,NA,NA,FALSE,FALSE,1
108,Lentils,7842,Nikaweratiya,North Western,Kurunegala,2025-04-01,278.38,-1.1083481349911206,1.1083481349911206,FALSE,FALSE,1
108,Lentils,7842,Nikaweratiya,North Western,Kurunegala,2025-05-01,289.5,3.9945398376320154,3.9945398376320154,FALSE,FALSE,1
108,Lentils,7842,Nikaweratiya,North Western,Kurunegala,2025-06-01,283.2,-2.176165803108812,2.176165803108812,FALSE,FALSE,1
108,Lentils,7842,Nikaweratiya,North Western,Kurunegala,2025-07-01,282,-0.423728813559318,0.423728813559318,FALSE,FALSE,1
108,Lentils,7842,Nikaweratiya,North Western,Kurunegala,2025-08-01,282,0,0,FALSE,FALSE,1
108,Lentils,7842,Nikaweratiya,North Western,Kurunegala,2025-09-01,279.6,-0.851063829787226,0.851063829787226,FALSE,FALSE,1
108,Lentils,7843,Mullativu,Northern,Mullattivu,2023-06-01,309.5,NA,NA,FALSE,FALSE,1
108,Lentils,7843,Mullativu,Northern,Mullattivu,2023-07-01,302,-2.4232633279483036,2.4232633279483036,FALSE,FALSE,1
108,Lentils,7843,Mullativu,Northern,Mullattivu,2023-08-01,312,3.3112582781456954,3.3112582781456954,FALSE,FALSE,1
108,Lentils,7843,Mullativu,Northern,Mullattivu,2023-09-01,337.5,8.173076923076923,8.173076923076923,FALSE,FALSE,1
108,Lentils,7843,Mullativu,Northern,Mullattivu,2023-10-01,NA,NA,NA,FALSE,TRUE,NA
108,Lentils,7843,Mullativu,Northern,Mullattivu,2023-11-01,NA,NA,NA,FALSE,TRUE,NA
108,Lentils,7843,Mullativu,Northern,Mullattivu,2023-12-01,NA,NA,NA,FALSE,TRUE,NA
108,Lentils,7843,Mullativu,Northern,Mullattivu,2024-01-01,NA,NA,NA,FALSE,TRUE,NA
108,Lentils,7843,Mullativu,Northern,Mullattivu,2024-02-01,NA,NA,NA,FALSE,TRUE,NA
108,Lentils,7843,Mullativu,Northern,Mullattivu,2024-03-01,NA,NA,NA,FALSE,TRUE,NA
108,Lentils,7843,Mullativu,Northern,Mullattivu,2024-04-01,NA,NA,NA,FALSE,TRUE,NA
108,Lentils,7843,Mullativu,Northern,Mullattivu,2024-05-01,303.67,NA,NA,FALSE,FALSE,1
108,Lentils,7843,Mullativu,Northern,Mullattivu,2024-06-01,300.75,-0.9615701254651483,0.9615701254651483,FALSE,FALSE,1
108,Lentils,7843,Mullativu,Northern,Mullattivu,2024-07-01,307.6,2.277639235245228,2.277639235245228,FALSE,FALSE,1
108,Lentils,7843,Mullativu,Northern,Mullattivu,2024-08-01,297.81,-3.1827048114434398,3.1827048114434398,FALSE,FALSE,1
108,Lentils,7843,Mullativu,Northern,Mullattivu,2024-09-01,296,-0.6077700547328841,0.6077700547328841,FALSE,FALSE,1
108,Lentils,7843,Mullativu,Northern,Mullattivu,2024-10-01,293,-1.0135135135135136,1.0135135135135136,FALSE,FALSE,1
108,Lentils,7843,Mullativu,Northern,Mullattivu,2024-11-01,292.5,-0.17064846416382254,0.17064846416382254,FALSE,FALSE,1
108,Lentils,7843,Mullativu,Northern,Mullattivu,2024-12-01,295.5,1.0256410256410255,1.0256410256410255,FALSE,FALSE,1
108,Lentils,7843,Mullativu,Northern,Mullattivu,2025-01-01,298.5,1.015228426395939,1.015228426395939,FALSE,FALSE,1
108,Lentils,7843,Mullativu,Northern,Mullattivu,2025-02-01,294.75,-1.256281407035176,1.256281407035176,FALSE,FALSE,1
108,Lentils,7843,Mullativu,Northern,Mullattivu,2025-03-01,293.2,-0.5258693808312167,0.5258693808312167,FALSE,FALSE,1
108,Lentils,7843,Mullativu,Northern,Mullattivu,2025-04-01,287.5,-1.9440654843110465,1.9440654843110465,FALSE,FALSE,1
108,Lentils,7843,Mullativu,Northern,Mullattivu,2025-05-01,284,-1.2173913043478262,1.2173913043478262,FALSE,FALSE,1
108,Lentils,7843,Mullativu,Northern,Mullattivu,2025-06-01,282.88,-0.39436619718310023,0.39436619718310023,FALSE,FALSE,1
108,Lentils,7843,Mullativu,Northern,Mullattivu,2025-07-01,282.3,-0.20503393665157807,0.20503393665157807,FALSE,FALSE,1
108,Lentils,7843,Mullativu,Northern,Mullattivu,2025-08-01,282.45,0.05313496280551798,0.05313496280551798,FALSE,FALSE,1
108,Lentils,7843,Mullativu,Northern,Mullattivu,2025-09-01,277.6,-1.7171180739953853,1.7171180739953853,FALSE,FALSE,1
114,Tomatoes,360,Ampara,Eastern,Ampara,2023-06-01,314.17,NA,NA,FALSE,FALSE,1
114,Tomatoes,360,Ampara,Eastern,Ampara,2023-07-01,442,40.68816245981474,40.68816245981474,FALSE,FALSE,1
114,Tomatoes,360,Ampara,Eastern,Ampara,2023-08-01,280,-36.65158371040724,36.65158371040724,FALSE,FALSE,1
114,Tomatoes,360,Ampara,Eastern,Ampara,2023-09-01,216.67,-22.617857142857147,22.617857142857147,FALSE,FALSE,1
114,Tomatoes,360,Ampara,Eastern,Ampara,2023-10-01,256,18.15202843033185,18.15202843033185,FALSE,FALSE,1
114,Tomatoes,360,Ampara,Eastern,Ampara,2023-11-01,310,21.09375,21.09375,FALSE,FALSE,1
114,Tomatoes,360,Ampara,Eastern,Ampara,2023-12-01,703.33,126.88064516129035,126.88064516129035,TRUE,FALSE,1
114,Tomatoes,360,Ampara,Eastern,Ampara,2024-01-01,752.67,7.015199124166453,7.015199124166453,FALSE,FALSE,1
114,Tomatoes,360,Ampara,Eastern,Ampara,2024-02-01,921.67,22.453399232067177,22.453399232067177,FALSE,FALSE,1
114,Tomatoes,360,Ampara,Eastern,Ampara,2024-03-01,408.33,-55.69672442414313,55.69672442414313,TRUE,FALSE,1
114,Tomatoes,360,Ampara,Eastern,Ampara,2024-04-01,198.67,-51.345725271226705,51.345725271226705,TRUE,FALSE,1
114,Tomatoes,360,Ampara,Eastern,Ampara,2024-05-01,183.33,-7.721346957265805,7.721346957265805,FALSE,FALSE,1
114,Tomatoes,360,Ampara,Eastern,Ampara,2024-06-01,183.33,0,0,FALSE,FALSE,1
114,Tomatoes,360,Ampara,Eastern,Ampara,2024-07-01,401.67,119.09671084928817,119.09671084928817,TRUE,FALSE,1
114,Tomatoes,360,Ampara,Eastern,Ampara,2024-08-01,293.75,-26.867826823013917,26.867826823013917,FALSE,FALSE,1
114,Tomatoes,360,Ampara,Eastern,Ampara,2024-09-01,256.33,-12.738723404255325,12.738723404255325,FALSE,FALSE,1
114,Tomatoes,360,Ampara,Eastern,Ampara,2024-10-01,341.67,33.29302071548396,33.29302071548396,FALSE,FALSE,1
114,Tomatoes,360,Ampara,Eastern,Ampara,2024-11-01,321.67,-5.853601428278749,5.853601428278749,FALSE,FALSE,1
114,Tomatoes,360,Ampara,Eastern,Ampara,2024-12-01,446,38.65141293872602,38.65141293872602,FALSE,FALSE,1
114,Tomatoes,360,Ampara,Eastern,Ampara,2025-01-01,410.83,-7.88565022421525,7.88565022421525,FALSE,FALSE,1
114,Tomatoes,360,Ampara,Eastern,Ampara,2025-02-01,292.5,-28.80266777012389,28.80266777012389,FALSE,FALSE,1
114,Tomatoes,360,Ampara,Eastern,Ampara,2025-03-01,316,8.034188034188034,8.034188034188034,FALSE,FALSE,1
114,Tomatoes,360,Ampara,Eastern,Ampara,2025-04-01,536.67,69.83227848101265,69.83227848101265,TRUE,FALSE,1
114,Tomatoes,360,Ampara,Eastern,Ampara,2025-05-01,873.33,62.7312873833082,62.7312873833082,TRUE,FALSE,1
114,Tomatoes,360,Ampara,Eastern,Ampara,2025-06-01,500.67,-42.671155233416926,42.671155233416926,FALSE,FALSE,1
114,Tomatoes,360,Ampara,Eastern,Ampara,2025-07-01,190,-62.0508518585096,62.0508518585096,TRUE,FALSE,1
114,Tomatoes,360,Ampara,Eastern,Ampara,2025-08-01,223.33,17.5421052631579,17.5421052631579,FALSE,FALSE,1
114,Tomatoes,360,Ampara,Eastern,Ampara,2025-09-01,242.67,8.659830743742432,8.659830743742432,FALSE,FALSE,1
114,Tomatoes,361,Batticaloa,Eastern,Batticaloa,2023-06-01,376.5,NA,NA,FALSE,FALSE,1
114,Tomatoes,361,Batticaloa,Eastern,Batticaloa,2023-07-01,476.8,26.64010624169987,26.64010624169987,FALSE,FALSE,1
114,Tomatoes,361,Batticaloa,Eastern,Batticaloa,2023-08-01,268.5,-43.68708053691275,43.68708053691275,FALSE,FALSE,1
114,Tomatoes,361,Batticaloa,Eastern,Batticaloa,2023-09-01,244,-9.124767225325884,9.124767225325884,FALSE,FALSE,1
114,Tomatoes,361,Batticaloa,Eastern,Batticaloa,2023-10-01,286.8,17.540983606557383,17.540983606557383,FALSE,FALSE,1
114,Tomatoes,361,Batticaloa,Eastern,Batticaloa,2023-11-01,360,25.52301255230125,25.52301255230125,FALSE,FALSE,1
114,Tomatoes,361,Batticaloa,Eastern,Batticaloa,2023-12-01,759,110.83333333333334,110.83333333333334,TRUE,FALSE,1
114,Tomatoes,361,Batticaloa,Eastern,Batticaloa,2024-01-01,776,2.2397891963109355,2.2397891963109355,FALSE,FALSE,1
114,Tomatoes,361,Batticaloa,Eastern,Batticaloa,2024-02-01,913,17.65463917525773,17.65463917525773,FALSE,FALSE,1
114,Tomatoes,361,Batticaloa,Eastern,Batticaloa,2024-03-01,459,-49.726177437020816,49.726177437020816,FALSE,FALSE,1
114,Tomatoes,361,Batticaloa,Eastern,Batticaloa,2024-04-01,196.8,-57.124183006535944,57.124183006535944,TRUE,FALSE,1
114,Tomatoes,361,Batticaloa,Eastern,Batticaloa,2024-05-01,264.5,34.40040650406503,34.40040650406503,FALSE,FALSE,1
114,Tomatoes,361,Batticaloa,Eastern,Batticaloa,2024-06-01,264.5,0,0,FALSE,FALSE,1
114,Tomatoes,361,Batticaloa,Eastern,Batticaloa,2024-07-01,494.4,86.91871455576559,86.91871455576559,TRUE,FALSE,1
114,Tomatoes,361,Batticaloa,Eastern,Batticaloa,2024-08-01,384,-22.330097087378636,22.330097087378636,FALSE,FALSE,1
114,Tomatoes,361,Batticaloa,Eastern,Batticaloa,2024-09-01,NA,NA,NA,FALSE,TRUE,NA
114,Tomatoes,361,Batticaloa,Eastern,Batticaloa,2024-10-01,NA,NA,NA,FALSE,TRUE,NA
114,Tomatoes,361,Batticaloa,Eastern,Batticaloa,2024-11-01,NA,NA,NA,FALSE,TRUE,NA
114,Tomatoes,361,Batticaloa,Eastern,Batticaloa,2024-12-01,479.33,NA,NA,FALSE,FALSE,1
114,Tomatoes,361,Batticaloa,Eastern,Batticaloa,2025-01-01,386.25,-19.418772035966867,19.418772035966867,FALSE,FALSE,1
114,Tomatoes,361,Batticaloa,Eastern,Batticaloa,2025-02-01,255,-33.980582524271846,33.980582524271846,FALSE,FALSE,1
114,Tomatoes,361,Batticaloa,Eastern,Batticaloa,2025-03-01,316,23.92156862745098,23.92156862745098,FALSE,FALSE,1
114,Tomatoes,361,Batticaloa,Eastern,Batticaloa,2025-04-01,417.5,32.120253164556964,32.120253164556964,FALSE,FALSE,1
114,Tomatoes,361,Batticaloa,Eastern,Batticaloa,2025-05-01,NA,NA,NA,FALSE,TRUE,NA
114,Tomatoes,361,Batticaloa,Eastern,Batticaloa,2025-06-01,535.5,NA,NA,FALSE,FALSE,1
114,Tomatoes,361,Batticaloa,Eastern,Batticaloa,2025-07-01,176.88,-66.96918767507003,66.96918767507003,TRUE,FALSE,1
114,Tomatoes,361,Batticaloa,Eastern,Batticaloa,2025-08-01,169.38,-4.240162822252374,4.240162822252374,FALSE,FALSE,1
114,Tomatoes,361,Batticaloa,Eastern,Batticaloa,2025-09-01,275,62.35683079466289,62.35683079466289,TRUE,FALSE,1
114,Tomatoes,362,Jaffna,Northern,Jaffna,2023-06-01,285.83,NA,NA,FALSE,FALSE,1
114,Tomatoes,362,Jaffna,Northern,Jaffna,2023-07-01,444,55.33708847916594,55.33708847916594,TRUE,FALSE,1
114,Tomatoes,362,Jaffna,Northern,Jaffna,2023-08-01,217.92,-50.91891891891892,50.91891891891892,TRUE,FALSE,1
114,Tomatoes,362,Jaffna,Northern,Jaffna,2023-09-01,190,-12.812041116005869,12.812041116005869,FALSE,FALSE,1
114,Tomatoes,362,Jaffna,Northern,Jaffna,2023-10-01,202,6.315789473684211,6.315789473684211,FALSE,FALSE,1
114,Tomatoes,362,Jaffna,Northern,Jaffna,2023-11-01,303.5,50.24752475247525,50.24752475247525,TRUE,FALSE,1
114,Tomatoes,362,Jaffna,Northern,Jaffna,2023-12-01,NA,NA,NA,FALSE,TRUE,NA
114,Tomatoes,362,Jaffna,Northern,Jaffna,2024-01-01,663.4,NA,NA,FALSE,FALSE,1
114,Tomatoes,362,Jaffna,Northern,Jaffna,2024-02-01,714,7.6273741332529426,7.6273741332529426,FALSE,FALSE,1
114,Tomatoes,362,Jaffna,Northern,Jaffna,2024-03-01,263,-63.16526610644257,63.16526610644257,TRUE,FALSE,1
114,Tomatoes,362,Jaffna,Northern,Jaffna,2024-04-01,96.8,-63.19391634980989,63.19391634980989,TRUE,FALSE,1
114,Tomatoes,362,Jaffna,Northern,Jaffna,2024-05-01,186.5,92.66528925619836,92.66528925619836,TRUE,FALSE,1
114,Tomatoes,362,Jaffna,Northern,Jaffna,2024-06-01,592,217.42627345844502,217.42627345844502,TRUE,FALSE,1
114,Tomatoes,362,Jaffna,Northern,Jaffna,2024-07-01,340,-42.567567567567565,42.567567567567565,FALSE,FALSE,1
114,Tomatoes,362,Jaffna,Northern,Jaffna,2024-08-01,277.5,-18.38235294117647,18.38235294117647,FALSE,FALSE,1
114,Tomatoes,362,Jaffna,Northern,Jaffna,2024-09-01,221.2,-20.288288288288292,20.288288288288292,FALSE,FALSE,1
114,Tomatoes,362,Jaffna,Northern,Jaffna,2024-10-01,318.5,43.98734177215191,43.98734177215191,FALSE,FALSE,1
114,Tomatoes,362,Jaffna,Northern,Jaffna,2024-11-01,NA,NA,NA,FALSE,TRUE,NA
114,Tomatoes,362,Jaffna,Northern,Jaffna,2024-12-01,447.2,NA,NA,FALSE,FALSE,1
114,Tomatoes,362,Jaffna,Northern,Jaffna,2025-01-01,364.5,-18.492844364937387,18.492844364937387,FALSE,FALSE,1
114,Tomatoes,362,Jaffna,Northern,Jaffna,2025-02-01,215.12,-40.98216735253772,40.98216735253772,FALSE,FALSE,1
114,Tomatoes,362,Jaffna,Northern,Jaffna,2025-03-01,172.5,-19.81219784306434,19.81219784306434,FALSE,FALSE,1
114,Tomatoes,362,Jaffna,Northern,Jaffna,2025-04-01,NA,NA,NA,FALSE,TRUE,NA
114,Tomatoes,362,Jaffna,Northern,Jaffna,2025-05-01,NA,NA,NA,FALSE,TRUE,NA
114,Tomatoes,362,Jaffna,Northern,Jaffna,2025-06-01,338,NA,NA,FALSE,FALSE,1
114,Tomatoes,362,Jaffna,Northern,Jaffna,2025-07-01,159,-52.95857988165681,52.95857988165681,TRUE,FALSE,1
114,Tomatoes,362,Jaffna,Northern,Jaffna,2025-08-01,190,19.49685534591195,19.49685534591195,FALSE,FALSE,1
114,Tomatoes,362,Jaffna,Northern,Jaffna,2025-09-01,181.6,-4.4210526315789505,4.4210526315789505,FALSE,FALSE,1
114,Tomatoes,363,Kilinochchi,Northern,Kilinochchi,2023-06-01,379,NA,NA,FALSE,FALSE,1
114,Tomatoes,363,Kilinochchi,Northern,Kilinochchi,2023-07-01,488.4,28.86543535620052,28.86543535620052,FALSE,FALSE,1
114,Tomatoes,363,Kilinochchi,Northern,Kilinochchi,2023-08-01,321,-34.27518427518427,34.27518427518427,FALSE,FALSE,1
114,Tomatoes,363,Kilinochchi,Northern,Kilinochchi,2023-09-01,242.5,-24.45482866043614,24.45482866043614,FALSE,FALSE,1
114,Tomatoes,363,Kilinochchi,Northern,Kilinochchi,2023-10-01,284,17.11340206185567,17.11340206185567,FALSE,FALSE,1
114,Tomatoes,363,Kilinochchi,Northern,Kilinochchi,2023-11-01,358.5,26.23239436619718,26.23239436619718,FALSE,FALSE,1
114,Tomatoes,363,Kilinochchi,Northern,Kilinochchi,2023-12-01,705.5,96.79218967921896,96.79218967921896,TRUE,FALSE,1
114,Tomatoes,363,Kilinochchi,Northern,Kilinochchi,2024-01-01,680.4,-3.557760453579025,3.557760453579025,FALSE,FALSE,1
114,Tomatoes,363,Kilinochchi,Northern,Kilinochchi,2024-02-01,NA,NA,NA,FALSE,TRUE,NA
114,Tomatoes,363,Kilinochchi,Northern,Kilinochchi,2024-03-01,NA,NA,NA,FALSE,TRUE,NA
114,Tomatoes,363,Kilinochchi,Northern,Kilinochchi,2024-04-01,NA,NA,NA,FALSE,TRUE,NA
114,Tomatoes,363,Kilinochchi,Northern,Kilinochchi,2024-05-01,239,NA,NA,FALSE,FALSE,1
114,Tomatoes,363,Kilinochchi,Northern,Kilinochchi,2024-06-01,239,0,0,FALSE,FALSE,1
114,Tomatoes,363,Kilinochchi,Northern,Kilinochchi,2024-07-01,526,120.08368200836821,120.08368200836821,TRUE,FALSE,1
114,Tomatoes,363,Kilinochchi,Northern,Kilinochchi,2024-08-01,308,-41.44486692015209,41.44486692015209,FALSE,FALSE,1
114,Tomatoes,363,Kilinochchi,Northern,Kilinochchi,2024-09-01,292,-5.194805194805195,5.194805194805195,FALSE,FALSE,1
114,Tomatoes,363,Kilinochchi,Northern,Kilinochchi,2024-10-01,388.5,33.04794520547945,33.04794520547945,FALSE,FALSE,1
114,Tomatoes,363,Kilinochchi,Northern,Kilinochchi,2024-11-01,401.5,3.346203346203346,3.346203346203346,FALSE,FALSE,1
114,Tomatoes,363,Kilinochchi,Northern,Kilinochchi,2024-12-01,525,30.759651307596513,30.759651307596513,FALSE,FALSE,1
114,Tomatoes,363,Kilinochchi,Northern,Kilinochchi,2025-01-01,NA,NA,NA,FALSE,TRUE,NA
114,Tomatoes,363,Kilinochchi,Northern,Kilinochchi,2025-02-01,NA,NA,NA,FALSE,TRUE,NA
114,Tomatoes,363,Kilinochchi,Northern,Kilinochchi,2025-03-01,280,NA,NA,FALSE,FALSE,1
114,Tomatoes,363,Kilinochchi,Northern,Kilinochchi,2025-04-01,NA,NA,NA,FALSE,TRUE,NA
114,Tomatoes,363,Kilinochchi,Northern,Kilinochchi,2025-05-01,982,NA,NA,FALSE,FALSE,1
114,Tomatoes,363,Kilinochchi,Northern,Kilinochchi,2025-06-01,662.5,-32.5356415478615,32.5356415478615,FALSE,FALSE,1
114,Tomatoes,363,Kilinochchi,Northern,Kilinochchi,2025-07-01,NA,NA,NA,FALSE,TRUE,NA
114,Tomatoes,363,Kilinochchi,Northern,Kilinochchi,2025-08-01,NA,NA,NA,FALSE,TRUE,NA
114,Tomatoes,363,Kilinochchi,Northern,Kilinochchi,2025-09-01,241.6,NA,NA,FALSE,FALSE,1
114,Tomatoes,364,Mannar,Northern,Mannar,2023-06-01,388,NA,NA,FALSE,FALSE,1
114,Tomatoes,364,Mannar,Northern,Mannar,2023-07-01,510.8,31.64948453608248,31.64948453608248,FALSE,FALSE,1
114,Tomatoes,364,Mannar,Northern,Mannar,2023-08-01,302.5,-40.77916992952232,40.77916992952232,FALSE,FALSE,1
114,Tomatoes,364,Mannar,Northern,Mannar,2023-09-01,252,-16.694214876033058,16.694214876033058,FALSE,FALSE,1
114,Tomatoes,364,Mannar,Northern,Mannar,2023-10-01,280.4,11.26984126984126,11.26984126984126,FALSE,FALSE,1
114,Tomatoes,364,Mannar,Northern,Mannar,2023-11-01,376.5,34.27246790299573,34.27246790299573,FALSE,FALSE,1
114,Tomatoes,364,Mannar,Northern,Mannar,2023-12-01,686,82.20451527224436,82.20451527224436,TRUE,FALSE,1
114,Tomatoes,364,Mannar,Northern,Mannar,2024-01-01,825.2,20.29154518950438,20.29154518950438,FALSE,FALSE,1
114,Tomatoes,364,Mannar,Northern,Mannar,2024-02-01,875,6.03490063015026,6.03490063015026,FALSE,FALSE,1
114,Tomatoes,364,Mannar,Northern,Mannar,2024-03-01,644,-26.400000000000002,26.400000000000002,FALSE,FALSE,1
114,Tomatoes,364,Mannar,Northern,Mannar,2024-04-01,142.67,-77.84627329192547,77.84627329192547,TRUE,FALSE,1
114,Tomatoes,364,Mannar,Northern,Mannar,2024-05-01,226.67,58.87712903904115,58.87712903904115,TRUE,FALSE,1
114,Tomatoes,364,Mannar,Northern,Mannar,2024-06-01,226.67,0,0,FALSE,FALSE,1
114,Tomatoes,364,Mannar,Northern,Mannar,2024-07-01,594.5,162.27555477125338,162.27555477125338,TRUE,FALSE,1
114,Tomatoes,364,Mannar,Northern,Mannar,2024-08-01,348.5,-41.37931034482759,41.37931034482759,FALSE,FALSE,1
114,Tomatoes,364,Mannar,Northern,Mannar,2024-09-01,307.2,-11.85078909612626,11.85078909612626,FALSE,FALSE,1
114,Tomatoes,364,Mannar,Northern,Mannar,2024-10-01,328,6.7708333333333375,6.7708333333333375,FALSE,FALSE,1
114,Tomatoes,364,Mannar,Northern,Mannar,2024-11-01,358,9.146341463414634,9.146341463414634,FALSE,FALSE,1
114,Tomatoes,364,Mannar,Northern,Mannar,2024-12-01,536.8,49.94413407821228,49.94413407821228,FALSE,FALSE,1
114,Tomatoes,364,Mannar,Northern,Mannar,2025-01-01,420.5,-21.665424739195224,21.665424739195224,FALSE,FALSE,1
114,Tomatoes,364,Mannar,Northern,Mannar,2025-02-01,NA,NA,NA,FALSE,TRUE,NA
114,Tomatoes,364,Mannar,Northern,Mannar,2025-03-01,NA,NA,NA,FALSE,TRUE,NA
114,Tomatoes,364,Mannar,Northern,Mannar,2025-04-01,NA,NA,NA,FALSE,TRUE,NA
114,Tomatoes,364,Mannar,Northern,Mannar,2025-05-01,NA,NA,NA,FALSE,TRUE,NA
114,Tomatoes,364,Mannar,Northern,Mannar,2025-06-01,570,NA,NA,FALSE,FALSE,1
114,Tomatoes,364,Mannar,Northern,Mannar,2025-07-01,275,-51.75438596491229,51.75438596491229,TRUE,FALSE,1
114,Tomatoes,364,Mannar,Northern,Mannar,2025-08-01,234.38,-14.770909090909093,14.770909090909093,FALSE,FALSE,1
114,Tomatoes,364,Mannar,Northern,Mannar,2025-09-01,271,15.624200017066306,15.624200017066306,FALSE,FALSE,1
114,Tomatoes,366,Trincomalee,Eastern,Trincomalee,2023-06-01,352.75,NA,NA,FALSE,FALSE,1
114,Tomatoes,366,Trincomalee,Eastern,Trincomalee,2023-07-01,515.2,46.052445074415324,46.052445074415324,FALSE,FALSE,1
114,Tomatoes,366,Trincomalee,Eastern,Trincomalee,2023-08-01,296,-42.54658385093168,42.54658385093168,FALSE,FALSE,1
114,Tomatoes,366,Trincomalee,Eastern,Trincomalee,2023-09-01,203.5,-31.25,31.25,FALSE,FALSE,1
114,Tomatoes,366,Trincomalee,Eastern,Trincomalee,2023-10-01,275.2,35.23341523341523,35.23341523341523,FALSE,FALSE,1
114,Tomatoes,366,Trincomalee,Eastern,Trincomalee,2023-11-01,345,25.363372093023262,25.363372093023262,FALSE,FALSE,1
114,Tomatoes,366,Trincomalee,Eastern,Trincomalee,2023-12-01,739,114.20289855072463,114.20289855072463,TRUE,FALSE,1
114,Tomatoes,366,Trincomalee,Eastern,Trincomalee,2024-01-01,742,0.40595399188092013,0.40595399188092013,FALSE,FALSE,1
114,Tomatoes,366,Trincomalee,Eastern,Trincomalee,2024-02-01,889.5,19.878706199460915,19.878706199460915,FALSE,FALSE,1
114,Tomatoes,366,Trincomalee,Eastern,Trincomalee,2024-03-01,443.33,-50.15964024732996,50.15964024732996,TRUE,FALSE,1
114,Tomatoes,366,Trincomalee,Eastern,Trincomalee,2024-04-01,212.67,-52.02896262377913,52.02896262377913,TRUE,FALSE,1
114,Tomatoes,366,Trincomalee,Eastern,Trincomalee,2024-05-01,216,1.5658061785865485,1.5658061785865485,FALSE,FALSE,1
114,Tomatoes,366,Trincomalee,Eastern,Trincomalee,2024-06-01,216,0,0,FALSE,FALSE,1
114,Tomatoes,366,Trincomalee,Eastern,Trincomalee,2024-07-01,514.4,138.14814814814812,138.14814814814812,TRUE,FALSE,1
114,Tomatoes,366,Trincomalee,Eastern,Trincomalee,2024-08-01,326,-36.625194401244165,36.625194401244165,FALSE,FALSE,1
114,Tomatoes,366,Trincomalee,Eastern,Trincomalee,2024-09-01,313.2,-3.926380368098163,3.926380368098163,FALSE,FALSE,1
114,Tomatoes,366,Trincomalee,Eastern,Trincomalee,2024-10-01,411.33,31.331417624521073,31.331417624521073,FALSE,FALSE,1
114,Tomatoes,366,Trincomalee,Eastern,Trincomalee,2024-11-01,406.25,-1.2350181119782133,1.2350181119782133,FALSE,FALSE,1
114,Tomatoes,366,Trincomalee,Eastern,Trincomalee,2024-12-01,470.2,15.74153846153846,15.74153846153846,FALSE,FALSE,1
114,Tomatoes,366,Trincomalee,Eastern,Trincomalee,2025-01-01,467,-0.6805614632071435,0.6805614632071435,FALSE,FALSE,1
114,Tomatoes,366,Trincomalee,Eastern,Trincomalee,2025-02-01,359,-23.126338329764454,23.126338329764454,FALSE,FALSE,1
114,Tomatoes,366,Trincomalee,Eastern,Trincomalee,2025-03-01,334.6,-6.796657381615592,6.796657381615592,FALSE,FALSE,1
114,Tomatoes,366,Trincomalee,Eastern,Trincomalee,2025-04-01,471.33,40.863717872086056,40.863717872086056,FALSE,FALSE,1
114,Tomatoes,366,Trincomalee,Eastern,Trincomalee,2025-05-01,1042.67,121.21867905713621,121.21867905713621,TRUE,FALSE,1
114,Tomatoes,366,Trincomalee,Eastern,Trincomalee,2025-06-01,687,-34.11146383803121,34.11146383803121,FALSE,FALSE,1
114,Tomatoes,366,Trincomalee,Eastern,Trincomalee,2025-07-01,242.5,-64.70160116448326,64.70160116448326,TRUE,FALSE,1
114,Tomatoes,366,Trincomalee,Eastern,Trincomalee,2025-08-01,212,-12.577319587628866,12.577319587628866,FALSE,FALSE,1
114,Tomatoes,366,Trincomalee,Eastern,Trincomalee,2025-09-01,252.5,19.10377358490566,19.10377358490566,FALSE,FALSE,1
114,Tomatoes,367,Vavuniya,Northern,Vavuniya,2023-06-01,325.5,NA,NA,FALSE,FALSE,1
114,Tomatoes,367,Vavuniya,Northern,Vavuniya,2023-07-01,498.8,53.241167434715834,53.241167434715834,TRUE,FALSE,1
114,Tomatoes,367,Vavuniya,Northern,Vavuniya,2023-08-01,279,-44.065757818765036,44.065757818765036,FALSE,FALSE,1
114,Tomatoes,367,Vavuniya,Northern,Vavuniya,2023-09-01,228.5,-18.100358422939067,18.100358422939067,FALSE,FALSE,1
114,Tomatoes,367,Vavuniya,Northern,Vavuniya,2023-10-01,246.5,7.87746170678337,7.87746170678337,FALSE,FALSE,1
114,Tomatoes,367,Vavuniya,Northern,Vavuniya,2023-11-01,368.5,49.49290060851927,49.49290060851927,FALSE,FALSE,1
114,Tomatoes,367,Vavuniya,Northern,Vavuniya,2023-12-01,762.83,107.00949796472186,107.00949796472186,TRUE,FALSE,1
114,Tomatoes,367,Vavuniya,Northern,Vavuniya,2024-01-01,843.3,10.548877207241445,10.548877207241445,FALSE,FALSE,1
114,Tomatoes,367,Vavuniya,Northern,Vavuniya,2024-02-01,918.5,8.91734851179889,8.91734851179889,FALSE,FALSE,1
114,Tomatoes,367,Vavuniya,Northern,Vavuniya,2024-03-01,391,-57.43059335873707,57.43059335873707,TRUE,FALSE,1
114,Tomatoes,367,Vavuniya,Northern,Vavuniya,2024-04-01,156.6,-59.948849104859335,59.948849104859335,TRUE,FALSE,1
114,Tomatoes,367,Vavuniya,Northern,Vavuniya,2024-05-01,221.5,41.44316730523628,41.44316730523628,FALSE,FALSE,1
114,Tomatoes,367,Vavuniya,Northern,Vavuniya,2024-06-01,622,180.81264108352144,180.81264108352144,TRUE,FALSE,1
114,Tomatoes,367,Vavuniya,Northern,Vavuniya,2024-07-01,515.8,-17.07395498392284,17.07395498392284,FALSE,FALSE,1
114,Tomatoes,367,Vavuniya,Northern,Vavuniya,2024-08-01,301,-41.64404808065141,41.64404808065141,FALSE,FALSE,1
114,Tomatoes,367,Vavuniya,Northern,Vavuniya,2024-09-01,289.4,-3.853820598006652,3.853820598006652,FALSE,FALSE,1
114,Tomatoes,367,Vavuniya,Northern,Vavuniya,2024-10-01,413,42.709053213545275,42.709053213545275,FALSE,FALSE,1
114,Tomatoes,367,Vavuniya,Northern,Vavuniya,2024-11-01,376,-8.958837772397095,8.958837772397095,FALSE,FALSE,1
114,Tomatoes,367,Vavuniya,Northern,Vavuniya,2024-12-01,517.5,37.63297872340425,37.63297872340425,FALSE,FALSE,1
114,Tomatoes,367,Vavuniya,Northern,Vavuniya,2025-01-01,430.08,-16.89275362318841,16.89275362318841,FALSE,FALSE,1
114,Tomatoes,367,Vavuniya,Northern,Vavuniya,2025-02-01,300.25,-30.187406994047617,30.187406994047617,FALSE,FALSE,1
114,Tomatoes,367,Vavuniya,Northern,Vavuniya,2025-03-01,295.2,-1.6819317235637006,1.6819317235637006,FALSE,FALSE,1
114,Tomatoes,367,Vavuniya,Northern,Vavuniya,2025-04-01,730.5,147.45934959349594,147.45934959349594,TRUE,FALSE,1
114,Tomatoes,367,Vavuniya,Northern,Vavuniya,2025-05-01,978,33.880903490759756,33.880903490759756,FALSE,FALSE,1
114,Tomatoes,367,Vavuniya,Northern,Vavuniya,2025-06-01,555.25,-43.22597137014315,43.22597137014315,FALSE,FALSE,1
114,Tomatoes,367,Vavuniya,Northern,Vavuniya,2025-07-01,209.75,-62.224223322827555,62.224223322827555,TRUE,FALSE,1
114,Tomatoes,367,Vavuniya,Northern,Vavuniya,2025-08-01,200.67,-4.328963051251495,4.328963051251495,FALSE,FALSE,1
114,Tomatoes,367,Vavuniya,Northern,Vavuniya,2025-09-01,239.2,19.20067772960582,19.20067772960582,FALSE,FALSE,1
114,Tomatoes,368,Colombo City,Western,Colombo,2023-06-01,360.2,NA,NA,FALSE,FALSE,1
114,Tomatoes,368,Colombo City,Western,Colombo,2023-07-01,494.96,37.41254858411993,37.41254858411993,FALSE,FALSE,1
114,Tomatoes,368,Colombo City,Western,Colombo,2023-08-01,271.22,-45.20365282042992,45.20365282042992,FALSE,FALSE,1
114,Tomatoes,368,Colombo City,Western,Colombo,2023-09-01,233.15,-14.036575473785126,14.036575473785126,FALSE,FALSE,1
114,Tomatoes,368,Colombo City,Western,Colombo,2023-10-01,264.34,13.37765387089855,13.37765387089855,FALSE,FALSE,1
114,Tomatoes,368,Colombo City,Western,Colombo,2023-11-01,346.77,31.18332450631763,31.18332450631763,FALSE,FALSE,1
114,Tomatoes,368,Colombo City,Western,Colombo,2023-12-01,672.02,93.794157510742,93.794157510742,TRUE,FALSE,1
114,Tomatoes,368,Colombo City,Western,Colombo,2024-01-01,711.34,5.8510163387994485,5.8510163387994485,FALSE,FALSE,1
114,Tomatoes,368,Colombo City,Western,Colombo,2024-02-01,940.62,32.23212528467399,32.23212528467399,FALSE,FALSE,1
114,Tomatoes,368,Colombo City,Western,Colombo,2024-03-01,432.46,-54.02394165550382,54.02394165550382,TRUE,FALSE,1
114,Tomatoes,368,Colombo City,Western,Colombo,2024-04-01,206.97,-52.14123849604587,52.14123849604587,TRUE,FALSE,1
114,Tomatoes,368,Colombo City,Western,Colombo,2024-05-01,214.35,3.5657341643716456,3.5657341643716456,FALSE,FALSE,1
114,Tomatoes,368,Colombo City,Western,Colombo,2024-06-01,544.8,154.16375087473756,154.16375087473756,TRUE,FALSE,1
114,Tomatoes,368,Colombo City,Western,Colombo,2024-07-01,486.44,-10.712187958883987,10.712187958883987,FALSE,FALSE,1
114,Tomatoes,368,Colombo City,Western,Colombo,2024-08-01,315.76,-35.08757503494779,35.08757503494779,FALSE,FALSE,1
114,Tomatoes,368,Colombo City,Western,Colombo,2024-09-01,287.46,-8.962503166962254,8.962503166962254,FALSE,FALSE,1
114,Tomatoes,368,Colombo City,Western,Colombo,2024-10-01,364.93,26.949836498991175,26.949836498991175,FALSE,FALSE,1
114,Tomatoes,368,Colombo City,Western,Colombo,2024-11-01,336.38,-7.823418189789826,7.823418189789826,FALSE,FALSE,1
114,Tomatoes,368,Colombo City,Western,Colombo,2024-12-01,454.12,35.00208097984422,35.00208097984422,FALSE,FALSE,1
114,Tomatoes,368,Colombo City,Western,Colombo,2025-01-01,420.47,-7.409935699815022,7.409935699815022,FALSE,FALSE,1
114,Tomatoes,368,Colombo City,Western,Colombo,2025-02-01,296.84,-29.40281113991487,29.40281113991487,FALSE,FALSE,1
114,Tomatoes,368,Colombo City,Western,Colombo,2025-03-01,347.75,17.15065355073441,17.15065355073441,FALSE,FALSE,1
114,Tomatoes,368,Colombo City,Western,Colombo,2025-04-01,688.23,97.90941768511863,97.90941768511863,TRUE,FALSE,1
114,Tomatoes,368,Colombo City,Western,Colombo,2025-05-01,882.98,28.297226217979453,28.297226217979453,FALSE,FALSE,1
114,Tomatoes,368,Colombo City,Western,Colombo,2025-06-01,541.56,-38.66678746970487,38.66678746970487,FALSE,FALSE,1
114,Tomatoes,368,Colombo City,Western,Colombo,2025-07-01,213.29,-60.61562892384962,60.61562892384962,TRUE,FALSE,1
114,Tomatoes,368,Colombo City,Western,Colombo,2025-08-01,235.79,10.549017769234375,10.549017769234375,FALSE,FALSE,1
114,Tomatoes,368,Colombo City,Western,Colombo,2025-09-01,243.66,3.3377157640273145,3.3377157640273145,FALSE,FALSE,1
114,Tomatoes,1888,Polonnaruwa,North Central,Polonnaruwa,2023-06-01,362,NA,NA,FALSE,FALSE,1
114,Tomatoes,1888,Polonnaruwa,North Central,Polonnaruwa,2023-07-01,422,16.574585635359114,16.574585635359114,FALSE,FALSE,1
114,Tomatoes,1888,Polonnaruwa,North Central,Polonnaruwa,2023-08-01,202,-52.13270142180095,52.13270142180095,TRUE,FALSE,1
114,Tomatoes,1888,Polonnaruwa,North Central,Polonnaruwa,2023-09-01,188,-6.9306930693069315,6.9306930693069315,FALSE,FALSE,1
114,Tomatoes,1888,Polonnaruwa,North Central,Polonnaruwa,2023-10-01,228,21.27659574468085,21.27659574468085,FALSE,FALSE,1
114,Tomatoes,1888,Polonnaruwa,North Central,Polonnaruwa,2023-11-01,277.5,21.710526315789476,21.710526315789476,FALSE,FALSE,1
114,Tomatoes,1888,Polonnaruwa,North Central,Polonnaruwa,2023-12-01,702.67,153.2144144144144,153.2144144144144,TRUE,FALSE,1
114,Tomatoes,1888,Polonnaruwa,North Central,Polonnaruwa,2024-01-01,623.2,-11.30971864459845,11.30971864459845,FALSE,FALSE,1
114,Tomatoes,1888,Polonnaruwa,North Central,Polonnaruwa,2024-02-01,801.5,28.610397946084714,28.610397946084714,FALSE,FALSE,1
114,Tomatoes,1888,Polonnaruwa,North Central,Polonnaruwa,2024-03-01,372.33,-53.54585152838428,53.54585152838428,TRUE,FALSE,1
114,Tomatoes,1888,Polonnaruwa,North Central,Polonnaruwa,2024-04-01,203.6,-45.31732602798593,45.31732602798593,FALSE,FALSE,1
114,Tomatoes,1888,Polonnaruwa,North Central,Polonnaruwa,2024-05-01,163.33,-19.778978388998027,19.778978388998027,FALSE,FALSE,1
114,Tomatoes,1888,Polonnaruwa,North Central,Polonnaruwa,2024-06-01,NA,NA,NA,FALSE,TRUE,NA
114,Tomatoes,1888,Polonnaruwa,North Central,Polonnaruwa,2024-07-01,NA,NA,NA,FALSE,TRUE,NA
114,Tomatoes,1888,Polonnaruwa,North Central,Polonnaruwa,2024-08-01,374.17,NA,NA,FALSE,FALSE,1
114,Tomatoes,1888,Polonnaruwa,North Central,Polonnaruwa,2024-09-01,268.6,-28.214447978191725,28.214447978191725,FALSE,FALSE,1
114,Tomatoes,1888,Polonnaruwa,North Central,Polonnaruwa,2024-10-01,351.5,30.86373790022337,30.86373790022337,FALSE,FALSE,1
114,Tomatoes,1888,Polonnaruwa,North Central,Polonnaruwa,2024-11-01,349.5,-0.5689900426742532,0.5689900426742532,FALSE,FALSE,1
114,Tomatoes,1888,Polonnaruwa,North Central,Polonnaruwa,2024-12-01,510.1,45.9513590844063,45.9513590844063,FALSE,FALSE,1
114,Tomatoes,1888,Polonnaruwa,North Central,Polonnaruwa,2025-01-01,420.5,-17.56518329739267,17.56518329739267,FALSE,FALSE,1
114,Tomatoes,1888,Polonnaruwa,North Central,Polonnaruwa,2025-02-01,319,-24.137931034482758,24.137931034482758,FALSE,FALSE,1
114,Tomatoes,1888,Polonnaruwa,North Central,Polonnaruwa,2025-03-01,344,7.836990595611286,7.836990595611286,FALSE,FALSE,1
114,Tomatoes,1888,Polonnaruwa,North Central,Polonnaruwa,2025-04-01,559,62.5,62.5,TRUE,FALSE,1
114,Tomatoes,1888,Polonnaruwa,North Central,Polonnaruwa,2025-05-01,885,58.31842576028623,58.31842576028623,TRUE,FALSE,1
114,Tomatoes,1888,Polonnaruwa,North Central,Polonnaruwa,2025-06-01,538.4,-39.163841807909606,39.163841807909606,FALSE,FALSE,1
114,Tomatoes,1888,Polonnaruwa,North Central,Polonnaruwa,2025-07-01,209,-61.18127786032689,61.18127786032689,TRUE,FALSE,1
114,Tomatoes,1888,Polonnaruwa,North Central,Polonnaruwa,2025-08-01,242,15.789473684210526,15.789473684210526,FALSE,FALSE,1
114,Tomatoes,1888,Polonnaruwa,North Central,Polonnaruwa,2025-09-01,240,-0.8264462809917356,0.8264462809917356,FALSE,FALSE,1
114,Tomatoes,1889,Monaragala,Uva,Moneragala,2023-06-01,326,NA,NA,FALSE,FALSE,1
114,Tomatoes,1889,Monaragala,Uva,Moneragala,2023-07-01,446.4,36.932515337423304,36.932515337423304,FALSE,FALSE,1
114,Tomatoes,1889,Monaragala,Uva,Moneragala,2023-08-01,255,-42.876344086021504,42.876344086021504,FALSE,FALSE,1
114,Tomatoes,1889,Monaragala,Uva,Moneragala,2023-09-01,213,-16.470588235294116,16.470588235294116,FALSE,FALSE,1
114,Tomatoes,1889,Monaragala,Uva,Moneragala,2023-10-01,208,-2.3474178403755865,2.3474178403755865,FALSE,FALSE,1
114,Tomatoes,1889,Monaragala,Uva,Moneragala,2023-11-01,291.33,40.06249999999999,40.06249999999999,FALSE,FALSE,1
114,Tomatoes,1889,Monaragala,Uva,Moneragala,2023-12-01,620,112.81708028695982,112.81708028695982,TRUE,FALSE,1
114,Tomatoes,1889,Monaragala,Uva,Moneragala,2024-01-01,670.4,8.129032258064512,8.129032258064512,FALSE,FALSE,1
114,Tomatoes,1889,Monaragala,Uva,Moneragala,2024-02-01,816,21.718377088305495,21.718377088305495,FALSE,FALSE,1
114,Tomatoes,1889,Monaragala,Uva,Moneragala,2024-03-01,412,-49.50980392156863,49.50980392156863,FALSE,FALSE,1
114,Tomatoes,1889,Monaragala,Uva,Moneragala,2024-04-01,167.2,-59.417475728155345,59.417475728155345,TRUE,FALSE,1
114,Tomatoes,1889,Monaragala,Uva,Moneragala,2024-05-01,193,15.430622009569387,15.430622009569387,FALSE,FALSE,1
114,Tomatoes,1889,Monaragala,Uva,Moneragala,2024-06-01,490,153.8860103626943,153.8860103626943,TRUE,FALSE,1
114,Tomatoes,1889,Monaragala,Uva,Moneragala,2024-07-01,400,-18.367346938775512,18.367346938775512,FALSE,FALSE,1
114,Tomatoes,1889,Monaragala,Uva,Moneragala,2024-08-01,301,-24.75,24.75,FALSE,FALSE,1
114,Tomatoes,1889,Monaragala,Uva,Moneragala,2024-09-01,296,-1.6611295681063125,1.6611295681063125,FALSE,FALSE,1
114,Tomatoes,1889,Monaragala,Uva,Moneragala,2024-10-01,324,9.45945945945946,9.45945945945946,FALSE,FALSE,1
114,Tomatoes,1889,Monaragala,Uva,Moneragala,2024-11-01,284,-12.345679012345679,12.345679012345679,FALSE,FALSE,1
114,Tomatoes,1889,Monaragala,Uva,Moneragala,2024-12-01,475.2,67.32394366197182,67.32394366197182,TRUE,FALSE,1
114,Tomatoes,1889,Monaragala,Uva,Moneragala,2025-01-01,377,-20.664983164983163,20.664983164983163,FALSE,FALSE,1
114,Tomatoes,1889,Monaragala,Uva,Moneragala,2025-02-01,228,-39.52254641909814,39.52254641909814,FALSE,FALSE,1
114,Tomatoes,1889,Monaragala,Uva,Moneragala,2025-03-01,307.2,34.73684210526316,34.73684210526316,FALSE,FALSE,1
114,Tomatoes,1889,Monaragala,Uva,Moneragala,2025-04-01,575,87.17447916666667,87.17447916666667,TRUE,FALSE,1
114,Tomatoes,1889,Monaragala,Uva,Moneragala,2025-05-01,772,34.26086956521739,34.26086956521739,FALSE,FALSE,1
114,Tomatoes,1889,Monaragala,Uva,Moneragala,2025-06-01,457.6,-40.725388601036265,40.725388601036265,FALSE,FALSE,1
114,Tomatoes,1889,Monaragala,Uva,Moneragala,2025-07-01,171.5,-62.52185314685315,62.52185314685315,TRUE,FALSE,1
114,Tomatoes,1889,Monaragala,Uva,Moneragala,2025-08-01,222,29.44606413994169,29.44606413994169,FALSE,FALSE,1
114,Tomatoes,1889,Monaragala,Uva,Moneragala,2025-09-01,250.4,12.792792792792795,12.792792792792795,FALSE,FALSE,1
114,Tomatoes,1906,Anuradhapura,North Central,Anuradhapura,2023-06-01,331,NA,NA,FALSE,FALSE,1
114,Tomatoes,1906,Anuradhapura,North Central,Anuradhapura,2023-07-01,449.6,35.83081570996979,35.83081570996979,FALSE,FALSE,1
114,Tomatoes,1906,Anuradhapura,North Central,Anuradhapura,2023-08-01,243,-45.95195729537367,45.95195729537367,FALSE,FALSE,1
114,Tomatoes,1906,Anuradhapura,North Central,Anuradhapura,2023-09-01,201,-17.28395061728395,17.28395061728395,FALSE,FALSE,1
114,Tomatoes,1906,Anuradhapura,North Central,Anuradhapura,2023-10-01,224.8,11.840796019900504,11.840796019900504,FALSE,FALSE,1
114,Tomatoes,1906,Anuradhapura,North Central,Anuradhapura,2023-11-01,302,34.34163701067615,34.34163701067615,FALSE,FALSE,1
114,Tomatoes,1906,Anuradhapura,North Central,Anuradhapura,2023-12-01,662,119.20529801324504,119.20529801324504,TRUE,FALSE,1
114,Tomatoes,1906,Anuradhapura,North Central,Anuradhapura,2024-01-01,675.2,1.9939577039274994,1.9939577039274994,FALSE,FALSE,1
114,Tomatoes,1906,Anuradhapura,North Central,Anuradhapura,2024-02-01,845,25.148104265402836,25.148104265402836,FALSE,FALSE,1
114,Tomatoes,1906,Anuradhapura,North Central,Anuradhapura,2024-03-01,392,-53.609467455621306,53.609467455621306,TRUE,FALSE,1
114,Tomatoes,1906,Anuradhapura,North Central,Anuradhapura,2024-04-01,193.6,-50.61224489795918,50.61224489795918,TRUE,FALSE,1
114,Tomatoes,1906,Anuradhapura,North Central,Anuradhapura,2024-05-01,207,6.921487603305788,6.921487603305788,FALSE,FALSE,1
114,Tomatoes,1906,Anuradhapura,North Central,Anuradhapura,2024-06-01,543,162.31884057971016,162.31884057971016,TRUE,FALSE,1
114,Tomatoes,1906,Anuradhapura,North Central,Anuradhapura,2024-07-01,460,-15.285451197053407,15.285451197053407,FALSE,FALSE,1
114,Tomatoes,1906,Anuradhapura,North Central,Anuradhapura,2024-08-01,305,-33.69565217391305,33.69565217391305,FALSE,FALSE,1
114,Tomatoes,1906,Anuradhapura,North Central,Anuradhapura,2024-09-01,268.8,-11.86885245901639,11.86885245901639,FALSE,FALSE,1
114,Tomatoes,1906,Anuradhapura,North Central,Anuradhapura,2024-10-01,354,31.696428571428566,31.696428571428566,FALSE,FALSE,1
114,Tomatoes,1906,Anuradhapura,North Central,Anuradhapura,2024-11-01,337,-4.80225988700565,4.80225988700565,FALSE,FALSE,1
114,Tomatoes,1906,Anuradhapura,North Central,Anuradhapura,2024-12-01,486.4,44.33234421364985,44.33234421364985,FALSE,FALSE,1
114,Tomatoes,1906,Anuradhapura,North Central,Anuradhapura,2025-01-01,414,-14.884868421052627,14.884868421052627,FALSE,FALSE,1
114,Tomatoes,1906,Anuradhapura,North Central,Anuradhapura,2025-02-01,266,-35.748792270531396,35.748792270531396,FALSE,FALSE,1
114,Tomatoes,1906,Anuradhapura,North Central,Anuradhapura,2025-03-01,321.6,20.902255639097753,20.902255639097753,FALSE,FALSE,1
114,Tomatoes,1906,Anuradhapura,North Central,Anuradhapura,2025-04-01,536,66.66666666666666,66.66666666666666,TRUE,FALSE,1
114,Tomatoes,1906,Anuradhapura,North Central,Anuradhapura,2025-05-01,881,64.36567164179104,64.36567164179104,TRUE,FALSE,1
114,Tomatoes,1906,Anuradhapura,North Central,Anuradhapura,2025-06-01,513.6,-41.70261066969353,41.70261066969353,FALSE,FALSE,1
114,Tomatoes,1906,Anuradhapura,North Central,Anuradhapura,2025-07-01,199,-61.253894080996886,61.253894080996886,TRUE,FALSE,1
114,Tomatoes,1906,Anuradhapura,North Central,Anuradhapura,2025-08-01,222,11.557788944723619,11.557788944723619,FALSE,FALSE,1
114,Tomatoes,1906,Anuradhapura,North Central,Anuradhapura,2025-09-01,246.4,10.990990990990994,10.990990990990994,FALSE,FALSE,1
114,Tomatoes,1907,Badulla,Uva,Badulla,2023-06-01,263,NA,NA,FALSE,FALSE,1
114,Tomatoes,1907,Badulla,Uva,Badulla,2023-07-01,397.6,51.17870722433461,51.17870722433461,TRUE,FALSE,1
114,Tomatoes,1907,Badulla,Uva,Badulla,2023-08-01,210,-47.183098591549296,47.183098591549296,FALSE,FALSE,1
114,Tomatoes,1907,Badulla,Uva,Badulla,2023-09-01,202,-3.8095238095238098,3.8095238095238098,FALSE,FALSE,1
114,Tomatoes,1907,Badulla,Uva,Badulla,2023-10-01,196,-2.9702970297029703,2.9702970297029703,FALSE,FALSE,1
114,Tomatoes,1907,Badulla,Uva,Badulla,2023-11-01,280,42.857142857142854,42.857142857142854,FALSE,FALSE,1
114,Tomatoes,1907,Badulla,Uva,Badulla,2023-12-01,580,107.14285714285714,107.14285714285714,TRUE,FALSE,1
114,Tomatoes,1907,Badulla,Uva,Badulla,2024-01-01,685,18.103448275862068,18.103448275862068,FALSE,FALSE,1
114,Tomatoes,1907,Badulla,Uva,Badulla,2024-02-01,890,29.927007299270077,29.927007299270077,FALSE,FALSE,1
114,Tomatoes,1907,Badulla,Uva,Badulla,2024-03-01,379,-57.41573033707865,57.41573033707865,TRUE,FALSE,1
114,Tomatoes,1907,Badulla,Uva,Badulla,2024-04-01,140.8,-62.84960422163588,62.84960422163588,TRUE,FALSE,1
114,Tomatoes,1907,Badulla,Uva,Badulla,2024-05-01,129.25,-8.203125000000007,8.203125000000007,FALSE,FALSE,1
114,Tomatoes,1907,Badulla,Uva,Badulla,2024-06-01,443.12,242.83945841392648,242.83945841392648,TRUE,FALSE,1
114,Tomatoes,1907,Badulla,Uva,Badulla,2024-07-01,416.5,-6.007402058133238,6.007402058133238,FALSE,FALSE,1
114,Tomatoes,1907,Badulla,Uva,Badulla,2024-08-01,270,-35.17406962785114,35.17406962785114,FALSE,FALSE,1
114,Tomatoes,1907,Badulla,Uva,Badulla,2024-09-01,273.75,1.3888888888888888,1.3888888888888888,FALSE,FALSE,1
114,Tomatoes,1907,Badulla,Uva,Badulla,2024-10-01,283,3.3789954337899544,3.3789954337899544,FALSE,FALSE,1
114,Tomatoes,1907,Badulla,Uva,Badulla,2024-11-01,257,-9.187279151943462,9.187279151943462,FALSE,FALSE,1
114,Tomatoes,1907,Badulla,Uva,Badulla,2024-12-01,363,41.245136186770424,41.245136186770424,FALSE,FALSE,1
114,Tomatoes,1907,Badulla,Uva,Badulla,2025-01-01,380,4.683195592286501,4.683195592286501,FALSE,FALSE,1
114,Tomatoes,1907,Badulla,Uva,Badulla,2025-02-01,320,-15.789473684210526,15.789473684210526,FALSE,FALSE,1
114,Tomatoes,1907,Badulla,Uva,Badulla,2025-03-01,330.62,3.3187500000000014,3.3187500000000014,FALSE,FALSE,1
114,Tomatoes,1907,Badulla,Uva,Badulla,2025-04-01,478.75,44.803702135382004,44.803702135382004,FALSE,FALSE,1
114,Tomatoes,1907,Badulla,Uva,Badulla,2025-05-01,682.08,42.471018276762415,42.471018276762415,FALSE,FALSE,1
114,Tomatoes,1907,Badulla,Uva,Badulla,2025-06-01,363.67,-46.682207365704905,46.682207365704905,FALSE,FALSE,1
114,Tomatoes,1907,Badulla,Uva,Badulla,2025-07-01,135,-62.878433744878606,62.878433744878606,TRUE,FALSE,1
114,Tomatoes,1907,Badulla,Uva,Badulla,2025-08-01,198.75,47.22222222222222,47.22222222222222,FALSE,FALSE,1
114,Tomatoes,1907,Badulla,Uva,Badulla,2025-09-01,182,-8.427672955974842,8.427672955974842,FALSE,FALSE,1
114,Tomatoes,1908,Hambantota,Southern,Hambantota,2023-06-01,293.99,NA,NA,FALSE,FALSE,1
114,Tomatoes,1908,Hambantota,Southern,Hambantota,2023-07-01,442.05,50.36225721963332,50.36225721963332,TRUE,FALSE,1
114,Tomatoes,1908,Hambantota,Southern,Hambantota,2023-08-01,190,-57.01843682841308,57.01843682841308,TRUE,FALSE,1
114,Tomatoes,1908,Hambantota,Southern,Hambantota,2023-09-01,175.42,-7.673684210526323,7.673684210526323,FALSE,FALSE,1
114,Tomatoes,1908,Hambantota,Southern,Hambantota,2023-10-01,204.67,16.67426747235207,16.67426747235207,FALSE,FALSE,1
114,Tomatoes,1908,Hambantota,Southern,Hambantota,2023-11-01,289.58,41.4862950114819,41.4862950114819,FALSE,FALSE,1
114,Tomatoes,1908,Hambantota,Southern,Hambantota,2023-12-01,608.33,110.07320947579255,110.07320947579255,TRUE,FALSE,1
114,Tomatoes,1908,Hambantota,Southern,Hambantota,2024-01-01,572.67,-5.861949928492772,5.861949928492772,FALSE,FALSE,1
114,Tomatoes,1908,Hambantota,Southern,Hambantota,2024-02-01,797.92,39.333298409206,39.333298409206,FALSE,FALSE,1
114,Tomatoes,1908,Hambantota,Southern,Hambantota,2024-03-01,325,-59.26909965911369,59.26909965911369,TRUE,FALSE,1
114,Tomatoes,1908,Hambantota,Southern,Hambantota,2024-04-01,155,-52.307692307692314,52.307692307692314,TRUE,FALSE,1
114,Tomatoes,1908,Hambantota,Southern,Hambantota,2024-05-01,188.33,21.50322580645162,21.50322580645162,FALSE,FALSE,1
114,Tomatoes,1908,Hambantota,Southern,Hambantota,2024-06-01,464.44,146.6096745075134,146.6096745075134,TRUE,FALSE,1
114,Tomatoes,1908,Hambantota,Southern,Hambantota,2024-07-01,300,-35.406080440961155,35.406080440961155,FALSE,FALSE,1
114,Tomatoes,1908,Hambantota,Southern,Hambantota,2024-08-01,279,-7.000000000000001,7.000000000000001,FALSE,FALSE,1
114,Tomatoes,1908,Hambantota,Southern,Hambantota,2024-09-01,261.6,-6.236559139784938,6.236559139784938,FALSE,FALSE,1
114,Tomatoes,1908,Hambantota,Southern,Hambantota,2024-10-01,356.5,36.27675840978592,36.27675840978592,FALSE,FALSE,1
114,Tomatoes,1908,Hambantota,Southern,Hambantota,2024-11-01,324.5,-8.976157082748948,8.976157082748948,FALSE,FALSE,1
114,Tomatoes,1908,Hambantota,Southern,Hambantota,2024-12-01,402.4,24.006163328197218,24.006163328197218,FALSE,FALSE,1
114,Tomatoes,1908,Hambantota,Southern,Hambantota,2025-01-01,405.62,0.8001988071570645,0.8001988071570645,FALSE,FALSE,1
114,Tomatoes,1908,Hambantota,Southern,Hambantota,2025-02-01,250.33,-38.284601351018196,38.284601351018196,FALSE,FALSE,1
114,Tomatoes,1908,Hambantota,Southern,Hambantota,2025-03-01,315.6,26.073582870610796,26.073582870610796,FALSE,FALSE,1
114,Tomatoes,1908,Hambantota,Southern,Hambantota,2025-04-01,778.12,146.552598225602,146.552598225602,TRUE,FALSE,1
114,Tomatoes,1908,Hambantota,Southern,Hambantota,2025-05-01,935,20.16141469182131,20.16141469182131,FALSE,FALSE,1
114,Tomatoes,1908,Hambantota,Southern,Hambantota,2025-06-01,NA,NA,NA,FALSE,TRUE,NA
114,Tomatoes,1908,Hambantota,Southern,Hambantota,2025-07-01,NA,NA,NA,FALSE,TRUE,NA
114,Tomatoes,1908,Hambantota,Southern,Hambantota,2025-08-01,166.5,NA,NA,FALSE,FALSE,1
114,Tomatoes,1908,Hambantota,Southern,Hambantota,2025-09-01,169.1,1.5615615615615581,1.5615615615615581,FALSE,FALSE,1
114,Tomatoes,1909,Gampaha,Western,Gampaha,2023-06-01,351,NA,NA,FALSE,FALSE,1
114,Tomatoes,1909,Gampaha,Western,Gampaha,2023-07-01,466,32.763532763532766,32.763532763532766,FALSE,FALSE,1
114,Tomatoes,1909,Gampaha,Western,Gampaha,2023-08-01,300,-35.622317596566525,35.622317596566525,FALSE,FALSE,1
114,Tomatoes,1909,Gampaha,Western,Gampaha,2023-09-01,230,-23.333333333333332,23.333333333333332,FALSE,FALSE,1
114,Tomatoes,1909,Gampaha,Western,Gampaha,2023-10-01,256,11.304347826086957,11.304347826086957,FALSE,FALSE,1
114,Tomatoes,1909,Gampaha,Western,Gampaha,2023-11-01,323.75,26.46484375,26.46484375,FALSE,FALSE,1
114,Tomatoes,1909,Gampaha,Western,Gampaha,2023-12-01,721.25,122.77992277992279,122.77992277992279,TRUE,FALSE,1
114,Tomatoes,1909,Gampaha,Western,Gampaha,2024-01-01,726.67,0.7514731369150723,0.7514731369150723,FALSE,FALSE,1
114,Tomatoes,1909,Gampaha,Western,Gampaha,2024-02-01,910,25.228783354204804,25.228783354204804,FALSE,FALSE,1
114,Tomatoes,1909,Gampaha,Western,Gampaha,2024-03-01,NA,NA,NA,FALSE,TRUE,NA
114,Tomatoes,1909,Gampaha,Western,Gampaha,2024-04-01,NA,NA,NA,FALSE,TRUE,NA
114,Tomatoes,1909,Gampaha,Western,Gampaha,2024-05-01,NA,NA,NA,FALSE,TRUE,NA
114,Tomatoes,1909,Gampaha,Western,Gampaha,2024-06-01,NA,NA,NA,FALSE,TRUE,NA
114,Tomatoes,1909,Gampaha,Western,Gampaha,2024-07-01,412.5,NA,NA,FALSE,FALSE,1
114,Tomatoes,1909,Gampaha,Western,Gampaha,2024-08-01,335.75,-18.606060606060606,18.606060606060606,FALSE,FALSE,1
114,Tomatoes,1909,Gampaha,Western,Gampaha,2024-09-01,290,-13.62620997766195,13.62620997766195,FALSE,FALSE,1
114,Tomatoes,1909,Gampaha,Western,Gampaha,2024-10-01,386.25,33.189655172413794,33.189655172413794,FALSE,FALSE,1
114,Tomatoes,1909,Gampaha,Western,Gampaha,2024-11-01,358.75,-7.119741100323624,7.119741100323624,FALSE,FALSE,1
114,Tomatoes,1909,Gampaha,Western,Gampaha,2024-12-01,506,41.045296167247386,41.045296167247386,FALSE,FALSE,1
114,Tomatoes,1909,Gampaha,Western,Gampaha,2025-01-01,458.12,-9.462450592885375,9.462450592885375,FALSE,FALSE,1
114,Tomatoes,1909,Gampaha,Western,Gampaha,2025-02-01,353.75,-22.782240461014585,22.782240461014585,FALSE,FALSE,1
114,Tomatoes,1909,Gampaha,Western,Gampaha,2025-03-01,422,19.29328621908127,19.29328621908127,FALSE,FALSE,1
114,Tomatoes,1909,Gampaha,Western,Gampaha,2025-04-01,625,48.1042654028436,48.1042654028436,FALSE,FALSE,1
114,Tomatoes,1909,Gampaha,Western,Gampaha,2025-05-01,887.29,41.96639999999999,41.96639999999999,FALSE,FALSE,1
114,Tomatoes,1909,Gampaha,Western,Gampaha,2025-06-01,563.5,-36.49201501200284,36.49201501200284,FALSE,FALSE,1
114,Tomatoes,1909,Gampaha,Western,Gampaha,2025-07-01,272.5,-51.641526175687666,51.641526175687666,TRUE,FALSE,1
114,Tomatoes,1909,Gampaha,Western,Gampaha,2025-08-01,271.25,-0.45871559633027525,0.45871559633027525,FALSE,FALSE,1
114,Tomatoes,1909,Gampaha,Western,Gampaha,2025-09-01,247,-8.940092165898617,8.940092165898617,FALSE,FALSE,1
114,Tomatoes,1910,Galle,Southern,Galle,2023-06-01,348.25,NA,NA,FALSE,FALSE,1
114,Tomatoes,1910,Galle,Southern,Galle,2023-07-01,457.87,31.47738693467337,31.47738693467337,FALSE,FALSE,1
114,Tomatoes,1910,Galle,Southern,Galle,2023-08-01,268,-41.46810229977941,41.46810229977941,FALSE,FALSE,1
114,Tomatoes,1910,Galle,Southern,Galle,2023-09-01,199,-25.74626865671642,25.74626865671642,FALSE,FALSE,1
114,Tomatoes,1910,Galle,Southern,Galle,2023-10-01,222.4,11.758793969849249,11.758793969849249,FALSE,FALSE,1
114,Tomatoes,1910,Galle,Southern,Galle,2023-11-01,312.5,40.51258992805755,40.51258992805755,FALSE,FALSE,1
114,Tomatoes,1910,Galle,Southern,Galle,2023-12-01,636.5,103.67999999999999,103.67999999999999,TRUE,FALSE,1
114,Tomatoes,1910,Galle,Southern,Galle,2024-01-01,744,16.889238020424195,16.889238020424195,FALSE,FALSE,1
114,Tomatoes,1910,Galle,Southern,Galle,2024-02-01,835,12.231182795698924,12.231182795698924,FALSE,FALSE,1
114,Tomatoes,1910,Galle,Southern,Galle,2024-03-01,351.25,-57.93413173652695,57.93413173652695,TRUE,FALSE,1
114,Tomatoes,1910,Galle,Southern,Galle,2024-04-01,220,-37.36654804270463,37.36654804270463,FALSE,FALSE,1
114,Tomatoes,1910,Galle,Southern,Galle,2024-05-01,160.62,-26.99090909090909,26.99090909090909,FALSE,FALSE,1
114,Tomatoes,1910,Galle,Southern,Galle,2024-06-01,487.5,203.5113933507658,203.5113933507658,TRUE,FALSE,1
114,Tomatoes,1910,Galle,Southern,Galle,2024-07-01,456.33,-6.393846153846157,6.393846153846157,FALSE,FALSE,1
114,Tomatoes,1910,Galle,Southern,Galle,2024-08-01,311.25,-31.79278153967523,31.79278153967523,FALSE,FALSE,1
114,Tomatoes,1910,Galle,Southern,Galle,2024-09-01,263.33,-15.395983935742978,15.395983935742978,FALSE,FALSE,1
114,Tomatoes,1910,Galle,Southern,Galle,2024-10-01,351.25,33.38776440208105,33.38776440208105,FALSE,FALSE,1
114,Tomatoes,1910,Galle,Southern,Galle,2024-11-01,339,-3.4875444839857654,3.4875444839857654,FALSE,FALSE,1
114,Tomatoes,1910,Galle,Southern,Galle,2024-12-01,466,37.46312684365782,37.46312684365782,FALSE,FALSE,1
114,Tomatoes,1910,Galle,Southern,Galle,2025-01-01,428.33,-8.083690987124466,8.083690987124466,FALSE,FALSE,1
114,Tomatoes,1910,Galle,Southern,Galle,2025-02-01,274.25,-35.97226437559825,35.97226437559825,FALSE,FALSE,1
114,Tomatoes,1910,Galle,Southern,Galle,2025-03-01,378,37.83044667274385,37.83044667274385,FALSE,FALSE,1
114,Tomatoes,1910,Galle,Southern,Galle,2025-04-01,770,103.7037037037037,103.7037037037037,TRUE,FALSE,1
114,Tomatoes,1910,Galle,Southern,Galle,2025-05-01,910,18.181818181818183,18.181818181818183,FALSE,FALSE,1
114,Tomatoes,1910,Galle,Southern,Galle,2025-06-01,522,-42.637362637362635,42.637362637362635,FALSE,FALSE,1
114,Tomatoes,1910,Galle,Southern,Galle,2025-07-01,196.25,-62.40421455938697,62.40421455938697,TRUE,FALSE,1
114,Tomatoes,1910,Galle,Southern,Galle,2025-08-01,240,22.29299363057325,22.29299363057325,FALSE,FALSE,1
114,Tomatoes,1910,Galle,Southern,Galle,2025-09-01,271,12.916666666666668,12.916666666666668,FALSE,FALSE,1
114,Tomatoes,1911,Kalutara,Western,Kalutara,2023-06-01,299,NA,NA,FALSE,FALSE,1
114,Tomatoes,1911,Kalutara,Western,Kalutara,2023-07-01,450.4,50.63545150501672,50.63545150501672,TRUE,FALSE,1
114,Tomatoes,1911,Kalutara,Western,Kalutara,2023-08-01,255,-43.383658969804614,43.383658969804614,FALSE,FALSE,1
114,Tomatoes,1911,Kalutara,Western,Kalutara,2023-09-01,190,-25.49019607843137,25.49019607843137,FALSE,FALSE,1
114,Tomatoes,1911,Kalutara,Western,Kalutara,2023-10-01,210.8,10.947368421052637,10.947368421052637,FALSE,FALSE,1
114,Tomatoes,1911,Kalutara,Western,Kalutara,2023-11-01,301,42.78937381404174,42.78937381404174,FALSE,FALSE,1
114,Tomatoes,1911,Kalutara,Western,Kalutara,2023-12-01,635.5,111.12956810631229,111.12956810631229,TRUE,FALSE,1
114,Tomatoes,1911,Kalutara,Western,Kalutara,2024-01-01,687.6,8.19826907946499,8.19826907946499,FALSE,FALSE,1
114,Tomatoes,1911,Kalutara,Western,Kalutara,2024-02-01,856,24.490983129726583,24.490983129726583,FALSE,FALSE,1
114,Tomatoes,1911,Kalutara,Western,Kalutara,2024-03-01,402.5,-52.978971962616825,52.978971962616825,TRUE,FALSE,1
114,Tomatoes,1911,Kalutara,Western,Kalutara,2024-04-01,188.8,-53.09316770186335,53.09316770186335,TRUE,FALSE,1
114,Tomatoes,1911,Kalutara,Western,Kalutara,2024-05-01,198,4.872881355932197,4.872881355932197,FALSE,FALSE,1
114,Tomatoes,1911,Kalutara,Western,Kalutara,2024-06-01,508,156.56565656565658,156.56565656565658,TRUE,FALSE,1
114,Tomatoes,1911,Kalutara,Western,Kalutara,2024-07-01,462,-9.05511811023622,9.05511811023622,FALSE,FALSE,1
114,Tomatoes,1911,Kalutara,Western,Kalutara,2024-08-01,NA,NA,NA,FALSE,TRUE,NA
114,Tomatoes,1911,Kalutara,Western,Kalutara,2024-09-01,334.67,NA,NA,FALSE,FALSE,1
114,Tomatoes,1911,Kalutara,Western,Kalutara,2024-10-01,411.33,22.90614635312396,22.90614635312396,FALSE,FALSE,1
114,Tomatoes,1911,Kalutara,Western,Kalutara,2024-11-01,371.5,-9.683222716553615,9.683222716553615,FALSE,FALSE,1
114,Tomatoes,1911,Kalutara,Western,Kalutara,2024-12-01,522.4,40.61911170928667,40.61911170928667,FALSE,FALSE,1
114,Tomatoes,1911,Kalutara,Western,Kalutara,2025-01-01,458.5,-12.23200612557427,12.23200612557427,FALSE,FALSE,1
114,Tomatoes,1911,Kalutara,Western,Kalutara,2025-02-01,395,-13.849509269356597,13.849509269356597,FALSE,FALSE,1
114,Tomatoes,1911,Kalutara,Western,Kalutara,2025-03-01,369.5,-6.455696202531645,6.455696202531645,FALSE,FALSE,1
114,Tomatoes,1911,Kalutara,Western,Kalutara,2025-04-01,536,45.06089309878214,45.06089309878214,FALSE,FALSE,1
114,Tomatoes,1911,Kalutara,Western,Kalutara,2025-05-01,1079.5,101.3992537313433,101.3992537313433,TRUE,FALSE,1
114,Tomatoes,1911,Kalutara,Western,Kalutara,2025-06-01,513.79,-52.40481704492821,52.40481704492821,TRUE,FALSE,1
114,Tomatoes,1911,Kalutara,Western,Kalutara,2025-07-01,218,-57.57021351135678,57.57021351135678,TRUE,FALSE,1
114,Tomatoes,1911,Kalutara,Western,Kalutara,2025-08-01,227,4.128440366972478,4.128440366972478,FALSE,FALSE,1
114,Tomatoes,1911,Kalutara,Western,Kalutara,2025-09-01,259,14.096916299559473,14.096916299559473,FALSE,FALSE,1
114,Tomatoes,1912,Kandy,Central,Kandy,2023-06-01,267,NA,NA,FALSE,FALSE,1
114,Tomatoes,1912,Kandy,Central,Kandy,2023-07-01,447.6,67.64044943820225,67.64044943820225,TRUE,FALSE,1
114,Tomatoes,1912,Kandy,Central,Kandy,2023-08-01,201,-55.093833780160864,55.093833780160864,TRUE,FALSE,1
114,Tomatoes,1912,Kandy,Central,Kandy,2023-09-01,166,-17.412935323383085,17.412935323383085,FALSE,FALSE,1
114,Tomatoes,1912,Kandy,Central,Kandy,2023-10-01,183,10.240963855421686,10.240963855421686,FALSE,FALSE,1
114,Tomatoes,1912,Kandy,Central,Kandy,2023-11-01,348.75,90.57377049180327,90.57377049180327,TRUE,FALSE,1
114,Tomatoes,1912,Kandy,Central,Kandy,2023-12-01,726.5,108.31541218637992,108.31541218637992,TRUE,FALSE,1
114,Tomatoes,1912,Kandy,Central,Kandy,2024-01-01,712,-1.9958706125258088,1.9958706125258088,FALSE,FALSE,1
114,Tomatoes,1912,Kandy,Central,Kandy,2024-02-01,882.5,23.946629213483146,23.946629213483146,FALSE,FALSE,1
114,Tomatoes,1912,Kandy,Central,Kandy,2024-03-01,411,-53.42776203966005,53.42776203966005,TRUE,FALSE,1
114,Tomatoes,1912,Kandy,Central,Kandy,2024-04-01,193.6,-52.89537712895377,52.89537712895377,TRUE,FALSE,1
114,Tomatoes,1912,Kandy,Central,Kandy,2024-05-01,153,-20.971074380165287,20.971074380165287,FALSE,FALSE,1
114,Tomatoes,1912,Kandy,Central,Kandy,2024-06-01,549,258.8235294117647,258.8235294117647,TRUE,FALSE,1
114,Tomatoes,1912,Kandy,Central,Kandy,2024-07-01,456,-16.939890710382514,16.939890710382514,FALSE,FALSE,1
114,Tomatoes,1912,Kandy,Central,Kandy,2024-08-01,266,-41.66666666666667,41.66666666666667,FALSE,FALSE,1
114,Tomatoes,1912,Kandy,Central,Kandy,2024-09-01,269.6,1.3533834586466251,1.3533834586466251,FALSE,FALSE,1
114,Tomatoes,1912,Kandy,Central,Kandy,2024-10-01,320,18.694362017804146,18.694362017804146,FALSE,FALSE,1
114,Tomatoes,1912,Kandy,Central,Kandy,2024-11-01,268,-16.25,16.25,FALSE,FALSE,1
114,Tomatoes,1912,Kandy,Central,Kandy,2024-12-01,458.8,71.19402985074628,71.19402985074628,TRUE,FALSE,1
114,Tomatoes,1912,Kandy,Central,Kandy,2025-01-01,369,-19.572798605056672,19.572798605056672,FALSE,FALSE,1
114,Tomatoes,1912,Kandy,Central,Kandy,2025-02-01,203,-44.986449864498645,44.986449864498645,FALSE,FALSE,1
114,Tomatoes,1912,Kandy,Central,Kandy,2025-03-01,317.6,56.45320197044336,56.45320197044336,TRUE,FALSE,1
114,Tomatoes,1912,Kandy,Central,Kandy,2025-04-01,623,96.15869017632241,96.15869017632241,TRUE,FALSE,1
114,Tomatoes,1912,Kandy,Central,Kandy,2025-05-01,930,49.2776886035313,49.2776886035313,FALSE,FALSE,1
114,Tomatoes,1912,Kandy,Central,Kandy,2025-06-01,396.4,-57.376344086021504,57.376344086021504,TRUE,FALSE,1
114,Tomatoes,1912,Kandy,Central,Kandy,2025-07-01,150,-62.15943491422805,62.15943491422805,TRUE,FALSE,1
114,Tomatoes,1912,Kandy,Central,Kandy,2025-08-01,156,4,4,FALSE,FALSE,1
114,Tomatoes,1912,Kandy,Central,Kandy,2025-09-01,189.6,21.538461538461533,21.538461538461533,FALSE,FALSE,1
114,Tomatoes,1913,Kegalle,Sabaragamuwa,Kegalle,2023-06-01,357.5,NA,NA,FALSE,FALSE,1
114,Tomatoes,1913,Kegalle,Sabaragamuwa,Kegalle,2023-07-01,477.2,33.48251748251748,33.48251748251748,FALSE,FALSE,1
114,Tomatoes,1913,Kegalle,Sabaragamuwa,Kegalle,2023-08-01,279,-41.53394803017603,41.53394803017603,FALSE,FALSE,1
114,Tomatoes,1913,Kegalle,Sabaragamuwa,Kegalle,2023-09-01,239,-14.336917562724013,14.336917562724013,FALSE,FALSE,1
114,Tomatoes,1913,Kegalle,Sabaragamuwa,Kegalle,2023-10-01,260.4,8.953974895397481,8.953974895397481,FALSE,FALSE,1
114,Tomatoes,1913,Kegalle,Sabaragamuwa,Kegalle,2023-11-01,357.5,37.28878648233488,37.28878648233488,FALSE,FALSE,1
114,Tomatoes,1913,Kegalle,Sabaragamuwa,Kegalle,2023-12-01,667,86.57342657342657,86.57342657342657,TRUE,FALSE,1
114,Tomatoes,1913,Kegalle,Sabaragamuwa,Kegalle,2024-01-01,731.2,9.62518740629686,9.62518740629686,FALSE,FALSE,1
114,Tomatoes,1913,Kegalle,Sabaragamuwa,Kegalle,2024-02-01,849,16.110503282275705,16.110503282275705,FALSE,FALSE,1
114,Tomatoes,1913,Kegalle,Sabaragamuwa,Kegalle,2024-03-01,427.5,-49.64664310954063,49.64664310954063,FALSE,FALSE,1
114,Tomatoes,1913,Kegalle,Sabaragamuwa,Kegalle,2024-04-01,218.4,-48.91228070175438,48.91228070175438,FALSE,FALSE,1
114,Tomatoes,1913,Kegalle,Sabaragamuwa,Kegalle,2024-05-01,239,9.432234432234429,9.432234432234429,FALSE,FALSE,1
114,Tomatoes,1913,Kegalle,Sabaragamuwa,Kegalle,2024-06-01,239,0,0,FALSE,FALSE,1
114,Tomatoes,1913,Kegalle,Sabaragamuwa,Kegalle,2024-07-01,459.2,92.13389121338912,92.13389121338912,TRUE,FALSE,1
114,Tomatoes,1913,Kegalle,Sabaragamuwa,Kegalle,2024-08-01,336,-26.829268292682922,26.829268292682922,FALSE,FALSE,1
114,Tomatoes,1913,Kegalle,Sabaragamuwa,Kegalle,2024-09-01,272,-19.047619047619047,19.047619047619047,FALSE,FALSE,1
114,Tomatoes,1913,Kegalle,Sabaragamuwa,Kegalle,2024-10-01,381,40.07352941176471,40.07352941176471,FALSE,FALSE,1
114,Tomatoes,1913,Kegalle,Sabaragamuwa,Kegalle,2024-11-01,366,-3.937007874015748,3.937007874015748,FALSE,FALSE,1
114,Tomatoes,1913,Kegalle,Sabaragamuwa,Kegalle,2024-12-01,516,40.98360655737705,40.98360655737705,FALSE,FALSE,1
114,Tomatoes,1913,Kegalle,Sabaragamuwa,Kegalle,2025-01-01,466,-9.689922480620156,9.689922480620156,FALSE,FALSE,1
114,Tomatoes,1913,Kegalle,Sabaragamuwa,Kegalle,2025-02-01,316,-32.18884120171674,32.18884120171674,FALSE,FALSE,1
114,Tomatoes,1913,Kegalle,Sabaragamuwa,Kegalle,2025-03-01,403.6,27.72151898734178,27.72151898734178,FALSE,FALSE,1
114,Tomatoes,1913,Kegalle,Sabaragamuwa,Kegalle,2025-04-01,576,42.71555996035678,42.71555996035678,FALSE,FALSE,1
114,Tomatoes,1913,Kegalle,Sabaragamuwa,Kegalle,2025-05-01,918.5,59.46180555555556,59.46180555555556,TRUE,FALSE,1
114,Tomatoes,1913,Kegalle,Sabaragamuwa,Kegalle,2025-06-01,528,-42.51497005988024,42.51497005988024,FALSE,FALSE,1
114,Tomatoes,1913,Kegalle,Sabaragamuwa,Kegalle,2025-07-01,226,-57.1969696969697,57.1969696969697,TRUE,FALSE,1
114,Tomatoes,1913,Kegalle,Sabaragamuwa,Kegalle,2025-08-01,256,13.274336283185843,13.274336283185843,FALSE,FALSE,1
114,Tomatoes,1913,Kegalle,Sabaragamuwa,Kegalle,2025-09-01,270.4,5.624999999999991,5.624999999999991,FALSE,FALSE,1
114,Tomatoes,1914,Kurunegala,North Western,Kurunegala,2023-06-01,342.5,NA,NA,FALSE,FALSE,1
114,Tomatoes,1914,Kurunegala,North Western,Kurunegala,2023-07-01,491.8,43.59124087591241,43.59124087591241,FALSE,FALSE,1
114,Tomatoes,1914,Kurunegala,North Western,Kurunegala,2023-08-01,263,-46.52297681984547,46.52297681984547,FALSE,FALSE,1
114,Tomatoes,1914,Kurunegala,North Western,Kurunegala,2023-09-01,232,-11.787072243346007,11.787072243346007,FALSE,FALSE,1
114,Tomatoes,1914,Kurunegala,North Western,Kurunegala,2023-10-01,261.6,12.758620689655181,12.758620689655181,FALSE,FALSE,1
114,Tomatoes,1914,Kurunegala,North Western,Kurunegala,2023-11-01,345,31.880733944954116,31.880733944954116,FALSE,FALSE,1
114,Tomatoes,1914,Kurunegala,North Western,Kurunegala,2023-12-01,691.25,100.36231884057972,100.36231884057972,TRUE,FALSE,1
114,Tomatoes,1914,Kurunegala,North Western,Kurunegala,2024-01-01,744.8,7.746835443037968,7.746835443037968,FALSE,FALSE,1
114,Tomatoes,1914,Kurunegala,North Western,Kurunegala,2024-02-01,874.42,17.403329752953812,17.403329752953812,FALSE,FALSE,1
114,Tomatoes,1914,Kurunegala,North Western,Kurunegala,2024-03-01,459.25,-47.479472107225355,47.479472107225355,FALSE,FALSE,1
114,Tomatoes,1914,Kurunegala,North Western,Kurunegala,2024-04-01,273.6,-40.42460533478497,40.42460533478497,FALSE,FALSE,1
114,Tomatoes,1914,Kurunegala,North Western,Kurunegala,2024-05-01,214,-21.783625730994157,21.783625730994157,FALSE,FALSE,1
114,Tomatoes,1914,Kurunegala,North Western,Kurunegala,2024-06-01,523,144.39252336448598,144.39252336448598,TRUE,FALSE,1
114,Tomatoes,1914,Kurunegala,North Western,Kurunegala,2024-07-01,NA,NA,NA,FALSE,TRUE,NA
114,Tomatoes,1914,Kurunegala,North Western,Kurunegala,2024-08-01,NA,NA,NA,FALSE,TRUE,NA
114,Tomatoes,1914,Kurunegala,North Western,Kurunegala,2024-09-01,277.5,NA,NA,FALSE,FALSE,1
114,Tomatoes,1914,Kurunegala,North Western,Kurunegala,2024-10-01,320.83,15.61441441441441,15.61441441441441,FALSE,FALSE,1
114,Tomatoes,1914,Kurunegala,North Western,Kurunegala,2024-11-01,403.33,25.714552878471466,25.714552878471466,FALSE,FALSE,1
114,Tomatoes,1914,Kurunegala,North Western,Kurunegala,2024-12-01,499.67,23.886147819403476,23.886147819403476,FALSE,FALSE,1
114,Tomatoes,1914,Kurunegala,North Western,Kurunegala,2025-01-01,493.54,-1.226809694398302,1.226809694398302,FALSE,FALSE,1
114,Tomatoes,1914,Kurunegala,North Western,Kurunegala,2025-02-01,372.5,-24.524861206791755,24.524861206791755,FALSE,FALSE,1
114,Tomatoes,1914,Kurunegala,North Western,Kurunegala,2025-03-01,338.33,-9.173154362416112,9.173154362416112,FALSE,FALSE,1
114,Tomatoes,1914,Kurunegala,North Western,Kurunegala,2025-04-01,628.33,85.71513019832709,85.71513019832709,TRUE,FALSE,1
114,Tomatoes,1914,Kurunegala,North Western,Kurunegala,2025-05-01,860,36.87075262998742,36.87075262998742,FALSE,FALSE,1
114,Tomatoes,1914,Kurunegala,North Western,Kurunegala,2025-06-01,458.33,-46.705813953488374,46.705813953488374,FALSE,FALSE,1
114,Tomatoes,1914,Kurunegala,North Western,Kurunegala,2025-07-01,225.42,-50.817096851613464,50.817096851613464,TRUE,FALSE,1
114,Tomatoes,1914,Kurunegala,North Western,Kurunegala,2025-08-01,261.67,16.081093070712463,16.081093070712463,FALSE,FALSE,1
114,Tomatoes,1914,Kurunegala,North Western,Kurunegala,2025-09-01,257.5,-1.5936102724806112,1.5936102724806112,FALSE,FALSE,1
114,Tomatoes,1915,Matale,Central,Matale,2023-06-01,355,NA,NA,FALSE,FALSE,1
114,Tomatoes,1915,Matale,Central,Matale,2023-07-01,460.4,29.690140845070417,29.690140845070417,FALSE,FALSE,1
114,Tomatoes,1915,Matale,Central,Matale,2023-08-01,206,-55.25629887054735,55.25629887054735,TRUE,FALSE,1
114,Tomatoes,1915,Matale,Central,Matale,2023-09-01,194,-5.825242718446602,5.825242718446602,FALSE,FALSE,1
114,Tomatoes,1915,Matale,Central,Matale,2023-10-01,190.4,-1.8556701030927807,1.8556701030927807,FALSE,FALSE,1
114,Tomatoes,1915,Matale,Central,Matale,2023-11-01,332,74.36974789915965,74.36974789915965,TRUE,FALSE,1
114,Tomatoes,1915,Matale,Central,Matale,2023-12-01,707,112.95180722891567,112.95180722891567,TRUE,FALSE,1
114,Tomatoes,1915,Matale,Central,Matale,2024-01-01,652.8,-7.666195190947672,7.666195190947672,FALSE,FALSE,1
114,Tomatoes,1915,Matale,Central,Matale,2024-02-01,900,37.867647058823536,37.867647058823536,FALSE,FALSE,1
114,Tomatoes,1915,Matale,Central,Matale,2024-03-01,344,-61.77777777777778,61.77777777777778,TRUE,FALSE,1
114,Tomatoes,1915,Matale,Central,Matale,2024-04-01,163.2,-52.55813953488372,52.55813953488372,TRUE,FALSE,1
114,Tomatoes,1915,Matale,Central,Matale,2024-05-01,186.67,14.381127450980394,14.381127450980394,FALSE,FALSE,1
114,Tomatoes,1915,Matale,Central,Matale,2024-06-01,186.67,0,0,FALSE,FALSE,1
114,Tomatoes,1915,Matale,Central,Matale,2024-07-01,432.53,131.7083623506723,131.7083623506723,TRUE,FALSE,1
114,Tomatoes,1915,Matale,Central,Matale,2024-08-01,272,-37.11418861119459,37.11418861119459,FALSE,FALSE,1
114,Tomatoes,1915,Matale,Central,Matale,2024-09-01,235.2,-13.529411764705888,13.529411764705888,FALSE,FALSE,1
114,Tomatoes,1915,Matale,Central,Matale,2024-10-01,306,30.102040816326536,30.102040816326536,FALSE,FALSE,1
114,Tomatoes,1915,Matale,Central,Matale,2024-11-01,314,2.6143790849673203,2.6143790849673203,FALSE,FALSE,1
114,Tomatoes,1915,Matale,Central,Matale,2024-12-01,439.2,39.87261146496815,39.87261146496815,FALSE,FALSE,1
114,Tomatoes,1915,Matale,Central,Matale,2025-01-01,354,-19.398907103825135,19.398907103825135,FALSE,FALSE,1
114,Tomatoes,1915,Matale,Central,Matale,2025-02-01,232,-34.463276836158194,34.463276836158194,FALSE,FALSE,1
114,Tomatoes,1915,Matale,Central,Matale,2025-03-01,312,34.48275862068966,34.48275862068966,FALSE,FALSE,1
114,Tomatoes,1915,Matale,Central,Matale,2025-04-01,571.75,83.25320512820514,83.25320512820514,TRUE,FALSE,1
114,Tomatoes,1915,Matale,Central,Matale,2025-05-01,940,64.40752076956711,64.40752076956711,TRUE,FALSE,1
114,Tomatoes,1915,Matale,Central,Matale,2025-06-01,457.6,-51.31914893617021,51.31914893617021,TRUE,FALSE,1
114,Tomatoes,1915,Matale,Central,Matale,2025-07-01,150,-67.22027972027972,67.22027972027972,TRUE,FALSE,1
114,Tomatoes,1915,Matale,Central,Matale,2025-08-01,178,18.666666666666668,18.666666666666668,FALSE,FALSE,1
114,Tomatoes,1915,Matale,Central,Matale,2025-09-01,200,12.359550561797752,12.359550561797752,FALSE,FALSE,1
114,Tomatoes,1916,Matara,Southern,Matara,2023-06-01,305,NA,NA,FALSE,FALSE,1
114,Tomatoes,1916,Matara,Southern,Matara,2023-07-01,466.5,52.950819672131146,52.950819672131146,TRUE,FALSE,1
114,Tomatoes,1916,Matara,Southern,Matara,2023-08-01,193.33,-58.55734190782421,58.55734190782421,TRUE,FALSE,1
114,Tomatoes,1916,Matara,Southern,Matara,2023-09-01,180,-6.8949464645942236,6.8949464645942236,FALSE,FALSE,1
114,Tomatoes,1916,Matara,Southern,Matara,2023-10-01,203,12.777777777777777,12.777777777777777,FALSE,FALSE,1
114,Tomatoes,1916,Matara,Southern,Matara,2023-11-01,318.75,57.019704433497544,57.019704433497544,TRUE,FALSE,1
114,Tomatoes,1916,Matara,Southern,Matara,2023-12-01,691,116.78431372549018,116.78431372549018,TRUE,FALSE,1
114,Tomatoes,1916,Matara,Southern,Matara,2024-01-01,613.5,-11.215629522431259,11.215629522431259,FALSE,FALSE,1
114,Tomatoes,1916,Matara,Southern,Matara,2024-02-01,855,39.36430317848411,39.36430317848411,FALSE,FALSE,1
114,Tomatoes,1916,Matara,Southern,Matara,2024-03-01,325,-61.98830409356725,61.98830409356725,TRUE,FALSE,1
114,Tomatoes,1916,Matara,Southern,Matara,2024-04-01,165.67,-49.02461538461539,49.02461538461539,FALSE,FALSE,1
114,Tomatoes,1916,Matara,Southern,Matara,2024-05-01,205,23.73996499064406,23.73996499064406,FALSE,FALSE,1
114,Tomatoes,1916,Matara,Southern,Matara,2024-06-01,547.5,167.0731707317073,167.0731707317073,TRUE,FALSE,1
114,Tomatoes,1916,Matara,Southern,Matara,2024-07-01,431,-21.27853881278539,21.27853881278539,FALSE,FALSE,1
114,Tomatoes,1916,Matara,Southern,Matara,2024-08-01,286.88,-33.438515081206496,33.438515081206496,FALSE,FALSE,1
114,Tomatoes,1916,Matara,Southern,Matara,2024-09-01,245.5,-14.42414947016174,14.42414947016174,FALSE,FALSE,1
114,Tomatoes,1916,Matara,Southern,Matara,2024-10-01,362.5,47.657841140529534,47.657841140529534,FALSE,FALSE,1
114,Tomatoes,1916,Matara,Southern,Matara,2024-11-01,315.62,-12.932413793103448,12.932413793103448,FALSE,FALSE,1
114,Tomatoes,1916,Matara,Southern,Matara,2024-12-01,395.5,25.30891578480451,25.30891578480451,FALSE,FALSE,1
114,Tomatoes,1916,Matara,Southern,Matara,2025-01-01,347.5,-12.13653603034134,12.13653603034134,FALSE,FALSE,1
114,Tomatoes,1916,Matara,Southern,Matara,2025-02-01,215,-38.1294964028777,38.1294964028777,FALSE,FALSE,1
114,Tomatoes,1916,Matara,Southern,Matara,2025-03-01,303.5,41.16279069767442,41.16279069767442,FALSE,FALSE,1
114,Tomatoes,1916,Matara,Southern,Matara,2025-04-01,655.83,116.08896210873148,116.08896210873148,TRUE,FALSE,1
114,Tomatoes,1916,Matara,Southern,Matara,2025-05-01,941.88,43.616485979598366,43.616485979598366,FALSE,FALSE,1
114,Tomatoes,1916,Matara,Southern,Matara,2025-06-01,517,-45.10978043912176,45.10978043912176,FALSE,FALSE,1
114,Tomatoes,1916,Matara,Southern,Matara,2025-07-01,165,-68.08510638297872,68.08510638297872,TRUE,FALSE,1
114,Tomatoes,1916,Matara,Southern,Matara,2025-08-01,193.75,17.424242424242426,17.424242424242426,FALSE,FALSE,1
114,Tomatoes,1916,Matara,Southern,Matara,2025-09-01,201.5,4,4,FALSE,FALSE,1
114,Tomatoes,1917,Nuwara Eliya,Central,Nuwara Eliya,2023-06-01,252,NA,NA,FALSE,FALSE,1
114,Tomatoes,1917,Nuwara Eliya,Central,Nuwara Eliya,2023-07-01,374.4,48.57142857142856,48.57142857142856,FALSE,FALSE,1
114,Tomatoes,1917,Nuwara Eliya,Central,Nuwara Eliya,2023-08-01,228.5,-38.96901709401709,38.96901709401709,FALSE,FALSE,1
114,Tomatoes,1917,Nuwara Eliya,Central,Nuwara Eliya,2023-09-01,207.5,-9.190371991247265,9.190371991247265,FALSE,FALSE,1
114,Tomatoes,1917,Nuwara Eliya,Central,Nuwara Eliya,2023-10-01,218.4,5.253012048192774,5.253012048192774,FALSE,FALSE,1
114,Tomatoes,1917,Nuwara Eliya,Central,Nuwara Eliya,2023-11-01,275.5,26.144688644688642,26.144688644688642,FALSE,FALSE,1
114,Tomatoes,1917,Nuwara Eliya,Central,Nuwara Eliya,2023-12-01,552,100.36297640653358,100.36297640653358,TRUE,FALSE,1
114,Tomatoes,1917,Nuwara Eliya,Central,Nuwara Eliya,2024-01-01,627.6,13.695652173913048,13.695652173913048,FALSE,FALSE,1
114,Tomatoes,1917,Nuwara Eliya,Central,Nuwara Eliya,2024-02-01,793.33,26.40694710006374,26.40694710006374,FALSE,FALSE,1
114,Tomatoes,1917,Nuwara Eliya,Central,Nuwara Eliya,2024-03-01,352.5,-55.567040197647884,55.567040197647884,TRUE,FALSE,1
114,Tomatoes,1917,Nuwara Eliya,Central,Nuwara Eliya,2024-04-01,158.8,-54.95035460992908,54.95035460992908,TRUE,FALSE,1
114,Tomatoes,1917,Nuwara Eliya,Central,Nuwara Eliya,2024-05-01,171,7.682619647355156,7.682619647355156,FALSE,FALSE,1
114,Tomatoes,1917,Nuwara Eliya,Central,Nuwara Eliya,2024-06-01,451.5,164.03508771929825,164.03508771929825,TRUE,FALSE,1
114,Tomatoes,1917,Nuwara Eliya,Central,Nuwara Eliya,2024-07-01,354,-21.59468438538206,21.59468438538206,FALSE,FALSE,1
114,Tomatoes,1917,Nuwara Eliya,Central,Nuwara Eliya,2024-08-01,310,-12.429378531073446,12.429378531073446,FALSE,FALSE,1
114,Tomatoes,1917,Nuwara Eliya,Central,Nuwara Eliya,2024-09-01,270.5,-12.741935483870966,12.741935483870966,FALSE,FALSE,1
114,Tomatoes,1917,Nuwara Eliya,Central,Nuwara Eliya,2024-10-01,303,12.014787430683919,12.014787430683919,FALSE,FALSE,1
114,Tomatoes,1917,Nuwara Eliya,Central,Nuwara Eliya,2024-11-01,330.5,9.075907590759076,9.075907590759076,FALSE,FALSE,1
114,Tomatoes,1917,Nuwara Eliya,Central,Nuwara Eliya,2024-12-01,395,19.51588502269289,19.51588502269289,FALSE,FALSE,1
114,Tomatoes,1917,Nuwara Eliya,Central,Nuwara Eliya,2025-01-01,342,-13.41772151898734,13.41772151898734,FALSE,FALSE,1
114,Tomatoes,1917,Nuwara Eliya,Central,Nuwara Eliya,2025-02-01,257.5,-24.707602339181285,24.707602339181285,FALSE,FALSE,1
114,Tomatoes,1917,Nuwara Eliya,Central,Nuwara Eliya,2025-03-01,360,39.80582524271845,39.80582524271845,FALSE,FALSE,1
114,Tomatoes,1917,Nuwara Eliya,Central,Nuwara Eliya,2025-04-01,633.33,75.92500000000001,75.92500000000001,TRUE,FALSE,1
114,Tomatoes,1917,Nuwara Eliya,Central,Nuwara Eliya,2025-05-01,692.5,9.342680750951313,9.342680750951313,FALSE,FALSE,1
114,Tomatoes,1917,Nuwara Eliya,Central,Nuwara Eliya,2025-06-01,365.5,-47.22021660649819,47.22021660649819,FALSE,FALSE,1
114,Tomatoes,1917,Nuwara Eliya,Central,Nuwara Eliya,2025-07-01,179,-51.02599179206566,51.02599179206566,TRUE,FALSE,1
114,Tomatoes,1917,Nuwara Eliya,Central,Nuwara Eliya,2025-08-01,252,40.78212290502793,40.78212290502793,FALSE,FALSE,1
114,Tomatoes,1917,Nuwara Eliya,Central,Nuwara Eliya,2025-09-01,257.6,2.222222222222231,2.222222222222231,FALSE,FALSE,1
114,Tomatoes,1918,Puttalam,North Western,Puttalam,2023-06-01,378,NA,NA,FALSE,FALSE,1
114,Tomatoes,1918,Puttalam,North Western,Puttalam,2023-07-01,488.8,29.312169312169317,29.312169312169317,FALSE,FALSE,1
114,Tomatoes,1918,Puttalam,North Western,Puttalam,2023-08-01,280,-42.716857610474634,42.716857610474634,FALSE,FALSE,1
114,Tomatoes,1918,Puttalam,North Western,Puttalam,2023-09-01,231.5,-17.32142857142857,17.32142857142857,FALSE,FALSE,1
114,Tomatoes,1918,Puttalam,North Western,Puttalam,2023-10-01,272.8,17.84017278617711,17.84017278617711,FALSE,FALSE,1
114,Tomatoes,1918,Puttalam,North Western,Puttalam,2023-11-01,357,30.865102639296182,30.865102639296182,FALSE,FALSE,1
114,Tomatoes,1918,Puttalam,North Western,Puttalam,2023-12-01,NA,NA,NA,FALSE,TRUE,NA
114,Tomatoes,1918,Puttalam,North Western,Puttalam,2024-01-01,769.6,NA,NA,FALSE,FALSE,1
114,Tomatoes,1918,Puttalam,North Western,Puttalam,2024-02-01,885.5,15.059771309771305,15.059771309771305,FALSE,FALSE,1
114,Tomatoes,1918,Puttalam,North Western,Puttalam,2024-03-01,435.5,-50.81874647092038,50.81874647092038,TRUE,FALSE,1
114,Tomatoes,1918,Puttalam,North Western,Puttalam,2024-04-01,256.8,-41.03329506314581,41.03329506314581,FALSE,FALSE,1
114,Tomatoes,1918,Puttalam,North Western,Puttalam,2024-05-01,250,-2.6479750778816245,2.6479750778816245,FALSE,FALSE,1
114,Tomatoes,1918,Puttalam,North Western,Puttalam,2024-06-01,250,0,0,FALSE,FALSE,1
114,Tomatoes,1918,Puttalam,North Western,Puttalam,2024-07-01,459.38,83.752,83.752,TRUE,FALSE,1
114,Tomatoes,1918,Puttalam,North Western,Puttalam,2024-08-01,326.83,-28.854107710392267,28.854107710392267,FALSE,FALSE,1
114,Tomatoes,1918,Puttalam,North Western,Puttalam,2024-09-01,270,-17.38824465318361,17.38824465318361,FALSE,FALSE,1
114,Tomatoes,1918,Puttalam,North Western,Puttalam,2024-10-01,370,37.03703703703704,37.03703703703704,FALSE,FALSE,1
114,Tomatoes,1918,Puttalam,North Western,Puttalam,2024-11-01,366.67,-0.8999999999999958,0.8999999999999958,FALSE,FALSE,1
114,Tomatoes,1918,Puttalam,North Western,Puttalam,2024-12-01,537.5,46.589576458395825,46.589576458395825,FALSE,FALSE,1
114,Tomatoes,1918,Puttalam,North Western,Puttalam,2025-01-01,446.67,-16.89860465116279,16.89860465116279,FALSE,FALSE,1
114,Tomatoes,1918,Puttalam,North Western,Puttalam,2025-02-01,299.17,-33.02214162580876,33.02214162580876,FALSE,FALSE,1
114,Tomatoes,1918,Puttalam,North Western,Puttalam,2025-03-01,356.67,19.219841561653908,19.219841561653908,FALSE,FALSE,1
114,Tomatoes,1918,Puttalam,North Western,Puttalam,2025-04-01,635,78.03571929234306,78.03571929234306,TRUE,FALSE,1
114,Tomatoes,1918,Puttalam,North Western,Puttalam,2025-05-01,962.5,51.574803149606296,51.574803149606296,TRUE,FALSE,1
114,Tomatoes,1918,Puttalam,North Western,Puttalam,2025-06-01,570,-40.77922077922078,40.77922077922078,FALSE,FALSE,1
114,Tomatoes,1918,Puttalam,North Western,Puttalam,2025-07-01,260,-54.385964912280706,54.385964912280706,TRUE,FALSE,1
114,Tomatoes,1918,Puttalam,North Western,Puttalam,2025-08-01,NA,NA,NA,FALSE,TRUE,NA
114,Tomatoes,1918,Puttalam,North Western,Puttalam,2025-09-01,307,NA,NA,FALSE,FALSE,1
114,Tomatoes,1919,Rathnapura,Sabaragamuwa,Ratnapura,2023-08-01,269,NA,NA,FALSE,FALSE,1
114,Tomatoes,1919,Rathnapura,Sabaragamuwa,Ratnapura,2023-09-01,NA,NA,NA,FALSE,TRUE,NA
114,Tomatoes,1919,Rathnapura,Sabaragamuwa,Ratnapura,2023-10-01,NA,NA,NA,FALSE,TRUE,NA
114,Tomatoes,1919,Rathnapura,Sabaragamuwa,Ratnapura,2023-11-01,NA,NA,NA,FALSE,TRUE,NA
114,Tomatoes,1919,Rathnapura,Sabaragamuwa,Ratnapura,2023-12-01,NA,NA,NA,FALSE,TRUE,NA
114,Tomatoes,1919,Rathnapura,Sabaragamuwa,Ratnapura,2024-01-01,764,NA,NA,FALSE,FALSE,1
114,Tomatoes,1919,Rathnapura,Sabaragamuwa,Ratnapura,2024-02-01,941.5,23.232984293193716,23.232984293193716,FALSE,FALSE,1
114,Tomatoes,1919,Rathnapura,Sabaragamuwa,Ratnapura,2024-03-01,NA,NA,NA,FALSE,TRUE,NA
114,Tomatoes,1919,Rathnapura,Sabaragamuwa,Ratnapura,2024-04-01,NA,NA,NA,FALSE,TRUE,NA
114,Tomatoes,1919,Rathnapura,Sabaragamuwa,Ratnapura,2024-05-01,173,NA,NA,FALSE,FALSE,1
114,Tomatoes,1919,Rathnapura,Sabaragamuwa,Ratnapura,2024-06-01,NA,NA,NA,FALSE,TRUE,NA
114,Tomatoes,1919,Rathnapura,Sabaragamuwa,Ratnapura,2024-07-01,NA,NA,NA,FALSE,TRUE,NA
114,Tomatoes,1919,Rathnapura,Sabaragamuwa,Ratnapura,2024-08-01,282,NA,NA,FALSE,FALSE,1
114,Tomatoes,1919,Rathnapura,Sabaragamuwa,Ratnapura,2024-09-01,266.4,-5.53191489361703,5.53191489361703,FALSE,FALSE,1
114,Tomatoes,1919,Rathnapura,Sabaragamuwa,Ratnapura,2024-10-01,373,40.015015015015024,40.015015015015024,FALSE,FALSE,1
114,Tomatoes,1919,Rathnapura,Sabaragamuwa,Ratnapura,2024-11-01,332.5,-10.857908847184987,10.857908847184987,FALSE,FALSE,1
114,Tomatoes,1919,Rathnapura,Sabaragamuwa,Ratnapura,2024-12-01,432.4,30.04511278195488,30.04511278195488,FALSE,FALSE,1
114,Tomatoes,1919,Rathnapura,Sabaragamuwa,Ratnapura,2025-01-01,358,-17.20629047178538,17.20629047178538,FALSE,FALSE,1
114,Tomatoes,1919,Rathnapura,Sabaragamuwa,Ratnapura,2025-02-01,285,-20.391061452513966,20.391061452513966,FALSE,FALSE,1
114,Tomatoes,1919,Rathnapura,Sabaragamuwa,Ratnapura,2025-03-01,NA,NA,NA,FALSE,TRUE,NA
114,Tomatoes,1919,Rathnapura,Sabaragamuwa,Ratnapura,2025-04-01,NA,NA,NA,FALSE,TRUE,NA
114,Tomatoes,1919,Rathnapura,Sabaragamuwa,Ratnapura,2025-05-01,NA,NA,NA,FALSE,TRUE,NA
114,Tomatoes,1919,Rathnapura,Sabaragamuwa,Ratnapura,2025-06-01,482.4,NA,NA,FALSE,FALSE,1
114,Tomatoes,1919,Rathnapura,Sabaragamuwa,Ratnapura,2025-07-01,187.5,-61.1318407960199,61.1318407960199,TRUE,FALSE,1
114,Tomatoes,1919,Rathnapura,Sabaragamuwa,Ratnapura,2025-08-01,187.5,0,0,FALSE,FALSE,1
114,Tomatoes,1919,Rathnapura,Sabaragamuwa,Ratnapura,2025-09-01,251.2,33.97333333333333,33.97333333333333,FALSE,FALSE,1
114,Tomatoes,5287,Dammbagalla,Uva,Moneragala,2023-06-01,321.5,NA,NA,FALSE,FALSE,1
114,Tomatoes,5287,Dammbagalla,Uva,Moneragala,2023-07-01,448,39.346811819595644,39.346811819595644,FALSE,FALSE,1
114,Tomatoes,5287,Dammbagalla,Uva,Moneragala,2023-08-01,219,-51.11607142857143,51.11607142857143,TRUE,FALSE,1
114,Tomatoes,5287,Dammbagalla,Uva,Moneragala,2023-09-01,186,-15.068493150684931,15.068493150684931,FALSE,FALSE,1
114,Tomatoes,5287,Dammbagalla,Uva,Moneragala,2023-10-01,229.6,23.44086021505376,23.44086021505376,FALSE,FALSE,1
114,Tomatoes,5287,Dammbagalla,Uva,Moneragala,2023-11-01,316,37.63066202090592,37.63066202090592,FALSE,FALSE,1
114,Tomatoes,5287,Dammbagalla,Uva,Moneragala,2023-12-01,659.5,108.70253164556962,108.70253164556962,TRUE,FALSE,1
114,Tomatoes,5287,Dammbagalla,Uva,Moneragala,2024-01-01,652.4,-1.0765731614859777,1.0765731614859777,FALSE,FALSE,1
114,Tomatoes,5287,Dammbagalla,Uva,Moneragala,2024-02-01,NA,NA,NA,FALSE,TRUE,NA
114,Tomatoes,5287,Dammbagalla,Uva,Moneragala,2024-03-01,NA,NA,NA,FALSE,TRUE,NA
114,Tomatoes,5287,Dammbagalla,Uva,Moneragala,2024-04-01,168.4,NA,NA,FALSE,FALSE,1
114,Tomatoes,5287,Dammbagalla,Uva,Moneragala,2024-05-01,197,16.983372921615196,16.983372921615196,FALSE,FALSE,1
114,Tomatoes,5287,Dammbagalla,Uva,Moneragala,2024-06-01,197,0,0,FALSE,FALSE,1
114,Tomatoes,5287,Dammbagalla,Uva,Moneragala,2024-07-01,449.6,128.2233502538071,128.2233502538071,TRUE,FALSE,1
114,Tomatoes,5287,Dammbagalla,Uva,Moneragala,2024-08-01,280,-37.72241992882562,37.72241992882562,FALSE,FALSE,1
114,Tomatoes,5287,Dammbagalla,Uva,Moneragala,2024-09-01,240.8,-13.999999999999996,13.999999999999996,FALSE,FALSE,1
114,Tomatoes,5287,Dammbagalla,Uva,Moneragala,2024-10-01,304,26.245847176079728,26.245847176079728,FALSE,FALSE,1
114,Tomatoes,5287,Dammbagalla,Uva,Moneragala,2024-11-01,331.5,9.046052631578947,9.046052631578947,FALSE,FALSE,1
114,Tomatoes,5287,Dammbagalla,Uva,Moneragala,2024-12-01,454.4,37.07390648567118,37.07390648567118,FALSE,FALSE,1
114,Tomatoes,5287,Dammbagalla,Uva,Moneragala,2025-01-01,NA,NA,NA,FALSE,TRUE,NA
114,Tomatoes,5287,Dammbagalla,Uva,Moneragala,2025-02-01,254.67,NA,NA,FALSE,FALSE,1
114,Tomatoes,5287,Dammbagalla,Uva,Moneragala,2025-03-01,NA,NA,NA,FALSE,TRUE,NA
114,Tomatoes,5287,Dammbagalla,Uva,Moneragala,2025-04-01,645.33,NA,NA,FALSE,FALSE,1
114,Tomatoes,5287,Dammbagalla,Uva,Moneragala,2025-05-01,824,27.686609951497676,27.686609951497676,FALSE,FALSE,1
114,Tomatoes,5287,Dammbagalla,Uva,Moneragala,2025-06-01,463,-43.810679611650485,43.810679611650485,FALSE,FALSE,1
114,Tomatoes,5287,Dammbagalla,Uva,Moneragala,2025-07-01,162,-65.01079913606912,65.01079913606912,TRUE,FALSE,1
114,Tomatoes,5287,Dammbagalla,Uva,Moneragala,2025-08-01,192,18.51851851851852,18.51851851851852,FALSE,FALSE,1
114,Tomatoes,5287,Dammbagalla,Uva,Moneragala,2025-09-01,195.2,1.6666666666666607,1.6666666666666607,FALSE,FALSE,1
114,Tomatoes,5346,Thambuttegama,North Central,Anuradhapura,2023-06-01,307.5,NA,NA,FALSE,FALSE,1
114,Tomatoes,5346,Thambuttegama,North Central,Anuradhapura,2023-07-01,415.2,35.02439024390244,35.02439024390244,FALSE,FALSE,1
114,Tomatoes,5346,Thambuttegama,North Central,Anuradhapura,2023-08-01,189.5,-54.359344894026975,54.359344894026975,TRUE,FALSE,1
114,Tomatoes,5346,Thambuttegama,North Central,Anuradhapura,2023-09-01,161.5,-14.775725593667547,14.775725593667547,FALSE,FALSE,1
114,Tomatoes,5346,Thambuttegama,North Central,Anuradhapura,2023-10-01,198.4,22.848297213622295,22.848297213622295,FALSE,FALSE,1
114,Tomatoes,5346,Thambuttegama,North Central,Anuradhapura,2023-11-01,294,48.18548387096774,48.18548387096774,FALSE,FALSE,1
114,Tomatoes,5346,Thambuttegama,North Central,Anuradhapura,2023-12-01,622,111.56462585034012,111.56462585034012,TRUE,FALSE,1
114,Tomatoes,5346,Thambuttegama,North Central,Anuradhapura,2024-01-01,603.93,-2.90514469453377,2.90514469453377,FALSE,FALSE,1
114,Tomatoes,5346,Thambuttegama,North Central,Anuradhapura,2024-02-01,743.33,23.08214528173797,23.08214528173797,FALSE,FALSE,1
114,Tomatoes,5346,Thambuttegama,North Central,Anuradhapura,2024-03-01,306.25,-58.80026367831246,58.80026367831246,TRUE,FALSE,1
114,Tomatoes,5346,Thambuttegama,North Central,Anuradhapura,2024-04-01,164.87,-46.16489795918367,46.16489795918367,FALSE,FALSE,1
114,Tomatoes,5346,Thambuttegama,North Central,Anuradhapura,2024-05-01,111.43,-32.41341663128525,32.41341663128525,FALSE,FALSE,1
114,Tomatoes,5346,Thambuttegama,North Central,Anuradhapura,2024-06-01,NA,NA,NA,FALSE,TRUE,NA
114,Tomatoes,5346,Thambuttegama,North Central,Anuradhapura,2024-07-01,272,NA,NA,FALSE,FALSE,1
114,Tomatoes,5346,Thambuttegama,North Central,Anuradhapura,2024-08-01,249.5,-8.272058823529411,8.272058823529411,FALSE,FALSE,1
114,Tomatoes,5346,Thambuttegama,North Central,Anuradhapura,2024-09-01,215.2,-13.747494989979964,13.747494989979964,FALSE,FALSE,1
114,Tomatoes,5346,Thambuttegama,North Central,Anuradhapura,2024-10-01,303.5,41.03159851301116,41.03159851301116,FALSE,FALSE,1
114,Tomatoes,5346,Thambuttegama,North Central,Anuradhapura,2024-11-01,302.5,-0.3294892915980231,0.3294892915980231,FALSE,FALSE,1
114,Tomatoes,5346,Thambuttegama,North Central,Anuradhapura,2024-12-01,417.6,38.04958677685951,38.04958677685951,FALSE,FALSE,1
114,Tomatoes,5346,Thambuttegama,North Central,Anuradhapura,2025-01-01,350.62,-16.039272030651343,16.039272030651343,FALSE,FALSE,1
114,Tomatoes,5346,Thambuttegama,North Central,Anuradhapura,2025-02-01,207.5,-40.819120415264386,40.819120415264386,FALSE,FALSE,1
114,Tomatoes,5346,Thambuttegama,North Central,Anuradhapura,2025-03-01,292.4,40.9156626506024,40.9156626506024,FALSE,FALSE,1
114,Tomatoes,5346,Thambuttegama,North Central,Anuradhapura,2025-04-01,569.33,94.70930232558142,94.70930232558142,TRUE,FALSE,1
114,Tomatoes,5346,Thambuttegama,North Central,Anuradhapura,2025-05-01,873.5,53.42595682644511,53.42595682644511,TRUE,FALSE,1
114,Tomatoes,5346,Thambuttegama,North Central,Anuradhapura,2025-06-01,476.8,-45.41499713795077,45.41499713795077,FALSE,FALSE,1
114,Tomatoes,5346,Thambuttegama,North Central,Anuradhapura,2025-07-01,163,-65.81375838926175,65.81375838926175,TRUE,FALSE,1
114,Tomatoes,5346,Thambuttegama,North Central,Anuradhapura,2025-08-01,189.12,16.02453987730062,16.02453987730062,FALSE,FALSE,1
114,Tomatoes,5346,Thambuttegama,North Central,Anuradhapura,2025-09-01,179.5,-5.086717428087989,5.086717428087989,FALSE,FALSE,1
114,Tomatoes,7833,Embilipitiya,Sabaragamuwa,Ratnapura,2023-06-01,329.5,NA,NA,FALSE,FALSE,1
114,Tomatoes,7833,Embilipitiya,Sabaragamuwa,Ratnapura,2023-07-01,543.2,64.85584218512899,64.85584218512899,TRUE,FALSE,1
114,Tomatoes,7833,Embilipitiya,Sabaragamuwa,Ratnapura,2023-08-01,208.57,-61.60346097201768,61.60346097201768,TRUE,FALSE,1
114,Tomatoes,7833,Embilipitiya,Sabaragamuwa,Ratnapura,2023-09-01,166.08,-20.372057342858504,20.372057342858504,FALSE,FALSE,1
114,Tomatoes,7833,Embilipitiya,Sabaragamuwa,Ratnapura,2023-10-01,165.13,-0.5720134874759255,0.5720134874759255,FALSE,FALSE,1
114,Tomatoes,7833,Embilipitiya,Sabaragamuwa,Ratnapura,2023-11-01,336.04,103.50027251256589,103.50027251256589,TRUE,FALSE,1
114,Tomatoes,7833,Embilipitiya,Sabaragamuwa,Ratnapura,2023-12-01,697.38,107.52886561123674,107.52886561123674,TRUE,FALSE,1
114,Tomatoes,7833,Embilipitiya,Sabaragamuwa,Ratnapura,2024-01-01,596.8,-14.422552984025932,14.422552984025932,FALSE,FALSE,1
114,Tomatoes,7833,Embilipitiya,Sabaragamuwa,Ratnapura,2024-02-01,781.38,30.92828418230564,30.92828418230564,FALSE,FALSE,1
114,Tomatoes,7833,Embilipitiya,Sabaragamuwa,Ratnapura,2024-03-01,332.08,-57.50083186157824,57.50083186157824,TRUE,FALSE,1
114,Tomatoes,7833,Embilipitiya,Sabaragamuwa,Ratnapura,2024-04-01,149.33,-55.03192001927246,55.03192001927246,TRUE,FALSE,1
114,Tomatoes,7833,Embilipitiya,Sabaragamuwa,Ratnapura,2024-05-01,191,27.904640728587683,27.904640728587683,FALSE,FALSE,1
114,Tomatoes,7833,Embilipitiya,Sabaragamuwa,Ratnapura,2024-06-01,501.67,162.6544502617801,162.6544502617801,TRUE,FALSE,1
114,Tomatoes,7833,Embilipitiya,Sabaragamuwa,Ratnapura,2024-07-01,391.2,-22.020451691350893,22.020451691350893,FALSE,FALSE,1
114,Tomatoes,7833,Embilipitiya,Sabaragamuwa,Ratnapura,2024-08-01,220.42,-43.65541922290389,43.65541922290389,FALSE,FALSE,1
114,Tomatoes,7833,Embilipitiya,Sabaragamuwa,Ratnapura,2024-09-01,225.47,2.291080664186558,2.291080664186558,FALSE,FALSE,1
114,Tomatoes,7833,Embilipitiya,Sabaragamuwa,Ratnapura,2024-10-01,309,37.04705725817182,37.04705725817182,FALSE,FALSE,1
114,Tomatoes,7833,Embilipitiya,Sabaragamuwa,Ratnapura,2024-11-01,304,-1.6181229773462782,1.6181229773462782,FALSE,FALSE,1
114,Tomatoes,7833,Embilipitiya,Sabaragamuwa,Ratnapura,2024-12-01,405.7,33.45394736842105,33.45394736842105,FALSE,FALSE,1
114,Tomatoes,7833,Embilipitiya,Sabaragamuwa,Ratnapura,2025-01-01,302.67,-25.395612521567656,25.395612521567656,FALSE,FALSE,1
114,Tomatoes,7833,Embilipitiya,Sabaragamuwa,Ratnapura,2025-02-01,222,-26.65279016750917,26.65279016750917,FALSE,FALSE,1
114,Tomatoes,7833,Embilipitiya,Sabaragamuwa,Ratnapura,2025-03-01,290.47,30.842342342342356,30.842342342342356,FALSE,FALSE,1
114,Tomatoes,7833,Embilipitiya,Sabaragamuwa,Ratnapura,2025-04-01,664.75,128.85323785588872,128.85323785588872,TRUE,FALSE,1
114,Tomatoes,7833,Embilipitiya,Sabaragamuwa,Ratnapura,2025-05-01,846.88,27.39827002632569,27.39827002632569,FALSE,FALSE,1
114,Tomatoes,7833,Embilipitiya,Sabaragamuwa,Ratnapura,2025-06-01,437.3,-48.36340449650481,48.36340449650481,FALSE,FALSE,1
114,Tomatoes,7833,Embilipitiya,Sabaragamuwa,Ratnapura,2025-07-01,143.75,-67.12782986508118,67.12782986508118,TRUE,FALSE,1
114,Tomatoes,7833,Embilipitiya,Sabaragamuwa,Ratnapura,2025-08-01,186.75,29.91304347826087,29.91304347826087,FALSE,FALSE,1
114,Tomatoes,7833,Embilipitiya,Sabaragamuwa,Ratnapura,2025-09-01,139.8,-25.14056224899598,25.14056224899598,FALSE,FALSE,1
114,Tomatoes,7834,Tissamaharama,Southern,Hambantota,2023-06-01,295.62,NA,NA,FALSE,FALSE,1
114,Tomatoes,7834,Tissamaharama,Southern,Hambantota,2023-07-01,471.5,59.49529801772545,59.49529801772545,TRUE,FALSE,1
114,Tomatoes,7834,Tissamaharama,Southern,Hambantota,2023-08-01,231.25,-50.95440084835631,50.95440084835631,TRUE,FALSE,1
114,Tomatoes,7834,Tissamaharama,Southern,Hambantota,2023-09-01,213.38,-7.7275675675675695,7.7275675675675695,FALSE,FALSE,1
114,Tomatoes,7834,Tissamaharama,Southern,Hambantota,2023-10-01,184,-13.76886306120536,13.76886306120536,FALSE,FALSE,1
114,Tomatoes,7834,Tissamaharama,Southern,Hambantota,2023-11-01,297,61.41304347826087,61.41304347826087,TRUE,FALSE,1
114,Tomatoes,7834,Tissamaharama,Southern,Hambantota,2023-12-01,600.75,102.27272727272727,102.27272727272727,TRUE,FALSE,1
114,Tomatoes,7834,Tissamaharama,Southern,Hambantota,2024-01-01,602.8,0.34124011652100783,0.34124011652100783,FALSE,FALSE,1
114,Tomatoes,7834,Tissamaharama,Southern,Hambantota,2024-02-01,772.25,28.110484406104852,28.110484406104852,FALSE,FALSE,1
114,Tomatoes,7834,Tissamaharama,Southern,Hambantota,2024-03-01,315.5,-59.145354483651666,59.145354483651666,TRUE,FALSE,1
114,Tomatoes,7834,Tissamaharama,Southern,Hambantota,2024-04-01,139.6,-55.7527733755943,55.7527733755943,TRUE,FALSE,1
114,Tomatoes,7834,Tissamaharama,Southern,Hambantota,2024-05-01,174.25,24.820916905444133,24.820916905444133,FALSE,FALSE,1
114,Tomatoes,7834,Tissamaharama,Southern,Hambantota,2024-06-01,NA,NA,NA,FALSE,TRUE,NA
114,Tomatoes,7834,Tissamaharama,Southern,Hambantota,2024-07-01,NA,NA,NA,FALSE,TRUE,NA
114,Tomatoes,7834,Tissamaharama,Southern,Hambantota,2024-08-01,NA,NA,NA,FALSE,TRUE,NA
114,Tomatoes,7834,Tissamaharama,Southern,Hambantota,2024-09-01,210.33,NA,NA,FALSE,FALSE,1
114,Tomatoes,7834,Tissamaharama,Southern,Hambantota,2024-10-01,347.29,65.11672134265201,65.11672134265201,TRUE,FALSE,1
114,Tomatoes,7834,Tissamaharama,Southern,Hambantota,2024-11-01,287.5,-17.216159405684014,17.216159405684014,FALSE,FALSE,1
114,Tomatoes,7834,Tissamaharama,Southern,Hambantota,2024-12-01,414.6,44.208695652173915,44.208695652173915,FALSE,FALSE,1
114,Tomatoes,7834,Tissamaharama,Southern,Hambantota,2025-01-01,339.25,-18.17414375301496,18.17414375301496,FALSE,FALSE,1
114,Tomatoes,7834,Tissamaharama,Southern,Hambantota,2025-02-01,237.5,-29.99263080324245,29.99263080324245,FALSE,FALSE,1
114,Tomatoes,7834,Tissamaharama,Southern,Hambantota,2025-03-01,245.1,3.1999999999999975,3.1999999999999975,FALSE,FALSE,1
114,Tomatoes,7834,Tissamaharama,Southern,Hambantota,2025-04-01,390,59.11872705018361,59.11872705018361,TRUE,FALSE,1
114,Tomatoes,7834,Tissamaharama,Southern,Hambantota,2025-05-01,NA,NA,NA,FALSE,TRUE,NA
114,Tomatoes,7834,Tissamaharama,Southern,Hambantota,2025-06-01,355,NA,NA,FALSE,FALSE,1
114,Tomatoes,7834,Tissamaharama,Southern,Hambantota,2025-07-01,159.38,-55.10422535211268,55.10422535211268,TRUE,FALSE,1
114,Tomatoes,7834,Tissamaharama,Southern,Hambantota,2025-08-01,185.62,16.46379721420505,16.46379721420505,FALSE,FALSE,1
114,Tomatoes,7834,Tissamaharama,Southern,Hambantota,2025-09-01,177.5,-4.374528606831163,4.374528606831163,FALSE,FALSE,1
114,Tomatoes,7835,Galenbindunuwewa,North Central,Anuradhapura,2023-06-01,332,NA,NA,FALSE,FALSE,1
114,Tomatoes,7835,Galenbindunuwewa,North Central,Anuradhapura,2023-07-01,446.4,34.4578313253012,34.4578313253012,FALSE,FALSE,1
114,Tomatoes,7835,Galenbindunuwewa,North Central,Anuradhapura,2023-08-01,246,-44.89247311827957,44.89247311827957,FALSE,FALSE,1
114,Tomatoes,7835,Galenbindunuwewa,North Central,Anuradhapura,2023-09-01,179,-27.235772357723576,27.235772357723576,FALSE,FALSE,1
114,Tomatoes,7835,Galenbindunuwewa,North Central,Anuradhapura,2023-10-01,212,18.435754189944134,18.435754189944134,FALSE,FALSE,1
114,Tomatoes,7835,Galenbindunuwewa,North Central,Anuradhapura,2023-11-01,313,47.64150943396226,47.64150943396226,FALSE,FALSE,1
114,Tomatoes,7835,Galenbindunuwewa,North Central,Anuradhapura,2023-12-01,636,103.19488817891373,103.19488817891373,TRUE,FALSE,1
114,Tomatoes,7835,Galenbindunuwewa,North Central,Anuradhapura,2024-01-01,667.2,4.9056603773584975,4.9056603773584975,FALSE,FALSE,1
114,Tomatoes,7835,Galenbindunuwewa,North Central,Anuradhapura,2024-02-01,763.5,14.433453237410065,14.433453237410065,FALSE,FALSE,1
114,Tomatoes,7835,Galenbindunuwewa,North Central,Anuradhapura,2024-03-01,389,-49.05042567125082,49.05042567125082,FALSE,FALSE,1
114,Tomatoes,7835,Galenbindunuwewa,North Central,Anuradhapura,2024-04-01,182.4,-53.11053984575835,53.11053984575835,TRUE,FALSE,1
114,Tomatoes,7835,Galenbindunuwewa,North Central,Anuradhapura,2024-05-01,180,-1.3157894736842135,1.3157894736842135,FALSE,FALSE,1
114,Tomatoes,7835,Galenbindunuwewa,North Central,Anuradhapura,2024-06-01,522,190,190,TRUE,FALSE,1
114,Tomatoes,7835,Galenbindunuwewa,North Central,Anuradhapura,2024-07-01,672,28.735632183908045,28.735632183908045,FALSE,FALSE,1
114,Tomatoes,7835,Galenbindunuwewa,North Central,Anuradhapura,2024-08-01,NA,NA,NA,FALSE,TRUE,NA
114,Tomatoes,7835,Galenbindunuwewa,North Central,Anuradhapura,2024-09-01,NA,NA,NA,FALSE,TRUE,NA
114,Tomatoes,7835,Galenbindunuwewa,North Central,Anuradhapura,2024-10-01,NA,NA,NA,FALSE,TRUE,NA
114,Tomatoes,7835,Galenbindunuwewa,North Central,Anuradhapura,2024-11-01,NA,NA,NA,FALSE,TRUE,NA
114,Tomatoes,7835,Galenbindunuwewa,North Central,Anuradhapura,2024-12-01,573,NA,NA,FALSE,FALSE,1
114,Tomatoes,7835,Galenbindunuwewa,North Central,Anuradhapura,2025-01-01,346.88,-39.46247818499128,39.46247818499128,FALSE,FALSE,1
114,Tomatoes,7835,Galenbindunuwewa,North Central,Anuradhapura,2025-02-01,288.12,-16.939575645756456,16.939575645756456,FALSE,FALSE,1
114,Tomatoes,7835,Galenbindunuwewa,North Central,Anuradhapura,2025-03-01,322,11.758989310009717,11.758989310009717,FALSE,FALSE,1
114,Tomatoes,7835,Galenbindunuwewa,North Central,Anuradhapura,2025-04-01,410,27.32919254658385,27.32919254658385,FALSE,FALSE,1
114,Tomatoes,7835,Galenbindunuwewa,North Central,Anuradhapura,2025-05-01,NA,NA,NA,FALSE,TRUE,NA
114,Tomatoes,7835,Galenbindunuwewa,North Central,Anuradhapura,2025-06-01,509.75,NA,NA,FALSE,FALSE,1
114,Tomatoes,7835,Galenbindunuwewa,North Central,Anuradhapura,2025-07-01,242,-52.52574791564493,52.52574791564493,TRUE,FALSE,1
114,Tomatoes,7835,Galenbindunuwewa,North Central,Anuradhapura,2025-08-01,210.5,-13.016528925619836,13.016528925619836,FALSE,FALSE,1
114,Tomatoes,7835,Galenbindunuwewa,North Central,Anuradhapura,2025-09-01,219.2,4.133016627078379,4.133016627078379,FALSE,FALSE,1
114,Tomatoes,7836,Bandarawela,Uva,Badulla,2023-06-01,253,NA,NA,FALSE,FALSE,1
114,Tomatoes,7836,Bandarawela,Uva,Badulla,2023-07-01,308,21.73913043478261,21.73913043478261,FALSE,FALSE,1
114,Tomatoes,7836,Bandarawela,Uva,Badulla,2023-08-01,193,-37.33766233766234,37.33766233766234,FALSE,FALSE,1
114,Tomatoes,7836,Bandarawela,Uva,Badulla,2023-09-01,183,-5.181347150259067,5.181347150259067,FALSE,FALSE,1
114,Tomatoes,7836,Bandarawela,Uva,Badulla,2023-10-01,188,2.73224043715847,2.73224043715847,FALSE,FALSE,1
114,Tomatoes,7836,Bandarawela,Uva,Badulla,2023-11-01,253,34.57446808510639,34.57446808510639,FALSE,FALSE,1
114,Tomatoes,7836,Bandarawela,Uva,Badulla,2023-12-01,533,110.67193675889328,110.67193675889328,TRUE,FALSE,1
114,Tomatoes,7836,Bandarawela,Uva,Badulla,2024-01-01,572.8,7.4671669793620925,7.4671669793620925,FALSE,FALSE,1
114,Tomatoes,7836,Bandarawela,Uva,Badulla,2024-02-01,740,29.18994413407822,29.18994413407822,FALSE,FALSE,1
114,Tomatoes,7836,Bandarawela,Uva,Badulla,2024-03-01,NA,NA,NA,FALSE,TRUE,NA
114,Tomatoes,7836,Bandarawela,Uva,Badulla,2024-04-01,NA,NA,NA,FALSE,TRUE,NA
114,Tomatoes,7836,Bandarawela,Uva,Badulla,2024-05-01,180,NA,NA,FALSE,FALSE,1
114,Tomatoes,7836,Bandarawela,Uva,Badulla,2024-06-01,398.5,121.38888888888889,121.38888888888889,TRUE,FALSE,1
114,Tomatoes,7836,Bandarawela,Uva,Badulla,2024-07-01,369.6,-7.252195734002504,7.252195734002504,FALSE,FALSE,1
114,Tomatoes,7836,Bandarawela,Uva,Badulla,2024-08-01,293,-20.72510822510823,20.72510822510823,FALSE,FALSE,1
114,Tomatoes,7836,Bandarawela,Uva,Badulla,2024-09-01,236,-19.453924914675767,19.453924914675767,FALSE,FALSE,1
114,Tomatoes,7836,Bandarawela,Uva,Badulla,2024-10-01,276,16.94915254237288,16.94915254237288,FALSE,FALSE,1
114,Tomatoes,7836,Bandarawela,Uva,Badulla,2024-11-01,283,2.536231884057971,2.536231884057971,FALSE,FALSE,1
114,Tomatoes,7836,Bandarawela,Uva,Badulla,2024-12-01,370,30.742049469964666,30.742049469964666,FALSE,FALSE,1
114,Tomatoes,7836,Bandarawela,Uva,Badulla,2025-01-01,343,-7.297297297297297,7.297297297297297,FALSE,FALSE,1
114,Tomatoes,7836,Bandarawela,Uva,Badulla,2025-02-01,250,-27.113702623906704,27.113702623906704,FALSE,FALSE,1
114,Tomatoes,7836,Bandarawela,Uva,Badulla,2025-03-01,313.6,25.44000000000001,25.44000000000001,FALSE,FALSE,1
114,Tomatoes,7836,Bandarawela,Uva,Badulla,2025-04-01,561,78.89030612244898,78.89030612244898,TRUE,FALSE,1
114,Tomatoes,7836,Bandarawela,Uva,Badulla,2025-05-01,721.5,28.609625668449194,28.609625668449194,FALSE,FALSE,1
114,Tomatoes,7836,Bandarawela,Uva,Badulla,2025-06-01,367,-49.133749133749134,49.133749133749134,FALSE,FALSE,1
114,Tomatoes,7836,Bandarawela,Uva,Badulla,2025-07-01,117.5,-67.98365122615803,67.98365122615803,TRUE,FALSE,1
114,Tomatoes,7836,Bandarawela,Uva,Badulla,2025-08-01,188,60,60,TRUE,FALSE,1
114,Tomatoes,7836,Bandarawela,Uva,Badulla,2025-09-01,203.2,8.085106382978717,8.085106382978717,FALSE,FALSE,1
114,Tomatoes,7837,Dehiattakandiya,Eastern,Ampara,2023-06-01,318.33,NA,NA,FALSE,FALSE,1
114,Tomatoes,7837,Dehiattakandiya,Eastern,Ampara,2023-07-01,498.67,56.65190211415828,56.65190211415828,TRUE,FALSE,1
114,Tomatoes,7837,Dehiattakandiya,Eastern,Ampara,2023-08-01,204.17,-59.057091864359194,59.057091864359194,TRUE,FALSE,1
114,Tomatoes,7837,Dehiattakandiya,Eastern,Ampara,2023-09-01,166.67,-18.36704706861929,18.36704706861929,FALSE,FALSE,1
114,Tomatoes,7837,Dehiattakandiya,Eastern,Ampara,2023-10-01,192.67,15.599688006239877,15.599688006239877,FALSE,FALSE,1
114,Tomatoes,7837,Dehiattakandiya,Eastern,Ampara,2023-11-01,340,76.46753516375149,76.46753516375149,TRUE,FALSE,1
114,Tomatoes,7837,Dehiattakandiya,Eastern,Ampara,2023-12-01,723.33,112.74411764705883,112.74411764705883,TRUE,FALSE,1
114,Tomatoes,7837,Dehiattakandiya,Eastern,Ampara,2024-01-01,686.67,-5.068226120857711,5.068226120857711,FALSE,FALSE,1
114,Tomatoes,7837,Dehiattakandiya,Eastern,Ampara,2024-02-01,769.58,12.074213231974614,12.074213231974614,FALSE,FALSE,1
114,Tomatoes,7837,Dehiattakandiya,Eastern,Ampara,2024-03-01,380,-50.622417422490194,50.622417422490194,TRUE,FALSE,1
114,Tomatoes,7837,Dehiattakandiya,Eastern,Ampara,2024-04-01,172.67,-54.56052631578948,54.56052631578948,TRUE,FALSE,1
114,Tomatoes,7837,Dehiattakandiya,Eastern,Ampara,2024-05-01,176.67,2.3165575954132165,2.3165575954132165,FALSE,FALSE,1
114,Tomatoes,7837,Dehiattakandiya,Eastern,Ampara,2024-06-01,573.33,224.52029206996102,224.52029206996102,TRUE,FALSE,1
114,Tomatoes,7837,Dehiattakandiya,Eastern,Ampara,2024-07-01,404,-29.534474037639757,29.534474037639757,FALSE,FALSE,1
114,Tomatoes,7837,Dehiattakandiya,Eastern,Ampara,2024-08-01,257.5,-36.26237623762376,36.26237623762376,FALSE,FALSE,1
114,Tomatoes,7837,Dehiattakandiya,Eastern,Ampara,2024-09-01,240,-6.796116504854369,6.796116504854369,FALSE,FALSE,1
114,Tomatoes,7837,Dehiattakandiya,Eastern,Ampara,2024-10-01,291.67,21.529166666666676,21.529166666666676,FALSE,FALSE,1
114,Tomatoes,7837,Dehiattakandiya,Eastern,Ampara,2024-11-01,335,14.855830219083204,14.855830219083204,FALSE,FALSE,1
114,Tomatoes,7837,Dehiattakandiya,Eastern,Ampara,2024-12-01,422.67,26.17014925373135,26.17014925373135,FALSE,FALSE,1
114,Tomatoes,7837,Dehiattakandiya,Eastern,Ampara,2025-01-01,478.33,13.168665862256598,13.168665862256598,FALSE,FALSE,1
114,Tomatoes,7837,Dehiattakandiya,Eastern,Ampara,2025-02-01,298.33,-37.6309242573119,37.6309242573119,FALSE,FALSE,1
114,Tomatoes,7837,Dehiattakandiya,Eastern,Ampara,2025-03-01,309.33,3.687192035665203,3.687192035665203,FALSE,FALSE,1
114,Tomatoes,7837,Dehiattakandiya,Eastern,Ampara,2025-04-01,693.33,124.1392687421201,124.1392687421201,TRUE,FALSE,1
114,Tomatoes,7837,Dehiattakandiya,Eastern,Ampara,2025-05-01,908.33,31.00976447002149,31.00976447002149,FALSE,FALSE,1
114,Tomatoes,7837,Dehiattakandiya,Eastern,Ampara,2025-06-01,432,-52.44019244107319,52.44019244107319,TRUE,FALSE,1
114,Tomatoes,7837,Dehiattakandiya,Eastern,Ampara,2025-07-01,162.5,-62.38425925925925,62.38425925925925,TRUE,FALSE,1
114,Tomatoes,7837,Dehiattakandiya,Eastern,Ampara,2025-08-01,224.17,37.95076923076922,37.95076923076922,FALSE,FALSE,1
114,Tomatoes,7837,Dehiattakandiya,Eastern,Ampara,2025-09-01,201.33,-10.188696078868704,10.188696078868704,FALSE,FALSE,1
114,Tomatoes,7839,Keppetipola (DEC},Uva,Badulla,2023-06-01,250,NA,NA,FALSE,FALSE,1
114,Tomatoes,7839,Keppetipola (DEC},Uva,Badulla,2023-07-01,365.6,46.24000000000001,46.24000000000001,FALSE,FALSE,1
114,Tomatoes,7839,Keppetipola (DEC},Uva,Badulla,2023-08-01,220.5,-39.68818380743983,39.68818380743983,FALSE,FALSE,1
114,Tomatoes,7839,Keppetipola (DEC},Uva,Badulla,2023-09-01,205,-7.029478458049887,7.029478458049887,FALSE,FALSE,1
114,Tomatoes,7839,Keppetipola (DEC},Uva,Badulla,2023-10-01,204,-0.4878048780487805,0.4878048780487805,FALSE,FALSE,1
114,Tomatoes,7839,Keppetipola (DEC},Uva,Badulla,2023-11-01,251.5,23.284313725490197,23.284313725490197,FALSE,FALSE,1
114,Tomatoes,7839,Keppetipola (DEC},Uva,Badulla,2023-12-01,525,108.74751491053678,108.74751491053678,TRUE,FALSE,1
114,Tomatoes,7839,Keppetipola (DEC},Uva,Badulla,2024-01-01,601.2,14.514285714285723,14.514285714285723,FALSE,FALSE,1
114,Tomatoes,7839,Keppetipola (DEC},Uva,Badulla,2024-02-01,722,20.093147039254813,20.093147039254813,FALSE,FALSE,1
114,Tomatoes,7839,Keppetipola (DEC},Uva,Badulla,2024-03-01,325,-54.986149584487535,54.986149584487535,TRUE,FALSE,1
114,Tomatoes,7839,Keppetipola (DEC},Uva,Badulla,2024-04-01,124.5,-61.69230769230769,61.69230769230769,TRUE,FALSE,1
114,Tomatoes,7839,Keppetipola (DEC},Uva,Badulla,2024-05-01,131.5,5.622489959839357,5.622489959839357,FALSE,FALSE,1
114,Tomatoes,7839,Keppetipola (DEC},Uva,Badulla,2024-06-01,426,223.95437262357416,223.95437262357416,TRUE,FALSE,1
114,Tomatoes,7839,Keppetipola (DEC},Uva,Badulla,2024-07-01,351.6,-17.46478873239436,17.46478873239436,FALSE,FALSE,1
114,Tomatoes,7839,Keppetipola (DEC},Uva,Badulla,2024-08-01,262.5,-25.34129692832765,25.34129692832765,FALSE,FALSE,1
114,Tomatoes,7839,Keppetipola (DEC},Uva,Badulla,2024-09-01,248.4,-5.371428571428569,5.371428571428569,FALSE,FALSE,1
114,Tomatoes,7839,Keppetipola (DEC},Uva,Badulla,2024-10-01,275.5,10.909822866344603,10.909822866344603,FALSE,FALSE,1
114,Tomatoes,7839,Keppetipola (DEC},Uva,Badulla,2024-11-01,288.5,4.71869328493648,4.71869328493648,FALSE,FALSE,1
114,Tomatoes,7839,Keppetipola (DEC},Uva,Badulla,2024-12-01,352,22.0103986135182,22.0103986135182,FALSE,FALSE,1
114,Tomatoes,7839,Keppetipola (DEC},Uva,Badulla,2025-01-01,305.5,-13.210227272727273,13.210227272727273,FALSE,FALSE,1
114,Tomatoes,7839,Keppetipola (DEC},Uva,Badulla,2025-02-01,196,-35.84288052373159,35.84288052373159,FALSE,FALSE,1
114,Tomatoes,7839,Keppetipola (DEC},Uva,Badulla,2025-03-01,291.6,48.77551020408165,48.77551020408165,FALSE,FALSE,1
114,Tomatoes,7839,Keppetipola (DEC},Uva,Badulla,2025-04-01,395.75,35.71673525377228,35.71673525377228,FALSE,FALSE,1
114,Tomatoes,7839,Keppetipola (DEC},Uva,Badulla,2025-05-01,586,48.07327858496526,48.07327858496526,FALSE,FALSE,1
114,Tomatoes,7839,Keppetipola (DEC},Uva,Badulla,2025-06-01,287,-51.02389078498294,51.02389078498294,TRUE,FALSE,1
114,Tomatoes,7839,Keppetipola (DEC},Uva,Badulla,2025-07-01,127,-55.749128919860624,55.749128919860624,TRUE,FALSE,1
114,Tomatoes,7839,Keppetipola (DEC},Uva,Badulla,2025-08-01,166,30.708661417322837,30.708661417322837,FALSE,FALSE,1
114,Tomatoes,7839,Keppetipola (DEC},Uva,Badulla,2025-09-01,180.4,8.674698795180728,8.674698795180728,FALSE,FALSE,1
114,Tomatoes,7840,Hanguranketha,Central,Nuwara Eliya,2023-06-01,222,NA,NA,FALSE,FALSE,1
114,Tomatoes,7840,Hanguranketha,Central,Nuwara Eliya,2023-07-01,345.2,55.4954954954955,55.4954954954955,TRUE,FALSE,1
114,Tomatoes,7840,Hanguranketha,Central,Nuwara Eliya,2023-08-01,152.5,-55.82271147161067,55.82271147161067,TRUE,FALSE,1
114,Tomatoes,7840,Hanguranketha,Central,Nuwara Eliya,2023-09-01,134,-12.131147540983607,12.131147540983607,FALSE,FALSE,1
114,Tomatoes,7840,Hanguranketha,Central,Nuwara Eliya,2023-10-01,159.6,19.104477611940293,19.104477611940293,FALSE,FALSE,1
114,Tomatoes,7840,Hanguranketha,Central,Nuwara Eliya,2023-11-01,239,49.74937343358397,49.74937343358397,FALSE,FALSE,1
114,Tomatoes,7840,Hanguranketha,Central,Nuwara Eliya,2023-12-01,546.75,128.76569037656904,128.76569037656904,TRUE,FALSE,1
114,Tomatoes,7840,Hanguranketha,Central,Nuwara Eliya,2024-01-01,599.6,9.666209419295843,9.666209419295843,FALSE,FALSE,1
114,Tomatoes,7840,Hanguranketha,Central,Nuwara Eliya,2024-02-01,730.5,21.831220813875913,21.831220813875913,FALSE,FALSE,1
114,Tomatoes,7840,Hanguranketha,Central,Nuwara Eliya,2024-03-01,307.5,-57.90554414784395,57.90554414784395,TRUE,FALSE,1
114,Tomatoes,7840,Hanguranketha,Central,Nuwara Eliya,2024-04-01,134.27,-56.3349593495935,56.3349593495935,TRUE,FALSE,1
114,Tomatoes,7840,Hanguranketha,Central,Nuwara Eliya,2024-05-01,131,-2.435391375586512,2.435391375586512,FALSE,FALSE,1
114,Tomatoes,7840,Hanguranketha,Central,Nuwara Eliya,2024-06-01,184,40.458015267175576,40.458015267175576,FALSE,FALSE,1
114,Tomatoes,7840,Hanguranketha,Central,Nuwara Eliya,2024-07-01,348.2,89.2391304347826,89.2391304347826,TRUE,FALSE,1
114,Tomatoes,7840,Hanguranketha,Central,Nuwara Eliya,2024-08-01,171,-50.89029293509477,50.89029293509477,TRUE,FALSE,1
114,Tomatoes,7840,Hanguranketha,Central,Nuwara Eliya,2024-09-01,181.2,5.964912280701748,5.964912280701748,FALSE,FALSE,1
114,Tomatoes,7840,Hanguranketha,Central,Nuwara Eliya,2024-10-01,216,19.205298013245038,19.205298013245038,FALSE,FALSE,1
114,Tomatoes,7840,Hanguranketha,Central,Nuwara Eliya,2024-11-01,230.25,6.597222222222222,6.597222222222222,FALSE,FALSE,1
114,Tomatoes,7840,Hanguranketha,Central,Nuwara Eliya,2024-12-01,380.8,65.38545059717698,65.38545059717698,TRUE,FALSE,1
114,Tomatoes,7840,Hanguranketha,Central,Nuwara Eliya,2025-01-01,276,-27.521008403361346,27.521008403361346,FALSE,FALSE,1
114,Tomatoes,7840,Hanguranketha,Central,Nuwara Eliya,2025-02-01,173.12,-37.27536231884058,37.27536231884058,FALSE,FALSE,1
114,Tomatoes,7840,Hanguranketha,Central,Nuwara Eliya,2025-03-01,257,48.45194085027726,48.45194085027726,FALSE,FALSE,1
114,Tomatoes,7840,Hanguranketha,Central,Nuwara Eliya,2025-04-01,461.67,79.63813229571986,79.63813229571986,TRUE,FALSE,1
114,Tomatoes,7840,Hanguranketha,Central,Nuwara Eliya,2025-05-01,782.5,69.49336105876492,69.49336105876492,TRUE,FALSE,1
114,Tomatoes,7840,Hanguranketha,Central,Nuwara Eliya,2025-06-01,NA,NA,NA,FALSE,TRUE,NA
114,Tomatoes,7840,Hanguranketha,Central,Nuwara Eliya,2025-07-01,NA,NA,NA,FALSE,TRUE,NA
114,Tomatoes,7840,Hanguranketha,Central,Nuwara Eliya,2025-08-01,134.17,NA,NA,FALSE,FALSE,1
114,Tomatoes,7840,Hanguranketha,Central,Nuwara Eliya,2025-09-01,158.67,18.260415890288442,18.260415890288442,FALSE,FALSE,1
114,Tomatoes,7841,Meegoda(DEC),Western,Colombo,2023-06-01,295,NA,NA,FALSE,FALSE,1
114,Tomatoes,7841,Meegoda(DEC),Western,Colombo,2023-07-01,450,52.54237288135594,52.54237288135594,TRUE,FALSE,1
114,Tomatoes,7841,Meegoda(DEC),Western,Colombo,2023-08-01,248,-44.888888888888886,44.888888888888886,FALSE,FALSE,1
114,Tomatoes,7841,Meegoda(DEC),Western,Colombo,2023-09-01,214,-13.709677419354838,13.709677419354838,FALSE,FALSE,1
114,Tomatoes,7841,Meegoda(DEC),Western,Colombo,2023-10-01,233.6,9.158878504672895,9.158878504672895,FALSE,FALSE,1
114,Tomatoes,7841,Meegoda(DEC),Western,Colombo,2023-11-01,321.5,37.62842465753425,37.62842465753425,FALSE,FALSE,1
114,Tomatoes,7841,Meegoda(DEC),Western,Colombo,2023-12-01,701.25,118.11819595645412,118.11819595645412,TRUE,FALSE,1
114,Tomatoes,7841,Meegoda(DEC),Western,Colombo,2024-01-01,675.6,-3.657754010695184,3.657754010695184,FALSE,FALSE,1
114,Tomatoes,7841,Meegoda(DEC),Western,Colombo,2024-02-01,839.5,24.259917110716394,24.259917110716394,FALSE,FALSE,1
114,Tomatoes,7841,Meegoda(DEC),Western,Colombo,2024-03-01,374.75,-55.3603335318642,55.3603335318642,TRUE,FALSE,1
114,Tomatoes,7841,Meegoda(DEC),Western,Colombo,2024-04-01,186.4,-50.26017344896597,50.26017344896597,TRUE,FALSE,1
114,Tomatoes,7841,Meegoda(DEC),Western,Colombo,2024-05-01,256,37.33905579399141,37.33905579399141,FALSE,FALSE,1
114,Tomatoes,7841,Meegoda(DEC),Western,Colombo,2024-06-01,586.5,129.1015625,129.1015625,TRUE,FALSE,1
114,Tomatoes,7841,Meegoda(DEC),Western,Colombo,2024-07-01,473.6,-19.249786871270246,19.249786871270246,FALSE,FALSE,1
114,Tomatoes,7841,Meegoda(DEC),Western,Colombo,2024-08-01,317.5,-32.960304054054056,32.960304054054056,FALSE,FALSE,1
114,Tomatoes,7841,Meegoda(DEC),Western,Colombo,2024-09-01,301.6,-5.007874015748024,5.007874015748024,FALSE,FALSE,1
114,Tomatoes,7841,Meegoda(DEC),Western,Colombo,2024-10-01,382.17,26.714190981432356,26.714190981432356,FALSE,FALSE,1
114,Tomatoes,7841,Meegoda(DEC),Western,Colombo,2024-11-01,364,-4.7544286574037775,4.7544286574037775,FALSE,FALSE,1
114,Tomatoes,7841,Meegoda(DEC),Western,Colombo,2024-12-01,477.2,31.098901098901095,31.098901098901095,FALSE,FALSE,1
114,Tomatoes,7841,Meegoda(DEC),Western,Colombo,2025-01-01,425,-10.938809723386418,10.938809723386418,FALSE,FALSE,1
114,Tomatoes,7841,Meegoda(DEC),Western,Colombo,2025-02-01,278,-34.588235294117645,34.588235294117645,FALSE,FALSE,1
114,Tomatoes,7841,Meegoda(DEC),Western,Colombo,2025-03-01,366.4,31.79856115107913,31.79856115107913,FALSE,FALSE,1
114,Tomatoes,7841,Meegoda(DEC),Western,Colombo,2025-04-01,685.33,87.04421397379915,87.04421397379915,TRUE,FALSE,1
114,Tomatoes,7841,Meegoda(DEC),Western,Colombo,2025-05-01,932.5,36.06583689609384,36.06583689609384,FALSE,FALSE,1
114,Tomatoes,7841,Meegoda(DEC),Western,Colombo,2025-06-01,541.2,-41.96246648793565,41.96246648793565,FALSE,FALSE,1
114,Tomatoes,7841,Meegoda(DEC),Western,Colombo,2025-07-01,200,-63.04508499630451,63.04508499630451,TRUE,FALSE,1
114,Tomatoes,7841,Meegoda(DEC),Western,Colombo,2025-08-01,233,16.5,16.5,FALSE,FALSE,1
114,Tomatoes,7841,Meegoda(DEC),Western,Colombo,2025-09-01,259.2,11.244635193133043,11.244635193133043,FALSE,FALSE,1
114,Tomatoes,7842,Nikaweratiya,North Western,Kurunegala,2023-06-01,355,NA,NA,FALSE,FALSE,1
114,Tomatoes,7842,Nikaweratiya,North Western,Kurunegala,2023-07-01,446,25.633802816901408,25.633802816901408,FALSE,FALSE,1
114,Tomatoes,7842,Nikaweratiya,North Western,Kurunegala,2023-08-01,290,-34.97757847533632,34.97757847533632,FALSE,FALSE,1
114,Tomatoes,7842,Nikaweratiya,North Western,Kurunegala,2023-09-01,227.5,-21.551724137931032,21.551724137931032,FALSE,FALSE,1
114,Tomatoes,7842,Nikaweratiya,North Western,Kurunegala,2023-10-01,262,15.164835164835164,15.164835164835164,FALSE,FALSE,1
114,Tomatoes,7842,Nikaweratiya,North Western,Kurunegala,2023-11-01,335,27.86259541984733,27.86259541984733,FALSE,FALSE,1
114,Tomatoes,7842,Nikaweratiya,North Western,Kurunegala,2023-12-01,639,90.74626865671642,90.74626865671642,TRUE,FALSE,1
114,Tomatoes,7842,Nikaweratiya,North Western,Kurunegala,2024-01-01,662,3.599374021909233,3.599374021909233,FALSE,FALSE,1
114,Tomatoes,7842,Nikaweratiya,North Western,Kurunegala,2024-02-01,874.42,32.087613293051355,32.087613293051355,FALSE,FALSE,1
114,Tomatoes,7842,Nikaweratiya,North Western,Kurunegala,2024-03-01,425,-51.39635415475401,51.39635415475401,TRUE,FALSE,1
114,Tomatoes,7842,Nikaweratiya,North Western,Kurunegala,2024-04-01,226,-46.82352941176471,46.82352941176471,FALSE,FALSE,1
114,Tomatoes,7842,Nikaweratiya,North Western,Kurunegala,2024-05-01,230,1.7699115044247788,1.7699115044247788,FALSE,FALSE,1
114,Tomatoes,7842,Nikaweratiya,North Western,Kurunegala,2024-06-01,NA,NA,NA,FALSE,TRUE,NA
114,Tomatoes,7842,Nikaweratiya,North Western,Kurunegala,2024-07-01,484.13,NA,NA,FALSE,FALSE,1
114,Tomatoes,7842,Nikaweratiya,North Western,Kurunegala,2024-08-01,339.5,-29.87420734100345,29.87420734100345,FALSE,FALSE,1
114,Tomatoes,7842,Nikaweratiya,North Western,Kurunegala,2024-09-01,278.9,-17.849779086892497,17.849779086892497,FALSE,FALSE,1
114,Tomatoes,7842,Nikaweratiya,North Western,Kurunegala,2024-10-01,330.5,18.501254930082474,18.501254930082474,FALSE,FALSE,1
114,Tomatoes,7842,Nikaweratiya,North Western,Kurunegala,2024-11-01,336,1.6641452344931922,1.6641452344931922,FALSE,FALSE,1
114,Tomatoes,7842,Nikaweratiya,North Western,Kurunegala,2024-12-01,442.5,31.69642857142857,31.69642857142857,FALSE,FALSE,1
114,Tomatoes,7842,Nikaweratiya,North Western,Kurunegala,2025-01-01,NA,NA,NA,FALSE,TRUE,NA
114,Tomatoes,7842,Nikaweratiya,North Western,Kurunegala,2025-02-01,NA,NA,NA,FALSE,TRUE,NA
114,Tomatoes,7842,Nikaweratiya,North Western,Kurunegala,2025-03-01,349.5,NA,NA,FALSE,FALSE,1
114,Tomatoes,7842,Nikaweratiya,North Western,Kurunegala,2025-04-01,613,75.3934191702432,75.3934191702432,TRUE,FALSE,1
114,Tomatoes,7842,Nikaweratiya,North Western,Kurunegala,2025-05-01,905,47.63458401305057,47.63458401305057,FALSE,FALSE,1
114,Tomatoes,7842,Nikaweratiya,North Western,Kurunegala,2025-06-01,481.6,-46.78453038674033,46.78453038674033,FALSE,FALSE,1
114,Tomatoes,7842,Nikaweratiya,North Western,Kurunegala,2025-07-01,220,-54.31893687707642,54.31893687707642,TRUE,FALSE,1
114,Tomatoes,7842,Nikaweratiya,North Western,Kurunegala,2025-08-01,239.5,8.863636363636363,8.863636363636363,FALSE,FALSE,1
114,Tomatoes,7842,Nikaweratiya,North Western,Kurunegala,2025-09-01,247.2,3.2150313152400787,3.2150313152400787,FALSE,FALSE,1
114,Tomatoes,7843,Mullativu,Northern,Mullattivu,2023-06-01,347.5,NA,NA,FALSE,FALSE,1
114,Tomatoes,7843,Mullativu,Northern,Mullattivu,2023-07-01,447.2,28.690647482014388,28.690647482014388,FALSE,FALSE,1
114,Tomatoes,7843,Mullativu,Northern,Mullattivu,2023-08-01,294.5,-34.14579606440071,34.14579606440071,FALSE,FALSE,1
114,Tomatoes,7843,Mullativu,Northern,Mullattivu,2023-09-01,216,-26.6553480475382,26.6553480475382,FALSE,FALSE,1
114,Tomatoes,7843,Mullativu,Northern,Mullattivu,2023-10-01,NA,NA,NA,FALSE,TRUE,NA
114,Tomatoes,7843,Mullativu,Northern,Mullattivu,2023-11-01,NA,NA,NA,FALSE,TRUE,NA
114,Tomatoes,7843,Mullativu,Northern,Mullattivu,2023-12-01,NA,NA,NA,FALSE,TRUE,NA
114,Tomatoes,7843,Mullativu,Northern,Mullattivu,2024-01-01,NA,NA,NA,FALSE,TRUE,NA
114,Tomatoes,7843,Mullativu,Northern,Mullattivu,2024-02-01,NA,NA,NA,FALSE,TRUE,NA
114,Tomatoes,7843,Mullativu,Northern,Mullattivu,2024-03-01,NA,NA,NA,FALSE,TRUE,NA
114,Tomatoes,7843,Mullativu,Northern,Mullattivu,2024-04-01,NA,NA,NA,FALSE,TRUE,NA
114,Tomatoes,7843,Mullativu,Northern,Mullattivu,2024-05-01,199.67,NA,NA,FALSE,FALSE,1
114,Tomatoes,7843,Mullativu,Northern,Mullattivu,2024-06-01,614.5,207.75780037061153,207.75780037061153,TRUE,FALSE,1
114,Tomatoes,7843,Mullativu,Northern,Mullattivu,2024-07-01,487.2,-20.716029292107407,20.716029292107407,FALSE,FALSE,1
114,Tomatoes,7843,Mullativu,Northern,Mullattivu,2024-08-01,304.5,-37.5,37.5,FALSE,FALSE,1
114,Tomatoes,7843,Mullativu,Northern,Mullattivu,2024-09-01,282,-7.389162561576355,7.389162561576355,FALSE,FALSE,1
114,Tomatoes,7843,Mullativu,Northern,Mullattivu,2024-10-01,371.5,31.73758865248227,31.73758865248227,FALSE,FALSE,1
114,Tomatoes,7843,Mullativu,Northern,Mullattivu,2024-11-01,359,-3.3647375504710633,3.3647375504710633,FALSE,FALSE,1
114,Tomatoes,7843,Mullativu,Northern,Mullattivu,2024-12-01,460.5,28.27298050139276,28.27298050139276,FALSE,FALSE,1
114,Tomatoes,7843,Mullativu,Northern,Mullattivu,2025-01-01,418,-9.229098805646037,9.229098805646037,FALSE,FALSE,1
114,Tomatoes,7843,Mullativu,Northern,Mullattivu,2025-02-01,311,-25.598086124401913,25.598086124401913,FALSE,FALSE,1
114,Tomatoes,7843,Mullativu,Northern,Mullattivu,2025-03-01,284.8,-8.424437299035366,8.424437299035366,FALSE,FALSE,1
114,Tomatoes,7843,Mullativu,Northern,Mullattivu,2025-04-01,631.5,121.73455056179773,121.73455056179773,TRUE,FALSE,1
114,Tomatoes,7843,Mullativu,Northern,Mullattivu,2025-05-01,959.5,51.93982581155978,51.93982581155978,TRUE,FALSE,1
114,Tomatoes,7843,Mullativu,Northern,Mullattivu,2025-06-01,566,-41.01094319958312,41.01094319958312,FALSE,FALSE,1
114,Tomatoes,7843,Mullativu,Northern,Mullattivu,2025-07-01,243,-57.06713780918727,57.06713780918727,TRUE,FALSE,1
114,Tomatoes,7843,Mullativu,Northern,Mullattivu,2025-08-01,207,-14.814814814814813,14.814814814814813,FALSE,FALSE,1
114,Tomatoes,7843,Mullativu,Northern,Mullattivu,2025-09-01,239,15.458937198067632,15.458937198067632,FALSE,FALSE,1
133,Rice (white),360,Ampara,Eastern,Ampara,2023-06-01,229.27,NA,NA,FALSE,FALSE,1
133,Rice (white),360,Ampara,Eastern,Ampara,2023-07-01,228.83,-0.19191346447419974,0.19191346447419974,FALSE,FALSE,1
133,Rice (white),360,Ampara,Eastern,Ampara,2023-08-01,230,0.5112965957260793,0.5112965957260793,FALSE,FALSE,1
133,Rice (white),360,Ampara,Eastern,Ampara,2023-09-01,231.25,0.5434782608695652,0.5434782608695652,FALSE,FALSE,1
133,Rice (white),360,Ampara,Eastern,Ampara,2023-10-01,232,0.3243243243243243,0.3243243243243243,FALSE,FALSE,1
133,Rice (white),360,Ampara,Eastern,Ampara,2023-11-01,NA,NA,NA,FALSE,TRUE,NA
133,Rice (white),360,Ampara,Eastern,Ampara,2023-12-01,NA,NA,NA,FALSE,TRUE,NA
133,Rice (white),360,Ampara,Eastern,Ampara,2024-01-01,270,NA,NA,FALSE,FALSE,1
133,Rice (white),360,Ampara,Eastern,Ampara,2024-02-01,270,0,0,FALSE,FALSE,1
133,Rice (white),360,Ampara,Eastern,Ampara,2024-03-01,270,0,0,FALSE,FALSE,1
133,Rice (white),360,Ampara,Eastern,Ampara,2024-04-01,NA,NA,NA,FALSE,TRUE,NA
133,Rice (white),360,Ampara,Eastern,Ampara,2024-05-01,270,NA,NA,FALSE,FALSE,1
133,Rice (white),360,Ampara,Eastern,Ampara,2024-06-01,270,0,0,FALSE,FALSE,1
133,Rice (white),360,Ampara,Eastern,Ampara,2024-07-01,258.75,-4.166666666666666,4.166666666666666,FALSE,FALSE,1
133,Rice (white),360,Ampara,Eastern,Ampara,2024-08-01,265.62,2.655072463768118,2.655072463768118,FALSE,FALSE,1
133,Rice (white),360,Ampara,Eastern,Ampara,2024-09-01,NA,NA,NA,FALSE,TRUE,NA
133,Rice (white),360,Ampara,Eastern,Ampara,2024-10-01,241.54,NA,NA,FALSE,FALSE,1
133,Rice (white),360,Ampara,Eastern,Ampara,2024-11-01,NA,NA,NA,FALSE,TRUE,NA
133,Rice (white),360,Ampara,Eastern,Ampara,2024-12-01,244.72,NA,NA,FALSE,FALSE,1
133,Rice (white),360,Ampara,Eastern,Ampara,2025-01-01,240,-1.9287348806799602,1.9287348806799602,FALSE,FALSE,1
133,Rice (white),360,Ampara,Eastern,Ampara,2025-02-01,NA,NA,NA,FALSE,TRUE,NA
133,Rice (white),360,Ampara,Eastern,Ampara,2025-03-01,NA,NA,NA,FALSE,TRUE,NA
133,Rice (white),360,Ampara,Eastern,Ampara,2025-04-01,NA,NA,NA,FALSE,TRUE,NA
133,Rice (white),360,Ampara,Eastern,Ampara,2025-05-01,NA,NA,NA,FALSE,TRUE,NA
133,Rice (white),360,Ampara,Eastern,Ampara,2025-06-01,NA,NA,NA,FALSE,TRUE,NA
133,Rice (white),360,Ampara,Eastern,Ampara,2025-07-01,NA,NA,NA,FALSE,TRUE,NA
133,Rice (white),360,Ampara,Eastern,Ampara,2025-08-01,240,NA,NA,FALSE,FALSE,1
133,Rice (white),361,Batticaloa,Eastern,Batticaloa,2023-06-01,225.8,NA,NA,FALSE,FALSE,1
133,Rice (white),361,Batticaloa,Eastern,Batticaloa,2023-07-01,229.2,1.5057573073516284,1.5057573073516284,FALSE,FALSE,1
133,Rice (white),361,Batticaloa,Eastern,Batticaloa,2023-08-01,230.8,0.6980802792321217,0.6980802792321217,FALSE,FALSE,1
133,Rice (white),361,Batticaloa,Eastern,Batticaloa,2023-09-01,236.67,2.5433275563258126,2.5433275563258126,FALSE,FALSE,1
133,Rice (white),361,Batticaloa,Eastern,Batticaloa,2023-10-01,232,-1.9732116449064048,1.9732116449064048,FALSE,FALSE,1
133,Rice (white),361,Batticaloa,Eastern,Batticaloa,2023-11-01,233.55,0.668103448275867,0.668103448275867,FALSE,FALSE,1
133,Rice (white),361,Batticaloa,Eastern,Batticaloa,2023-12-01,242.53,3.8450010704345923,3.8450010704345923,FALSE,FALSE,1
133,Rice (white),361,Batticaloa,Eastern,Batticaloa,2024-01-01,245.27,1.1297571434461755,1.1297571434461755,FALSE,FALSE,1
133,Rice (white),361,Batticaloa,Eastern,Batticaloa,2024-02-01,245.6,0.13454560280506547,0.13454560280506547,FALSE,FALSE,1
133,Rice (white),361,Batticaloa,Eastern,Batticaloa,2024-03-01,246.35,0.30537459283387625,0.30537459283387625,FALSE,FALSE,1
133,Rice (white),361,Batticaloa,Eastern,Batticaloa,2024-04-01,246.9,0.22325959001421206,0.22325959001421206,FALSE,FALSE,1
133,Rice (white),361,Batticaloa,Eastern,Batticaloa,2024-05-01,248.7,0.7290400972053394,0.7290400972053394,FALSE,FALSE,1
133,Rice (white),361,Batticaloa,Eastern,Batticaloa,2024-06-01,248.7,0,0,FALSE,FALSE,1
133,Rice (white),361,Batticaloa,Eastern,Batticaloa,2024-07-01,247.88,-0.3297145154804959,0.3297145154804959,FALSE,FALSE,1
133,Rice (white),361,Batticaloa,Eastern,Batticaloa,2024-08-01,246.5,-0.5567209940293671,0.5567209940293671,FALSE,FALSE,1
133,Rice (white),361,Batticaloa,Eastern,Batticaloa,2024-09-01,NA,NA,NA,FALSE,TRUE,NA
133,Rice (white),361,Batticaloa,Eastern,Batticaloa,2024-10-01,NA,NA,NA,FALSE,TRUE,NA
133,Rice (white),361,Batticaloa,Eastern,Batticaloa,2024-11-01,NA,NA,NA,FALSE,TRUE,NA
133,Rice (white),361,Batticaloa,Eastern,Batticaloa,2024-12-01,248,NA,NA,FALSE,FALSE,1
133,Rice (white),361,Batticaloa,Eastern,Batticaloa,2025-01-01,NA,NA,NA,FALSE,TRUE,NA
133,Rice (white),361,Batticaloa,Eastern,Batticaloa,2025-02-01,241.12,NA,NA,FALSE,FALSE,1
133,Rice (white),361,Batticaloa,Eastern,Batticaloa,2025-03-01,240.75,-0.15345056403450752,0.15345056403450752,FALSE,FALSE,1
133,Rice (white),361,Batticaloa,Eastern,Batticaloa,2025-04-01,240.75,0,0,FALSE,FALSE,1
133,Rice (white),361,Batticaloa,Eastern,Batticaloa,2025-05-01,NA,NA,NA,FALSE,TRUE,NA
133,Rice (white),361,Batticaloa,Eastern,Batticaloa,2025-06-01,251.23,NA,NA,FALSE,FALSE,1
133,Rice (white),361,Batticaloa,Eastern,Batticaloa,2025-07-01,241,-4.071965927636026,4.071965927636026,FALSE,FALSE,1
133,Rice (white),361,Batticaloa,Eastern,Batticaloa,2025-08-01,NA,NA,NA,FALSE,TRUE,NA
133,Rice (white),361,Batticaloa,Eastern,Batticaloa,2025-09-01,252.25,NA,NA,FALSE,FALSE,1
133,Rice (white),362,Jaffna,Northern,Jaffna,2023-09-01,230,NA,NA,FALSE,FALSE,1
133,Rice (white),362,Jaffna,Northern,Jaffna,2023-10-01,231,0.43478260869565216,0.43478260869565216,FALSE,FALSE,1
133,Rice (white),362,Jaffna,Northern,Jaffna,2023-11-01,231,0,0,FALSE,FALSE,1
133,Rice (white),362,Jaffna,Northern,Jaffna,2023-12-01,240,3.896103896103896,3.896103896103896,FALSE,FALSE,1
133,Rice (white),362,Jaffna,Northern,Jaffna,2024-01-01,250.8,4.500000000000004,4.500000000000004,FALSE,FALSE,1
133,Rice (white),362,Jaffna,Northern,Jaffna,2024-02-01,255.4,1.8341307814992003,1.8341307814992003,FALSE,FALSE,1
133,Rice (white),362,Jaffna,Northern,Jaffna,2024-03-01,250.55,-1.8989819890368027,1.8989819890368027,FALSE,FALSE,1
133,Rice (white),362,Jaffna,Northern,Jaffna,2024-04-01,247.6,-1.1774096986629483,1.1774096986629483,FALSE,FALSE,1
133,Rice (white),362,Jaffna,Northern,Jaffna,2024-05-01,249,0.5654281098546066,0.5654281098546066,FALSE,FALSE,1
133,Rice (white),362,Jaffna,Northern,Jaffna,2024-06-01,249,0,0,FALSE,FALSE,1
133,Rice (white),362,Jaffna,Northern,Jaffna,2024-07-01,248,-0.4016064257028112,0.4016064257028112,FALSE,FALSE,1
133,Rice (white),362,Jaffna,Northern,Jaffna,2024-08-01,246.5,-0.6048387096774194,0.6048387096774194,FALSE,FALSE,1
133,Rice (white),362,Jaffna,Northern,Jaffna,2024-09-01,238.67,-3.1764705882352993,3.1764705882352993,FALSE,FALSE,1
133,Rice (white),362,Jaffna,Northern,Jaffna,2024-10-01,241.62,1.2360162567561979,1.2360162567561979,FALSE,FALSE,1
133,Rice (white),362,Jaffna,Northern,Jaffna,2024-11-01,242.75,0.46767651684463013,0.46767651684463013,FALSE,FALSE,1
133,Rice (white),362,Jaffna,Northern,Jaffna,2024-12-01,245.2,1.0092687950566381,1.0092687950566381,FALSE,FALSE,1
133,Rice (white),362,Jaffna,Northern,Jaffna,2025-01-01,243.6,-0.6525285481239781,0.6525285481239781,FALSE,FALSE,1
133,Rice (white),362,Jaffna,Northern,Jaffna,2025-02-01,246.25,1.0878489326765213,1.0878489326765213,FALSE,FALSE,1
133,Rice (white),362,Jaffna,Northern,Jaffna,2025-03-01,252.25,2.4365482233502536,2.4365482233502536,FALSE,FALSE,1
133,Rice (white),362,Jaffna,Northern,Jaffna,2025-04-01,NA,NA,NA,FALSE,TRUE,NA
133,Rice (white),362,Jaffna,Northern,Jaffna,2025-05-01,NA,NA,NA,FALSE,TRUE,NA
133,Rice (white),362,Jaffna,Northern,Jaffna,2025-06-01,NA,NA,NA,FALSE,TRUE,NA
133,Rice (white),362,Jaffna,Northern,Jaffna,2025-07-01,243.4,NA,NA,FALSE,FALSE,1
133,Rice (white),362,Jaffna,Northern,Jaffna,2025-08-01,243.27,-0.053410024650778744,0.053410024650778744,FALSE,FALSE,1
133,Rice (white),362,Jaffna,Northern,Jaffna,2025-09-01,243.5,0.09454515558843661,0.09454515558843661,FALSE,FALSE,1
133,Rice (white),363,Kilinochchi,Northern,Kilinochchi,2023-06-01,224.56,NA,NA,FALSE,FALSE,1
133,Rice (white),363,Kilinochchi,Northern,Kilinochchi,2023-07-01,229,1.9771998574991085,1.9771998574991085,FALSE,FALSE,1
133,Rice (white),363,Kilinochchi,Northern,Kilinochchi,2023-08-01,232.75,1.6375545851528384,1.6375545851528384,FALSE,FALSE,1
133,Rice (white),363,Kilinochchi,Northern,Kilinochchi,2023-09-01,236.75,1.7185821697099892,1.7185821697099892,FALSE,FALSE,1
133,Rice (white),363,Kilinochchi,Northern,Kilinochchi,2023-10-01,232.6,-1.752903907074976,1.752903907074976,FALSE,FALSE,1
133,Rice (white),363,Kilinochchi,Northern,Kilinochchi,2023-11-01,234.25,0.7093723129836654,0.7093723129836654,FALSE,FALSE,1
133,Rice (white),363,Kilinochchi,Northern,Kilinochchi,2023-12-01,240.32,2.591248665955173,2.591248665955173,FALSE,FALSE,1
133,Rice (white),363,Kilinochchi,Northern,Kilinochchi,2024-01-01,247.12,2.829560585885491,2.829560585885491,FALSE,FALSE,1
133,Rice (white),363,Kilinochchi,Northern,Kilinochchi,2024-02-01,243.8,-1.343476853350596,1.343476853350596,FALSE,FALSE,1
133,Rice (white),363,Kilinochchi,Northern,Kilinochchi,2024-03-01,245.7,0.7793273174733295,0.7793273174733295,FALSE,FALSE,1
133,Rice (white),363,Kilinochchi,Northern,Kilinochchi,2024-04-01,247.2,0.6105006105006106,0.6105006105006106,FALSE,FALSE,1
133,Rice (white),363,Kilinochchi,Northern,Kilinochchi,2024-05-01,247.85,0.2629449838187725,0.2629449838187725,FALSE,FALSE,1
133,Rice (white),363,Kilinochchi,Northern,Kilinochchi,2024-06-01,247.85,0,0,FALSE,FALSE,1
133,Rice (white),363,Kilinochchi,Northern,Kilinochchi,2024-07-01,247.48,-0.1492838410328846,0.1492838410328846,FALSE,FALSE,1
133,Rice (white),363,Kilinochchi,Northern,Kilinochchi,2024-08-01,247.35,-0.052529497333115995,0.052529497333115995,FALSE,FALSE,1
133,Rice (white),363,Kilinochchi,Northern,Kilinochchi,2024-09-01,244.05,-1.3341419041843474,1.3341419041843474,FALSE,FALSE,1
133,Rice (white),363,Kilinochchi,Northern,Kilinochchi,2024-10-01,244.25,0.08195041999589782,0.08195041999589782,FALSE,FALSE,1
133,Rice (white),363,Kilinochchi,Northern,Kilinochchi,2024-11-01,241.3,-1.2077789150460547,1.2077789150460547,FALSE,FALSE,1
133,Rice (white),363,Kilinochchi,Northern,Kilinochchi,2024-12-01,245.72,1.831744716121006,1.831744716121006,FALSE,FALSE,1
133,Rice (white),363,Kilinochchi,Northern,Kilinochchi,2025-01-01,245.85,0.05290574637798936,0.05290574637798936,FALSE,FALSE,1
133,Rice (white),363,Kilinochchi,Northern,Kilinochchi,2025-02-01,244.6,-0.508440105755542,0.508440105755542,FALSE,FALSE,1
133,Rice (white),363,Kilinochchi,Northern,Kilinochchi,2025-03-01,247.4,1.1447260834014765,1.1447260834014765,FALSE,FALSE,1
133,Rice (white),363,Kilinochchi,Northern,Kilinochchi,2025-04-01,247.5,0.040420371867418876,0.040420371867418876,FALSE,FALSE,1
133,Rice (white),363,Kilinochchi,Northern,Kilinochchi,2025-05-01,247.7,0.08080808080807621,0.08080808080807621,FALSE,FALSE,1
133,Rice (white),363,Kilinochchi,Northern,Kilinochchi,2025-06-01,250.9,1.2918853451756225,1.2918853451756225,FALSE,FALSE,1
133,Rice (white),363,Kilinochchi,Northern,Kilinochchi,2025-07-01,NA,NA,NA,FALSE,TRUE,NA
133,Rice (white),363,Kilinochchi,Northern,Kilinochchi,2025-08-01,NA,NA,NA,FALSE,TRUE,NA
133,Rice (white),363,Kilinochchi,Northern,Kilinochchi,2025-09-01,247.53,NA,NA,FALSE,FALSE,1
133,Rice (white),364,Mannar,Northern,Mannar,2023-06-01,225.54,NA,NA,FALSE,FALSE,1
133,Rice (white),364,Mannar,Northern,Mannar,2023-07-01,226,0.20395495255830803,0.20395495255830803,FALSE,FALSE,1
133,Rice (white),364,Mannar,Northern,Mannar,2023-08-01,226,0,0,FALSE,FALSE,1
133,Rice (white),364,Mannar,Northern,Mannar,2023-09-01,230,1.7699115044247788,1.7699115044247788,FALSE,FALSE,1
133,Rice (white),364,Mannar,Northern,Mannar,2023-10-01,230,0,0,FALSE,FALSE,1
133,Rice (white),364,Mannar,Northern,Mannar,2023-11-01,230,0,0,FALSE,FALSE,1
133,Rice (white),364,Mannar,Northern,Mannar,2023-12-01,247.1,7.4347826086956506,7.4347826086956506,FALSE,FALSE,1
133,Rice (white),364,Mannar,Northern,Mannar,2024-01-01,249.48,0.9631728045325761,0.9631728045325761,FALSE,FALSE,1
133,Rice (white),364,Mannar,Northern,Mannar,2024-02-01,246.35,-1.2546095879429195,1.2546095879429195,FALSE,FALSE,1
133,Rice (white),364,Mannar,Northern,Mannar,2024-03-01,242,-1.7657803937487293,1.7657803937487293,FALSE,FALSE,1
133,Rice (white),364,Mannar,Northern,Mannar,2024-04-01,246.73,1.9545454545454506,1.9545454545454506,FALSE,FALSE,1
133,Rice (white),364,Mannar,Northern,Mannar,2024-05-01,246,-0.29586997932962744,0.29586997932962744,FALSE,FALSE,1
133,Rice (white),364,Mannar,Northern,Mannar,2024-06-01,246,0,0,FALSE,FALSE,1
133,Rice (white),364,Mannar,Northern,Mannar,2024-07-01,246.3,0.12195121951219974,0.12195121951219974,FALSE,FALSE,1
133,Rice (white),364,Mannar,Northern,Mannar,2024-08-01,246.5,0.08120178643929704,0.08120178643929704,FALSE,FALSE,1
133,Rice (white),364,Mannar,Northern,Mannar,2024-09-01,245.7,-0.32454361054767195,0.32454361054767195,FALSE,FALSE,1
133,Rice (white),364,Mannar,Northern,Mannar,2024-10-01,241.45,-1.7297517297517297,1.7297517297517297,FALSE,FALSE,1
133,Rice (white),364,Mannar,Northern,Mannar,2024-11-01,243.25,0.7454959618968778,0.7454959618968778,FALSE,FALSE,1
133,Rice (white),364,Mannar,Northern,Mannar,2024-12-01,246.12,1.1798561151079154,1.1798561151079154,FALSE,FALSE,1
133,Rice (white),364,Mannar,Northern,Mannar,2025-01-01,247,0.357549163009912,0.357549163009912,FALSE,FALSE,1
133,Rice (white),364,Mannar,Northern,Mannar,2025-02-01,NA,NA,NA,FALSE,TRUE,NA
133,Rice (white),364,Mannar,Northern,Mannar,2025-03-01,NA,NA,NA,FALSE,TRUE,NA
133,Rice (white),364,Mannar,Northern,Mannar,2025-04-01,NA,NA,NA,FALSE,TRUE,NA
133,Rice (white),364,Mannar,Northern,Mannar,2025-05-01,NA,NA,NA,FALSE,TRUE,NA
133,Rice (white),364,Mannar,Northern,Mannar,2025-06-01,258.52,NA,NA,FALSE,FALSE,1
133,Rice (white),364,Mannar,Northern,Mannar,2025-07-01,246.94,-4.479343957914275,4.479343957914275,FALSE,FALSE,1
133,Rice (white),364,Mannar,Northern,Mannar,2025-08-01,NA,NA,NA,FALSE,TRUE,NA
133,Rice (white),364,Mannar,Northern,Mannar,2025-09-01,242.13,NA,NA,FALSE,FALSE,1
133,Rice (white),366,Trincomalee,Eastern,Trincomalee,2023-06-01,232,NA,NA,FALSE,FALSE,1
133,Rice (white),366,Trincomalee,Eastern,Trincomalee,2023-07-01,225,-3.0172413793103448,3.0172413793103448,FALSE,FALSE,1
133,Rice (white),366,Trincomalee,Eastern,Trincomalee,2023-08-01,232.25,3.2222222222222223,3.2222222222222223,FALSE,FALSE,1
133,Rice (white),366,Trincomalee,Eastern,Trincomalee,2023-09-01,237.75,2.3681377825618943,2.3681377825618943,FALSE,FALSE,1
133,Rice (white),366,Trincomalee,Eastern,Trincomalee,2023-10-01,235.6,-0.9043112513144084,0.9043112513144084,FALSE,FALSE,1
133,Rice (white),366,Trincomalee,Eastern,Trincomalee,2023-11-01,233.75,-0.7852292020373489,0.7852292020373489,FALSE,FALSE,1
133,Rice (white),366,Trincomalee,Eastern,Trincomalee,2023-12-01,242.75,3.8502673796791447,3.8502673796791447,FALSE,FALSE,1
133,Rice (white),366,Trincomalee,Eastern,Trincomalee,2024-01-01,248,2.1627188465499483,2.1627188465499483,FALSE,FALSE,1
133,Rice (white),366,Trincomalee,Eastern,Trincomalee,2024-02-01,246.25,-0.7056451612903225,0.7056451612903225,FALSE,FALSE,1
133,Rice (white),366,Trincomalee,Eastern,Trincomalee,2024-03-01,248.07,0.7390862944162409,0.7390862944162409,FALSE,FALSE,1
133,Rice (white),366,Trincomalee,Eastern,Trincomalee,2024-04-01,249.13,0.42729874632160375,0.42729874632160375,FALSE,FALSE,1
133,Rice (white),366,Trincomalee,Eastern,Trincomalee,2024-05-01,249.7,0.2287962108136287,0.2287962108136287,FALSE,FALSE,1
133,Rice (white),366,Trincomalee,Eastern,Trincomalee,2024-06-01,249.7,0,0,FALSE,FALSE,1
133,Rice (white),366,Trincomalee,Eastern,Trincomalee,2024-07-01,248.92,-0.3123748498197842,0.3123748498197842,FALSE,FALSE,1
133,Rice (white),366,Trincomalee,Eastern,Trincomalee,2024-08-01,248.7,-0.08838180941667961,0.08838180941667961,FALSE,FALSE,1
133,Rice (white),366,Trincomalee,Eastern,Trincomalee,2024-09-01,244,-1.8898271009248044,1.8898271009248044,FALSE,FALSE,1
133,Rice (white),366,Trincomalee,Eastern,Trincomalee,2024-10-01,243.95,-0.020491803278693183,0.020491803278693183,FALSE,FALSE,1
133,Rice (white),366,Trincomalee,Eastern,Trincomalee,2024-11-01,241.05,-1.188768190202901,1.188768190202901,FALSE,FALSE,1
133,Rice (white),366,Trincomalee,Eastern,Trincomalee,2024-12-01,249.28,3.414229412984854,3.414229412984854,FALSE,FALSE,1
133,Rice (white),366,Trincomalee,Eastern,Trincomalee,2025-01-01,244.95,-1.7370025673941,1.7370025673941,FALSE,FALSE,1
133,Rice (white),366,Trincomalee,Eastern,Trincomalee,2025-02-01,246.25,0.5307205552153548,0.5307205552153548,FALSE,FALSE,1
133,Rice (white),366,Trincomalee,Eastern,Trincomalee,2025-03-01,247.2,0.38578680203045224,0.38578680203045224,FALSE,FALSE,1
133,Rice (white),366,Trincomalee,Eastern,Trincomalee,2025-04-01,244.8,-0.9708737864077579,0.9708737864077579,FALSE,FALSE,1
133,Rice (white),366,Trincomalee,Eastern,Trincomalee,2025-05-01,240,-1.9607843137254948,1.9607843137254948,FALSE,FALSE,1
133,Rice (white),366,Trincomalee,Eastern,Trincomalee,2025-06-01,249,3.75,3.75,FALSE,FALSE,1
133,Rice (white),366,Trincomalee,Eastern,Trincomalee,2025-07-01,243,-2.4096385542168677,2.4096385542168677,FALSE,FALSE,1
133,Rice (white),366,Trincomalee,Eastern,Trincomalee,2025-08-01,242.44,-0.23045267489712026,0.23045267489712026,FALSE,FALSE,1
133,Rice (white),366,Trincomalee,Eastern,Trincomalee,2025-09-01,242.5,0.02474839135456289,0.02474839135456289,FALSE,FALSE,1
133,Rice (white),367,Vavuniya,Northern,Vavuniya,2023-07-01,222.9,NA,NA,FALSE,FALSE,1
133,Rice (white),367,Vavuniya,Northern,Vavuniya,2023-08-01,227.45,2.0412741139524373,2.0412741139524373,FALSE,FALSE,1
133,Rice (white),367,Vavuniya,Northern,Vavuniya,2023-09-01,231.4,1.736645416575079,1.736645416575079,FALSE,FALSE,1
133,Rice (white),367,Vavuniya,Northern,Vavuniya,2023-10-01,233.04,0.7087294727744107,0.7087294727744107,FALSE,FALSE,1
133,Rice (white),367,Vavuniya,Northern,Vavuniya,2023-11-01,234.75,0.7337796086508789,0.7337796086508789,FALSE,FALSE,1
133,Rice (white),367,Vavuniya,Northern,Vavuniya,2023-12-01,237.6,1.214057507987218,1.214057507987218,FALSE,FALSE,1
133,Rice (white),367,Vavuniya,Northern,Vavuniya,2024-01-01,NA,NA,NA,FALSE,TRUE,NA
133,Rice (white),367,Vavuniya,Northern,Vavuniya,2024-02-01,NA,NA,NA,FALSE,TRUE,NA
133,Rice (white),367,Vavuniya,Northern,Vavuniya,2024-03-01,252.4,NA,NA,FALSE,FALSE,1
133,Rice (white),367,Vavuniya,Northern,Vavuniya,2024-04-01,247.3,-2.020602218700473,2.020602218700473,FALSE,FALSE,1
133,Rice (white),367,Vavuniya,Northern,Vavuniya,2024-05-01,249.45,0.8693894055802577,0.8693894055802577,FALSE,FALSE,1
133,Rice (white),367,Vavuniya,Northern,Vavuniya,2024-06-01,250.15,0.28061735818802047,0.28061735818802047,FALSE,FALSE,1
133,Rice (white),367,Vavuniya,Northern,Vavuniya,2024-07-01,250.52,0.147911253248053,0.147911253248053,FALSE,FALSE,1
133,Rice (white),367,Vavuniya,Northern,Vavuniya,2024-08-01,246.8,-1.4849113843206125,1.4849113843206125,FALSE,FALSE,1
133,Rice (white),367,Vavuniya,Northern,Vavuniya,2024-09-01,247.05,0.1012965964343598,0.1012965964343598,FALSE,FALSE,1
133,Rice (white),367,Vavuniya,Northern,Vavuniya,2024-10-01,238.68,-3.3879781420765047,3.3879781420765047,FALSE,FALSE,1
133,Rice (white),367,Vavuniya,Northern,Vavuniya,2024-11-01,238.07,-0.2555723143958495,0.2555723143958495,FALSE,FALSE,1
133,Rice (white),367,Vavuniya,Northern,Vavuniya,2024-12-01,245.95,3.309950854790606,3.309950854790606,FALSE,FALSE,1
133,Rice (white),367,Vavuniya,Northern,Vavuniya,2025-01-01,244.68,-0.5163651148607367,0.5163651148607367,FALSE,FALSE,1
133,Rice (white),367,Vavuniya,Northern,Vavuniya,2025-02-01,244.2,-0.19617459538990445,0.19617459538990445,FALSE,FALSE,1
133,Rice (white),367,Vavuniya,Northern,Vavuniya,2025-03-01,244.52,0.1310401310401399,0.1310401310401399,FALSE,FALSE,1
133,Rice (white),367,Vavuniya,Northern,Vavuniya,2025-04-01,242.95,-0.6420742679535505,0.6420742679535505,FALSE,FALSE,1
133,Rice (white),367,Vavuniya,Northern,Vavuniya,2025-05-01,246.55,1.4817863757974985,1.4817863757974985,FALSE,FALSE,1
133,Rice (white),367,Vavuniya,Northern,Vavuniya,2025-06-01,248.6,0.8314743459744404,0.8314743459744404,FALSE,FALSE,1
133,Rice (white),367,Vavuniya,Northern,Vavuniya,2025-07-01,244.83,-1.5164923572003144,1.5164923572003144,FALSE,FALSE,1
133,Rice (white),367,Vavuniya,Northern,Vavuniya,2025-08-01,243.1,-0.7066127517052723,0.7066127517052723,FALSE,FALSE,1
133,Rice (white),367,Vavuniya,Northern,Vavuniya,2025-09-01,244.8,0.6993006993007064,0.6993006993007064,FALSE,FALSE,1
133,Rice (white),368,Colombo City,Western,Colombo,2006-07-01,30.25,NA,NA,FALSE,FALSE,1
133,Rice (white),368,Colombo City,Western,Colombo,2006-08-01,29.54,-2.3471074380165318,2.3471074380165318,FALSE,FALSE,1
133,Rice (white),368,Colombo City,Western,Colombo,2006-09-01,29.92,1.2863913337847075,1.2863913337847075,FALSE,FALSE,1
133,Rice (white),368,Colombo City,Western,Colombo,2006-10-01,29.66,-0.8689839572192566,0.8689839572192566,FALSE,FALSE,1
133,Rice (white),368,Colombo City,Western,Colombo,2006-11-01,31.78,7.147673634524615,7.147673634524615,FALSE,FALSE,1
133,Rice (white),368,Colombo City,Western,Colombo,2006-12-01,34.32,7.992448080553805,7.992448080553805,FALSE,FALSE,1
133,Rice (white),368,Colombo City,Western,Colombo,2007-01-01,34.5,0.5244755244755236,0.5244755244755236,FALSE,FALSE,1
133,Rice (white),368,Colombo City,Western,Colombo,2007-02-01,36.38,5.449275362318848,5.449275362318848,FALSE,FALSE,1
133,Rice (white),368,Colombo City,Western,Colombo,2007-03-01,34.29,-5.744914788345254,5.744914788345254,FALSE,FALSE,1
133,Rice (white),368,Colombo City,Western,Colombo,2007-04-01,32.83,-4.257801108194811,4.257801108194811,FALSE,FALSE,1
133,Rice (white),368,Colombo City,Western,Colombo,2007-05-01,34.19,4.1425525434054205,4.1425525434054205,FALSE,FALSE,1
133,Rice (white),368,Colombo City,Western,Colombo,2007-06-01,35.76,4.591985960807254,4.591985960807254,FALSE,FALSE,1
133,Rice (white),368,Colombo City,Western,Colombo,2007-07-01,36.36,1.6778523489932928,1.6778523489932928,FALSE,FALSE,1
133,Rice (white),368,Colombo City,Western,Colombo,2007-08-01,37.1,2.0352035203520407,2.0352035203520407,FALSE,FALSE,1
133,Rice (white),368,Colombo City,Western,Colombo,2007-09-01,37.63,1.4285714285714317,1.4285714285714317,FALSE,FALSE,1
133,Rice (white),368,Colombo City,Western,Colombo,2007-10-01,37.88,0.6643635397289396,0.6643635397289396,FALSE,FALSE,1
133,Rice (white),368,Colombo City,Western,Colombo,2007-11-01,47.5,25.395987328405482,25.395987328405482,FALSE,FALSE,1
133,Rice (white),368,Colombo City,Western,Colombo,2007-12-01,54.04,13.768421052631577,13.768421052631577,FALSE,FALSE,1
133,Rice (white),368,Colombo City,Western,Colombo,2008-01-01,57.41,6.2361213915618015,6.2361213915618015,FALSE,FALSE,1
133,Rice (white),368,Colombo City,Western,Colombo,2008-02-01,62.73,9.266678279045463,9.266678279045463,FALSE,FALSE,1
133,Rice (white),368,Colombo City,Western,Colombo,2008-03-01,62.73,0,0,FALSE,FALSE,1
133,Rice (white),368,Colombo City,Western,Colombo,2008-04-01,65.81,4.909931452255708,4.909931452255708,FALSE,FALSE,1
133,Rice (white),368,Colombo City,Western,Colombo,2008-05-01,65,-1.2308159854125547,1.2308159854125547,FALSE,FALSE,1
133,Rice (white),368,Colombo City,Western,Colombo,2008-06-01,66.05,1.615384615384611,1.615384615384611,FALSE,FALSE,1
133,Rice (white),368,Colombo City,Western,Colombo,2008-07-01,62.6,-5.223315669947003,5.223315669947003,FALSE,FALSE,1
133,Rice (white),368,Colombo City,Western,Colombo,2008-08-01,62.22,-0.6070287539936143,0.6070287539936143,FALSE,FALSE,1
133,Rice (white),368,Colombo City,Western,Colombo,2008-09-01,60.93,-2.0732883317261317,2.0732883317261317,FALSE,FALSE,1
133,Rice (white),368,Colombo City,Western,Colombo,2008-10-01,61.55,1.0175611357295216,1.0175611357295216,FALSE,FALSE,1
133,Rice (white),368,Colombo City,Western,Colombo,2008-11-01,61.69,0.22745735174654846,0.22745735174654846,FALSE,FALSE,1
133,Rice (white),368,Colombo City,Western,Colombo,2008-12-01,63.94,3.6472686010698654,3.6472686010698654,FALSE,FALSE,1
133,Rice (white),368,Colombo City,Western,Colombo,2009-01-01,64.62,1.0634970284641958,1.0634970284641958,FALSE,FALSE,1
133,Rice (white),368,Colombo City,Western,Colombo,2009-02-01,65,0.5880532342927816,0.5880532342927816,FALSE,FALSE,1
133,Rice (white),368,Colombo City,Western,Colombo,2009-03-01,61.01,-6.1384615384615415,6.1384615384615415,FALSE,FALSE,1
133,Rice (white),368,Colombo City,Western,Colombo,2009-04-01,57.72,-5.392558596951318,5.392558596951318,FALSE,FALSE,1
133,Rice (white),368,Colombo City,Western,Colombo,2009-05-01,60.06,4.05405405405406,4.05405405405406,FALSE,FALSE,1
133,Rice (white),368,Colombo City,Western,Colombo,2009-06-01,62.11,3.4132534132534085,3.4132534132534085,FALSE,FALSE,1
133,Rice (white),368,Colombo City,Western,Colombo,2009-07-01,60.92,-1.9159555627113152,1.9159555627113152,FALSE,FALSE,1
133,Rice (white),368,Colombo City,Western,Colombo,2009-08-01,61.11,0.31188443860800674,0.31188443860800674,FALSE,FALSE,1
133,Rice (white),368,Colombo City,Western,Colombo,2009-09-01,60.55,-0.9163802978236004,0.9163802978236004,FALSE,FALSE,1
133,Rice (white),368,Colombo City,Western,Colombo,2009-10-01,61.52,1.601981833195716,1.601981833195716,FALSE,FALSE,1
133,Rice (white),368,Colombo City,Western,Colombo,2009-11-01,62.56,1.6905071521456423,1.6905071521456423,FALSE,FALSE,1
133,Rice (white),368,Colombo City,Western,Colombo,2009-12-01,63.19,1.007033248081834,1.007033248081834,FALSE,FALSE,1
133,Rice (white),368,Colombo City,Western,Colombo,2010-01-01,65.93,4.3361291343567165,4.3361291343567165,FALSE,FALSE,1
133,Rice (white),368,Colombo City,Western,Colombo,2010-02-01,62.2,-5.657515546792058,5.657515546792058,FALSE,FALSE,1
133,Rice (white),368,Colombo City,Western,Colombo,2010-03-01,52.77,-15.160771704180062,15.160771704180062,FALSE,FALSE,1
133,Rice (white),368,Colombo City,Western,Colombo,2010-04-01,52.09,-1.2886109531931014,1.2886109531931014,FALSE,FALSE,1
133,Rice (white),368,Colombo City,Western,Colombo,2010-05-01,52.15,0.11518525628718597,0.11518525628718597,FALSE,FALSE,1
133,Rice (white),368,Colombo City,Western,Colombo,2010-06-01,51.81,-0.6519654841802421,0.6519654841802421,FALSE,FALSE,1
133,Rice (white),368,Colombo City,Western,Colombo,2010-07-01,49.45,-4.555105192047866,4.555105192047866,FALSE,FALSE,1
133,Rice (white),368,Colombo City,Western,Colombo,2010-08-01,47.38,-4.186046511627907,4.186046511627907,FALSE,FALSE,1
133,Rice (white),368,Colombo City,Western,Colombo,2010-09-01,48.45,2.2583368509919803,2.2583368509919803,FALSE,FALSE,1
133,Rice (white),368,Colombo City,Western,Colombo,2010-10-01,53.3,10.010319917440649,10.010319917440649,FALSE,FALSE,1
133,Rice (white),368,Colombo City,Western,Colombo,2010-11-01,56.62,6.228893058161352,6.228893058161352,FALSE,FALSE,1
133,Rice (white),368,Colombo City,Western,Colombo,2010-12-01,57.89,2.243023666548928,2.243023666548928,FALSE,FALSE,1
133,Rice (white),368,Colombo City,Western,Colombo,2011-01-01,56.52,-2.366557263776123,2.366557263776123,FALSE,FALSE,1
133,Rice (white),368,Colombo City,Western,Colombo,2011-02-01,59.18,4.706298655343235,4.706298655343235,FALSE,FALSE,1
133,Rice (white),368,Colombo City,Western,Colombo,2011-03-01,59.23,0.08448800270361129,0.08448800270361129,FALSE,FALSE,1
133,Rice (white),368,Colombo City,Western,Colombo,2011-04-01,58.09,-1.924700320783376,1.924700320783376,FALSE,FALSE,1
133,Rice (white),368,Colombo City,Western,Colombo,2011-05-01,58.24,0.2582200034429309,0.2582200034429309,FALSE,FALSE,1
133,Rice (white),368,Colombo City,Western,Colombo,2011-06-01,57.44,-1.373626373626381,1.373626373626381,FALSE,FALSE,1
133,Rice (white),368,Colombo City,Western,Colombo,2011-07-01,56.42,-1.7757660167130853,1.7757660167130853,FALSE,FALSE,1
133,Rice (white),368,Colombo City,Western,Colombo,2011-08-01,54.91,-2.676355902162363,2.676355902162363,FALSE,FALSE,1
133,Rice (white),368,Colombo City,Western,Colombo,2011-09-01,52.16,-5.0081952285558184,5.0081952285558184,FALSE,FALSE,1
133,Rice (white),368,Colombo City,Western,Colombo,2011-10-01,54.27,4.045245398773019,4.045245398773019,FALSE,FALSE,1
133,Rice (white),368,Colombo City,Western,Colombo,2011-11-01,56,3.187764879307162,3.187764879307162,FALSE,FALSE,1
133,Rice (white),368,Colombo City,Western,Colombo,2011-12-01,58.06,3.6785714285714324,3.6785714285714324,FALSE,FALSE,1
133,Rice (white),368,Colombo City,Western,Colombo,2012-01-01,57.95,-0.18945918015845578,0.18945918015845578,FALSE,FALSE,1
133,Rice (white),368,Colombo City,Western,Colombo,2012-02-01,55.49,-4.245038826574635,4.245038826574635,FALSE,FALSE,1
133,Rice (white),368,Colombo City,Western,Colombo,2012-03-01,54.24,-2.2526581366011893,2.2526581366011893,FALSE,FALSE,1
133,Rice (white),368,Colombo City,Western,Colombo,2012-04-01,52.39,-3.4107669616519196,3.4107669616519196,FALSE,FALSE,1
133,Rice (white),368,Colombo City,Western,Colombo,2012-05-01,51.87,-0.9925558312655146,0.9925558312655146,FALSE,FALSE,1
133,Rice (white),368,Colombo City,Western,Colombo,2012-06-01,52.42,1.0603431656063318,1.0603431656063318,FALSE,FALSE,1
133,Rice (white),368,Colombo City,Western,Colombo,2012-07-01,56.89,8.527279664250283,8.527279664250283,FALSE,FALSE,1
133,Rice (white),368,Colombo City,Western,Colombo,2012-08-01,56.33,-0.9843557743012871,0.9843557743012871,FALSE,FALSE,1
133,Rice (white),368,Colombo City,Western,Colombo,2012-09-01,58.37,3.621516066039409,3.621516066039409,FALSE,FALSE,1
133,Rice (white),368,Colombo City,Western,Colombo,2012-10-01,59.22,1.4562275141339753,1.4562275141339753,FALSE,FALSE,1
133,Rice (white),368,Colombo City,Western,Colombo,2012-11-01,59.82,1.013171225937186,1.013171225937186,FALSE,FALSE,1
133,Rice (white),368,Colombo City,Western,Colombo,2012-12-01,60.58,1.270478100969572,1.270478100969572,FALSE,FALSE,1
133,Rice (white),368,Colombo City,Western,Colombo,2013-01-01,60.98,0.6602839220864949,0.6602839220864949,FALSE,FALSE,1
133,Rice (white),368,Colombo City,Western,Colombo,2013-02-01,60.46,-0.8527386028205904,0.8527386028205904,FALSE,FALSE,1
133,Rice (white),368,Colombo City,Western,Colombo,2013-03-01,58.91,-2.5636784651009004,2.5636784651009004,FALSE,FALSE,1
133,Rice (white),368,Colombo City,Western,Colombo,2013-04-01,58.19,-1.222203361059241,1.222203361059241,FALSE,FALSE,1
133,Rice (white),368,Colombo City,Western,Colombo,2013-05-01,59.48,2.2168757518473954,2.2168757518473954,FALSE,FALSE,1
133,Rice (white),368,Colombo City,Western,Colombo,2013-06-01,59.52,0.0672494956287933,0.0672494956287933,FALSE,FALSE,1
133,Rice (white),368,Colombo City,Western,Colombo,2013-07-01,58.88,-1.0752688172043021,1.0752688172043021,FALSE,FALSE,1
133,Rice (white),368,Colombo City,Western,Colombo,2013-08-01,57.79,-1.8512228260869623,1.8512228260869623,FALSE,FALSE,1
133,Rice (white),368,Colombo City,Western,Colombo,2013-09-01,57.85,0.10382419103651544,0.10382419103651544,FALSE,FALSE,1
133,Rice (white),368,Colombo City,Western,Colombo,2013-10-01,59.38,2.644770959377703,2.644770959377703,FALSE,FALSE,1
133,Rice (white),368,Colombo City,Western,Colombo,2013-11-01,59.49,0.18524755810036952,0.18524755810036952,FALSE,FALSE,1
133,Rice (white),368,Colombo City,Western,Colombo,2013-12-01,60.44,1.5969070432005308,1.5969070432005308,FALSE,FALSE,1
133,Rice (white),368,Colombo City,Western,Colombo,2014-01-01,64.89,7.3626737260092705,7.3626737260092705,FALSE,FALSE,1
133,Rice (white),368,Colombo City,Western,Colombo,2014-02-01,67.18,3.5290491601171308,3.5290491601171308,FALSE,FALSE,1
133,Rice (white),368,Colombo City,Western,Colombo,2014-03-01,67.58,0.5954153021732531,0.5954153021732531,FALSE,FALSE,1
133,Rice (white),368,Colombo City,Western,Colombo,2014-04-01,69.91,3.44776561112755,3.44776561112755,FALSE,FALSE,1
133,Rice (white),368,Colombo City,Western,Colombo,2014-05-01,67.61,-3.2899442139894113,3.2899442139894113,FALSE,FALSE,1
133,Rice (white),368,Colombo City,Western,Colombo,2014-06-01,68.44,1.2276290489572523,1.2276290489572523,FALSE,FALSE,1
133,Rice (white),368,Colombo City,Western,Colombo,2014-07-01,68.68,0.3506721215663488,0.3506721215663488,FALSE,FALSE,1
133,Rice (white),368,Colombo City,Western,Colombo,2014-08-01,72.9,6.144437973209083,6.144437973209083,FALSE,FALSE,1
133,Rice (white),368,Colombo City,Western,Colombo,2014-09-01,78.56,7.764060356652943,7.764060356652943,FALSE,FALSE,1
133,Rice (white),368,Colombo City,Western,Colombo,2014-10-01,78.78,0.28004073319755457,0.28004073319755457,FALSE,FALSE,1
133,Rice (white),368,Colombo City,Western,Colombo,2014-11-01,78.67,-0.1396293475501389,0.1396293475501389,FALSE,FALSE,1
133,Rice (white),368,Colombo City,Western,Colombo,2014-12-01,78.19,-0.6101436379814466,0.6101436379814466,FALSE,FALSE,1
133,Rice (white),368,Colombo City,Western,Colombo,2015-01-01,76.17,-2.5834505691264815,2.5834505691264815,FALSE,FALSE,1
133,Rice (white),368,Colombo City,Western,Colombo,2015-02-01,75.53,-0.8402258106866227,0.8402258106866227,FALSE,FALSE,1
133,Rice (white),368,Colombo City,Western,Colombo,2015-03-01,73.41,-2.8068317224943793,2.8068317224943793,FALSE,FALSE,1
133,Rice (white),368,Colombo City,Western,Colombo,2015-04-01,70.12,-4.481678245470634,4.481678245470634,FALSE,FALSE,1
133,Rice (white),368,Colombo City,Western,Colombo,2015-05-01,70.24,0.17113519680546252,0.17113519680546252,FALSE,FALSE,1
133,Rice (white),368,Colombo City,Western,Colombo,2015-06-01,70.11,-0.18507972665147418,0.18507972665147418,FALSE,FALSE,1
133,Rice (white),368,Colombo City,Western,Colombo,2015-07-01,68.64,-2.09670517757809,2.09670517757809,FALSE,FALSE,1
133,Rice (white),368,Colombo City,Western,Colombo,2015-08-01,64.88,-5.477855477855485,5.477855477855485,FALSE,FALSE,1
133,Rice (white),368,Colombo City,Western,Colombo,2015-09-01,63.76,-1.7262638717632512,1.7262638717632512,FALSE,FALSE,1
133,Rice (white),368,Colombo City,Western,Colombo,2015-10-01,64.8,1.6311166875784175,1.6311166875784175,FALSE,FALSE,1
133,Rice (white),368,Colombo City,Western,Colombo,2015-11-01,66.47,2.5771604938271633,2.5771604938271633,FALSE,FALSE,1
133,Rice (white),368,Colombo City,Western,Colombo,2015-12-01,70.58,6.18324055965097,6.18324055965097,FALSE,FALSE,1
133,Rice (white),368,Colombo City,Western,Colombo,2016-01-01,72.65,2.932842164919251,2.932842164919251,FALSE,FALSE,1
133,Rice (white),368,Colombo City,Western,Colombo,2016-02-01,69.49,-4.3496214728148805,4.3496214728148805,FALSE,FALSE,1
133,Rice (white),368,Colombo City,Western,Colombo,2016-03-01,64.86,-6.662829184055254,6.662829184055254,FALSE,FALSE,1
133,Rice (white),368,Colombo City,Western,Colombo,2016-04-01,67.04,3.3610854147394496,3.3610854147394496,FALSE,FALSE,1
133,Rice (white),368,Colombo City,Western,Colombo,2016-05-01,69.48,3.6396181384248174,3.6396181384248174,FALSE,FALSE,1
133,Rice (white),368,Colombo City,Western,Colombo,2016-06-01,70.73,1.7990788716177315,1.7990788716177315,FALSE,FALSE,1
133,Rice (white),368,Colombo City,Western,Colombo,2016-07-01,70.56,-0.24035062915311992,0.24035062915311992,FALSE,FALSE,1
133,Rice (white),368,Colombo City,Western,Colombo,2016-08-01,69.67,-1.2613378684807264,1.2613378684807264,FALSE,FALSE,1
133,Rice (white),368,Colombo City,Western,Colombo,2016-09-01,70.15,0.6889622506100244,0.6889622506100244,FALSE,FALSE,1
133,Rice (white),368,Colombo City,Western,Colombo,2016-10-01,74.05,5.559515324305048,5.559515324305048,FALSE,FALSE,1
133,Rice (white),368,Colombo City,Western,Colombo,2016-11-01,78.19,5.590817015530048,5.590817015530048,FALSE,FALSE,1
133,Rice (white),368,Colombo City,Western,Colombo,2016-12-01,88.56,13.26256554546618,13.26256554546618,FALSE,FALSE,1
133,Rice (white),368,Colombo City,Western,Colombo,2017-01-01,93.32,5.374887082204145,5.374887082204145,FALSE,FALSE,1
133,Rice (white),368,Colombo City,Western,Colombo,2017-02-01,88.06,-5.636519502786103,5.636519502786103,FALSE,FALSE,1
133,Rice (white),368,Colombo City,Western,Colombo,2017-03-01,76.61,-13.002498296615947,13.002498296615947,FALSE,FALSE,1
133,Rice (white),368,Colombo City,Western,Colombo,2017-04-01,77.38,1.0050907192272498,1.0050907192272498,FALSE,FALSE,1
133,Rice (white),368,Colombo City,Western,Colombo,2017-05-01,79.72,3.024037218919622,3.024037218919622,FALSE,FALSE,1
133,Rice (white),368,Colombo City,Western,Colombo,2017-06-01,82.89,3.9764174611139005,3.9764174611139005,FALSE,FALSE,1
133,Rice (white),368,Colombo City,Western,Colombo,2017-07-01,83.83,1.1340330558571574,1.1340330558571574,FALSE,FALSE,1
133,Rice (white),368,Colombo City,Western,Colombo,2017-08-01,82.65,-1.4076106405821216,1.4076106405821216,FALSE,FALSE,1
133,Rice (white),368,Colombo City,Western,Colombo,2017-09-01,83.42,0.9316394434361717,0.9316394434361717,FALSE,FALSE,1
133,Rice (white),368,Colombo City,Western,Colombo,2017-10-01,84.87,1.7381922800287732,1.7381922800287732,FALSE,FALSE,1
133,Rice (white),368,Colombo City,Western,Colombo,2017-11-01,85.02,0.176740897843751,0.176740897843751,FALSE,FALSE,1
133,Rice (white),368,Colombo City,Western,Colombo,2017-12-01,85.89,1.0232886379675425,1.0232886379675425,FALSE,FALSE,1
133,Rice (white),368,Colombo City,Western,Colombo,2018-01-01,86.71,0.954709512166717,0.954709512166717,FALSE,FALSE,1
133,Rice (white),368,Colombo City,Western,Colombo,2018-02-01,81.06,-6.51597278283934,6.51597278283934,FALSE,FALSE,1
133,Rice (white),368,Colombo City,Western,Colombo,2018-03-01,81.59,0.6538366641993599,0.6538366641993599,FALSE,FALSE,1
133,Rice (white),368,Colombo City,Western,Colombo,2018-04-01,82.42,1.0172815295992135,1.0172815295992135,FALSE,FALSE,1
133,Rice (white),368,Colombo City,Western,Colombo,2018-05-01,82.12,-0.3639893229798558,0.3639893229798558,FALSE,FALSE,1
133,Rice (white),368,Colombo City,Western,Colombo,2018-06-01,83.78,2.02143205065757,2.02143205065757,FALSE,FALSE,1
133,Rice (white),368,Colombo City,Western,Colombo,2018-07-01,81.85,-2.3036524230126605,2.3036524230126605,FALSE,FALSE,1
133,Rice (white),368,Colombo City,Western,Colombo,2018-08-01,79.65,-2.6878436163713975,2.6878436163713975,FALSE,FALSE,1
133,Rice (white),368,Colombo City,Western,Colombo,2018-09-01,82.07,3.0382925298179373,3.0382925298179373,FALSE,FALSE,1
133,Rice (white),368,Colombo City,Western,Colombo,2018-10-01,84.17,2.5587912757402322,2.5587912757402322,FALSE,FALSE,1
133,Rice (white),368,Colombo City,Western,Colombo,2018-11-01,86.63,2.922656528454311,2.922656528454311,FALSE,FALSE,1
133,Rice (white),368,Colombo City,Western,Colombo,2018-12-01,88.16,1.7661318250028872,1.7661318250028872,FALSE,FALSE,1
133,Rice (white),368,Colombo City,Western,Colombo,2019-01-01,89.71,1.758166969147002,1.758166969147002,FALSE,FALSE,1
133,Rice (white),368,Colombo City,Western,Colombo,2019-02-01,87.29,-2.6975810946382652,2.6975810946382652,FALSE,FALSE,1
133,Rice (white),368,Colombo City,Western,Colombo,2019-03-01,84.13,-3.6201168518730786,3.6201168518730786,FALSE,FALSE,1
133,Rice (white),368,Colombo City,Western,Colombo,2019-04-01,81.89,-2.662546059669553,2.662546059669553,FALSE,FALSE,1
133,Rice (white),368,Colombo City,Western,Colombo,2019-05-01,85.42,4.310660642325072,4.310660642325072,FALSE,FALSE,1
133,Rice (white),368,Colombo City,Western,Colombo,2019-06-01,86.4,1.1472723015687238,1.1472723015687238,FALSE,FALSE,1
133,Rice (white),368,Colombo City,Western,Colombo,2019-07-01,86.22,-0.20833333333334123,0.20833333333334123,FALSE,FALSE,1
133,Rice (white),368,Colombo City,Western,Colombo,2019-08-01,86.54,0.37114358617491,0.37114358617491,FALSE,FALSE,1
133,Rice (white),368,Colombo City,Western,Colombo,2019-09-01,88.09,1.7910792697018685,1.7910792697018685,FALSE,FALSE,1
133,Rice (white),368,Colombo City,Western,Colombo,2019-10-01,92.44,4.938131456464973,4.938131456464973,FALSE,FALSE,1
133,Rice (white),368,Colombo City,Western,Colombo,2019-11-01,98.22,6.252704456945047,6.252704456945047,FALSE,FALSE,1
133,Rice (white),368,Colombo City,Western,Colombo,2019-12-01,105.55,7.4628385257585,7.4628385257585,FALSE,FALSE,1
133,Rice (white),368,Colombo City,Western,Colombo,2020-01-01,106.35,0.7579346281383204,0.7579346281383204,FALSE,FALSE,1
133,Rice (white),368,Colombo City,Western,Colombo,2020-02-01,101.82,-4.259520451339917,4.259520451339917,FALSE,FALSE,1
133,Rice (white),368,Colombo City,Western,Colombo,2020-03-01,100.13,-1.6597917894323293,1.6597917894323293,FALSE,FALSE,1
133,Rice (white),368,Colombo City,Western,Colombo,2020-04-01,98.13,-1.997403375611705,1.997403375611705,FALSE,FALSE,1
133,Rice (white),368,Colombo City,Western,Colombo,2020-05-01,100.67,2.588403138693576,2.588403138693576,FALSE,FALSE,1
133,Rice (white),368,Colombo City,Western,Colombo,2020-06-01,97.8,-2.8508989768550754,2.8508989768550754,FALSE,FALSE,1
133,Rice (white),368,Colombo City,Western,Colombo,2020-07-01,97.89,0.0920245398773041,0.0920245398773041,FALSE,FALSE,1
133,Rice (white),368,Colombo City,Western,Colombo,2020-08-01,96.27,-1.6549187863928945,1.6549187863928945,FALSE,FALSE,1
133,Rice (white),368,Colombo City,Western,Colombo,2020-09-01,96.75,0.49859769398566944,0.49859769398566944,FALSE,FALSE,1
133,Rice (white),368,Colombo City,Western,Colombo,2020-10-01,98.42,1.726098191214472,1.726098191214472,FALSE,FALSE,1
133,Rice (white),368,Colombo City,Western,Colombo,2020-11-01,98.34,-0.08128429181060587,0.08128429181060587,FALSE,FALSE,1
133,Rice (white),368,Colombo City,Western,Colombo,2020-12-01,101.5,3.2133414683750217,3.2133414683750217,FALSE,FALSE,1
133,Rice (white),368,Colombo City,Western,Colombo,2021-01-01,104.08,2.5418719211822642,2.5418719211822642,FALSE,FALSE,1
133,Rice (white),368,Colombo City,Western,Colombo,2021-02-01,102.61,-1.4123750960799375,1.4123750960799375,FALSE,FALSE,1
133,Rice (white),368,Colombo City,Western,Colombo,2021-03-01,102.71,0.09745638826624531,0.09745638826624531,FALSE,FALSE,1
133,Rice (white),368,Colombo City,Western,Colombo,2021-04-01,102.96,0.2434037581540259,0.2434037581540259,FALSE,FALSE,1
133,Rice (white),368,Colombo City,Western,Colombo,2021-05-01,111.12,7.925407925407936,7.925407925407936,FALSE,FALSE,1
133,Rice (white),368,Colombo City,Western,Colombo,2021-06-01,113.69,2.3128149748020093,2.3128149748020093,FALSE,FALSE,1
133,Rice (white),368,Colombo City,Western,Colombo,2021-07-01,112,-1.4864983727680514,1.4864983727680514,FALSE,FALSE,1
133,Rice (white),368,Colombo City,Western,Colombo,2021-08-01,107,-4.464285714285714,4.464285714285714,FALSE,FALSE,1
133,Rice (white),368,Colombo City,Western,Colombo,2021-09-01,103,-3.7383177570093453,3.7383177570093453,FALSE,FALSE,1
133,Rice (white),368,Colombo City,Western,Colombo,2021-10-01,114,10.679611650485436,10.679611650485436,FALSE,FALSE,1
133,Rice (white),368,Colombo City,Western,Colombo,2021-11-01,132,15.789473684210526,15.789473684210526,FALSE,FALSE,1
133,Rice (white),368,Colombo City,Western,Colombo,2021-12-01,131.66,-0.2575757575757601,0.2575757575757601,FALSE,FALSE,1
133,Rice (white),368,Colombo City,Western,Colombo,2022-01-01,158.48,20.370651678566,20.370651678566,FALSE,FALSE,1
133,Rice (white),368,Colombo City,Western,Colombo,2022-02-01,161.51,1.9119131751640595,1.9119131751640595,FALSE,FALSE,1
133,Rice (white),368,Colombo City,Western,Colombo,2022-03-01,169.24,4.786081357191517,4.786081357191517,FALSE,FALSE,1
133,Rice (white),368,Colombo City,Western,Colombo,2022-04-01,206.17,21.821082486409818,21.821082486409818,FALSE,FALSE,1
133,Rice (white),368,Colombo City,Western,Colombo,2022-05-01,216.26,4.894019498472137,4.894019498472137,FALSE,FALSE,1
133,Rice (white),368,Colombo City,Western,Colombo,2022-06-01,227.52,5.206695644132073,5.206695644132073,FALSE,FALSE,1
133,Rice (white),368,Colombo City,Western,Colombo,2022-07-01,NA,NA,NA,FALSE,TRUE,NA
133,Rice (white),368,Colombo City,Western,Colombo,2022-08-01,NA,NA,NA,FALSE,TRUE,NA
133,Rice (white),368,Colombo City,Western,Colombo,2022-09-01,NA,NA,NA,FALSE,TRUE,NA
133,Rice (white),368,Colombo City,Western,Colombo,2022-10-01,NA,NA,NA,FALSE,TRUE,NA
133,Rice (white),368,Colombo City,Western,Colombo,2022-11-01,NA,NA,NA,FALSE,TRUE,NA
133,Rice (white),368,Colombo City,Western,Colombo,2022-12-01,NA,NA,NA,FALSE,TRUE,NA
133,Rice (white),368,Colombo City,Western,Colombo,2023-01-01,NA,NA,NA,FALSE,TRUE,NA
133,Rice (white),368,Colombo City,Western,Colombo,2023-02-01,NA,NA,NA,FALSE,TRUE,NA
133,Rice (white),368,Colombo City,Western,Colombo,2023-03-01,NA,NA,NA,FALSE,TRUE,NA
133,Rice (white),368,Colombo City,Western,Colombo,2023-04-01,NA,NA,NA,FALSE,TRUE,NA
133,Rice (white),368,Colombo City,Western,Colombo,2023-05-01,NA,NA,NA,FALSE,TRUE,NA
133,Rice (white),368,Colombo City,Western,Colombo,2023-06-01,230.16,NA,NA,FALSE,FALSE,1
133,Rice (white),368,Colombo City,Western,Colombo,2023-07-01,226.96,-1.3903371567605094,1.3903371567605094,FALSE,FALSE,1
133,Rice (white),368,Colombo City,Western,Colombo,2023-08-01,230.9,1.7359887204793787,1.7359887204793787,FALSE,FALSE,1
133,Rice (white),368,Colombo City,Western,Colombo,2023-09-01,235.32,1.9142485924642647,1.9142485924642647,FALSE,FALSE,1
133,Rice (white),368,Colombo City,Western,Colombo,2023-10-01,235.2,-0.050994390617034056,0.050994390617034056,FALSE,FALSE,1
133,Rice (white),368,Colombo City,Western,Colombo,2023-11-01,235.27,0.029761904761913947,0.029761904761913947,FALSE,FALSE,1
133,Rice (white),368,Colombo City,Western,Colombo,2023-12-01,247.58,5.2322863093467085,5.2322863093467085,FALSE,FALSE,1
133,Rice (white),368,Colombo City,Western,Colombo,2024-01-01,253.23,2.2820906373697296,2.2820906373697296,FALSE,FALSE,1
133,Rice (white),368,Colombo City,Western,Colombo,2024-02-01,251.06,-0.8569284839868845,0.8569284839868845,FALSE,FALSE,1
133,Rice (white),368,Colombo City,Western,Colombo,2024-03-01,251.88,0.3266151517565495,0.3266151517565495,FALSE,FALSE,1
133,Rice (white),368,Colombo City,Western,Colombo,2024-04-01,253.08,0.4764173415912407,0.4764173415912407,FALSE,FALSE,1
133,Rice (white),368,Colombo City,Western,Colombo,2024-05-01,252.21,-0.34376481744902976,0.34376481744902976,FALSE,FALSE,1
133,Rice (white),368,Colombo City,Western,Colombo,2024-06-01,251.44,-0.3053011379406091,0.3053011379406091,FALSE,FALSE,1
133,Rice (white),368,Colombo City,Western,Colombo,2024-07-01,251.51,0.027839643652558536,0.027839643652558536,FALSE,FALSE,1
133,Rice (white),368,Colombo City,Western,Colombo,2024-08-01,248.69,-1.121227784183529,1.121227784183529,FALSE,FALSE,1
133,Rice (white),368,Colombo City,Western,Colombo,2024-09-01,246.65,-0.8202983634243403,0.8202983634243403,FALSE,FALSE,1
133,Rice (white),368,Colombo City,Western,Colombo,2024-10-01,245.36,-0.5230083113723868,0.5230083113723868,FALSE,FALSE,1
133,Rice (white),368,Colombo City,Western,Colombo,2024-11-01,244.29,-0.436093902836657,0.436093902836657,FALSE,FALSE,1
133,Rice (white),368,Colombo City,Western,Colombo,2024-12-01,252.15,3.2174874125015407,3.2174874125015407,FALSE,FALSE,1
133,Rice (white),368,Colombo City,Western,Colombo,2025-01-01,253.69,0.6107475708903399,0.6107475708903399,FALSE,FALSE,1
133,Rice (white),368,Colombo City,Western,Colombo,2025-02-01,248.46,-2.061571208955808,2.061571208955808,FALSE,FALSE,1
133,Rice (white),368,Colombo City,Western,Colombo,2025-03-01,250.72,0.9096031554374914,0.9096031554374914,FALSE,FALSE,1
133,Rice (white),368,Colombo City,Western,Colombo,2025-04-01,250.32,-0.15954052329291865,0.15954052329291865,FALSE,FALSE,1
133,Rice (white),368,Colombo City,Western,Colombo,2025-05-01,248.27,-0.818951741770527,0.818951741770527,FALSE,FALSE,1
133,Rice (white),368,Colombo City,Western,Colombo,2025-06-01,254.02,2.3160269061908405,2.3160269061908405,FALSE,FALSE,1
133,Rice (white),368,Colombo City,Western,Colombo,2025-07-01,250.62,-1.3384772852531317,1.3384772852531317,FALSE,FALSE,1
133,Rice (white),368,Colombo City,Western,Colombo,2025-08-01,244.95,-2.262389274599001,2.262389274599001,FALSE,FALSE,1
133,Rice (white),368,Colombo City,Western,Colombo,2025-09-01,250.93,2.441314553990618,2.441314553990618,FALSE,FALSE,1
133,Rice (white),1888,Polonnaruwa,North Central,Polonnaruwa,2023-06-01,229.6,NA,NA,FALSE,FALSE,1
133,Rice (white),1888,Polonnaruwa,North Central,Polonnaruwa,2023-07-01,229.48,-0.05226480836237132,0.05226480836237132,FALSE,FALSE,1
133,Rice (white),1888,Polonnaruwa,North Central,Polonnaruwa,2023-08-01,229.4,-0.034861425832309605,0.034861425832309605,FALSE,FALSE,1
133,Rice (white),1888,Polonnaruwa,North Central,Polonnaruwa,2023-09-01,229.4,0,0,FALSE,FALSE,1
133,Rice (white),1888,Polonnaruwa,North Central,Polonnaruwa,2023-10-01,229.4,0,0,FALSE,FALSE,1
133,Rice (white),1888,Polonnaruwa,North Central,Polonnaruwa,2023-11-01,229.4,0,0,FALSE,FALSE,1
133,Rice (white),1888,Polonnaruwa,North Central,Polonnaruwa,2023-12-01,230.93,0.6669572798605061,0.6669572798605061,FALSE,FALSE,1
133,Rice (white),1888,Polonnaruwa,North Central,Polonnaruwa,2024-01-01,242.9,5.183388905729008,5.183388905729008,FALSE,FALSE,1
133,Rice (white),1888,Polonnaruwa,North Central,Polonnaruwa,2024-02-01,253.25,4.261012762453682,4.261012762453682,FALSE,FALSE,1
133,Rice (white),1888,Polonnaruwa,North Central,Polonnaruwa,2024-03-01,253.25,0,0,FALSE,FALSE,1
133,Rice (white),1888,Polonnaruwa,North Central,Polonnaruwa,2024-04-01,255.25,0.7897334649555774,0.7897334649555774,FALSE,FALSE,1
133,Rice (white),1888,Polonnaruwa,North Central,Polonnaruwa,2024-05-01,255.75,0.1958863858961802,0.1958863858961802,FALSE,FALSE,1
133,Rice (white),1888,Polonnaruwa,North Central,Polonnaruwa,2024-06-01,NA,NA,NA,FALSE,TRUE,NA
133,Rice (white),1888,Polonnaruwa,North Central,Polonnaruwa,2024-07-01,NA,NA,NA,FALSE,TRUE,NA
133,Rice (white),1888,Polonnaruwa,North Central,Polonnaruwa,2024-08-01,258.75,NA,NA,FALSE,FALSE,1
133,Rice (white),1888,Polonnaruwa,North Central,Polonnaruwa,2024-09-01,236.25,-8.695652173913043,8.695652173913043,FALSE,FALSE,1
133,Rice (white),1888,Polonnaruwa,North Central,Polonnaruwa,2024-10-01,235.21,-0.44021164021163683,0.44021164021163683,FALSE,FALSE,1
133,Rice (white),1888,Polonnaruwa,North Central,Polonnaruwa,2024-11-01,242.71,3.188639938778113,3.188639938778113,FALSE,FALSE,1
133,Rice (white),1888,Polonnaruwa,North Central,Polonnaruwa,2024-12-01,241.53,-0.4861769189567825,0.4861769189567825,FALSE,FALSE,1
133,Rice (white),1888,Polonnaruwa,North Central,Polonnaruwa,2025-01-01,245,1.4366745331842832,1.4366745331842832,FALSE,FALSE,1
133,Rice (white),1888,Polonnaruwa,North Central,Polonnaruwa,2025-02-01,240,-2.0408163265306123,2.0408163265306123,FALSE,FALSE,1
133,Rice (white),1888,Polonnaruwa,North Central,Polonnaruwa,2025-03-01,240,0,0,FALSE,FALSE,1
133,Rice (white),1888,Polonnaruwa,North Central,Polonnaruwa,2025-04-01,240,0,0,FALSE,FALSE,1
133,Rice (white),1888,Polonnaruwa,North Central,Polonnaruwa,2025-05-01,240,0,0,FALSE,FALSE,1
133,Rice (white),1888,Polonnaruwa,North Central,Polonnaruwa,2025-06-01,251.5,4.791666666666667,4.791666666666667,FALSE,FALSE,1
133,Rice (white),1888,Polonnaruwa,North Central,Polonnaruwa,2025-07-01,257.5,2.3856858846918487,2.3856858846918487,FALSE,FALSE,1
133,Rice (white),1888,Polonnaruwa,North Central,Polonnaruwa,2025-08-01,249.58,-3.075728155339801,3.075728155339801,FALSE,FALSE,1
133,Rice (white),1888,Polonnaruwa,North Central,Polonnaruwa,2025-09-01,256.25,2.672489782835158,2.672489782835158,FALSE,FALSE,1
133,Rice (white),1889,Monaragala,Uva,Moneragala,2023-06-01,230,NA,NA,FALSE,FALSE,1
133,Rice (white),1889,Monaragala,Uva,Moneragala,2023-07-01,230,0,0,FALSE,FALSE,1
133,Rice (white),1889,Monaragala,Uva,Moneragala,2023-08-01,229.25,-0.32608695652173914,0.32608695652173914,FALSE,FALSE,1
133,Rice (white),1889,Monaragala,Uva,Moneragala,2023-09-01,230,0.3271537622682661,0.3271537622682661,FALSE,FALSE,1
133,Rice (white),1889,Monaragala,Uva,Moneragala,2023-10-01,230,0,0,FALSE,FALSE,1
133,Rice (white),1889,Monaragala,Uva,Moneragala,2023-11-01,231,0.43478260869565216,0.43478260869565216,FALSE,FALSE,1
133,Rice (white),1889,Monaragala,Uva,Moneragala,2023-12-01,234,1.2987012987012987,1.2987012987012987,FALSE,FALSE,1
133,Rice (white),1889,Monaragala,Uva,Moneragala,2024-01-01,239.4,2.30769230769231,2.30769230769231,FALSE,FALSE,1
133,Rice (white),1889,Monaragala,Uva,Moneragala,2024-02-01,249,4.01002506265664,4.01002506265664,FALSE,FALSE,1
133,Rice (white),1889,Monaragala,Uva,Moneragala,2024-03-01,258.5,3.815261044176707,3.815261044176707,FALSE,FALSE,1
133,Rice (white),1889,Monaragala,Uva,Moneragala,2024-04-01,257.6,-0.34816247582204146,0.34816247582204146,FALSE,FALSE,1
133,Rice (white),1889,Monaragala,Uva,Moneragala,2024-05-01,264.75,2.7756211180124133,2.7756211180124133,FALSE,FALSE,1
133,Rice (white),1889,Monaragala,Uva,Moneragala,2024-06-01,263.12,-0.6156751652502344,0.6156751652502344,FALSE,FALSE,1
133,Rice (white),1889,Monaragala,Uva,Moneragala,2024-07-01,263.5,0.1444207965947079,0.1444207965947079,FALSE,FALSE,1
133,Rice (white),1889,Monaragala,Uva,Moneragala,2024-08-01,256.67,-2.5920303605313033,2.5920303605313033,FALSE,FALSE,1
133,Rice (white),1889,Monaragala,Uva,Moneragala,2024-09-01,251.04,-2.193478006779142,2.193478006779142,FALSE,FALSE,1
133,Rice (white),1889,Monaragala,Uva,Moneragala,2024-10-01,NA,NA,NA,FALSE,TRUE,NA
133,Rice (white),1889,Monaragala,Uva,Moneragala,2024-11-01,245,NA,NA,FALSE,FALSE,1
133,Rice (white),1889,Monaragala,Uva,Moneragala,2024-12-01,244,-0.40816326530612246,0.40816326530612246,FALSE,FALSE,1
133,Rice (white),1889,Monaragala,Uva,Moneragala,2025-01-01,242.92,-0.44262295081967723,0.44262295081967723,FALSE,FALSE,1
133,Rice (white),1889,Monaragala,Uva,Moneragala,2025-02-01,240,-1.202041824468956,1.202041824468956,FALSE,FALSE,1
133,Rice (white),1889,Monaragala,Uva,Moneragala,2025-03-01,243.96,1.6500000000000032,1.6500000000000032,FALSE,FALSE,1
133,Rice (white),1889,Monaragala,Uva,Moneragala,2025-04-01,243.33,-0.25823905558288057,0.25823905558288057,FALSE,FALSE,1
133,Rice (white),1889,Monaragala,Uva,Moneragala,2025-05-01,245,0.6863107713804247,0.6863107713804247,FALSE,FALSE,1
133,Rice (white),1906,Anuradhapura,North Central,Anuradhapura,2023-06-01,230,NA,NA,FALSE,FALSE,1
133,Rice (white),1906,Anuradhapura,North Central,Anuradhapura,2023-07-01,230,0,0,FALSE,FALSE,1
133,Rice (white),1906,Anuradhapura,North Central,Anuradhapura,2023-08-01,230,0,0,FALSE,FALSE,1
133,Rice (white),1906,Anuradhapura,North Central,Anuradhapura,2023-09-01,230,0,0,FALSE,FALSE,1
133,Rice (white),1906,Anuradhapura,North Central,Anuradhapura,2023-10-01,230,0,0,FALSE,FALSE,1
133,Rice (white),1906,Anuradhapura,North Central,Anuradhapura,2023-11-01,230.62,0.26956521739130634,0.26956521739130634,FALSE,FALSE,1
133,Rice (white),1906,Anuradhapura,North Central,Anuradhapura,2023-12-01,235,1.899228167548346,1.899228167548346,FALSE,FALSE,1
133,Rice (white),1906,Anuradhapura,North Central,Anuradhapura,2024-01-01,240,2.127659574468085,2.127659574468085,FALSE,FALSE,1
133,Rice (white),1906,Anuradhapura,North Central,Anuradhapura,2024-02-01,251.88,4.949999999999998,4.949999999999998,FALSE,FALSE,1
133,Rice (white),1906,Anuradhapura,North Central,Anuradhapura,2024-03-01,253.75,0.7424170239796747,0.7424170239796747,FALSE,FALSE,1
133,Rice (white),1906,Anuradhapura,North Central,Anuradhapura,2024-04-01,255.5,0.6896551724137931,0.6896551724137931,FALSE,FALSE,1
133,Rice (white),1906,Anuradhapura,North Central,Anuradhapura,2024-05-01,257.5,0.7827788649706457,0.7827788649706457,FALSE,FALSE,1
133,Rice (white),1906,Anuradhapura,North Central,Anuradhapura,2024-06-01,263.12,2.182524271844662,2.182524271844662,FALSE,FALSE,1
133,Rice (white),1906,Anuradhapura,North Central,Anuradhapura,2024-07-01,264,0.33444816053511534,0.33444816053511534,FALSE,FALSE,1
133,Rice (white),1906,Anuradhapura,North Central,Anuradhapura,2024-08-01,260.67,-1.2613636363636302,1.2613636363636302,FALSE,FALSE,1
133,Rice (white),1906,Anuradhapura,North Central,Anuradhapura,2024-09-01,254.33,-2.4321939617140456,2.4321939617140456,FALSE,FALSE,1
133,Rice (white),1906,Anuradhapura,North Central,Anuradhapura,2024-10-01,NA,NA,NA,FALSE,TRUE,NA
133,Rice (white),1906,Anuradhapura,North Central,Anuradhapura,2024-11-01,244,NA,NA,FALSE,FALSE,1
133,Rice (white),1906,Anuradhapura,North Central,Anuradhapura,2024-12-01,245.5,0.6147540983606558,0.6147540983606558,FALSE,FALSE,1
133,Rice (white),1906,Anuradhapura,North Central,Anuradhapura,2025-01-01,243.25,-0.9164969450101833,0.9164969450101833,FALSE,FALSE,1
133,Rice (white),1906,Anuradhapura,North Central,Anuradhapura,2025-02-01,240,-1.3360739979445015,1.3360739979445015,FALSE,FALSE,1
133,Rice (white),1906,Anuradhapura,North Central,Anuradhapura,2025-03-01,242.9,1.2083333333333357,1.2083333333333357,FALSE,FALSE,1
133,Rice (white),1906,Anuradhapura,North Central,Anuradhapura,2025-04-01,242.33,-0.23466447097570736,0.23466447097570736,FALSE,FALSE,1
133,Rice (white),1906,Anuradhapura,North Central,Anuradhapura,2025-05-01,248.88,2.702925762390122,2.702925762390122,FALSE,FALSE,1
133,Rice (white),1906,Anuradhapura,North Central,Anuradhapura,2025-06-01,259.5,4.2671166827386715,4.2671166827386715,FALSE,FALSE,1
133,Rice (white),1906,Anuradhapura,North Central,Anuradhapura,2025-07-01,267.25,2.9865125240847785,2.9865125240847785,FALSE,FALSE,1
133,Rice (white),1906,Anuradhapura,North Central,Anuradhapura,2025-08-01,266.25,-0.37418147801683815,0.37418147801683815,FALSE,FALSE,1
133,Rice (white),1906,Anuradhapura,North Central,Anuradhapura,2025-09-01,267,0.28169014084507044,0.28169014084507044,FALSE,FALSE,1
133,Rice (white),1907,Badulla,Uva,Badulla,2023-10-01,230,NA,NA,FALSE,FALSE,1
133,Rice (white),1907,Badulla,Uva,Badulla,2023-11-01,230,0,0,FALSE,FALSE,1
133,Rice (white),1907,Badulla,Uva,Badulla,2023-12-01,233.98,1.7304347826086912,1.7304347826086912,FALSE,FALSE,1
133,Rice (white),1907,Badulla,Uva,Badulla,2024-01-01,NA,NA,NA,FALSE,TRUE,NA
133,Rice (white),1907,Badulla,Uva,Badulla,2024-02-01,NA,NA,NA,FALSE,TRUE,NA
133,Rice (white),1907,Badulla,Uva,Badulla,2024-03-01,NA,NA,NA,FALSE,TRUE,NA
133,Rice (white),1907,Badulla,Uva,Badulla,2024-04-01,NA,NA,NA,FALSE,TRUE,NA
133,Rice (white),1907,Badulla,Uva,Badulla,2024-05-01,280,NA,NA,FALSE,FALSE,1
133,Rice (white),1907,Badulla,Uva,Badulla,2024-06-01,269.38,-3.7928571428571445,3.7928571428571445,FALSE,FALSE,1
133,Rice (white),1907,Badulla,Uva,Badulla,2024-07-01,249.38,-7.424456158586383,7.424456158586383,FALSE,FALSE,1
133,Rice (white),1907,Badulla,Uva,Badulla,2024-08-01,243.12,-2.5102253588900436,2.5102253588900436,FALSE,FALSE,1
133,Rice (white),1907,Badulla,Uva,Badulla,2024-09-01,230,-5.396512010529781,5.396512010529781,FALSE,FALSE,1
133,Rice (white),1907,Badulla,Uva,Badulla,2024-10-01,230,0,0,FALSE,FALSE,1
133,Rice (white),1907,Badulla,Uva,Badulla,2024-11-01,231.67,0.7260869565217337,0.7260869565217337,FALSE,FALSE,1
133,Rice (white),1907,Badulla,Uva,Badulla,2024-12-01,240,3.59563171752925,3.59563171752925,FALSE,FALSE,1
133,Rice (white),1907,Badulla,Uva,Badulla,2025-01-01,NA,NA,NA,FALSE,TRUE,NA
133,Rice (white),1907,Badulla,Uva,Badulla,2025-02-01,NA,NA,NA,FALSE,TRUE,NA
133,Rice (white),1907,Badulla,Uva,Badulla,2025-03-01,247.92,NA,NA,FALSE,FALSE,1
133,Rice (white),1908,Hambantota,Southern,Hambantota,2023-06-01,230,NA,NA,FALSE,FALSE,1
133,Rice (white),1908,Hambantota,Southern,Hambantota,2023-07-01,230,0,0,FALSE,FALSE,1
133,Rice (white),1908,Hambantota,Southern,Hambantota,2023-08-01,230,0,0,FALSE,FALSE,1
133,Rice (white),1908,Hambantota,Southern,Hambantota,2023-09-01,230,0,0,FALSE,FALSE,1
133,Rice (white),1908,Hambantota,Southern,Hambantota,2023-10-01,230,0,0,FALSE,FALSE,1
133,Rice (white),1908,Hambantota,Southern,Hambantota,2023-11-01,230.62,0.26956521739130634,0.26956521739130634,FALSE,FALSE,1
133,Rice (white),1908,Hambantota,Southern,Hambantota,2023-12-01,236.92,2.731766542364055,2.731766542364055,FALSE,FALSE,1
133,Rice (white),1908,Hambantota,Southern,Hambantota,2024-01-01,246,3.832517305419556,3.832517305419556,FALSE,FALSE,1
133,Rice (white),1908,Hambantota,Southern,Hambantota,2024-02-01,246,0,0,FALSE,FALSE,1
133,Rice (white),1908,Hambantota,Southern,Hambantota,2024-03-01,246,0,0,FALSE,FALSE,1
133,Rice (white),1908,Hambantota,Southern,Hambantota,2024-04-01,246.5,0.20325203252032523,0.20325203252032523,FALSE,FALSE,1
133,Rice (white),1908,Hambantota,Southern,Hambantota,2024-05-01,248,0.6085192697768762,0.6085192697768762,FALSE,FALSE,1
133,Rice (white),1908,Hambantota,Southern,Hambantota,2024-06-01,248,0,0,FALSE,FALSE,1
133,Rice (white),1908,Hambantota,Southern,Hambantota,2024-07-01,242.5,-2.217741935483871,2.217741935483871,FALSE,FALSE,1
133,Rice (white),1908,Hambantota,Southern,Hambantota,2024-08-01,247.5,2.0618556701030926,2.0618556701030926,FALSE,FALSE,1
133,Rice (white),1908,Hambantota,Southern,Hambantota,2024-09-01,237.08,-4.210101010101005,4.210101010101005,FALSE,FALSE,1
133,Rice (white),1908,Hambantota,Southern,Hambantota,2024-10-01,234.83,-0.9490467352792307,0.9490467352792307,FALSE,FALSE,1
133,Rice (white),1908,Hambantota,Southern,Hambantota,2024-11-01,238.33,1.4904398926883276,1.4904398926883276,FALSE,FALSE,1
133,Rice (white),1908,Hambantota,Southern,Hambantota,2024-12-01,243.33,2.0979314396005537,2.0979314396005537,FALSE,FALSE,1
133,Rice (white),1908,Hambantota,Southern,Hambantota,2025-01-01,NA,NA,NA,FALSE,TRUE,NA
133,Rice (white),1908,Hambantota,Southern,Hambantota,2025-02-01,NA,NA,NA,FALSE,TRUE,NA
133,Rice (white),1908,Hambantota,Southern,Hambantota,2025-03-01,240,NA,NA,FALSE,FALSE,1
133,Rice (white),1908,Hambantota,Southern,Hambantota,2025-04-01,240,0,0,FALSE,FALSE,1
133,Rice (white),1908,Hambantota,Southern,Hambantota,2025-05-01,240,0,0,FALSE,FALSE,1
133,Rice (white),1908,Hambantota,Southern,Hambantota,2025-06-01,NA,NA,NA,FALSE,TRUE,NA
133,Rice (white),1908,Hambantota,Southern,Hambantota,2025-07-01,NA,NA,NA,FALSE,TRUE,NA
133,Rice (white),1908,Hambantota,Southern,Hambantota,2025-08-01,266.67,NA,NA,FALSE,FALSE,1
133,Rice (white),1908,Hambantota,Southern,Hambantota,2025-09-01,270,1.2487343908201087,1.2487343908201087,FALSE,FALSE,1
133,Rice (white),1909,Gampaha,Western,Gampaha,2023-06-01,230,NA,NA,FALSE,FALSE,1
133,Rice (white),1909,Gampaha,Western,Gampaha,2023-07-01,230,0,0,FALSE,FALSE,1
133,Rice (white),1909,Gampaha,Western,Gampaha,2023-08-01,230,0,0,FALSE,FALSE,1
133,Rice (white),1909,Gampaha,Western,Gampaha,2023-09-01,230,0,0,FALSE,FALSE,1
133,Rice (white),1909,Gampaha,Western,Gampaha,2023-10-01,237.6,3.3043478260869543,3.3043478260869543,FALSE,FALSE,1
133,Rice (white),1909,Gampaha,Western,Gampaha,2023-11-01,240,1.0101010101010124,1.0101010101010124,FALSE,FALSE,1
133,Rice (white),1909,Gampaha,Western,Gampaha,2023-12-01,251.88,4.949999999999998,4.949999999999998,FALSE,FALSE,1
133,Rice (white),1909,Gampaha,Western,Gampaha,2024-01-01,259.9,3.18405589963474,3.18405589963474,FALSE,FALSE,1
133,Rice (white),1909,Gampaha,Western,Gampaha,2024-02-01,255,-1.885340515582908,1.885340515582908,FALSE,FALSE,1
133,Rice (white),1909,Gampaha,Western,Gampaha,2024-03-01,NA,NA,NA,FALSE,TRUE,NA
133,Rice (white),1909,Gampaha,Western,Gampaha,2024-04-01,NA,NA,NA,FALSE,TRUE,NA
133,Rice (white),1909,Gampaha,Western,Gampaha,2024-05-01,NA,NA,NA,FALSE,TRUE,NA
133,Rice (white),1909,Gampaha,Western,Gampaha,2024-06-01,NA,NA,NA,FALSE,TRUE,NA
133,Rice (white),1909,Gampaha,Western,Gampaha,2024-07-01,NA,NA,NA,FALSE,TRUE,NA
133,Rice (white),1909,Gampaha,Western,Gampaha,2024-08-01,252,NA,NA,FALSE,FALSE,1
133,Rice (white),1909,Gampaha,Western,Gampaha,2024-09-01,237.5,-5.753968253968254,5.753968253968254,FALSE,FALSE,1
133,Rice (white),1909,Gampaha,Western,Gampaha,2024-10-01,235,-1.0526315789473684,1.0526315789473684,FALSE,FALSE,1
133,Rice (white),1909,Gampaha,Western,Gampaha,2024-11-01,239.67,1.9872340425531863,1.9872340425531863,FALSE,FALSE,1
133,Rice (white),1909,Gampaha,Western,Gampaha,2024-12-01,241,0.5549296949972932,0.5549296949972932,FALSE,FALSE,1
133,Rice (white),1909,Gampaha,Western,Gampaha,2025-01-01,240,-0.4149377593360996,0.4149377593360996,FALSE,FALSE,1
133,Rice (white),1909,Gampaha,Western,Gampaha,2025-02-01,240.33,0.13750000000000523,0.13750000000000523,FALSE,FALSE,1
133,Rice (white),1909,Gampaha,Western,Gampaha,2025-03-01,241.13,0.3328756293429796,0.3328756293429796,FALSE,FALSE,1
133,Rice (white),1909,Gampaha,Western,Gampaha,2025-04-01,241.96,0.3442126653672345,0.3442126653672345,FALSE,FALSE,1
133,Rice (white),1909,Gampaha,Western,Gampaha,2025-05-01,240.89,-0.44222185485205057,0.44222185485205057,FALSE,FALSE,1
133,Rice (white),1909,Gampaha,Western,Gampaha,2025-06-01,245,1.7061729420067309,1.7061729420067309,FALSE,FALSE,1
133,Rice (white),1909,Gampaha,Western,Gampaha,2025-07-01,270,10.204081632653061,10.204081632653061,FALSE,FALSE,1
133,Rice (white),1910,Galle,Southern,Galle,2023-06-01,231.25,NA,NA,FALSE,FALSE,1
133,Rice (white),1910,Galle,Southern,Galle,2023-07-01,230,-0.5405405405405406,0.5405405405405406,FALSE,FALSE,1
133,Rice (white),1910,Galle,Southern,Galle,2023-08-01,230,0,0,FALSE,FALSE,1
133,Rice (white),1910,Galle,Southern,Galle,2023-09-01,230,0,0,FALSE,FALSE,1
133,Rice (white),1910,Galle,Southern,Galle,2023-10-01,230,0,0,FALSE,FALSE,1
133,Rice (white),1910,Galle,Southern,Galle,2023-11-01,240,4.3478260869565215,4.3478260869565215,FALSE,FALSE,1
133,Rice (white),1910,Galle,Southern,Galle,2023-12-01,257.5,7.291666666666667,7.291666666666667,FALSE,FALSE,1
133,Rice (white),1910,Galle,Southern,Galle,2024-01-01,268,4.077669902912621,4.077669902912621,FALSE,FALSE,1
133,Rice (white),1910,Galle,Southern,Galle,2024-02-01,269.58,0.5895522388059642,0.5895522388059642,FALSE,FALSE,1
133,Rice (white),1910,Galle,Southern,Galle,2024-03-01,250,-7.263150085317896,7.263150085317896,FALSE,FALSE,1
133,Rice (white),1910,Galle,Southern,Galle,2024-04-01,267.08,6.831999999999994,6.831999999999994,FALSE,FALSE,1
133,Rice (white),1910,Galle,Southern,Galle,2024-05-01,273.44,2.3813089710948083,2.3813089710948083,FALSE,FALSE,1
133,Rice (white),1910,Galle,Southern,Galle,2024-06-01,275.83,0.8740491515506094,0.8740491515506094,FALSE,FALSE,1
133,Rice (white),1910,Galle,Southern,Galle,2024-07-01,271.33,-1.6314396548598775,1.6314396548598775,FALSE,FALSE,1
133,Rice (white),1910,Galle,Southern,Galle,2024-08-01,251.56,-7.286330298898015,7.286330298898015,FALSE,FALSE,1
133,Rice (white),1910,Galle,Southern,Galle,2024-09-01,262.67,4.416441405628881,4.416441405628881,FALSE,FALSE,1
133,Rice (white),1910,Galle,Southern,Galle,2024-10-01,260,-1.016484562378656,1.016484562378656,FALSE,FALSE,1
133,Rice (white),1910,Galle,Southern,Galle,2024-11-01,245,-5.769230769230769,5.769230769230769,FALSE,FALSE,1
133,Rice (white),1910,Galle,Southern,Galle,2024-12-01,248.67,1.4979591836734643,1.4979591836734643,FALSE,FALSE,1
133,Rice (white),1910,Galle,Southern,Galle,2025-01-01,252.5,1.5401938311818928,1.5401938311818928,FALSE,FALSE,1
133,Rice (white),1910,Galle,Southern,Galle,2025-02-01,240,-4.9504950495049505,4.9504950495049505,FALSE,FALSE,1
133,Rice (white),1910,Galle,Southern,Galle,2025-03-01,240,0,0,FALSE,FALSE,1
133,Rice (white),1910,Galle,Southern,Galle,2025-04-01,240,0,0,FALSE,FALSE,1
133,Rice (white),1910,Galle,Southern,Galle,2025-05-01,244.17,1.737499999999995,1.737499999999995,FALSE,FALSE,1
133,Rice (white),1910,Galle,Southern,Galle,2025-06-01,254,4.0258836056845695,4.0258836056845695,FALSE,FALSE,1
133,Rice (white),1910,Galle,Southern,Galle,2025-07-01,272.08,7.118110236220467,7.118110236220467,FALSE,FALSE,1
133,Rice (white),1910,Galle,Southern,Galle,2025-08-01,260.62,-4.2119964716259854,4.2119964716259854,FALSE,FALSE,1
133,Rice (white),1910,Galle,Southern,Galle,2025-09-01,263,0.9132069679993844,0.9132069679993844,FALSE,FALSE,1
133,Rice (white),1911,Kalutara,Western,Kalutara,2023-06-01,230.67,NA,NA,FALSE,FALSE,1
133,Rice (white),1911,Kalutara,Western,Kalutara,2023-07-01,231.56,0.38583257467378285,0.38583257467378285,FALSE,FALSE,1
133,Rice (white),1911,Kalutara,Western,Kalutara,2023-08-01,232.55,0.42753498013474217,0.42753498013474217,FALSE,FALSE,1
133,Rice (white),1911,Kalutara,Western,Kalutara,2023-09-01,232.6,0.021500752526331088,0.021500752526331088,FALSE,FALSE,1
133,Rice (white),1911,Kalutara,Western,Kalutara,2023-10-01,233.2,0.2579535683576932,0.2579535683576932,FALSE,FALSE,1
133,Rice (white),1911,Kalutara,Western,Kalutara,2023-11-01,233.2,0,0,FALSE,FALSE,1
133,Rice (white),1911,Kalutara,Western,Kalutara,2023-12-01,238.3,2.1869639794168196,2.1869639794168196,FALSE,FALSE,1
133,Rice (white),1911,Kalutara,Western,Kalutara,2024-01-01,247.67,3.9320184641208455,3.9320184641208455,FALSE,FALSE,1
133,Rice (white),1911,Kalutara,Western,Kalutara,2024-02-01,251.55,1.5666007186982776,1.5666007186982776,FALSE,FALSE,1
133,Rice (white),1911,Kalutara,Western,Kalutara,2024-03-01,253.3,0.6956867421983701,0.6956867421983701,FALSE,FALSE,1
133,Rice (white),1911,Kalutara,Western,Kalutara,2024-04-01,252.65,-0.2566127121989758,0.2566127121989758,FALSE,FALSE,1
133,Rice (white),1911,Kalutara,Western,Kalutara,2024-05-01,254.33,0.6649515139521104,0.6649515139521104,FALSE,FALSE,1
133,Rice (white),1911,Kalutara,Western,Kalutara,2024-06-01,253,-0.5229426335862905,0.5229426335862905,FALSE,FALSE,1
133,Rice (white),1911,Kalutara,Western,Kalutara,2024-07-01,253,0,0,FALSE,FALSE,1
133,Rice (white),1911,Kalutara,Western,Kalutara,2024-08-01,NA,NA,NA,FALSE,TRUE,NA
133,Rice (white),1911,Kalutara,Western,Kalutara,2024-09-01,247.65,NA,NA,FALSE,FALSE,1
133,Rice (white),1911,Kalutara,Western,Kalutara,2024-10-01,241.9,-2.3218251564708257,2.3218251564708257,FALSE,FALSE,1
133,Rice (white),1911,Kalutara,Western,Kalutara,2024-11-01,242.87,0.400992145514675,0.400992145514675,FALSE,FALSE,1
133,Rice (white),1911,Kalutara,Western,Kalutara,2024-12-01,247.16,1.7663770741548943,1.7663770741548943,FALSE,FALSE,1
133,Rice (white),1911,Kalutara,Western,Kalutara,2025-01-01,243.78,-1.3675351998705274,1.3675351998705274,FALSE,FALSE,1
133,Rice (white),1911,Kalutara,Western,Kalutara,2025-02-01,243.75,-0.012306177701206471,0.012306177701206471,FALSE,FALSE,1
133,Rice (white),1911,Kalutara,Western,Kalutara,2025-03-01,248.58,1.9815384615384666,1.9815384615384666,FALSE,FALSE,1
133,Rice (white),1911,Kalutara,Western,Kalutara,2025-04-01,258.02,3.797570198728767,3.797570198728767,FALSE,FALSE,1
133,Rice (white),1911,Kalutara,Western,Kalutara,2025-05-01,261.56,1.3719866677001864,1.3719866677001864,FALSE,FALSE,1
133,Rice (white),1911,Kalutara,Western,Kalutara,2025-06-01,263,0.5505428964673489,0.5505428964673489,FALSE,FALSE,1
133,Rice (white),1911,Kalutara,Western,Kalutara,2025-07-01,258.44,-1.7338403041825106,1.7338403041825106,FALSE,FALSE,1
133,Rice (white),1911,Kalutara,Western,Kalutara,2025-08-01,254.17,-1.6522210184182053,1.6522210184182053,FALSE,FALSE,1
133,Rice (white),1911,Kalutara,Western,Kalutara,2025-09-01,255.33,0.4563874572136858,0.4563874572136858,FALSE,FALSE,1
133,Rice (white),1912,Kandy,Central,Kandy,2023-06-01,229.4,NA,NA,FALSE,FALSE,1
133,Rice (white),1912,Kandy,Central,Kandy,2023-07-01,229.2,-0.08718395815170751,0.08718395815170751,FALSE,FALSE,1
133,Rice (white),1912,Kandy,Central,Kandy,2023-08-01,229.4,0.0872600349040214,0.0872600349040214,FALSE,FALSE,1
133,Rice (white),1912,Kandy,Central,Kandy,2023-09-01,231.5,0.9154315605928485,0.9154315605928485,FALSE,FALSE,1
133,Rice (white),1912,Kandy,Central,Kandy,2023-10-01,232.35,0.36717062634988956,0.36717062634988956,FALSE,FALSE,1
133,Rice (white),1912,Kandy,Central,Kandy,2023-11-01,234.69,1.007101355713365,1.007101355713365,FALSE,FALSE,1
133,Rice (white),1912,Kandy,Central,Kandy,2023-12-01,245.75,4.712599599471645,4.712599599471645,FALSE,FALSE,1
133,Rice (white),1912,Kandy,Central,Kandy,2024-01-01,259.4,5.55442522889114,5.55442522889114,FALSE,FALSE,1
133,Rice (white),1912,Kandy,Central,Kandy,2024-02-01,257.25,-0.8288357748650647,0.8288357748650647,FALSE,FALSE,1
133,Rice (white),1912,Kandy,Central,Kandy,2024-03-01,260,1.0689990281827018,1.0689990281827018,FALSE,FALSE,1
133,Rice (white),1912,Kandy,Central,Kandy,2024-04-01,256,-1.5384615384615385,1.5384615384615385,FALSE,FALSE,1
133,Rice (white),1912,Kandy,Central,Kandy,2024-05-01,254,-0.78125,0.78125,FALSE,FALSE,1
133,Rice (white),1912,Kandy,Central,Kandy,2024-06-01,261,2.7559055118110236,2.7559055118110236,FALSE,FALSE,1
133,Rice (white),1912,Kandy,Central,Kandy,2024-07-01,261.6,0.22988505747127308,0.22988505747127308,FALSE,FALSE,1
133,Rice (white),1912,Kandy,Central,Kandy,2024-08-01,262.25,0.2484709480122237,0.2484709480122237,FALSE,FALSE,1
133,Rice (white),1912,Kandy,Central,Kandy,2024-09-01,257.8,-1.6968541468064782,1.6968541468064782,FALSE,FALSE,1
133,Rice (white),1912,Kandy,Central,Kandy,2024-10-01,250,-3.0256012412723083,3.0256012412723083,FALSE,FALSE,1
133,Rice (white),1912,Kandy,Central,Kandy,2024-11-01,246.5,-1.4000000000000001,1.4000000000000001,FALSE,FALSE,1
133,Rice (white),1912,Kandy,Central,Kandy,2024-12-01,248.4,0.7707910750507123,0.7707910750507123,FALSE,FALSE,1
133,Rice (white),1912,Kandy,Central,Kandy,2025-01-01,254,2.2544283413848607,2.2544283413848607,FALSE,FALSE,1
133,Rice (white),1912,Kandy,Central,Kandy,2025-02-01,248.58,-2.1338582677165303,2.1338582677165303,FALSE,FALSE,1
133,Rice (white),1912,Kandy,Central,Kandy,2025-03-01,248.8,0.08850269530935669,0.08850269530935669,FALSE,FALSE,1
133,Rice (white),1912,Kandy,Central,Kandy,2025-04-01,251.75,1.1856913183279698,1.1856913183279698,FALSE,FALSE,1
133,Rice (white),1912,Kandy,Central,Kandy,2025-05-01,250,-0.6951340615690168,0.6951340615690168,FALSE,FALSE,1
133,Rice (white),1912,Kandy,Central,Kandy,2025-06-01,264.8,5.920000000000004,5.920000000000004,FALSE,FALSE,1
133,Rice (white),1912,Kandy,Central,Kandy,2025-07-01,263,-0.6797583081571039,0.6797583081571039,FALSE,FALSE,1
133,Rice (white),1912,Kandy,Central,Kandy,2025-08-01,255.75,-2.7566539923954374,2.7566539923954374,FALSE,FALSE,1
133,Rice (white),1912,Kandy,Central,Kandy,2025-09-01,263.2,2.9130009775171017,2.9130009775171017,FALSE,FALSE,1
133,Rice (white),1913,Kegalle,Sabaragamuwa,Kegalle,2023-06-01,230.5,NA,NA,FALSE,FALSE,1
133,Rice (white),1913,Kegalle,Sabaragamuwa,Kegalle,2023-07-01,230,-0.21691973969631237,0.21691973969631237,FALSE,FALSE,1
133,Rice (white),1913,Kegalle,Sabaragamuwa,Kegalle,2023-08-01,230,0,0,FALSE,FALSE,1
133,Rice (white),1913,Kegalle,Sabaragamuwa,Kegalle,2023-09-01,230,0,0,FALSE,FALSE,1
133,Rice (white),1913,Kegalle,Sabaragamuwa,Kegalle,2023-10-01,230.4,0.17391304347826333,0.17391304347826333,FALSE,FALSE,1
133,Rice (white),1913,Kegalle,Sabaragamuwa,Kegalle,2023-11-01,234,1.5624999999999976,1.5624999999999976,FALSE,FALSE,1
133,Rice (white),1913,Kegalle,Sabaragamuwa,Kegalle,2023-12-01,253.75,8.44017094017094,8.44017094017094,FALSE,FALSE,1
133,Rice (white),1913,Kegalle,Sabaragamuwa,Kegalle,2024-01-01,266.9,5.182266009852208,5.182266009852208,FALSE,FALSE,1
133,Rice (white),1913,Kegalle,Sabaragamuwa,Kegalle,2024-02-01,269,0.7868115399025938,0.7868115399025938,FALSE,FALSE,1
133,Rice (white),1913,Kegalle,Sabaragamuwa,Kegalle,2024-03-01,272,1.1152416356877324,1.1152416356877324,FALSE,FALSE,1
133,Rice (white),1913,Kegalle,Sabaragamuwa,Kegalle,2024-04-01,272,0,0,FALSE,FALSE,1
133,Rice (white),1913,Kegalle,Sabaragamuwa,Kegalle,2024-05-01,272,0,0,FALSE,FALSE,1
133,Rice (white),1913,Kegalle,Sabaragamuwa,Kegalle,2024-06-01,272,0,0,FALSE,FALSE,1
133,Rice (white),1913,Kegalle,Sabaragamuwa,Kegalle,2024-07-01,272,0,0,FALSE,FALSE,1
133,Rice (white),1913,Kegalle,Sabaragamuwa,Kegalle,2024-08-01,272,0,0,FALSE,FALSE,1
133,Rice (white),1913,Kegalle,Sabaragamuwa,Kegalle,2024-09-01,246.8,-9.264705882352937,9.264705882352937,FALSE,FALSE,1
133,Rice (white),1913,Kegalle,Sabaragamuwa,Kegalle,2024-10-01,238.25,-3.46434359805511,3.46434359805511,FALSE,FALSE,1
133,Rice (white),1913,Kegalle,Sabaragamuwa,Kegalle,2024-11-01,249,4.512067156348373,4.512067156348373,FALSE,FALSE,1
133,Rice (white),1913,Kegalle,Sabaragamuwa,Kegalle,2024-12-01,252,1.2048192771084338,1.2048192771084338,FALSE,FALSE,1
133,Rice (white),1913,Kegalle,Sabaragamuwa,Kegalle,2025-01-01,252.25,0.0992063492063492,0.0992063492063492,FALSE,FALSE,1
133,Rice (white),1913,Kegalle,Sabaragamuwa,Kegalle,2025-02-01,242.17,-3.996035678889995,3.996035678889995,FALSE,FALSE,1
133,Rice (white),1913,Kegalle,Sabaragamuwa,Kegalle,2025-03-01,256.67,5.98752942148079,5.98752942148079,FALSE,FALSE,1
133,Rice (white),1913,Kegalle,Sabaragamuwa,Kegalle,2025-04-01,264.33,2.984376826274971,2.984376826274971,FALSE,FALSE,1
133,Rice (white),1913,Kegalle,Sabaragamuwa,Kegalle,2025-05-01,269.38,1.9104906745356227,1.9104906745356227,FALSE,FALSE,1
133,Rice (white),1913,Kegalle,Sabaragamuwa,Kegalle,2025-06-01,274,1.7150493726334566,1.7150493726334566,FALSE,FALSE,1
133,Rice (white),1913,Kegalle,Sabaragamuwa,Kegalle,2025-07-01,271,-1.094890510948905,1.094890510948905,FALSE,FALSE,1
133,Rice (white),1913,Kegalle,Sabaragamuwa,Kegalle,2025-08-01,269,-0.7380073800738007,0.7380073800738007,FALSE,FALSE,1
133,Rice (white),1913,Kegalle,Sabaragamuwa,Kegalle,2025-09-01,269.6,0.22304832713755493,0.22304832713755493,FALSE,FALSE,1
133,Rice (white),1914,Kurunegala,North Western,Kurunegala,2023-06-01,230,NA,NA,FALSE,FALSE,1
133,Rice (white),1914,Kurunegala,North Western,Kurunegala,2023-07-01,230,0,0,FALSE,FALSE,1
133,Rice (white),1914,Kurunegala,North Western,Kurunegala,2023-08-01,230,0,0,FALSE,FALSE,1
133,Rice (white),1914,Kurunegala,North Western,Kurunegala,2023-09-01,229,-0.43478260869565216,0.43478260869565216,FALSE,FALSE,1
133,Rice (white),1914,Kurunegala,North Western,Kurunegala,2023-10-01,229.6,0.26200873362445165,0.26200873362445165,FALSE,FALSE,1
133,Rice (white),1914,Kurunegala,North Western,Kurunegala,2023-11-01,239,4.094076655052267,4.094076655052267,FALSE,FALSE,1
133,Rice (white),1914,Kurunegala,North Western,Kurunegala,2023-12-01,250.88,4.970711297071128,4.970711297071128,FALSE,FALSE,1
133,Rice (white),1914,Kurunegala,North Western,Kurunegala,2024-01-01,254.67,1.5106823979591806,1.5106823979591806,FALSE,FALSE,1
133,Rice (white),1914,Kurunegala,North Western,Kurunegala,2024-02-01,260,2.0929045431342574,2.0929045431342574,FALSE,FALSE,1
133,Rice (white),1914,Kurunegala,North Western,Kurunegala,2024-03-01,260,0,0,FALSE,FALSE,1
133,Rice (white),1914,Kurunegala,North Western,Kurunegala,2024-04-01,254.83,-1.9884615384615338,1.9884615384615338,FALSE,FALSE,1
133,Rice (white),1914,Kurunegala,North Western,Kurunegala,2024-05-01,256.88,0.8044578738766954,0.8044578738766954,FALSE,FALSE,1
133,Rice (white),1914,Kurunegala,North Western,Kurunegala,2024-06-01,257.12,0.09342883836811317,0.09342883836811317,FALSE,FALSE,1
133,Rice (white),1914,Kurunegala,North Western,Kurunegala,2024-07-01,NA,NA,NA,FALSE,TRUE,NA
133,Rice (white),1914,Kurunegala,North Western,Kurunegala,2024-08-01,NA,NA,NA,FALSE,TRUE,NA
133,Rice (white),1914,Kurunegala,North Western,Kurunegala,2024-09-01,250,NA,NA,FALSE,FALSE,1
133,Rice (white),1914,Kurunegala,North Western,Kurunegala,2024-10-01,240,-4,4,FALSE,FALSE,1
133,Rice (white),1914,Kurunegala,North Western,Kurunegala,2024-11-01,240.44,0.18333333333333238,0.18333333333333238,FALSE,FALSE,1
133,Rice (white),1914,Kurunegala,North Western,Kurunegala,2024-12-01,240,-0.18299783729828553,0.18299783729828553,FALSE,FALSE,1
133,Rice (white),1914,Kurunegala,North Western,Kurunegala,2025-01-01,245,2.083333333333333,2.083333333333333,FALSE,FALSE,1
133,Rice (white),1914,Kurunegala,North Western,Kurunegala,2025-02-01,240.22,-1.9510204081632658,1.9510204081632658,FALSE,FALSE,1
133,Rice (white),1914,Kurunegala,North Western,Kurunegala,2025-03-01,241.85,0.6785446673882256,0.6785446673882256,FALSE,FALSE,1
133,Rice (white),1914,Kurunegala,North Western,Kurunegala,2025-04-01,247.71,2.422989456274556,2.422989456274556,FALSE,FALSE,1
133,Rice (white),1914,Kurunegala,North Western,Kurunegala,2025-05-01,242.78,-1.990230511485207,1.990230511485207,FALSE,FALSE,1
133,Rice (white),1914,Kurunegala,North Western,Kurunegala,2025-06-01,245,0.9144081061042916,0.9144081061042916,FALSE,FALSE,1
133,Rice (white),1915,Matale,Central,Matale,2023-06-01,229.2,NA,NA,FALSE,FALSE,1
133,Rice (white),1915,Matale,Central,Matale,2023-07-01,228.88,-0.13961605584641937,0.13961605584641937,FALSE,FALSE,1
133,Rice (white),1915,Matale,Central,Matale,2023-08-01,229.2,0.1398112548060089,0.1398112548060089,FALSE,FALSE,1
133,Rice (white),1915,Matale,Central,Matale,2023-09-01,229.9,0.30541012216405633,0.30541012216405633,FALSE,FALSE,1
133,Rice (white),1915,Matale,Central,Matale,2023-10-01,231.44,0.66985645933014,0.66985645933014,FALSE,FALSE,1
133,Rice (white),1915,Matale,Central,Matale,2023-11-01,235,1.538195644659524,1.538195644659524,FALSE,FALSE,1
133,Rice (white),1915,Matale,Central,Matale,2023-12-01,237.25,0.9574468085106382,0.9574468085106382,FALSE,FALSE,1
133,Rice (white),1915,Matale,Central,Matale,2024-01-01,251.33,5.934668071654378,5.934668071654378,FALSE,FALSE,1
133,Rice (white),1915,Matale,Central,Matale,2024-02-01,253.12,0.7122110372816584,0.7122110372816584,FALSE,FALSE,1
133,Rice (white),1915,Matale,Central,Matale,2024-03-01,255,0.742730720606825,0.742730720606825,FALSE,FALSE,1
133,Rice (white),1915,Matale,Central,Matale,2024-04-01,257.83,1.1098039215686213,1.1098039215686213,FALSE,FALSE,1
133,Rice (white),1915,Matale,Central,Matale,2024-05-01,260.56,1.0588372183221573,1.0588372183221573,FALSE,FALSE,1
133,Rice (white),1915,Matale,Central,Matale,2024-06-01,260.56,0,0,FALSE,FALSE,1
133,Rice (white),1915,Matale,Central,Matale,2024-07-01,256.35,-1.6157506908197647,1.6157506908197647,FALSE,FALSE,1
133,Rice (white),1915,Matale,Central,Matale,2024-08-01,249.69,-2.5980105324751412,2.5980105324751412,FALSE,FALSE,1
133,Rice (white),1915,Matale,Central,Matale,2024-09-01,240.96,-3.4963354559653927,3.4963354559653927,FALSE,FALSE,1
133,Rice (white),1915,Matale,Central,Matale,2024-10-01,236.5,-1.8509296148738412,1.8509296148738412,FALSE,FALSE,1
133,Rice (white),1915,Matale,Central,Matale,2024-11-01,244.38,3.3319238900634227,3.3319238900634227,FALSE,FALSE,1
133,Rice (white),1915,Matale,Central,Matale,2024-12-01,244.53,0.06137981831574012,0.06137981831574012,FALSE,FALSE,1
133,Rice (white),1915,Matale,Central,Matale,2025-01-01,241.67,-1.1695906432748595,1.1695906432748595,FALSE,FALSE,1
133,Rice (white),1915,Matale,Central,Matale,2025-02-01,243.12,0.5999917242520864,0.5999917242520864,FALSE,FALSE,1
133,Rice (white),1915,Matale,Central,Matale,2025-03-01,252.5,3.8581770319183923,3.8581770319183923,FALSE,FALSE,1
133,Rice (white),1915,Matale,Central,Matale,2025-04-01,253.12,0.24554455445544732,0.24554455445544732,FALSE,FALSE,1
133,Rice (white),1915,Matale,Central,Matale,2025-05-01,249.19,-1.552623261694061,1.552623261694061,FALSE,FALSE,1
133,Rice (white),1915,Matale,Central,Matale,2025-06-01,260.8,4.659095469320604,4.659095469320604,FALSE,FALSE,1
133,Rice (white),1915,Matale,Central,Matale,2025-07-01,256.04,-1.8251533742331252,1.8251533742331252,FALSE,FALSE,1
133,Rice (white),1915,Matale,Central,Matale,2025-08-01,257.5,0.5702234025933368,0.5702234025933368,FALSE,FALSE,1
133,Rice (white),1915,Matale,Central,Matale,2025-09-01,267.5,3.8834951456310676,3.8834951456310676,FALSE,FALSE,1
133,Rice (white),1916,Matara,Southern,Matara,2023-06-01,229.75,NA,NA,FALSE,FALSE,1
133,Rice (white),1916,Matara,Southern,Matara,2023-07-01,230,0.1088139281828074,0.1088139281828074,FALSE,FALSE,1
133,Rice (white),1916,Matara,Southern,Matara,2023-08-01,230,0,0,FALSE,FALSE,1
133,Rice (white),1916,Matara,Southern,Matara,2023-09-01,230,0,0,FALSE,FALSE,1
133,Rice (white),1916,Matara,Southern,Matara,2023-10-01,230,0,0,FALSE,FALSE,1
133,Rice (white),1916,Matara,Southern,Matara,2023-11-01,NA,NA,NA,FALSE,TRUE,NA
133,Rice (white),1916,Matara,Southern,Matara,2023-12-01,NA,NA,NA,FALSE,TRUE,NA
133,Rice (white),1916,Matara,Southern,Matara,2024-01-01,253.55,NA,NA,FALSE,FALSE,1
133,Rice (white),1916,Matara,Southern,Matara,2024-02-01,257.19,1.4356142772628617,1.4356142772628617,FALSE,FALSE,1
133,Rice (white),1916,Matara,Southern,Matara,2024-03-01,256.88,-0.12053345775496803,0.12053345775496803,FALSE,FALSE,1
133,Rice (white),1916,Matara,Southern,Matara,2024-04-01,258.58,0.6617876051074387,0.6617876051074387,FALSE,FALSE,1
133,Rice (white),1916,Matara,Southern,Matara,2024-05-01,260,0.5491530667491747,0.5491530667491747,FALSE,FALSE,1
133,Rice (white),1916,Matara,Southern,Matara,2024-06-01,258.65,-0.5192307692307779,0.5192307692307779,FALSE,FALSE,1
133,Rice (white),1916,Matara,Southern,Matara,2024-07-01,261.33,1.036149236419875,1.036149236419875,FALSE,FALSE,1
133,Rice (white),1916,Matara,Southern,Matara,2024-08-01,246.25,-5.770481766349055,5.770481766349055,FALSE,FALSE,1
133,Rice (white),1916,Matara,Southern,Matara,2024-09-01,261.98,6.387817258883256,6.387817258883256,FALSE,FALSE,1
133,Rice (white),1916,Matara,Southern,Matara,2024-10-01,246.67,-5.843957554011768,5.843957554011768,FALSE,FALSE,1
133,Rice (white),1916,Matara,Southern,Matara,2024-11-01,245,-0.6770178781367769,0.6770178781367769,FALSE,FALSE,1
133,Rice (white),1916,Matara,Southern,Matara,2024-12-01,253.33,3.4000000000000052,3.4000000000000052,FALSE,FALSE,1
133,Rice (white),1916,Matara,Southern,Matara,2025-01-01,253.33,0,0,FALSE,FALSE,1
133,Rice (white),1916,Matara,Southern,Matara,2025-02-01,NA,NA,NA,FALSE,TRUE,NA
133,Rice (white),1916,Matara,Southern,Matara,2025-03-01,242.5,NA,NA,FALSE,FALSE,1
133,Rice (white),1916,Matara,Southern,Matara,2025-04-01,261.67,7.905154639175264,7.905154639175264,FALSE,FALSE,1
133,Rice (white),1916,Matara,Southern,Matara,2025-05-01,251.88,-3.741353613329774,3.741353613329774,FALSE,FALSE,1
133,Rice (white),1916,Matara,Southern,Matara,2025-06-01,250.17,-0.6788947117675115,0.6788947117675115,FALSE,FALSE,1
133,Rice (white),1916,Matara,Southern,Matara,2025-07-01,254.17,1.5989127393372506,1.5989127393372506,FALSE,FALSE,1
133,Rice (white),1916,Matara,Southern,Matara,2025-08-01,253.33,-0.33048746901678994,0.33048746901678994,FALSE,FALSE,1
133,Rice (white),1916,Matara,Southern,Matara,2025-09-01,253.67,0.13421229226699363,0.13421229226699363,FALSE,FALSE,1
133,Rice (white),1917,Nuwara Eliya,Central,Nuwara Eliya,2023-07-01,228.12,NA,NA,FALSE,FALSE,1
133,Rice (white),1917,Nuwara Eliya,Central,Nuwara Eliya,2023-08-01,NA,NA,NA,FALSE,TRUE,NA
133,Rice (white),1917,Nuwara Eliya,Central,Nuwara Eliya,2023-09-01,231.5,NA,NA,FALSE,FALSE,1
133,Rice (white),1917,Nuwara Eliya,Central,Nuwara Eliya,2023-10-01,232.44,0.40604751619870316,0.40604751619870316,FALSE,FALSE,1
133,Rice (white),1917,Nuwara Eliya,Central,Nuwara Eliya,2023-11-01,235.9,1.488556186542767,1.488556186542767,FALSE,FALSE,1
133,Rice (white),1917,Nuwara Eliya,Central,Nuwara Eliya,2023-12-01,241.7,2.45866892751165,2.45866892751165,FALSE,FALSE,1
133,Rice (white),1917,Nuwara Eliya,Central,Nuwara Eliya,2024-01-01,NA,NA,NA,FALSE,TRUE,NA
133,Rice (white),1917,Nuwara Eliya,Central,Nuwara Eliya,2024-02-01,NA,NA,NA,FALSE,TRUE,NA
133,Rice (white),1917,Nuwara Eliya,Central,Nuwara Eliya,2024-03-01,NA,NA,NA,FALSE,TRUE,NA
133,Rice (white),1917,Nuwara Eliya,Central,Nuwara Eliya,2024-04-01,269.67,NA,NA,FALSE,FALSE,1
133,Rice (white),1917,Nuwara Eliya,Central,Nuwara Eliya,2024-05-01,NA,NA,NA,FALSE,TRUE,NA
133,Rice (white),1917,Nuwara Eliya,Central,Nuwara Eliya,2024-06-01,NA,NA,NA,FALSE,TRUE,NA
133,Rice (white),1917,Nuwara Eliya,Central,Nuwara Eliya,2024-07-01,NA,NA,NA,FALSE,TRUE,NA
133,Rice (white),1917,Nuwara Eliya,Central,Nuwara Eliya,2024-08-01,254.06,NA,NA,FALSE,FALSE,1
133,Rice (white),1917,Nuwara Eliya,Central,Nuwara Eliya,2024-09-01,246.88,-2.8261040699047495,2.8261040699047495,FALSE,FALSE,1
133,Rice (white),1917,Nuwara Eliya,Central,Nuwara Eliya,2024-10-01,242.5,-1.7741412832145154,1.7741412832145154,FALSE,FALSE,1
133,Rice (white),1917,Nuwara Eliya,Central,Nuwara Eliya,2024-11-01,251.35,3.6494845360824724,3.6494845360824724,FALSE,FALSE,1
133,Rice (white),1917,Nuwara Eliya,Central,Nuwara Eliya,2024-12-01,251.25,-0.039785160135267283,0.039785160135267283,FALSE,FALSE,1
133,Rice (white),1917,Nuwara Eliya,Central,Nuwara Eliya,2025-01-01,NA,NA,NA,FALSE,TRUE,NA
133,Rice (white),1917,Nuwara Eliya,Central,Nuwara Eliya,2025-02-01,246.67,NA,NA,FALSE,FALSE,1
133,Rice (white),1917,Nuwara Eliya,Central,Nuwara Eliya,2025-03-01,NA,NA,NA,FALSE,TRUE,NA
133,Rice (white),1917,Nuwara Eliya,Central,Nuwara Eliya,2025-04-01,258.06,NA,NA,FALSE,FALSE,1
133,Rice (white),1917,Nuwara Eliya,Central,Nuwara Eliya,2025-05-01,NA,NA,NA,FALSE,TRUE,NA
133,Rice (white),1917,Nuwara Eliya,Central,Nuwara Eliya,2025-06-01,251.5,NA,NA,FALSE,FALSE,1
133,Rice (white),1917,Nuwara Eliya,Central,Nuwara Eliya,2025-07-01,NA,NA,NA,FALSE,TRUE,NA
133,Rice (white),1917,Nuwara Eliya,Central,Nuwara Eliya,2025-08-01,253.75,NA,NA,FALSE,FALSE,1
133,Rice (white),1917,Nuwara Eliya,Central,Nuwara Eliya,2025-09-01,253.75,0,0,FALSE,FALSE,1
133,Rice (white),1918,Puttalam,North Western,Puttalam,2023-06-01,230,NA,NA,FALSE,FALSE,1
133,Rice (white),1918,Puttalam,North Western,Puttalam,2023-07-01,230,0,0,FALSE,FALSE,1
133,Rice (white),1918,Puttalam,North Western,Puttalam,2023-08-01,230,0,0,FALSE,FALSE,1
133,Rice (white),1918,Puttalam,North Western,Puttalam,2023-09-01,230,0,0,FALSE,FALSE,1
133,Rice (white),1918,Puttalam,North Western,Puttalam,2023-10-01,230,0,0,FALSE,FALSE,1
133,Rice (white),1918,Puttalam,North Western,Puttalam,2023-11-01,230,0,0,FALSE,FALSE,1
133,Rice (white),1918,Puttalam,North Western,Puttalam,2023-12-01,239.58,4.165217391304353,4.165217391304353,FALSE,FALSE,1
133,Rice (white),1918,Puttalam,North Western,Puttalam,2024-01-01,246.67,2.9593455213289817,2.9593455213289817,FALSE,FALSE,1
133,Rice (white),1918,Puttalam,North Western,Puttalam,2024-02-01,NA,NA,NA,FALSE,TRUE,NA
133,Rice (white),1918,Puttalam,North Western,Puttalam,2024-03-01,267.5,NA,NA,FALSE,FALSE,1
133,Rice (white),1918,Puttalam,North Western,Puttalam,2024-04-01,281.25,5.14018691588785,5.14018691588785,FALSE,FALSE,1
133,Rice (white),1918,Puttalam,North Western,Puttalam,2024-05-01,277.41,-1.3653333333333244,1.3653333333333244,FALSE,FALSE,1
133,Rice (white),1918,Puttalam,North Western,Puttalam,2024-06-01,277.41,0,0,FALSE,FALSE,1
133,Rice (white),1918,Puttalam,North Western,Puttalam,2024-07-01,249.22,-10.161854295086703,10.161854295086703,FALSE,FALSE,1
133,Rice (white),1918,Puttalam,North Western,Puttalam,2024-08-01,235,-5.705802102559987,5.705802102559987,FALSE,FALSE,1
133,Rice (white),1918,Puttalam,North Western,Puttalam,2024-09-01,232.92,-0.8851063829787287,0.8851063829787287,FALSE,FALSE,1
133,Rice (white),1918,Puttalam,North Western,Puttalam,2024-10-01,239.25,2.7176713034518345,2.7176713034518345,FALSE,FALSE,1
133,Rice (white),1918,Puttalam,North Western,Puttalam,2024-11-01,238.89,-0.15047021943574238,0.15047021943574238,FALSE,FALSE,1
133,Rice (white),1918,Puttalam,North Western,Puttalam,2024-12-01,244.17,2.210222278035917,2.210222278035917,FALSE,FALSE,1
133,Rice (white),1918,Puttalam,North Western,Puttalam,2025-01-01,247.5,1.3638039071139012,1.3638039071139012,FALSE,FALSE,1
133,Rice (white),1918,Puttalam,North Western,Puttalam,2025-02-01,250,1.0101010101010102,1.0101010101010102,FALSE,FALSE,1
133,Rice (white),1918,Puttalam,North Western,Puttalam,2025-03-01,255,2,2,FALSE,FALSE,1
133,Rice (white),1918,Puttalam,North Western,Puttalam,2025-04-01,259.62,1.8117647058823547,1.8117647058823547,FALSE,FALSE,1
133,Rice (white),1918,Puttalam,North Western,Puttalam,2025-05-01,262.29,1.028426161312694,1.028426161312694,FALSE,FALSE,1
133,Rice (white),1918,Puttalam,North Western,Puttalam,2025-06-01,262.75,0.1753783979564526,0.1753783979564526,FALSE,FALSE,1
133,Rice (white),1918,Puttalam,North Western,Puttalam,2025-07-01,265.94,1.214081826831588,1.214081826831588,FALSE,FALSE,1
133,Rice (white),1918,Puttalam,North Western,Puttalam,2025-08-01,NA,NA,NA,FALSE,TRUE,NA
133,Rice (white),1918,Puttalam,North Western,Puttalam,2025-09-01,259.86,NA,NA,FALSE,FALSE,1
133,Rice (white),1919,Rathnapura,Sabaragamuwa,Ratnapura,2023-06-01,230.57,NA,NA,FALSE,FALSE,1
133,Rice (white),1919,Rathnapura,Sabaragamuwa,Ratnapura,2023-07-01,229.99,-0.2515505052695425,0.2515505052695425,FALSE,FALSE,1
133,Rice (white),1919,Rathnapura,Sabaragamuwa,Ratnapura,2023-08-01,233.15,1.3739727814252778,1.3739727814252778,FALSE,FALSE,1
133,Rice (white),1919,Rathnapura,Sabaragamuwa,Ratnapura,2023-09-01,232.25,-0.3860175852455525,0.3860175852455525,FALSE,FALSE,1
133,Rice (white),1919,Rathnapura,Sabaragamuwa,Ratnapura,2023-10-01,235,1.1840688912809472,1.1840688912809472,FALSE,FALSE,1
133,Rice (white),1919,Rathnapura,Sabaragamuwa,Ratnapura,2023-11-01,NA,NA,NA,FALSE,TRUE,NA
133,Rice (white),1919,Rathnapura,Sabaragamuwa,Ratnapura,2023-12-01,NA,NA,NA,FALSE,TRUE,NA
133,Rice (white),1919,Rathnapura,Sabaragamuwa,Ratnapura,2024-01-01,262.25,NA,NA,FALSE,FALSE,1
133,Rice (white),1919,Rathnapura,Sabaragamuwa,Ratnapura,2024-02-01,262.92,0.2554814108674989,0.2554814108674989,FALSE,FALSE,1
133,Rice (white),1919,Rathnapura,Sabaragamuwa,Ratnapura,2024-03-01,265,0.7911151681119671,0.7911151681119671,FALSE,FALSE,1
133,Rice (white),1919,Rathnapura,Sabaragamuwa,Ratnapura,2024-04-01,261.6,-1.2830188679245198,1.2830188679245198,FALSE,FALSE,1
133,Rice (white),1919,Rathnapura,Sabaragamuwa,Ratnapura,2024-05-01,267,2.0642201834862295,2.0642201834862295,FALSE,FALSE,1
133,Rice (white),1919,Rathnapura,Sabaragamuwa,Ratnapura,2024-06-01,261,-2.247191011235955,2.247191011235955,FALSE,FALSE,1
133,Rice (white),1919,Rathnapura,Sabaragamuwa,Ratnapura,2024-07-01,262,0.38314176245210724,0.38314176245210724,FALSE,FALSE,1
133,Rice (white),1919,Rathnapura,Sabaragamuwa,Ratnapura,2024-08-01,265.15,1.2022900763358693,1.2022900763358693,FALSE,FALSE,1
133,Rice (white),1919,Rathnapura,Sabaragamuwa,Ratnapura,2024-09-01,265.4,0.09428625306430324,0.09428625306430324,FALSE,FALSE,1
133,Rice (white),1919,Rathnapura,Sabaragamuwa,Ratnapura,2024-10-01,257.52,-2.96910324039186,2.96910324039186,FALSE,FALSE,1
133,Rice (white),1919,Rathnapura,Sabaragamuwa,Ratnapura,2024-11-01,257.02,-0.19415967691829764,0.19415967691829764,FALSE,FALSE,1
133,Rice (white),1919,Rathnapura,Sabaragamuwa,Ratnapura,2024-12-01,252.93,-1.5913158509065346,1.5913158509065346,FALSE,FALSE,1
133,Rice (white),1919,Rathnapura,Sabaragamuwa,Ratnapura,2025-01-01,251.6,-0.5258371881548304,0.5258371881548304,FALSE,FALSE,1
133,Rice (white),1919,Rathnapura,Sabaragamuwa,Ratnapura,2025-02-01,250.8,-0.31796502384737,0.31796502384737,FALSE,FALSE,1
133,Rice (white),1919,Rathnapura,Sabaragamuwa,Ratnapura,2025-03-01,255.86,2.0175438596491233,2.0175438596491233,FALSE,FALSE,1
133,Rice (white),1919,Rathnapura,Sabaragamuwa,Ratnapura,2025-04-01,264.67,3.443289298835301,3.443289298835301,FALSE,FALSE,1
133,Rice (white),1919,Rathnapura,Sabaragamuwa,Ratnapura,2025-05-01,264.5,-0.06423092908150373,0.06423092908150373,FALSE,FALSE,1
133,Rice (white),1919,Rathnapura,Sabaragamuwa,Ratnapura,2025-06-01,265,0.1890359168241966,0.1890359168241966,FALSE,FALSE,1
133,Rice (white),1919,Rathnapura,Sabaragamuwa,Ratnapura,2025-07-01,265,0,0,FALSE,FALSE,1
133,Rice (white),1919,Rathnapura,Sabaragamuwa,Ratnapura,2025-08-01,262.75,-0.8490566037735849,0.8490566037735849,FALSE,FALSE,1
133,Rice (white),1919,Rathnapura,Sabaragamuwa,Ratnapura,2025-09-01,263.2,0.17126546146526686,0.17126546146526686,FALSE,FALSE,1
133,Rice (white),5287,Dammbagalla,Uva,Moneragala,2023-06-01,230.5,NA,NA,FALSE,FALSE,1
133,Rice (white),5287,Dammbagalla,Uva,Moneragala,2023-07-01,229.6,-0.3904555314533647,0.3904555314533647,FALSE,FALSE,1
133,Rice (white),5287,Dammbagalla,Uva,Moneragala,2023-08-01,229.05,-0.2395470383275187,0.2395470383275187,FALSE,FALSE,1
133,Rice (white),5287,Dammbagalla,Uva,Moneragala,2023-09-01,229.9,0.37109801353416033,0.37109801353416033,FALSE,FALSE,1
133,Rice (white),5287,Dammbagalla,Uva,Moneragala,2023-10-01,230.08,0.07829491083079897,0.07829491083079897,FALSE,FALSE,1
133,Rice (white),5287,Dammbagalla,Uva,Moneragala,2023-11-01,234,1.7037552155771851,1.7037552155771851,FALSE,FALSE,1
133,Rice (white),5287,Dammbagalla,Uva,Moneragala,2023-12-01,239.88,2.512820512820511,2.512820512820511,FALSE,FALSE,1
133,Rice (white),5287,Dammbagalla,Uva,Moneragala,2024-01-01,249.75,4.114557278639322,4.114557278639322,FALSE,FALSE,1
133,Rice (white),5287,Dammbagalla,Uva,Moneragala,2024-02-01,257.45,3.0830830830830784,3.0830830830830784,FALSE,FALSE,1
133,Rice (white),5287,Dammbagalla,Uva,Moneragala,2024-03-01,256.12,-0.5166051660516544,0.5166051660516544,FALSE,FALSE,1
133,Rice (white),5287,Dammbagalla,Uva,Moneragala,2024-04-01,261.75,2.1981883492113052,2.1981883492113052,FALSE,FALSE,1
133,Rice (white),5287,Dammbagalla,Uva,Moneragala,2024-05-01,267.65,2.2540592168099245,2.2540592168099245,FALSE,FALSE,1
133,Rice (white),5287,Dammbagalla,Uva,Moneragala,2024-06-01,267.65,0,0,FALSE,FALSE,1
133,Rice (white),5287,Dammbagalla,Uva,Moneragala,2024-07-01,265.4,-0.8406501027461236,0.8406501027461236,FALSE,FALSE,1
133,Rice (white),5287,Dammbagalla,Uva,Moneragala,2024-08-01,258.8,-2.4868123587038307,2.4868123587038307,FALSE,FALSE,1
133,Rice (white),5287,Dammbagalla,Uva,Moneragala,2024-09-01,245.7,-5.0618238021638415,5.0618238021638415,FALSE,FALSE,1
133,Rice (white),5287,Dammbagalla,Uva,Moneragala,2024-10-01,240.94,-1.9373219373219337,1.9373219373219337,FALSE,FALSE,1
133,Rice (white),5287,Dammbagalla,Uva,Moneragala,2024-11-01,241.06,0.049804930688140014,0.049804930688140014,FALSE,FALSE,1
133,Rice (white),5287,Dammbagalla,Uva,Moneragala,2024-12-01,244,1.219613374263668,1.219613374263668,FALSE,FALSE,1
133,Rice (white),5287,Dammbagalla,Uva,Moneragala,2025-01-01,247.5,1.4344262295081966,1.4344262295081966,FALSE,FALSE,1
133,Rice (white),5287,Dammbagalla,Uva,Moneragala,2025-02-01,248.33,0.3353535353535404,0.3353535353535404,FALSE,FALSE,1
133,Rice (white),5287,Dammbagalla,Uva,Moneragala,2025-03-01,249.33,0.4026899689928724,0.4026899689928724,FALSE,FALSE,1
133,Rice (white),5287,Dammbagalla,Uva,Moneragala,2025-04-01,251.11,0.7139132876107974,0.7139132876107974,FALSE,FALSE,1
133,Rice (white),5287,Dammbagalla,Uva,Moneragala,2025-05-01,260.83,3.8708135876707304,3.8708135876707304,FALSE,FALSE,1
133,Rice (white),5287,Dammbagalla,Uva,Moneragala,2025-06-01,269.17,3.1974849518843813,3.1974849518843813,FALSE,FALSE,1
133,Rice (white),5287,Dammbagalla,Uva,Moneragala,2025-07-01,271.23,0.7653155998068144,0.7653155998068144,FALSE,FALSE,1
133,Rice (white),5287,Dammbagalla,Uva,Moneragala,2025-08-01,266.69,-1.6738561368580245,1.6738561368580245,FALSE,FALSE,1
133,Rice (white),5287,Dammbagalla,Uva,Moneragala,2025-09-01,270.2,1.316134838201654,1.316134838201654,FALSE,FALSE,1
133,Rice (white),5346,Thambuttegama,North Central,Anuradhapura,2023-06-01,233.75,NA,NA,FALSE,FALSE,1
133,Rice (white),5346,Thambuttegama,North Central,Anuradhapura,2023-07-01,230,-1.6042780748663104,1.6042780748663104,FALSE,FALSE,1
133,Rice (white),5346,Thambuttegama,North Central,Anuradhapura,2023-08-01,230,0,0,FALSE,FALSE,1
133,Rice (white),5346,Thambuttegama,North Central,Anuradhapura,2023-09-01,235,2.1739130434782608,2.1739130434782608,FALSE,FALSE,1
133,Rice (white),5346,Thambuttegama,North Central,Anuradhapura,2023-10-01,236.67,0.7106382978723351,0.7106382978723351,FALSE,FALSE,1
133,Rice (white),5346,Thambuttegama,North Central,Anuradhapura,2023-11-01,239.58,1.2295601470401933,1.2295601470401933,FALSE,FALSE,1
133,Rice (white),5346,Thambuttegama,North Central,Anuradhapura,2023-12-01,237.92,-0.6928792052759098,0.6928792052759098,FALSE,FALSE,1
133,Rice (white),5346,Thambuttegama,North Central,Anuradhapura,2024-01-01,257.5,8.229657027572298,8.229657027572298,FALSE,FALSE,1
133,Rice (white),5346,Thambuttegama,North Central,Anuradhapura,2024-02-01,264.17,2.590291262135928,2.590291262135928,FALSE,FALSE,1
133,Rice (white),5346,Thambuttegama,North Central,Anuradhapura,2024-03-01,274.38,3.8649354582276487,3.8649354582276487,FALSE,FALSE,1
133,Rice (white),5346,Thambuttegama,North Central,Anuradhapura,2024-04-01,282.5,2.959399373132154,2.959399373132154,FALSE,FALSE,1
133,Rice (white),5346,Thambuttegama,North Central,Anuradhapura,2024-05-01,NA,NA,NA,FALSE,TRUE,NA
133,Rice (white),5346,Thambuttegama,North Central,Anuradhapura,2024-06-01,NA,NA,NA,FALSE,TRUE,NA
133,Rice (white),5346,Thambuttegama,North Central,Anuradhapura,2024-07-01,242.5,NA,NA,FALSE,FALSE,1
133,Rice (white),5346,Thambuttegama,North Central,Anuradhapura,2024-08-01,249.82,3.018556701030925,3.018556701030925,FALSE,FALSE,1
133,Rice (white),5346,Thambuttegama,North Central,Anuradhapura,2024-09-01,268.12,7.325274197422149,7.325274197422149,FALSE,FALSE,1
133,Rice (white),5346,Thambuttegama,North Central,Anuradhapura,2024-10-01,NA,NA,NA,FALSE,TRUE,NA
133,Rice (white),5346,Thambuttegama,North Central,Anuradhapura,2024-11-01,244.17,NA,NA,FALSE,FALSE,1
133,Rice (white),5346,Thambuttegama,North Central,Anuradhapura,2024-12-01,246.1,0.7904328951140627,0.7904328951140627,FALSE,FALSE,1
133,Rice (white),5346,Thambuttegama,North Central,Anuradhapura,2025-01-01,245.88,-0.08939455505891868,0.08939455505891868,FALSE,FALSE,1
133,Rice (white),5346,Thambuttegama,North Central,Anuradhapura,2025-02-01,240.22,-2.3019359036928573,2.3019359036928573,FALSE,FALSE,1
133,Rice (white),5346,Thambuttegama,North Central,Anuradhapura,2025-03-01,241.19,0.4037965198567975,0.4037965198567975,FALSE,FALSE,1
133,Rice (white),5346,Thambuttegama,North Central,Anuradhapura,2025-04-01,241.67,0.1990132260873128,0.1990132260873128,FALSE,FALSE,1
133,Rice (white),5346,Thambuttegama,North Central,Anuradhapura,2025-05-01,246.4,1.9572143832498938,1.9572143832498938,FALSE,FALSE,1
133,Rice (white),5346,Thambuttegama,North Central,Anuradhapura,2025-06-01,259,5.1136363636363615,5.1136363636363615,FALSE,FALSE,1
133,Rice (white),5346,Thambuttegama,North Central,Anuradhapura,2025-07-01,268.33,3.6023166023165967,3.6023166023165967,FALSE,FALSE,1
133,Rice (white),5346,Thambuttegama,North Central,Anuradhapura,2025-08-01,269.17,0.31304736704804975,0.31304736704804975,FALSE,FALSE,1
133,Rice (white),5346,Thambuttegama,North Central,Anuradhapura,2025-09-01,270,0.3083553144852636,0.3083553144852636,FALSE,FALSE,1
133,Rice (white),7833,Embilipitiya,Sabaragamuwa,Ratnapura,2023-06-01,227.5,NA,NA,FALSE,FALSE,1
133,Rice (white),7833,Embilipitiya,Sabaragamuwa,Ratnapura,2023-07-01,224.5,-1.3186813186813187,1.3186813186813187,FALSE,FALSE,1
133,Rice (white),7833,Embilipitiya,Sabaragamuwa,Ratnapura,2023-08-01,227.17,1.189309576837411,1.189309576837411,FALSE,FALSE,1
133,Rice (white),7833,Embilipitiya,Sabaragamuwa,Ratnapura,2023-09-01,233.31,2.7028216753972862,2.7028216753972862,FALSE,FALSE,1
133,Rice (white),7833,Embilipitiya,Sabaragamuwa,Ratnapura,2023-10-01,233.6,0.12429814410012088,0.12429814410012088,FALSE,FALSE,1
133,Rice (white),7833,Embilipitiya,Sabaragamuwa,Ratnapura,2023-11-01,234.12,0.22260273972603178,0.22260273972603178,FALSE,FALSE,1
133,Rice (white),7833,Embilipitiya,Sabaragamuwa,Ratnapura,2023-12-01,242.5,3.5793610114471193,3.5793610114471193,FALSE,FALSE,1
133,Rice (white),7833,Embilipitiya,Sabaragamuwa,Ratnapura,2024-01-01,237.5,-2.0618556701030926,2.0618556701030926,FALSE,FALSE,1
133,Rice (white),7833,Embilipitiya,Sabaragamuwa,Ratnapura,2024-02-01,235.31,-0.9221052631578938,0.9221052631578938,FALSE,FALSE,1
133,Rice (white),7833,Embilipitiya,Sabaragamuwa,Ratnapura,2024-03-01,239.69,1.8613743572308847,1.8613743572308847,FALSE,FALSE,1
133,Rice (white),7833,Embilipitiya,Sabaragamuwa,Ratnapura,2024-04-01,241.25,0.6508406691977147,0.6508406691977147,FALSE,FALSE,1
133,Rice (white),7833,Embilipitiya,Sabaragamuwa,Ratnapura,2024-05-01,241.88,0.2611398963730551,0.2611398963730551,FALSE,FALSE,1
133,Rice (white),7833,Embilipitiya,Sabaragamuwa,Ratnapura,2024-06-01,243.75,0.7731106333719219,0.7731106333719219,FALSE,FALSE,1
133,Rice (white),7833,Embilipitiya,Sabaragamuwa,Ratnapura,2024-07-01,247.75,1.641025641025641,1.641025641025641,FALSE,FALSE,1
133,Rice (white),7833,Embilipitiya,Sabaragamuwa,Ratnapura,2024-08-01,244.06,-1.489404641775983,1.489404641775983,FALSE,FALSE,1
133,Rice (white),7833,Embilipitiya,Sabaragamuwa,Ratnapura,2024-09-01,234.15,-4.06047693190199,4.06047693190199,FALSE,FALSE,1
133,Rice (white),7833,Embilipitiya,Sabaragamuwa,Ratnapura,2024-10-01,230.62,-1.5075806107196246,1.5075806107196246,FALSE,FALSE,1
133,Rice (white),7833,Embilipitiya,Sabaragamuwa,Ratnapura,2024-11-01,231.67,0.4552944237273363,0.4552944237273363,FALSE,FALSE,1
133,Rice (white),7833,Embilipitiya,Sabaragamuwa,Ratnapura,2024-12-01,243,4.890577113998366,4.890577113998366,FALSE,FALSE,1
133,Rice (white),7833,Embilipitiya,Sabaragamuwa,Ratnapura,2025-01-01,240,-1.2345679012345678,1.2345679012345678,FALSE,FALSE,1
133,Rice (white),7833,Embilipitiya,Sabaragamuwa,Ratnapura,2025-02-01,240,0,0,FALSE,FALSE,1
133,Rice (white),7833,Embilipitiya,Sabaragamuwa,Ratnapura,2025-03-01,240,0,0,FALSE,FALSE,1
133,Rice (white),7833,Embilipitiya,Sabaragamuwa,Ratnapura,2025-04-01,240,0,0,FALSE,FALSE,1
133,Rice (white),7833,Embilipitiya,Sabaragamuwa,Ratnapura,2025-05-01,240,0,0,FALSE,FALSE,1
133,Rice (white),7833,Embilipitiya,Sabaragamuwa,Ratnapura,2025-06-01,NA,NA,NA,FALSE,TRUE,NA
133,Rice (white),7833,Embilipitiya,Sabaragamuwa,Ratnapura,2025-07-01,242,NA,NA,FALSE,FALSE,1
133,Rice (white),7833,Embilipitiya,Sabaragamuwa,Ratnapura,2025-08-01,241.56,-0.18181818181818088,0.18181818181818088,FALSE,FALSE,1
133,Rice (white),7833,Embilipitiya,Sabaragamuwa,Ratnapura,2025-09-01,240,-0.6458022851465484,0.6458022851465484,FALSE,FALSE,1
133,Rice (white),7834,Tissamaharama,Southern,Hambantota,2023-10-01,235,NA,NA,FALSE,FALSE,1
133,Rice (white),7834,Tissamaharama,Southern,Hambantota,2023-11-01,237.88,1.225531914893615,1.225531914893615,FALSE,FALSE,1
133,Rice (white),7834,Tissamaharama,Southern,Hambantota,2023-12-01,237,-0.36993442071632565,0.36993442071632565,FALSE,FALSE,1
133,Rice (white),7834,Tissamaharama,Southern,Hambantota,2024-01-01,246,3.79746835443038,3.79746835443038,FALSE,FALSE,1
133,Rice (white),7834,Tissamaharama,Southern,Hambantota,2024-02-01,242.5,-1.4227642276422763,1.4227642276422763,FALSE,FALSE,1
133,Rice (white),7834,Tissamaharama,Southern,Hambantota,2024-03-01,247.5,2.0618556701030926,2.0618556701030926,FALSE,FALSE,1
133,Rice (white),7834,Tissamaharama,Southern,Hambantota,2024-04-01,250,1.0101010101010102,1.0101010101010102,FALSE,FALSE,1
133,Rice (white),7834,Tissamaharama,Southern,Hambantota,2024-05-01,256.5,2.6,2.6,FALSE,FALSE,1
133,Rice (white),7834,Tissamaharama,Southern,Hambantota,2024-06-01,NA,NA,NA,FALSE,TRUE,NA
133,Rice (white),7834,Tissamaharama,Southern,Hambantota,2024-07-01,NA,NA,NA,FALSE,TRUE,NA
133,Rice (white),7834,Tissamaharama,Southern,Hambantota,2024-08-01,NA,NA,NA,FALSE,TRUE,NA
133,Rice (white),7834,Tissamaharama,Southern,Hambantota,2024-09-01,250.42,NA,NA,FALSE,FALSE,1
133,Rice (white),7834,Tissamaharama,Southern,Hambantota,2024-10-01,241.25,-3.661848095200059,3.661848095200059,FALSE,FALSE,1
133,Rice (white),7834,Tissamaharama,Southern,Hambantota,2024-11-01,232,-3.83419689119171,3.83419689119171,FALSE,FALSE,1
133,Rice (white),7834,Tissamaharama,Southern,Hambantota,2024-12-01,258.89,11.590517241379304,11.590517241379304,FALSE,FALSE,1
133,Rice (white),7834,Tissamaharama,Southern,Hambantota,2025-01-01,243.33,-6.010274634014436,6.010274634014436,FALSE,FALSE,1
133,Rice (white),7834,Tissamaharama,Southern,Hambantota,2025-02-01,243.12,-0.08630255208975791,0.08630255208975791,FALSE,FALSE,1
133,Rice (white),7834,Tissamaharama,Southern,Hambantota,2025-03-01,239.67,-1.4190523198420604,1.4190523198420604,FALSE,FALSE,1
133,Rice (white),7834,Tissamaharama,Southern,Hambantota,2025-04-01,NA,NA,NA,FALSE,TRUE,NA
133,Rice (white),7834,Tissamaharama,Southern,Hambantota,2025-05-01,NA,NA,NA,FALSE,TRUE,NA
133,Rice (white),7834,Tissamaharama,Southern,Hambantota,2025-06-01,245.75,NA,NA,FALSE,FALSE,1
133,Rice (white),7834,Tissamaharama,Southern,Hambantota,2025-07-01,NA,NA,NA,FALSE,TRUE,NA
133,Rice (white),7834,Tissamaharama,Southern,Hambantota,2025-08-01,NA,NA,NA,FALSE,TRUE,NA
133,Rice (white),7834,Tissamaharama,Southern,Hambantota,2025-09-01,240,NA,NA,FALSE,FALSE,1
133,Rice (white),7835,Galenbindunuwewa,North Central,Anuradhapura,2023-06-01,225.5,NA,NA,FALSE,FALSE,1
133,Rice (white),7835,Galenbindunuwewa,North Central,Anuradhapura,2023-07-01,224,-0.6651884700665188,0.6651884700665188,FALSE,FALSE,1
133,Rice (white),7835,Galenbindunuwewa,North Central,Anuradhapura,2023-08-01,225.5,0.6696428571428571,0.6696428571428571,FALSE,FALSE,1
133,Rice (white),7835,Galenbindunuwewa,North Central,Anuradhapura,2023-09-01,230,1.9955654101995564,1.9955654101995564,FALSE,FALSE,1
133,Rice (white),7835,Galenbindunuwewa,North Central,Anuradhapura,2023-10-01,231.2,0.5217391304347777,0.5217391304347777,FALSE,FALSE,1
133,Rice (white),7835,Galenbindunuwewa,North Central,Anuradhapura,2023-11-01,232,0.3460207612456797,0.3460207612456797,FALSE,FALSE,1
133,Rice (white),7835,Galenbindunuwewa,North Central,Anuradhapura,2023-12-01,233,0.43103448275862066,0.43103448275862066,FALSE,FALSE,1
133,Rice (white),7835,Galenbindunuwewa,North Central,Anuradhapura,2024-01-01,237.4,1.8884120171673842,1.8884120171673842,FALSE,FALSE,1
133,Rice (white),7835,Galenbindunuwewa,North Central,Anuradhapura,2024-02-01,247,4.0438079191238385,4.0438079191238385,FALSE,FALSE,1
133,Rice (white),7835,Galenbindunuwewa,North Central,Anuradhapura,2024-03-01,248,0.4048582995951417,0.4048582995951417,FALSE,FALSE,1
133,Rice (white),7835,Galenbindunuwewa,North Central,Anuradhapura,2024-04-01,248,0,0,FALSE,FALSE,1
133,Rice (white),7835,Galenbindunuwewa,North Central,Anuradhapura,2024-05-01,248,0,0,FALSE,FALSE,1
133,Rice (white),7835,Galenbindunuwewa,North Central,Anuradhapura,2024-06-01,248,0,0,FALSE,FALSE,1
133,Rice (white),7835,Galenbindunuwewa,North Central,Anuradhapura,2024-07-01,248,0,0,FALSE,FALSE,1
133,Rice (white),7835,Galenbindunuwewa,North Central,Anuradhapura,2024-08-01,NA,NA,NA,FALSE,TRUE,NA
133,Rice (white),7835,Galenbindunuwewa,North Central,Anuradhapura,2024-09-01,NA,NA,NA,FALSE,TRUE,NA
133,Rice (white),7835,Galenbindunuwewa,North Central,Anuradhapura,2024-10-01,NA,NA,NA,FALSE,TRUE,NA
133,Rice (white),7835,Galenbindunuwewa,North Central,Anuradhapura,2024-11-01,NA,NA,NA,FALSE,TRUE,NA
133,Rice (white),7835,Galenbindunuwewa,North Central,Anuradhapura,2024-12-01,250.83,NA,NA,FALSE,FALSE,1
133,Rice (white),7835,Galenbindunuwewa,North Central,Anuradhapura,2025-01-01,245,-2.3242833791811237,2.3242833791811237,FALSE,FALSE,1
133,Rice (white),7835,Galenbindunuwewa,North Central,Anuradhapura,2025-02-01,242.25,-1.1224489795918366,1.1224489795918366,FALSE,FALSE,1
133,Rice (white),7835,Galenbindunuwewa,North Central,Anuradhapura,2025-03-01,242.47,0.09081527347781171,0.09081527347781171,FALSE,FALSE,1
133,Rice (white),7835,Galenbindunuwewa,North Central,Anuradhapura,2025-04-01,242.5,0.012372664659545979,0.012372664659545979,FALSE,FALSE,1
133,Rice (white),7835,Galenbindunuwewa,North Central,Anuradhapura,2025-05-01,NA,NA,NA,FALSE,TRUE,NA
133,Rice (white),7835,Galenbindunuwewa,North Central,Anuradhapura,2025-06-01,NA,NA,NA,FALSE,TRUE,NA
133,Rice (white),7835,Galenbindunuwewa,North Central,Anuradhapura,2025-07-01,NA,NA,NA,FALSE,TRUE,NA
133,Rice (white),7835,Galenbindunuwewa,North Central,Anuradhapura,2025-08-01,NA,NA,NA,FALSE,TRUE,NA
133,Rice (white),7835,Galenbindunuwewa,North Central,Anuradhapura,2025-09-01,240,NA,NA,FALSE,FALSE,1
133,Rice (white),7837,Dehiattakandiya,Eastern,Ampara,2023-06-01,230,NA,NA,FALSE,FALSE,1
133,Rice (white),7837,Dehiattakandiya,Eastern,Ampara,2023-07-01,231,0.43478260869565216,0.43478260869565216,FALSE,FALSE,1
133,Rice (white),7837,Dehiattakandiya,Eastern,Ampara,2023-08-01,231.67,0.29004329004328466,0.29004329004328466,FALSE,FALSE,1
133,Rice (white),7837,Dehiattakandiya,Eastern,Ampara,2023-09-01,233.75,0.8978288082185922,0.8978288082185922,FALSE,FALSE,1
133,Rice (white),7837,Dehiattakandiya,Eastern,Ampara,2023-10-01,233.67,-0.034224598930486634,0.034224598930486634,FALSE,FALSE,1
133,Rice (white),7837,Dehiattakandiya,Eastern,Ampara,2023-11-01,238.54,2.0841357469936255,2.0841357469936255,FALSE,FALSE,1
133,Rice (white),7837,Dehiattakandiya,Eastern,Ampara,2023-12-01,250.21,4.892261255973848,4.892261255973848,FALSE,FALSE,1
133,Rice (white),7837,Dehiattakandiya,Eastern,Ampara,2024-01-01,257.29,2.8296231165820758,2.8296231165820758,FALSE,FALSE,1
133,Rice (white),7837,Dehiattakandiya,Eastern,Ampara,2024-02-01,257.5,0.08161996191067648,0.08161996191067648,FALSE,FALSE,1
133,Rice (white),7837,Dehiattakandiya,Eastern,Ampara,2024-03-01,261.88,1.700970873786406,1.700970873786406,FALSE,FALSE,1
133,Rice (white),7837,Dehiattakandiya,Eastern,Ampara,2024-04-01,263.12,0.4734993126622915,0.4734993126622915,FALSE,FALSE,1
133,Rice (white),7837,Dehiattakandiya,Eastern,Ampara,2024-05-01,262.5,-0.23563393128610693,0.23563393128610693,FALSE,FALSE,1
133,Rice (white),7837,Dehiattakandiya,Eastern,Ampara,2024-06-01,260.42,-0.7923809523809463,0.7923809523809463,FALSE,FALSE,1
133,Rice (white),7837,Dehiattakandiya,Eastern,Ampara,2024-07-01,261.33,0.3494355272252393,0.3494355272252393,FALSE,FALSE,1
133,Rice (white),7837,Dehiattakandiya,Eastern,Ampara,2024-08-01,256.67,-1.783186010025626,1.783186010025626,FALSE,FALSE,1
133,Rice (white),7837,Dehiattakandiya,Eastern,Ampara,2024-09-01,249.67,-2.7272373086063926,2.7272373086063926,FALSE,FALSE,1
133,Rice (white),7837,Dehiattakandiya,Eastern,Ampara,2024-10-01,235.83,-5.543317178675842,5.543317178675842,FALSE,FALSE,1
133,Rice (white),7837,Dehiattakandiya,Eastern,Ampara,2024-11-01,240.83,2.120171309841835,2.120171309841835,FALSE,FALSE,1
133,Rice (white),7837,Dehiattakandiya,Eastern,Ampara,2024-12-01,242,0.4858198729394126,0.4858198729394126,FALSE,FALSE,1
133,Rice (white),7837,Dehiattakandiya,Eastern,Ampara,2025-01-01,240,-0.8264462809917356,0.8264462809917356,FALSE,FALSE,1
133,Rice (white),7837,Dehiattakandiya,Eastern,Ampara,2025-02-01,248.33,3.470833333333338,3.470833333333338,FALSE,FALSE,1
133,Rice (white),7837,Dehiattakandiya,Eastern,Ampara,2025-03-01,250,0.6724922482180918,0.6724922482180918,FALSE,FALSE,1
133,Rice (white),7837,Dehiattakandiya,Eastern,Ampara,2025-04-01,267.5,7.000000000000001,7.000000000000001,FALSE,FALSE,1
133,Rice (white),7837,Dehiattakandiya,Eastern,Ampara,2025-05-01,261.88,-2.100934579439254,2.100934579439254,FALSE,FALSE,1
133,Rice (white),7837,Dehiattakandiya,Eastern,Ampara,2025-06-01,265.62,1.428135023674969,1.428135023674969,FALSE,FALSE,1
133,Rice (white),7837,Dehiattakandiya,Eastern,Ampara,2025-07-01,270,1.6489722159475928,1.6489722159475928,FALSE,FALSE,1
133,Rice (white),7837,Dehiattakandiya,Eastern,Ampara,2025-08-01,266.25,-1.3888888888888888,1.3888888888888888,FALSE,FALSE,1
133,Rice (white),7837,Dehiattakandiya,Eastern,Ampara,2025-09-01,268.5,0.8450704225352111,0.8450704225352111,FALSE,FALSE,1
133,Rice (white),7839,Keppetipola (DEC},Uva,Badulla,2023-06-01,223.8,NA,NA,FALSE,FALSE,1
133,Rice (white),7839,Keppetipola (DEC},Uva,Badulla,2023-07-01,228.2,1.9660411081322506,1.9660411081322506,FALSE,FALSE,1
133,Rice (white),7839,Keppetipola (DEC},Uva,Badulla,2023-08-01,227,-0.52585451358457,0.52585451358457,FALSE,FALSE,1
133,Rice (white),7839,Keppetipola (DEC},Uva,Badulla,2023-09-01,230.45,1.5198237885462504,1.5198237885462504,FALSE,FALSE,1
133,Rice (white),7839,Keppetipola (DEC},Uva,Badulla,2023-10-01,232.6,0.9329572575395989,0.9329572575395989,FALSE,FALSE,1
133,Rice (white),7839,Keppetipola (DEC},Uva,Badulla,2023-11-01,234.85,0.9673258813413586,0.9673258813413586,FALSE,FALSE,1
133,Rice (white),7839,Keppetipola (DEC},Uva,Badulla,2023-12-01,240.55,2.4270811156057133,2.4270811156057133,FALSE,FALSE,1
133,Rice (white),7839,Keppetipola (DEC},Uva,Badulla,2024-01-01,250.21,4.015797131573476,4.015797131573476,FALSE,FALSE,1
133,Rice (white),7839,Keppetipola (DEC},Uva,Badulla,2024-02-01,255,1.914391910794929,1.914391910794929,FALSE,FALSE,1
133,Rice (white),7839,Keppetipola (DEC},Uva,Badulla,2024-03-01,NA,NA,NA,FALSE,TRUE,NA
133,Rice (white),7839,Keppetipola (DEC},Uva,Badulla,2024-04-01,264.58,NA,NA,FALSE,FALSE,1
133,Rice (white),7839,Keppetipola (DEC},Uva,Badulla,2024-05-01,263.75,-0.3137047395872644,0.3137047395872644,FALSE,FALSE,1
133,Rice (white),7839,Keppetipola (DEC},Uva,Badulla,2024-06-01,274.58,4.106161137440752,4.106161137440752,FALSE,FALSE,1
133,Rice (white),7839,Keppetipola (DEC},Uva,Badulla,2024-07-01,263.25,-4.126301988491509,4.126301988491509,FALSE,FALSE,1
133,Rice (white),7839,Keppetipola (DEC},Uva,Badulla,2024-08-01,252.69,-4.0113960113960125,4.0113960113960125,FALSE,FALSE,1
133,Rice (white),7839,Keppetipola (DEC},Uva,Badulla,2024-09-01,247.2,-2.1726225810281408,2.1726225810281408,FALSE,FALSE,1
133,Rice (white),7839,Keppetipola (DEC},Uva,Badulla,2024-10-01,240,-2.9126213592232966,2.9126213592232966,FALSE,FALSE,1
133,Rice (white),7839,Keppetipola (DEC},Uva,Badulla,2024-11-01,249.38,3.908333333333332,3.908333333333332,FALSE,FALSE,1
133,Rice (white),7839,Keppetipola (DEC},Uva,Badulla,2024-12-01,249.17,-0.08420883791803993,0.08420883791803993,FALSE,FALSE,1
133,Rice (white),7839,Keppetipola (DEC},Uva,Badulla,2025-01-01,242.5,-2.676887265722193,2.676887265722193,FALSE,FALSE,1
133,Rice (white),7839,Keppetipola (DEC},Uva,Badulla,2025-02-01,246.67,1.7195876288659742,1.7195876288659742,FALSE,FALSE,1
133,Rice (white),7839,Keppetipola (DEC},Uva,Badulla,2025-03-01,251.04,1.7715976811124194,1.7715976811124194,FALSE,FALSE,1
133,Rice (white),7839,Keppetipola (DEC},Uva,Badulla,2025-04-01,252.92,0.7488846398980225,0.7488846398980225,FALSE,FALSE,1
133,Rice (white),7839,Keppetipola (DEC},Uva,Badulla,2025-05-01,253.12,0.07907638779061248,0.07907638779061248,FALSE,FALSE,1
133,Rice (white),7839,Keppetipola (DEC},Uva,Badulla,2025-06-01,247.5,-2.2202907711757285,2.2202907711757285,FALSE,FALSE,1
133,Rice (white),7839,Keppetipola (DEC},Uva,Badulla,2025-07-01,258.12,4.290909090909093,4.290909090909093,FALSE,FALSE,1
133,Rice (white),7839,Keppetipola (DEC},Uva,Badulla,2025-08-01,254.17,-1.5302959863629384,1.5302959863629384,FALSE,FALSE,1
133,Rice (white),7839,Keppetipola (DEC},Uva,Badulla,2025-09-01,252.78,-0.5468780737301752,0.5468780737301752,FALSE,FALSE,1
133,Rice (white),7840,Hanguranketha,Central,Nuwara Eliya,2023-06-01,229.55,NA,NA,FALSE,FALSE,1
133,Rice (white),7840,Hanguranketha,Central,Nuwara Eliya,2023-07-01,228.54,-0.43999128730125,0.43999128730125,FALSE,FALSE,1
133,Rice (white),7840,Hanguranketha,Central,Nuwara Eliya,2023-08-01,229,0.20127767568040955,0.20127767568040955,FALSE,FALSE,1
133,Rice (white),7840,Hanguranketha,Central,Nuwara Eliya,2023-09-01,233.15,1.8122270742358104,1.8122270742358104,FALSE,FALSE,1
133,Rice (white),7840,Hanguranketha,Central,Nuwara Eliya,2023-10-01,233,-0.06433626420759411,0.06433626420759411,FALSE,FALSE,1
133,Rice (white),7840,Hanguranketha,Central,Nuwara Eliya,2023-11-01,234.75,0.7510729613733905,0.7510729613733905,FALSE,FALSE,1
133,Rice (white),7840,Hanguranketha,Central,Nuwara Eliya,2023-12-01,241.81,3.007454739084133,3.007454739084133,FALSE,FALSE,1
133,Rice (white),7840,Hanguranketha,Central,Nuwara Eliya,2024-01-01,245,1.3192175675116817,1.3192175675116817,FALSE,FALSE,1
133,Rice (white),7840,Hanguranketha,Central,Nuwara Eliya,2024-02-01,NA,NA,NA,FALSE,TRUE,NA
133,Rice (white),7840,Hanguranketha,Central,Nuwara Eliya,2024-03-01,NA,NA,NA,FALSE,TRUE,NA
133,Rice (white),7840,Hanguranketha,Central,Nuwara Eliya,2024-04-01,NA,NA,NA,FALSE,TRUE,NA
133,Rice (white),7840,Hanguranketha,Central,Nuwara Eliya,2024-05-01,NA,NA,NA,FALSE,TRUE,NA
133,Rice (white),7840,Hanguranketha,Central,Nuwara Eliya,2024-06-01,NA,NA,NA,FALSE,TRUE,NA
133,Rice (white),7840,Hanguranketha,Central,Nuwara Eliya,2024-07-01,260,NA,NA,FALSE,FALSE,1
133,Rice (white),7840,Hanguranketha,Central,Nuwara Eliya,2024-08-01,260,0,0,FALSE,FALSE,1
133,Rice (white),7840,Hanguranketha,Central,Nuwara Eliya,2024-09-01,NA,NA,NA,FALSE,TRUE,NA
133,Rice (white),7840,Hanguranketha,Central,Nuwara Eliya,2024-10-01,NA,NA,NA,FALSE,TRUE,NA
133,Rice (white),7840,Hanguranketha,Central,Nuwara Eliya,2024-11-01,NA,NA,NA,FALSE,TRUE,NA
133,Rice (white),7840,Hanguranketha,Central,Nuwara Eliya,2024-12-01,250,NA,NA,FALSE,FALSE,1
133,Rice (white),7840,Hanguranketha,Central,Nuwara Eliya,2025-01-01,260,4,4,FALSE,FALSE,1
133,Rice (white),7840,Hanguranketha,Central,Nuwara Eliya,2025-02-01,240,-7.6923076923076925,7.6923076923076925,FALSE,FALSE,1
133,Rice (white),7840,Hanguranketha,Central,Nuwara Eliya,2025-03-01,240,0,0,FALSE,FALSE,1
133,Rice (white),7840,Hanguranketha,Central,Nuwara Eliya,2025-04-01,240,0,0,FALSE,FALSE,1
133,Rice (white),7840,Hanguranketha,Central,Nuwara Eliya,2025-05-01,NA,NA,NA,FALSE,TRUE,NA
133,Rice (white),7840,Hanguranketha,Central,Nuwara Eliya,2025-06-01,NA,NA,NA,FALSE,TRUE,NA
133,Rice (white),7840,Hanguranketha,Central,Nuwara Eliya,2025-07-01,NA,NA,NA,FALSE,TRUE,NA
133,Rice (white),7840,Hanguranketha,Central,Nuwara Eliya,2025-08-01,240,NA,NA,FALSE,FALSE,1
133,Rice (white),7840,Hanguranketha,Central,Nuwara Eliya,2025-09-01,240,0,0,FALSE,FALSE,1
133,Rice (white),7841,Meegoda(DEC),Western,Colombo,2023-06-01,230,NA,NA,FALSE,FALSE,1
133,Rice (white),7841,Meegoda(DEC),Western,Colombo,2023-07-01,222.17,-3.404347826086962,3.404347826086962,FALSE,FALSE,1
133,Rice (white),7841,Meegoda(DEC),Western,Colombo,2023-08-01,226,1.7239051177026659,1.7239051177026659,FALSE,FALSE,1
133,Rice (white),7841,Meegoda(DEC),Western,Colombo,2023-09-01,NA,NA,NA,FALSE,TRUE,NA
133,Rice (white),7841,Meegoda(DEC),Western,Colombo,2023-10-01,230,NA,NA,FALSE,FALSE,1
133,Rice (white),7841,Meegoda(DEC),Western,Colombo,2023-11-01,231.4,0.6086956521739155,0.6086956521739155,FALSE,FALSE,1
133,Rice (white),7841,Meegoda(DEC),Western,Colombo,2023-12-01,231,-0.17286084701815285,0.17286084701815285,FALSE,FALSE,1
133,Rice (white),7841,Meegoda(DEC),Western,Colombo,2024-01-01,235.5,1.948051948051948,1.948051948051948,FALSE,FALSE,1
133,Rice (white),7841,Meegoda(DEC),Western,Colombo,2024-02-01,237.5,0.8492569002123143,0.8492569002123143,FALSE,FALSE,1
133,Rice (white),7841,Meegoda(DEC),Western,Colombo,2024-03-01,238,0.21052631578947367,0.21052631578947367,FALSE,FALSE,1
133,Rice (white),7841,Meegoda(DEC),Western,Colombo,2024-04-01,246,3.361344537815126,3.361344537815126,FALSE,FALSE,1
133,Rice (white),7841,Meegoda(DEC),Western,Colombo,2024-05-01,246.67,0.2723577235772307,0.2723577235772307,FALSE,FALSE,1
133,Rice (white),7841,Meegoda(DEC),Western,Colombo,2024-06-01,247.25,0.23513195767625272,0.23513195767625272,FALSE,FALSE,1
133,Rice (white),7841,Meegoda(DEC),Western,Colombo,2024-07-01,242.8,-1.7997977755308345,1.7997977755308345,FALSE,FALSE,1
133,Rice (white),7841,Meegoda(DEC),Western,Colombo,2024-08-01,237.33,-2.252883031301482,2.252883031301482,FALSE,FALSE,1
133,Rice (white),7841,Meegoda(DEC),Western,Colombo,2024-09-01,232.4,-2.077276366241102,2.077276366241102,FALSE,FALSE,1
133,Rice (white),7841,Meegoda(DEC),Western,Colombo,2024-10-01,230,-1.0327022375215171,1.0327022375215171,FALSE,FALSE,1
133,Rice (white),7841,Meegoda(DEC),Western,Colombo,2024-11-01,242,5.217391304347826,5.217391304347826,FALSE,FALSE,1
133,Rice (white),7841,Meegoda(DEC),Western,Colombo,2024-12-01,243.33,0.5495867768595093,0.5495867768595093,FALSE,FALSE,1
133,Rice (white),7841,Meegoda(DEC),Western,Colombo,2025-01-01,243.33,0,0,FALSE,FALSE,1
133,Rice (white),7841,Meegoda(DEC),Western,Colombo,2025-02-01,242,-0.5465828299017846,0.5465828299017846,FALSE,FALSE,1
133,Rice (white),7841,Meegoda(DEC),Western,Colombo,2025-03-01,243.03,0.42561983471074427,0.42561983471074427,FALSE,FALSE,1
133,Rice (white),7841,Meegoda(DEC),Western,Colombo,2025-04-01,242.33,-0.28803028432703315,0.28803028432703315,FALSE,FALSE,1
133,Rice (white),7841,Meegoda(DEC),Western,Colombo,2025-05-01,243,0.276482482565092,0.276482482565092,FALSE,FALSE,1
133,Rice (white),7841,Meegoda(DEC),Western,Colombo,2025-06-01,245,0.823045267489712,0.823045267489712,FALSE,FALSE,1
133,Rice (white),7841,Meegoda(DEC),Western,Colombo,2025-07-01,NA,NA,NA,FALSE,TRUE,NA
133,Rice (white),7841,Meegoda(DEC),Western,Colombo,2025-08-01,NA,NA,NA,FALSE,TRUE,NA
133,Rice (white),7841,Meegoda(DEC),Western,Colombo,2025-09-01,240,NA,NA,FALSE,FALSE,1
133,Rice (white),7842,Nikaweratiya,North Western,Kurunegala,2023-06-01,230,NA,NA,FALSE,FALSE,1
133,Rice (white),7842,Nikaweratiya,North Western,Kurunegala,2023-07-01,230,0,0,FALSE,FALSE,1
133,Rice (white),7842,Nikaweratiya,North Western,Kurunegala,2023-08-01,230,0,0,FALSE,FALSE,1
133,Rice (white),7842,Nikaweratiya,North Western,Kurunegala,2023-09-01,232.5,1.0869565217391304,1.0869565217391304,FALSE,FALSE,1
133,Rice (white),7842,Nikaweratiya,North Western,Kurunegala,2023-10-01,232.5,0,0,FALSE,FALSE,1
133,Rice (white),7842,Nikaweratiya,North Western,Kurunegala,2023-11-01,238.12,2.417204301075271,2.417204301075271,FALSE,FALSE,1
133,Rice (white),7842,Nikaweratiya,North Western,Kurunegala,2023-12-01,248.54,4.3759449017302146,4.3759449017302146,FALSE,FALSE,1
133,Rice (white),7842,Nikaweratiya,North Western,Kurunegala,2024-01-01,267,7.427375875110649,7.427375875110649,FALSE,FALSE,1
133,Rice (white),7842,Nikaweratiya,North Western,Kurunegala,2024-02-01,260,-2.6217228464419478,2.6217228464419478,FALSE,FALSE,1
133,Rice (white),7842,Nikaweratiya,North Western,Kurunegala,2024-03-01,270,3.8461538461538463,3.8461538461538463,FALSE,FALSE,1
133,Rice (white),7842,Nikaweratiya,North Western,Kurunegala,2024-04-01,270,0,0,FALSE,FALSE,1
133,Rice (white),7842,Nikaweratiya,North Western,Kurunegala,2024-05-01,270,0,0,FALSE,FALSE,1
133,Rice (white),7842,Nikaweratiya,North Western,Kurunegala,2024-06-01,NA,NA,NA,FALSE,TRUE,NA
133,Rice (white),7842,Nikaweratiya,North Western,Kurunegala,2024-07-01,258.5,NA,NA,FALSE,FALSE,1
133,Rice (white),7842,Nikaweratiya,North Western,Kurunegala,2024-08-01,267.92,3.644100580270799,3.644100580270799,FALSE,FALSE,1
133,Rice (white),7842,Nikaweratiya,North Western,Kurunegala,2024-09-01,268,0.029859659599874615,0.029859659599874615,FALSE,FALSE,1
133,Rice (white),7842,Nikaweratiya,North Western,Kurunegala,2024-10-01,254.58,-5.007462686567159,5.007462686567159,FALSE,FALSE,1
133,Rice (white),7842,Nikaweratiya,North Western,Kurunegala,2024-11-01,252.5,-0.8170319742320733,0.8170319742320733,FALSE,FALSE,1
133,Rice (white),7842,Nikaweratiya,North Western,Kurunegala,2024-12-01,254.69,0.8673267326732663,0.8673267326732663,FALSE,FALSE,1
133,Rice (white),7842,Nikaweratiya,North Western,Kurunegala,2025-01-01,NA,NA,NA,FALSE,TRUE,NA
133,Rice (white),7842,Nikaweratiya,North Western,Kurunegala,2025-02-01,NA,NA,NA,FALSE,TRUE,NA
133,Rice (white),7842,Nikaweratiya,North Western,Kurunegala,2025-03-01,239.8,NA,NA,FALSE,FALSE,1
133,Rice (white),7842,Nikaweratiya,North Western,Kurunegala,2025-04-01,240,0.08340283569640894,0.08340283569640894,FALSE,FALSE,1
133,Rice (white),7842,Nikaweratiya,North Western,Kurunegala,2025-05-01,240,0,0,FALSE,FALSE,1
133,Rice (white),7842,Nikaweratiya,North Western,Kurunegala,2025-06-01,NA,NA,NA,FALSE,TRUE,NA
133,Rice (white),7842,Nikaweratiya,North Western,Kurunegala,2025-07-01,240,NA,NA,FALSE,FALSE,1
133,Rice (white),7842,Nikaweratiya,North Western,Kurunegala,2025-08-01,264.75,10.3125,10.3125,FALSE,FALSE,1
133,Rice (white),7842,Nikaweratiya,North Western,Kurunegala,2025-09-01,268.15,1.2842304060434286,1.2842304060434286,FALSE,FALSE,1
133,Rice (white),7843,Mullativu,Northern,Mullattivu,2023-06-01,228,NA,NA,FALSE,FALSE,1
133,Rice (white),7843,Mullativu,Northern,Mullattivu,2023-07-01,228,0,0,FALSE,FALSE,1
133,Rice (white),7843,Mullativu,Northern,Mullattivu,2023-08-01,232,1.7543859649122806,1.7543859649122806,FALSE,FALSE,1
133,Rice (white),7843,Mullativu,Northern,Mullattivu,2023-09-01,232.75,0.3232758620689655,0.3232758620689655,FALSE,FALSE,1
133,Rice (white),7843,Mullativu,Northern,Mullattivu,2023-10-01,NA,NA,NA,FALSE,TRUE,NA
133,Rice (white),7843,Mullativu,Northern,Mullattivu,2023-11-01,NA,NA,NA,FALSE,TRUE,NA
133,Rice (white),7843,Mullativu,Northern,Mullattivu,2023-12-01,NA,NA,NA,FALSE,TRUE,NA
133,Rice (white),7843,Mullativu,Northern,Mullattivu,2024-01-01,NA,NA,NA,FALSE,TRUE,NA
133,Rice (white),7843,Mullativu,Northern,Mullattivu,2024-02-01,NA,NA,NA,FALSE,TRUE,NA
133,Rice (white),7843,Mullativu,Northern,Mullattivu,2024-03-01,NA,NA,NA,FALSE,TRUE,NA
133,Rice (white),7843,Mullativu,Northern,Mullattivu,2024-04-01,NA,NA,NA,FALSE,TRUE,NA
133,Rice (white),7843,Mullativu,Northern,Mullattivu,2024-05-01,283.75,NA,NA,FALSE,FALSE,1
133,Rice (white),7843,Mullativu,Northern,Mullattivu,2024-06-01,280,-1.3215859030837005,1.3215859030837005,FALSE,FALSE,1
133,Rice (white),7843,Mullativu,Northern,Mullattivu,2024-07-01,236.2,-15.642857142857148,15.642857142857148,FALSE,FALSE,1
133,Rice (white),7843,Mullativu,Northern,Mullattivu,2024-08-01,247.95,4.974597798475868,4.974597798475868,FALSE,FALSE,1
133,Rice (white),7843,Mullativu,Northern,Mullattivu,2024-09-01,245.4,-1.0284331518451233,1.0284331518451233,FALSE,FALSE,1
133,Rice (white),7843,Mullativu,Northern,Mullattivu,2024-10-01,241.95,-1.4058679706601538,1.4058679706601538,FALSE,FALSE,1
133,Rice (white),7843,Mullativu,Northern,Mullattivu,2024-11-01,242.85,0.371977681339122,0.371977681339122,FALSE,FALSE,1
133,Rice (white),7843,Mullativu,Northern,Mullattivu,2024-12-01,247.7,1.9971175622812414,1.9971175622812414,FALSE,FALSE,1
133,Rice (white),7843,Mullativu,Northern,Mullattivu,2025-01-01,247.65,-0.02018570851836211,0.02018570851836211,FALSE,FALSE,1
133,Rice (white),7843,Mullativu,Northern,Mullattivu,2025-02-01,246.55,-0.44417524732485136,0.44417524732485136,FALSE,FALSE,1
133,Rice (white),7843,Mullativu,Northern,Mullattivu,2025-03-01,246.52,-0.012167917258163104,0.012167917258163104,FALSE,FALSE,1
133,Rice (white),7843,Mullativu,Northern,Mullattivu,2025-04-01,243.9,-1.0627940937854958,1.0627940937854958,FALSE,FALSE,1
133,Rice (white),7843,Mullativu,Northern,Mullattivu,2025-05-01,242.89,-0.41410414104141835,0.41410414104141835,FALSE,FALSE,1
133,Rice (white),7843,Mullativu,Northern,Mullattivu,2025-06-01,249.55,2.741981967145632,2.741981967145632,FALSE,FALSE,1
133,Rice (white),7843,Mullativu,Northern,Mullattivu,2025-07-01,246.93,-1.0498898016429592,1.0498898016429592,FALSE,FALSE,1
133,Rice (white),7843,Mullativu,Northern,Mullattivu,2025-08-01,244.73,-0.8909407524399696,0.8909407524399696,FALSE,FALSE,1
133,Rice (white),7843,Mullativu,Northern,Mullattivu,2025-09-01,241.8,-1.197237772238785,1.197237772238785,FALSE,FALSE,1
323,Onions (imported),360,Ampara,Eastern,Ampara,2023-06-01,131.42,NA,NA,FALSE,FALSE,1
323,Onions (imported),360,Ampara,Eastern,Ampara,2023-07-01,144.25,9.762593212600832,9.762593212600832,FALSE,FALSE,1
323,Onions (imported),360,Ampara,Eastern,Ampara,2023-08-01,181.88,26.08665511265164,26.08665511265164,FALSE,FALSE,1
323,Onions (imported),360,Ampara,Eastern,Ampara,2023-09-01,205.88,13.195513525401365,13.195513525401365,FALSE,FALSE,1
323,Onions (imported),360,Ampara,Eastern,Ampara,2023-10-01,257.25,24.95142801632019,24.95142801632019,FALSE,FALSE,1
323,Onions (imported),360,Ampara,Eastern,Ampara,2023-11-01,301.46,17.185617103984445,17.185617103984445,FALSE,FALSE,1
323,Onions (imported),360,Ampara,Eastern,Ampara,2023-12-01,407.5,35.17547933390832,35.17547933390832,FALSE,FALSE,1
323,Onions (imported),360,Ampara,Eastern,Ampara,2024-01-01,459.3,12.711656441717794,12.711656441717794,FALSE,FALSE,1
323,Onions (imported),360,Ampara,Eastern,Ampara,2024-02-01,405.81,-11.645983017635533,11.645983017635533,FALSE,FALSE,1
323,Onions (imported),360,Ampara,Eastern,Ampara,2024-03-01,529.67,30.521672703974755,30.521672703974755,FALSE,FALSE,1
323,Onions (imported),360,Ampara,Eastern,Ampara,2024-04-01,620.5,17.148413162912764,17.148413162912764,FALSE,FALSE,1
323,Onions (imported),360,Ampara,Eastern,Ampara,2024-05-01,284.88,-54.08863819500404,54.08863819500404,TRUE,FALSE,1
323,Onions (imported),360,Ampara,Eastern,Ampara,2024-06-01,284.88,0,0,FALSE,FALSE,1
323,Onions (imported),360,Ampara,Eastern,Ampara,2024-07-01,242.5,-14.876439202471214,14.876439202471214,FALSE,FALSE,1
323,Onions (imported),360,Ampara,Eastern,Ampara,2024-08-01,246.56,1.6742268041237123,1.6742268041237123,FALSE,FALSE,1
323,Onions (imported),360,Ampara,Eastern,Ampara,2024-09-01,261.83,6.193218689162873,6.193218689162873,FALSE,FALSE,1
323,Onions (imported),360,Ampara,Eastern,Ampara,2024-10-01,258.06,-1.4398655616239475,1.4398655616239475,FALSE,FALSE,1
323,Onions (imported),360,Ampara,Eastern,Ampara,2024-11-01,298.89,15.821901883282951,15.821901883282951,FALSE,FALSE,1
323,Onions (imported),360,Ampara,Eastern,Ampara,2024-12-01,278.75,-6.738264913513328,6.738264913513328,FALSE,FALSE,1
323,Onions (imported),360,Ampara,Eastern,Ampara,2025-01-01,240.94,-13.564125560538118,13.564125560538118,FALSE,FALSE,1
323,Onions (imported),360,Ampara,Eastern,Ampara,2025-02-01,190.42,-20.967875819706155,20.967875819706155,FALSE,FALSE,1
323,Onions (imported),360,Ampara,Eastern,Ampara,2025-03-01,176.67,-7.220880159647096,7.220880159647096,FALSE,FALSE,1
323,Onions (imported),360,Ampara,Eastern,Ampara,2025-04-01,167.5,-5.190468104375382,5.190468104375382,FALSE,FALSE,1
323,Onions (imported),360,Ampara,Eastern,Ampara,2025-05-01,147.92,-11.689552238805978,11.689552238805978,FALSE,FALSE,1
323,Onions (imported),360,Ampara,Eastern,Ampara,2025-06-01,134,-9.410492157923194,9.410492157923194,FALSE,FALSE,1
323,Onions (imported),360,Ampara,Eastern,Ampara,2025-07-01,129.58,-3.298507462686558,3.298507462686558,FALSE,FALSE,1
323,Onions (imported),360,Ampara,Eastern,Ampara,2025-08-01,157.5,21.546534959098615,21.546534959098615,FALSE,FALSE,1
323,Onions (imported),360,Ampara,Eastern,Ampara,2025-09-01,163,3.492063492063492,3.492063492063492,FALSE,FALSE,1
323,Onions (imported),361,Batticaloa,Eastern,Batticaloa,2023-06-01,145.5,NA,NA,FALSE,FALSE,1
323,Onions (imported),361,Batticaloa,Eastern,Batticaloa,2023-07-01,157.2,8.041237113402055,8.041237113402055,FALSE,FALSE,1
323,Onions (imported),361,Batticaloa,Eastern,Batticaloa,2023-08-01,210,33.587786259542,33.587786259542,FALSE,FALSE,1
323,Onions (imported),361,Batticaloa,Eastern,Batticaloa,2023-09-01,232.5,10.714285714285714,10.714285714285714,FALSE,FALSE,1
323,Onions (imported),361,Batticaloa,Eastern,Batticaloa,2023-10-01,274,17.8494623655914,17.8494623655914,FALSE,FALSE,1
323,Onions (imported),361,Batticaloa,Eastern,Batticaloa,2023-11-01,317.5,15.875912408759124,15.875912408759124,FALSE,FALSE,1
323,Onions (imported),361,Batticaloa,Eastern,Batticaloa,2023-12-01,456,43.62204724409449,43.62204724409449,FALSE,FALSE,1
323,Onions (imported),361,Batticaloa,Eastern,Batticaloa,2024-01-01,483.2,5.9649122807017525,5.9649122807017525,FALSE,FALSE,1
323,Onions (imported),361,Batticaloa,Eastern,Batticaloa,2024-02-01,439,-9.147350993377481,9.147350993377481,FALSE,FALSE,1
323,Onions (imported),361,Batticaloa,Eastern,Batticaloa,2024-03-01,581,32.346241457858774,32.346241457858774,FALSE,FALSE,1
323,Onions (imported),361,Batticaloa,Eastern,Batticaloa,2024-04-01,729.6,25.576592082616184,25.576592082616184,FALSE,FALSE,1
323,Onions (imported),361,Batticaloa,Eastern,Batticaloa,2024-05-01,257.5,-64.70668859649122,64.70668859649122,TRUE,FALSE,1
323,Onions (imported),361,Batticaloa,Eastern,Batticaloa,2024-06-01,257.5,0,0,FALSE,FALSE,1
323,Onions (imported),361,Batticaloa,Eastern,Batticaloa,2024-07-01,294.8,14.485436893203888,14.485436893203888,FALSE,FALSE,1
323,Onions (imported),361,Batticaloa,Eastern,Batticaloa,2024-08-01,292,-0.9497964721845357,0.9497964721845357,FALSE,FALSE,1
323,Onions (imported),361,Batticaloa,Eastern,Batticaloa,2024-09-01,NA,NA,NA,FALSE,TRUE,NA
323,Onions (imported),361,Batticaloa,Eastern,Batticaloa,2024-10-01,NA,NA,NA,FALSE,TRUE,NA
323,Onions (imported),361,Batticaloa,Eastern,Batticaloa,2024-11-01,NA,NA,NA,FALSE,TRUE,NA
323,Onions (imported),361,Batticaloa,Eastern,Batticaloa,2024-12-01,234.67,NA,NA,FALSE,FALSE,1
323,Onions (imported),361,Batticaloa,Eastern,Batticaloa,2025-01-01,260,10.793880768739086,10.793880768739086,FALSE,FALSE,1
323,Onions (imported),361,Batticaloa,Eastern,Batticaloa,2025-02-01,206.88,-20.430769230769233,20.430769230769233,FALSE,FALSE,1
323,Onions (imported),361,Batticaloa,Eastern,Batticaloa,2025-03-01,184.5,-10.817865429234336,10.817865429234336,FALSE,FALSE,1
323,Onions (imported),361,Batticaloa,Eastern,Batticaloa,2025-04-01,177.5,-3.7940379403794036,3.7940379403794036,FALSE,FALSE,1
323,Onions (imported),361,Batticaloa,Eastern,Batticaloa,2025-05-01,NA,NA,NA,FALSE,TRUE,NA
323,Onions (imported),361,Batticaloa,Eastern,Batticaloa,2025-06-01,155.75,NA,NA,FALSE,FALSE,1
323,Onions (imported),361,Batticaloa,Eastern,Batticaloa,2025-07-01,146.56,-5.900481540930977,5.900481540930977,FALSE,FALSE,1
323,Onions (imported),361,Batticaloa,Eastern,Batticaloa,2025-08-01,161.56,10.23471615720524,10.23471615720524,FALSE,FALSE,1
323,Onions (imported),361,Batticaloa,Eastern,Batticaloa,2025-09-01,190,17.603367170091605,17.603367170091605,FALSE,FALSE,1
323,Onions (imported),362,Jaffna,Northern,Jaffna,2023-06-01,124.17,NA,NA,FALSE,FALSE,1
323,Onions (imported),362,Jaffna,Northern,Jaffna,2023-07-01,133,7.11121849077877,7.11121849077877,FALSE,FALSE,1
323,Onions (imported),362,Jaffna,Northern,Jaffna,2023-08-01,177.75,33.64661654135339,33.64661654135339,FALSE,FALSE,1
323,Onions (imported),362,Jaffna,Northern,Jaffna,2023-09-01,204,14.767932489451477,14.767932489451477,FALSE,FALSE,1
323,Onions (imported),362,Jaffna,Northern,Jaffna,2023-10-01,242.2,18.725490196078425,18.725490196078425,FALSE,FALSE,1
323,Onions (imported),362,Jaffna,Northern,Jaffna,2023-11-01,311,28.40627580511974,28.40627580511974,FALSE,FALSE,1
323,Onions (imported),362,Jaffna,Northern,Jaffna,2023-12-01,382.5,22.990353697749196,22.990353697749196,FALSE,FALSE,1
323,Onions (imported),362,Jaffna,Northern,Jaffna,2024-01-01,431.13,12.713725490196076,12.713725490196076,FALSE,FALSE,1
323,Onions (imported),362,Jaffna,Northern,Jaffna,2024-02-01,375.58,-12.884744740565493,12.884744740565493,FALSE,FALSE,1
323,Onions (imported),362,Jaffna,Northern,Jaffna,2024-03-01,570.75,51.96496086053571,51.96496086053571,TRUE,FALSE,1
323,Onions (imported),362,Jaffna,Northern,Jaffna,2024-04-01,612,7.227332457293036,7.227332457293036,FALSE,FALSE,1
323,Onions (imported),362,Jaffna,Northern,Jaffna,2024-05-01,247.5,-59.55882352941176,59.55882352941176,TRUE,FALSE,1
323,Onions (imported),362,Jaffna,Northern,Jaffna,2024-06-01,264.25,6.767676767676768,6.767676767676768,FALSE,FALSE,1
323,Onions (imported),362,Jaffna,Northern,Jaffna,2024-07-01,266.5,0.8514664143803218,0.8514664143803218,FALSE,FALSE,1
323,Onions (imported),362,Jaffna,Northern,Jaffna,2024-08-01,263,-1.3133208255159476,1.3133208255159476,FALSE,FALSE,1
323,Onions (imported),362,Jaffna,Northern,Jaffna,2024-09-01,261.2,-0.6844106463878371,0.6844106463878371,FALSE,FALSE,1
323,Onions (imported),362,Jaffna,Northern,Jaffna,2024-10-01,266,1.8376722817764208,1.8376722817764208,FALSE,FALSE,1
323,Onions (imported),362,Jaffna,Northern,Jaffna,2024-11-01,337.5,26.879699248120303,26.879699248120303,FALSE,FALSE,1
323,Onions (imported),362,Jaffna,Northern,Jaffna,2024-12-01,326.8,-3.170370370370367,3.170370370370367,FALSE,FALSE,1
323,Onions (imported),362,Jaffna,Northern,Jaffna,2025-01-01,245.5,-24.87760097919217,24.87760097919217,FALSE,FALSE,1
323,Onions (imported),362,Jaffna,Northern,Jaffna,2025-02-01,230.5,-6.109979633401222,6.109979633401222,FALSE,FALSE,1
323,Onions (imported),362,Jaffna,Northern,Jaffna,2025-03-01,199,-13.665943600867678,13.665943600867678,FALSE,FALSE,1
323,Onions (imported),362,Jaffna,Northern,Jaffna,2025-04-01,NA,NA,NA,FALSE,TRUE,NA
323,Onions (imported),362,Jaffna,Northern,Jaffna,2025-05-01,NA,NA,NA,FALSE,TRUE,NA
323,Onions (imported),362,Jaffna,Northern,Jaffna,2025-06-01,151,NA,NA,FALSE,FALSE,1
323,Onions (imported),362,Jaffna,Northern,Jaffna,2025-07-01,140.75,-6.788079470198675,6.788079470198675,FALSE,FALSE,1
323,Onions (imported),362,Jaffna,Northern,Jaffna,2025-08-01,137,-2.664298401420959,2.664298401420959,FALSE,FALSE,1
323,Onions (imported),362,Jaffna,Northern,Jaffna,2025-09-01,170,24.087591240875913,24.087591240875913,FALSE,FALSE,1
323,Onions (imported),363,Kilinochchi,Northern,Kilinochchi,2023-06-01,143.25,NA,NA,FALSE,FALSE,1
323,Onions (imported),363,Kilinochchi,Northern,Kilinochchi,2023-07-01,157.8,10.157068062827234,10.157068062827234,FALSE,FALSE,1
323,Onions (imported),363,Kilinochchi,Northern,Kilinochchi,2023-08-01,202.08,28.060836501901136,28.060836501901136,FALSE,FALSE,1
323,Onions (imported),363,Kilinochchi,Northern,Kilinochchi,2023-09-01,231.75,14.682304038004743,14.682304038004743,FALSE,FALSE,1
323,Onions (imported),363,Kilinochchi,Northern,Kilinochchi,2023-10-01,227.6,-1.7907227615965506,1.7907227615965506,FALSE,FALSE,1
323,Onions (imported),363,Kilinochchi,Northern,Kilinochchi,2023-11-01,313.5,37.741652021089635,37.741652021089635,FALSE,FALSE,1
323,Onions (imported),363,Kilinochchi,Northern,Kilinochchi,2023-12-01,452.17,44.23285486443382,44.23285486443382,FALSE,FALSE,1
323,Onions (imported),363,Kilinochchi,Northern,Kilinochchi,2024-01-01,468.8,3.6778202888294214,3.6778202888294214,FALSE,FALSE,1
323,Onions (imported),363,Kilinochchi,Northern,Kilinochchi,2024-02-01,435.5,-7.103242320819114,7.103242320819114,FALSE,FALSE,1
323,Onions (imported),363,Kilinochchi,Northern,Kilinochchi,2024-03-01,584.5,34.21354764638347,34.21354764638347,FALSE,FALSE,1
323,Onions (imported),363,Kilinochchi,Northern,Kilinochchi,2024-04-01,722.2,23.55859709153123,23.55859709153123,FALSE,FALSE,1
323,Onions (imported),363,Kilinochchi,Northern,Kilinochchi,2024-05-01,261.75,-63.75657712545002,63.75657712545002,TRUE,FALSE,1
323,Onions (imported),363,Kilinochchi,Northern,Kilinochchi,2024-06-01,261.75,0,0,FALSE,FALSE,1
323,Onions (imported),363,Kilinochchi,Northern,Kilinochchi,2024-07-01,280.4,7.125119388729695,7.125119388729695,FALSE,FALSE,1
323,Onions (imported),363,Kilinochchi,Northern,Kilinochchi,2024-08-01,276.75,-1.3017118402282373,1.3017118402282373,FALSE,FALSE,1
323,Onions (imported),363,Kilinochchi,Northern,Kilinochchi,2024-09-01,265.6,-4.028906955736216,4.028906955736216,FALSE,FALSE,1
323,Onions (imported),363,Kilinochchi,Northern,Kilinochchi,2024-10-01,280.75,5.7040662650602325,5.7040662650602325,FALSE,FALSE,1
323,Onions (imported),363,Kilinochchi,Northern,Kilinochchi,2024-11-01,308.5,9.884238646482636,9.884238646482636,FALSE,FALSE,1
323,Onions (imported),363,Kilinochchi,Northern,Kilinochchi,2024-12-01,295.6,-4.181523500810366,4.181523500810366,FALSE,FALSE,1
323,Onions (imported),363,Kilinochchi,Northern,Kilinochchi,2025-01-01,261,-11.70500676589987,11.70500676589987,FALSE,FALSE,1
323,Onions (imported),363,Kilinochchi,Northern,Kilinochchi,2025-02-01,227.5,-12.835249042145595,12.835249042145595,FALSE,FALSE,1
323,Onions (imported),363,Kilinochchi,Northern,Kilinochchi,2025-03-01,184.2,-19.032967032967036,19.032967032967036,FALSE,FALSE,1
323,Onions (imported),363,Kilinochchi,Northern,Kilinochchi,2025-04-01,181,-1.7372421281216008,1.7372421281216008,FALSE,FALSE,1
323,Onions (imported),363,Kilinochchi,Northern,Kilinochchi,2025-05-01,153.5,-15.193370165745856,15.193370165745856,FALSE,FALSE,1
323,Onions (imported),363,Kilinochchi,Northern,Kilinochchi,2025-06-01,144,-6.188925081433225,6.188925081433225,FALSE,FALSE,1
323,Onions (imported),363,Kilinochchi,Northern,Kilinochchi,2025-07-01,NA,NA,NA,FALSE,TRUE,NA
323,Onions (imported),363,Kilinochchi,Northern,Kilinochchi,2025-08-01,NA,NA,NA,FALSE,TRUE,NA
323,Onions (imported),363,Kilinochchi,Northern,Kilinochchi,2025-09-01,176.33,NA,NA,FALSE,FALSE,1
323,Onions (imported),364,Mannar,Northern,Mannar,2023-06-01,137,NA,NA,FALSE,FALSE,1
323,Onions (imported),364,Mannar,Northern,Mannar,2023-07-01,149.2,8.905109489051087,8.905109489051087,FALSE,FALSE,1
323,Onions (imported),364,Mannar,Northern,Mannar,2023-08-01,191.88,28.6058981233244,28.6058981233244,FALSE,FALSE,1
323,Onions (imported),364,Mannar,Northern,Mannar,2023-09-01,209,8.922243068584535,8.922243068584535,FALSE,FALSE,1
323,Onions (imported),364,Mannar,Northern,Mannar,2023-10-01,231.6,10.8133971291866,10.8133971291866,FALSE,FALSE,1
323,Onions (imported),364,Mannar,Northern,Mannar,2023-11-01,288,24.35233160621762,24.35233160621762,FALSE,FALSE,1
323,Onions (imported),364,Mannar,Northern,Mannar,2023-12-01,438.62,52.298611111111114,52.298611111111114,TRUE,FALSE,1
323,Onions (imported),364,Mannar,Northern,Mannar,2024-01-01,453.6,3.4152569422279004,3.4152569422279004,FALSE,FALSE,1
323,Onions (imported),364,Mannar,Northern,Mannar,2024-02-01,408.5,-9.942680776014114,9.942680776014114,FALSE,FALSE,1
323,Onions (imported),364,Mannar,Northern,Mannar,2024-03-01,392,-4.039167686658507,4.039167686658507,FALSE,FALSE,1
323,Onions (imported),364,Mannar,Northern,Mannar,2024-04-01,398.67,1.701530612244902,1.701530612244902,FALSE,FALSE,1
323,Onions (imported),364,Mannar,Northern,Mannar,2024-05-01,233.47,-41.43778062056337,41.43778062056337,FALSE,FALSE,1
323,Onions (imported),364,Mannar,Northern,Mannar,2024-06-01,233.47,0,0,FALSE,FALSE,1
323,Onions (imported),364,Mannar,Northern,Mannar,2024-07-01,247.79,6.13355034908125,6.13355034908125,FALSE,FALSE,1
323,Onions (imported),364,Mannar,Northern,Mannar,2024-08-01,246.12,-0.6739577868356219,0.6739577868356219,FALSE,FALSE,1
323,Onions (imported),364,Mannar,Northern,Mannar,2024-09-01,287.6,16.853567365512763,16.853567365512763,FALSE,FALSE,1
323,Onions (imported),364,Mannar,Northern,Mannar,2024-10-01,286,-0.556328233657866,0.556328233657866,FALSE,FALSE,1
323,Onions (imported),364,Mannar,Northern,Mannar,2024-11-01,348,21.678321678321677,21.678321678321677,FALSE,FALSE,1
323,Onions (imported),364,Mannar,Northern,Mannar,2024-12-01,280.4,-19.425287356321846,19.425287356321846,FALSE,FALSE,1
323,Onions (imported),364,Mannar,Northern,Mannar,2025-01-01,251,-10.485021398002846,10.485021398002846,FALSE,FALSE,1
323,Onions (imported),364,Mannar,Northern,Mannar,2025-02-01,NA,NA,NA,FALSE,TRUE,NA
323,Onions (imported),364,Mannar,Northern,Mannar,2025-03-01,NA,NA,NA,FALSE,TRUE,NA
323,Onions (imported),364,Mannar,Northern,Mannar,2025-04-01,NA,NA,NA,FALSE,TRUE,NA
323,Onions (imported),364,Mannar,Northern,Mannar,2025-05-01,NA,NA,NA,FALSE,TRUE,NA
323,Onions (imported),364,Mannar,Northern,Mannar,2025-06-01,149.42,NA,NA,FALSE,FALSE,1
323,Onions (imported),364,Mannar,Northern,Mannar,2025-07-01,146.38,-2.034533529647967,2.034533529647967,FALSE,FALSE,1
323,Onions (imported),364,Mannar,Northern,Mannar,2025-08-01,150.62,2.896570569749972,2.896570569749972,FALSE,FALSE,1
323,Onions (imported),364,Mannar,Northern,Mannar,2025-09-01,174.25,15.68848758465011,15.68848758465011,FALSE,FALSE,1
323,Onions (imported),366,Trincomalee,Eastern,Trincomalee,2023-06-01,138.7,NA,NA,FALSE,FALSE,1
323,Onions (imported),366,Trincomalee,Eastern,Trincomalee,2023-07-01,148,6.705118961788041,6.705118961788041,FALSE,FALSE,1
323,Onions (imported),366,Trincomalee,Eastern,Trincomalee,2023-08-01,180,21.62162162162162,21.62162162162162,FALSE,FALSE,1
323,Onions (imported),366,Trincomalee,Eastern,Trincomalee,2023-09-01,223.5,24.166666666666668,24.166666666666668,FALSE,FALSE,1
323,Onions (imported),366,Trincomalee,Eastern,Trincomalee,2023-10-01,256.2,14.630872483221472,14.630872483221472,FALSE,FALSE,1
323,Onions (imported),366,Trincomalee,Eastern,Trincomalee,2023-11-01,323.5,26.268540202966438,26.268540202966438,FALSE,FALSE,1
323,Onions (imported),366,Trincomalee,Eastern,Trincomalee,2023-12-01,451,39.41267387944359,39.41267387944359,FALSE,FALSE,1
323,Onions (imported),366,Trincomalee,Eastern,Trincomalee,2024-01-01,477.2,5.809312638580929,5.809312638580929,FALSE,FALSE,1
323,Onions (imported),366,Trincomalee,Eastern,Trincomalee,2024-02-01,408.5,-14.396479463537299,14.396479463537299,FALSE,FALSE,1
323,Onions (imported),366,Trincomalee,Eastern,Trincomalee,2024-03-01,528,29.253365973072214,29.253365973072214,FALSE,FALSE,1
323,Onions (imported),366,Trincomalee,Eastern,Trincomalee,2024-04-01,608.67,15.278409090909085,15.278409090909085,FALSE,FALSE,1
323,Onions (imported),366,Trincomalee,Eastern,Trincomalee,2024-05-01,256,-57.94108465999638,57.94108465999638,TRUE,FALSE,1
323,Onions (imported),366,Trincomalee,Eastern,Trincomalee,2024-06-01,256,0,0,FALSE,FALSE,1
323,Onions (imported),366,Trincomalee,Eastern,Trincomalee,2024-07-01,268.8,5.000000000000004,5.000000000000004,FALSE,FALSE,1
323,Onions (imported),366,Trincomalee,Eastern,Trincomalee,2024-08-01,280.5,4.352678571428567,4.352678571428567,FALSE,FALSE,1
323,Onions (imported),366,Trincomalee,Eastern,Trincomalee,2024-09-01,264.6,-5.668449197860954,5.668449197860954,FALSE,FALSE,1
323,Onions (imported),366,Trincomalee,Eastern,Trincomalee,2024-10-01,289,9.221466364323499,9.221466364323499,FALSE,FALSE,1
323,Onions (imported),366,Trincomalee,Eastern,Trincomalee,2024-11-01,325,12.45674740484429,12.45674740484429,FALSE,FALSE,1
323,Onions (imported),366,Trincomalee,Eastern,Trincomalee,2024-12-01,321.6,-1.046153846153839,1.046153846153839,FALSE,FALSE,1
323,Onions (imported),366,Trincomalee,Eastern,Trincomalee,2025-01-01,261,-18.84328358208956,18.84328358208956,FALSE,FALSE,1
323,Onions (imported),366,Trincomalee,Eastern,Trincomalee,2025-02-01,211.75,-18.869731800766285,18.869731800766285,FALSE,FALSE,1
323,Onions (imported),366,Trincomalee,Eastern,Trincomalee,2025-03-01,187.2,-11.593860684769782,11.593860684769782,FALSE,FALSE,1
323,Onions (imported),366,Trincomalee,Eastern,Trincomalee,2025-04-01,171,-8.653846153846148,8.653846153846148,FALSE,FALSE,1
323,Onions (imported),366,Trincomalee,Eastern,Trincomalee,2025-05-01,157,-8.187134502923977,8.187134502923977,FALSE,FALSE,1
323,Onions (imported),366,Trincomalee,Eastern,Trincomalee,2025-06-01,164.8,4.968152866242045,4.968152866242045,FALSE,FALSE,1
323,Onions (imported),366,Trincomalee,Eastern,Trincomalee,2025-07-01,152,-7.766990291262142,7.766990291262142,FALSE,FALSE,1
323,Onions (imported),366,Trincomalee,Eastern,Trincomalee,2025-08-01,148,-2.631578947368421,2.631578947368421,FALSE,FALSE,1
323,Onions (imported),366,Trincomalee,Eastern,Trincomalee,2025-09-01,164.5,11.14864864864865,11.14864864864865,FALSE,FALSE,1
323,Onions (imported),367,Vavuniya,Northern,Vavuniya,2023-06-01,115.65,NA,NA,FALSE,FALSE,1
323,Onions (imported),367,Vavuniya,Northern,Vavuniya,2023-07-01,150.32,29.978383052313003,29.978383052313003,FALSE,FALSE,1
323,Onions (imported),367,Vavuniya,Northern,Vavuniya,2023-08-01,207.65,38.13863757317723,38.13863757317723,FALSE,FALSE,1
323,Onions (imported),367,Vavuniya,Northern,Vavuniya,2023-09-01,221.92,6.872140621237651,6.872140621237651,FALSE,FALSE,1
323,Onions (imported),367,Vavuniya,Northern,Vavuniya,2023-10-01,252.6,13.824801730353284,13.824801730353284,FALSE,FALSE,1
323,Onions (imported),367,Vavuniya,Northern,Vavuniya,2023-11-01,322.94,27.846397466349966,27.846397466349966,FALSE,FALSE,1
323,Onions (imported),367,Vavuniya,Northern,Vavuniya,2023-12-01,469,45.22821576763486,45.22821576763486,FALSE,FALSE,1
323,Onions (imported),367,Vavuniya,Northern,Vavuniya,2024-01-01,462.2,-1.4498933901919002,1.4498933901919002,FALSE,FALSE,1
323,Onions (imported),367,Vavuniya,Northern,Vavuniya,2024-02-01,415.5,-10.103851146689742,10.103851146689742,FALSE,FALSE,1
323,Onions (imported),367,Vavuniya,Northern,Vavuniya,2024-03-01,581,39.83152827918171,39.83152827918171,FALSE,FALSE,1
323,Onions (imported),367,Vavuniya,Northern,Vavuniya,2024-04-01,706.8,21.652323580034416,21.652323580034416,FALSE,FALSE,1
323,Onions (imported),367,Vavuniya,Northern,Vavuniya,2024-05-01,273.5,-61.30447085455574,61.30447085455574,TRUE,FALSE,1
323,Onions (imported),367,Vavuniya,Northern,Vavuniya,2024-06-01,292.96,7.115173674588658,7.115173674588658,FALSE,FALSE,1
323,Onions (imported),367,Vavuniya,Northern,Vavuniya,2024-07-01,260,-11.250682687056248,11.250682687056248,FALSE,FALSE,1
323,Onions (imported),367,Vavuniya,Northern,Vavuniya,2024-08-01,269.5,3.653846153846154,3.653846153846154,FALSE,FALSE,1
323,Onions (imported),367,Vavuniya,Northern,Vavuniya,2024-09-01,270.2,0.25974025974025555,0.25974025974025555,FALSE,FALSE,1
323,Onions (imported),367,Vavuniya,Northern,Vavuniya,2024-10-01,301.25,11.49148778682458,11.49148778682458,FALSE,FALSE,1
323,Onions (imported),367,Vavuniya,Northern,Vavuniya,2024-11-01,335.5,11.369294605809129,11.369294605809129,FALSE,FALSE,1
323,Onions (imported),367,Vavuniya,Northern,Vavuniya,2024-12-01,334.25,-0.37257824143070045,0.37257824143070045,FALSE,FALSE,1
323,Onions (imported),367,Vavuniya,Northern,Vavuniya,2025-01-01,288.25,-13.762154076290201,13.762154076290201,FALSE,FALSE,1
323,Onions (imported),367,Vavuniya,Northern,Vavuniya,2025-02-01,215.75,-25.151777970511706,25.151777970511706,FALSE,FALSE,1
323,Onions (imported),367,Vavuniya,Northern,Vavuniya,2025-03-01,201.8,-6.465816917728848,6.465816917728848,FALSE,FALSE,1
323,Onions (imported),367,Vavuniya,Northern,Vavuniya,2025-04-01,167.75,-16.873141724479687,16.873141724479687,FALSE,FALSE,1
323,Onions (imported),367,Vavuniya,Northern,Vavuniya,2025-05-01,142.5,-15.052160953800298,15.052160953800298,FALSE,FALSE,1
323,Onions (imported),367,Vavuniya,Northern,Vavuniya,2025-06-01,152.25,6.842105263157896,6.842105263157896,FALSE,FALSE,1
323,Onions (imported),367,Vavuniya,Northern,Vavuniya,2025-07-01,142.5,-6.403940886699508,6.403940886699508,FALSE,FALSE,1
323,Onions (imported),367,Vavuniya,Northern,Vavuniya,2025-08-01,160.67,12.750877192982447,12.750877192982447,FALSE,FALSE,1
323,Onions (imported),367,Vavuniya,Northern,Vavuniya,2025-09-01,178.4,11.035040766789082,11.035040766789082,FALSE,FALSE,1
323,Onions (imported),368,Colombo City,Western,Colombo,2021-09-01,148.28,NA,NA,FALSE,FALSE,1
323,Onions (imported),368,Colombo City,Western,Colombo,2021-10-01,182.3,22.943080658214196,22.943080658214196,FALSE,FALSE,1
323,Onions (imported),368,Colombo City,Western,Colombo,2021-11-01,202.11,10.866703236423477,10.866703236423477,FALSE,FALSE,1
323,Onions (imported),368,Colombo City,Western,Colombo,2021-12-01,216.59,7.164415417346984,7.164415417346984,FALSE,FALSE,1
323,Onions (imported),368,Colombo City,Western,Colombo,2022-01-01,196.4,-9.321760007387228,9.321760007387228,FALSE,FALSE,1
323,Onions (imported),368,Colombo City,Western,Colombo,2022-02-01,189.77,-3.3757637474541724,3.3757637474541724,FALSE,FALSE,1
323,Onions (imported),368,Colombo City,Western,Colombo,2022-03-01,178.53,-5.922959371871217,5.922959371871217,FALSE,FALSE,1
323,Onions (imported),368,Colombo City,Western,Colombo,2022-04-01,224.74,25.88360499635916,25.88360499635916,FALSE,FALSE,1
323,Onions (imported),368,Colombo City,Western,Colombo,2022-05-01,207.73,-7.568746106612094,7.568746106612094,FALSE,FALSE,1
323,Onions (imported),368,Colombo City,Western,Colombo,2022-06-01,234.82,13.040966639387669,13.040966639387669,FALSE,FALSE,1
323,Onions (imported),368,Colombo City,Western,Colombo,2022-07-01,NA,NA,NA,FALSE,TRUE,NA
323,Onions (imported),368,Colombo City,Western,Colombo,2022-08-01,NA,NA,NA,FALSE,TRUE,NA
323,Onions (imported),368,Colombo City,Western,Colombo,2022-09-01,NA,NA,NA,FALSE,TRUE,NA
323,Onions (imported),368,Colombo City,Western,Colombo,2022-10-01,NA,NA,NA,FALSE,TRUE,NA
323,Onions (imported),368,Colombo City,Western,Colombo,2022-11-01,NA,NA,NA,FALSE,TRUE,NA
323,Onions (imported),368,Colombo City,Western,Colombo,2022-12-01,NA,NA,NA,FALSE,TRUE,NA
323,Onions (imported),368,Colombo City,Western,Colombo,2023-01-01,NA,NA,NA,FALSE,TRUE,NA
323,Onions (imported),368,Colombo City,Western,Colombo,2023-02-01,NA,NA,NA,FALSE,TRUE,NA
323,Onions (imported),368,Colombo City,Western,Colombo,2023-03-01,NA,NA,NA,FALSE,TRUE,NA
323,Onions (imported),368,Colombo City,Western,Colombo,2023-04-01,NA,NA,NA,FALSE,TRUE,NA
323,Onions (imported),368,Colombo City,Western,Colombo,2023-05-01,NA,NA,NA,FALSE,TRUE,NA
323,Onions (imported),368,Colombo City,Western,Colombo,2023-06-01,131.09,NA,NA,FALSE,FALSE,1
323,Onions (imported),368,Colombo City,Western,Colombo,2023-07-01,146.26,11.572202303760765,11.572202303760765,FALSE,FALSE,1
323,Onions (imported),368,Colombo City,Western,Colombo,2023-08-01,183.45,25.427321208806237,25.427321208806237,FALSE,FALSE,1
323,Onions (imported),368,Colombo City,Western,Colombo,2023-09-01,222.62,21.35186699373127,21.35186699373127,FALSE,FALSE,1
323,Onions (imported),368,Colombo City,Western,Colombo,2023-10-01,259.39,16.516934686910425,16.516934686910425,FALSE,FALSE,1
323,Onions (imported),368,Colombo City,Western,Colombo,2023-11-01,298.16,14.946605497513413,14.946605497513413,FALSE,FALSE,1
323,Onions (imported),368,Colombo City,Western,Colombo,2023-12-01,421.39,41.33015830426615,41.33015830426615,FALSE,FALSE,1
323,Onions (imported),368,Colombo City,Western,Colombo,2024-01-01,481.26,14.207741047485703,14.207741047485703,FALSE,FALSE,1
323,Onions (imported),368,Colombo City,Western,Colombo,2024-02-01,428.49,-10.964966961725468,10.964966961725468,FALSE,FALSE,1
323,Onions (imported),368,Colombo City,Western,Colombo,2024-03-01,545.5,27.307521762468202,27.307521762468202,FALSE,FALSE,1
323,Onions (imported),368,Colombo City,Western,Colombo,2024-04-01,640.3,17.378551787351046,17.378551787351046,FALSE,FALSE,1
323,Onions (imported),368,Colombo City,Western,Colombo,2024-05-01,266.88,-58.3195377166953,58.3195377166953,TRUE,FALSE,1
323,Onions (imported),368,Colombo City,Western,Colombo,2024-06-01,249.64,-6.459832134292569,6.459832134292569,FALSE,FALSE,1
323,Onions (imported),368,Colombo City,Western,Colombo,2024-07-01,268.42,7.522832879346271,7.522832879346271,FALSE,FALSE,1
323,Onions (imported),368,Colombo City,Western,Colombo,2024-08-01,264.29,-1.5386334848371936,1.5386334848371936,FALSE,FALSE,1
323,Onions (imported),368,Colombo City,Western,Colombo,2024-09-01,289.43,9.512278179272762,9.512278179272762,FALSE,FALSE,1
323,Onions (imported),368,Colombo City,Western,Colombo,2024-10-01,284.61,-1.6653422243720393,1.6653422243720393,FALSE,FALSE,1
323,Onions (imported),368,Colombo City,Western,Colombo,2024-11-01,353.3,24.13478092828783,24.13478092828783,FALSE,FALSE,1
323,Onions (imported),368,Colombo City,Western,Colombo,2024-12-01,305.81,-13.441834135295785,13.441834135295785,FALSE,FALSE,1
323,Onions (imported),368,Colombo City,Western,Colombo,2025-01-01,263.38,-13.874628037016452,13.874628037016452,FALSE,FALSE,1
323,Onions (imported),368,Colombo City,Western,Colombo,2025-02-01,214.96,-18.384083833244738,18.384083833244738,FALSE,FALSE,1
323,Onions (imported),368,Colombo City,Western,Colombo,2025-03-01,175.22,-18.48716040193525,18.48716040193525,FALSE,FALSE,1
323,Onions (imported),368,Colombo City,Western,Colombo,2025-04-01,163.14,-6.894190160940539,6.894190160940539,FALSE,FALSE,1
323,Onions (imported),368,Colombo City,Western,Colombo,2025-05-01,150.91,-7.496628662498461,7.496628662498461,FALSE,FALSE,1
323,Onions (imported),368,Colombo City,Western,Colombo,2025-06-01,146.42,-2.9752832814260213,2.9752832814260213,FALSE,FALSE,1
323,Onions (imported),368,Colombo City,Western,Colombo,2025-07-01,140.23,-4.227564540363337,4.227564540363337,FALSE,FALSE,1
323,Onions (imported),368,Colombo City,Western,Colombo,2025-08-01,156.33,11.481138130214665,11.481138130214665,FALSE,FALSE,1
323,Onions (imported),368,Colombo City,Western,Colombo,2025-09-01,172.82,10.548199321947148,10.548199321947148,FALSE,FALSE,1
323,Onions (imported),1888,Polonnaruwa,North Central,Polonnaruwa,2023-06-01,133,NA,NA,FALSE,FALSE,1
323,Onions (imported),1888,Polonnaruwa,North Central,Polonnaruwa,2023-07-01,152.6,14.736842105263154,14.736842105263154,FALSE,FALSE,1
323,Onions (imported),1888,Polonnaruwa,North Central,Polonnaruwa,2023-08-01,192,25.819134993446923,25.819134993446923,FALSE,FALSE,1
323,Onions (imported),1888,Polonnaruwa,North Central,Polonnaruwa,2023-09-01,217.25,13.151041666666666,13.151041666666666,FALSE,FALSE,1
323,Onions (imported),1888,Polonnaruwa,North Central,Polonnaruwa,2023-10-01,251.8,15.90333716915996,15.90333716915996,FALSE,FALSE,1
323,Onions (imported),1888,Polonnaruwa,North Central,Polonnaruwa,2023-11-01,295.5,17.35504368546465,17.35504368546465,FALSE,FALSE,1
323,Onions (imported),1888,Polonnaruwa,North Central,Polonnaruwa,2023-12-01,378,27.918781725888326,27.918781725888326,FALSE,FALSE,1
323,Onions (imported),1888,Polonnaruwa,North Central,Polonnaruwa,2024-01-01,458.8,21.375661375661377,21.375661375661377,FALSE,FALSE,1
323,Onions (imported),1888,Polonnaruwa,North Central,Polonnaruwa,2024-02-01,401.5,-12.48910200523104,12.48910200523104,FALSE,FALSE,1
323,Onions (imported),1888,Polonnaruwa,North Central,Polonnaruwa,2024-03-01,537.5,33.872976338729764,33.872976338729764,FALSE,FALSE,1
323,Onions (imported),1888,Polonnaruwa,North Central,Polonnaruwa,2024-04-01,634.8,18.10232558139534,18.10232558139534,FALSE,FALSE,1
323,Onions (imported),1888,Polonnaruwa,North Central,Polonnaruwa,2024-05-01,422,-33.522369250157524,33.522369250157524,FALSE,FALSE,1
323,Onions (imported),1888,Polonnaruwa,North Central,Polonnaruwa,2024-06-01,NA,NA,NA,FALSE,TRUE,NA
323,Onions (imported),1888,Polonnaruwa,North Central,Polonnaruwa,2024-07-01,NA,NA,NA,FALSE,TRUE,NA
323,Onions (imported),1888,Polonnaruwa,North Central,Polonnaruwa,2024-08-01,252.62,NA,NA,FALSE,FALSE,1
323,Onions (imported),1888,Polonnaruwa,North Central,Polonnaruwa,2024-09-01,239.5,-5.1935713720212195,5.1935713720212195,FALSE,FALSE,1
323,Onions (imported),1888,Polonnaruwa,North Central,Polonnaruwa,2024-10-01,263.75,10.125260960334028,10.125260960334028,FALSE,FALSE,1
323,Onions (imported),1888,Polonnaruwa,North Central,Polonnaruwa,2024-11-01,364.58,38.22938388625592,38.22938388625592,FALSE,FALSE,1
323,Onions (imported),1888,Polonnaruwa,North Central,Polonnaruwa,2024-12-01,327.5,-10.170607274123645,10.170607274123645,FALSE,FALSE,1
323,Onions (imported),1888,Polonnaruwa,North Central,Polonnaruwa,2025-01-01,263.75,-19.46564885496183,19.46564885496183,FALSE,FALSE,1
323,Onions (imported),1888,Polonnaruwa,North Central,Polonnaruwa,2025-02-01,200.62,-23.93554502369668,23.93554502369668,FALSE,FALSE,1
323,Onions (imported),1888,Polonnaruwa,North Central,Polonnaruwa,2025-03-01,190,-5.293589871398666,5.293589871398666,FALSE,FALSE,1
323,Onions (imported),1888,Polonnaruwa,North Central,Polonnaruwa,2025-04-01,166.25,-12.5,12.5,FALSE,FALSE,1
323,Onions (imported),1888,Polonnaruwa,North Central,Polonnaruwa,2025-05-01,131.25,-21.052631578947366,21.052631578947366,FALSE,FALSE,1
323,Onions (imported),1888,Polonnaruwa,North Central,Polonnaruwa,2025-06-01,145.75,11.047619047619047,11.047619047619047,FALSE,FALSE,1
323,Onions (imported),1888,Polonnaruwa,North Central,Polonnaruwa,2025-07-01,141.88,-2.6552315608919415,2.6552315608919415,FALSE,FALSE,1
323,Onions (imported),1888,Polonnaruwa,North Central,Polonnaruwa,2025-08-01,145.62,2.6360304482661467,2.6360304482661467,FALSE,FALSE,1
323,Onions (imported),1888,Polonnaruwa,North Central,Polonnaruwa,2025-09-01,152.22,4.532344458178818,4.532344458178818,FALSE,FALSE,1
323,Onions (imported),1889,Monaragala,Uva,Moneragala,2023-06-01,133.5,NA,NA,FALSE,FALSE,1
323,Onions (imported),1889,Monaragala,Uva,Moneragala,2023-07-01,145.6,9.063670411985015,9.063670411985015,FALSE,FALSE,1
323,Onions (imported),1889,Monaragala,Uva,Moneragala,2023-08-01,181.5,24.656593406593412,24.656593406593412,FALSE,FALSE,1
323,Onions (imported),1889,Monaragala,Uva,Moneragala,2023-09-01,205,12.947658402203857,12.947658402203857,FALSE,FALSE,1
323,Onions (imported),1889,Monaragala,Uva,Moneragala,2023-10-01,225.33,9.917073170731713,9.917073170731713,FALSE,FALSE,1
323,Onions (imported),1889,Monaragala,Uva,Moneragala,2023-11-01,293,30.03150934185416,30.03150934185416,FALSE,FALSE,1
323,Onions (imported),1889,Monaragala,Uva,Moneragala,2023-12-01,437.83,49.43003412969283,49.43003412969283,FALSE,FALSE,1
323,Onions (imported),1889,Monaragala,Uva,Moneragala,2024-01-01,474.4,8.352556928488225,8.352556928488225,FALSE,FALSE,1
323,Onions (imported),1889,Monaragala,Uva,Moneragala,2024-02-01,416,-12.310286677908934,12.310286677908934,FALSE,FALSE,1
323,Onions (imported),1889,Monaragala,Uva,Moneragala,2024-03-01,548,31.73076923076923,31.73076923076923,FALSE,FALSE,1
323,Onions (imported),1889,Monaragala,Uva,Moneragala,2024-04-01,510.8,-6.78832116788321,6.78832116788321,FALSE,FALSE,1
323,Onions (imported),1889,Monaragala,Uva,Moneragala,2024-05-01,253,-50.4698512137823,50.4698512137823,TRUE,FALSE,1
323,Onions (imported),1889,Monaragala,Uva,Moneragala,2024-06-01,251,-0.7905138339920948,0.7905138339920948,FALSE,FALSE,1
323,Onions (imported),1889,Monaragala,Uva,Moneragala,2024-07-01,243.2,-3.107569721115542,3.107569721115542,FALSE,FALSE,1
323,Onions (imported),1889,Monaragala,Uva,Moneragala,2024-08-01,234,-3.782894736842101,3.782894736842101,FALSE,FALSE,1
323,Onions (imported),1889,Monaragala,Uva,Moneragala,2024-09-01,262.4,12.136752136752127,12.136752136752127,FALSE,FALSE,1
323,Onions (imported),1889,Monaragala,Uva,Moneragala,2024-10-01,279.5,6.516768292682936,6.516768292682936,FALSE,FALSE,1
323,Onions (imported),1889,Monaragala,Uva,Moneragala,2024-11-01,320,14.490161001788909,14.490161001788909,FALSE,FALSE,1
323,Onions (imported),1889,Monaragala,Uva,Moneragala,2024-12-01,282.8,-11.624999999999996,11.624999999999996,FALSE,FALSE,1
323,Onions (imported),1889,Monaragala,Uva,Moneragala,2025-01-01,244,-13.719943422913724,13.719943422913724,FALSE,FALSE,1
323,Onions (imported),1889,Monaragala,Uva,Moneragala,2025-02-01,200,-18.0327868852459,18.0327868852459,FALSE,FALSE,1
323,Onions (imported),1889,Monaragala,Uva,Moneragala,2025-03-01,176,-12,12,FALSE,FALSE,1
323,Onions (imported),1889,Monaragala,Uva,Moneragala,2025-04-01,176.5,0.2840909090909091,0.2840909090909091,FALSE,FALSE,1
323,Onions (imported),1889,Monaragala,Uva,Moneragala,2025-05-01,143,-18.980169971671387,18.980169971671387,FALSE,FALSE,1
323,Onions (imported),1889,Monaragala,Uva,Moneragala,2025-06-01,148.8,4.055944055944064,4.055944055944064,FALSE,FALSE,1
323,Onions (imported),1889,Monaragala,Uva,Moneragala,2025-07-01,137,-7.930107526881727,7.930107526881727,FALSE,FALSE,1
323,Onions (imported),1889,Monaragala,Uva,Moneragala,2025-08-01,149.5,9.124087591240876,9.124087591240876,FALSE,FALSE,1
323,Onions (imported),1889,Monaragala,Uva,Moneragala,2025-09-01,164.13,9.785953177257522,9.785953177257522,FALSE,FALSE,1
323,Onions (imported),1906,Anuradhapura,North Central,Anuradhapura,2023-06-01,132.5,NA,NA,FALSE,FALSE,1
323,Onions (imported),1906,Anuradhapura,North Central,Anuradhapura,2023-07-01,141.6,6.867924528301883,6.867924528301883,FALSE,FALSE,1
323,Onions (imported),1906,Anuradhapura,North Central,Anuradhapura,2023-08-01,182,28.53107344632769,28.53107344632769,FALSE,FALSE,1
323,Onions (imported),1906,Anuradhapura,North Central,Anuradhapura,2023-09-01,209.5,15.10989010989011,15.10989010989011,FALSE,FALSE,1
323,Onions (imported),1906,Anuradhapura,North Central,Anuradhapura,2023-10-01,205.2,-2.0525059665871175,2.0525059665871175,FALSE,FALSE,1
323,Onions (imported),1906,Anuradhapura,North Central,Anuradhapura,2023-11-01,289.83,41.24269005847953,41.24269005847953,FALSE,FALSE,1
323,Onions (imported),1906,Anuradhapura,North Central,Anuradhapura,2023-12-01,427,47.32774384984302,47.32774384984302,FALSE,FALSE,1
323,Onions (imported),1906,Anuradhapura,North Central,Anuradhapura,2024-01-01,463.6,8.571428571428577,8.571428571428577,FALSE,FALSE,1
323,Onions (imported),1906,Anuradhapura,North Central,Anuradhapura,2024-02-01,411.5,-11.238136324417605,11.238136324417605,FALSE,FALSE,1
323,Onions (imported),1906,Anuradhapura,North Central,Anuradhapura,2024-03-01,530,28.797083839611176,28.797083839611176,FALSE,FALSE,1
323,Onions (imported),1906,Anuradhapura,North Central,Anuradhapura,2024-04-01,487.47,-8.024528301886786,8.024528301886786,FALSE,FALSE,1
323,Onions (imported),1906,Anuradhapura,North Central,Anuradhapura,2024-05-01,227.5,-53.33046136172482,53.33046136172482,TRUE,FALSE,1
323,Onions (imported),1906,Anuradhapura,North Central,Anuradhapura,2024-06-01,248,9.010989010989011,9.010989010989011,FALSE,FALSE,1
323,Onions (imported),1906,Anuradhapura,North Central,Anuradhapura,2024-07-01,243.73,-1.721774193548391,1.721774193548391,FALSE,FALSE,1
323,Onions (imported),1906,Anuradhapura,North Central,Anuradhapura,2024-08-01,238,-2.350962130226066,2.350962130226066,FALSE,FALSE,1
323,Onions (imported),1906,Anuradhapura,North Central,Anuradhapura,2024-09-01,250.8,5.3781512605042066,5.3781512605042066,FALSE,FALSE,1
323,Onions (imported),1906,Anuradhapura,North Central,Anuradhapura,2024-10-01,269,7.256778309409883,7.256778309409883,FALSE,FALSE,1
323,Onions (imported),1906,Anuradhapura,North Central,Anuradhapura,2024-11-01,313.5,16.54275092936803,16.54275092936803,FALSE,FALSE,1
323,Onions (imported),1906,Anuradhapura,North Central,Anuradhapura,2024-12-01,276,-11.961722488038278,11.961722488038278,FALSE,FALSE,1
323,Onions (imported),1906,Anuradhapura,North Central,Anuradhapura,2025-01-01,240.5,-12.862318840579709,12.862318840579709,FALSE,FALSE,1
323,Onions (imported),1906,Anuradhapura,North Central,Anuradhapura,2025-02-01,200,-16.839916839916842,16.839916839916842,FALSE,FALSE,1
323,Onions (imported),1906,Anuradhapura,North Central,Anuradhapura,2025-03-01,174.8,-12.599999999999994,12.599999999999994,FALSE,FALSE,1
323,Onions (imported),1906,Anuradhapura,North Central,Anuradhapura,2025-04-01,163.17,-6.653318077803217,6.653318077803217,FALSE,FALSE,1
323,Onions (imported),1906,Anuradhapura,North Central,Anuradhapura,2025-05-01,140.5,-13.893485322056746,13.893485322056746,FALSE,FALSE,1
323,Onions (imported),1906,Anuradhapura,North Central,Anuradhapura,2025-06-01,137.6,-2.0640569395017834,2.0640569395017834,FALSE,FALSE,1
323,Onions (imported),1906,Anuradhapura,North Central,Anuradhapura,2025-07-01,131,-4.796511627906972,4.796511627906972,FALSE,FALSE,1
323,Onions (imported),1906,Anuradhapura,North Central,Anuradhapura,2025-08-01,146.5,11.83206106870229,11.83206106870229,FALSE,FALSE,1
323,Onions (imported),1906,Anuradhapura,North Central,Anuradhapura,2025-09-01,159.6,8.941979522184297,8.941979522184297,FALSE,FALSE,1
323,Onions (imported),1907,Badulla,Uva,Badulla,2023-06-01,129.5,NA,NA,FALSE,FALSE,1
323,Onions (imported),1907,Badulla,Uva,Badulla,2023-07-01,144,11.196911196911197,11.196911196911197,FALSE,FALSE,1
323,Onions (imported),1907,Badulla,Uva,Badulla,2023-08-01,186.5,29.51388888888889,29.51388888888889,FALSE,FALSE,1
323,Onions (imported),1907,Badulla,Uva,Badulla,2023-09-01,218.5,17.158176943699733,17.158176943699733,FALSE,FALSE,1
323,Onions (imported),1907,Badulla,Uva,Badulla,2023-10-01,271.2,24.118993135011436,24.118993135011436,FALSE,FALSE,1
323,Onions (imported),1907,Badulla,Uva,Badulla,2023-11-01,290,6.932153392330388,6.932153392330388,FALSE,FALSE,1
323,Onions (imported),1907,Badulla,Uva,Badulla,2023-12-01,451.5,55.68965517241379,55.68965517241379,TRUE,FALSE,1
323,Onions (imported),1907,Badulla,Uva,Badulla,2024-01-01,462,2.3255813953488373,2.3255813953488373,FALSE,FALSE,1
323,Onions (imported),1907,Badulla,Uva,Badulla,2024-02-01,410.21,-11.209956709956714,11.209956709956714,FALSE,FALSE,1
323,Onions (imported),1907,Badulla,Uva,Badulla,2024-03-01,496,20.913678359864466,20.913678359864466,FALSE,FALSE,1
323,Onions (imported),1907,Badulla,Uva,Badulla,2024-04-01,677.2,36.532258064516135,36.532258064516135,FALSE,FALSE,1
323,Onions (imported),1907,Badulla,Uva,Badulla,2024-05-01,321.38,-52.542823390431195,52.542823390431195,TRUE,FALSE,1
323,Onions (imported),1907,Badulla,Uva,Badulla,2024-06-01,259.5,-19.254465119173563,19.254465119173563,FALSE,FALSE,1
323,Onions (imported),1907,Badulla,Uva,Badulla,2024-07-01,252.13,-2.840077071290946,2.840077071290946,FALSE,FALSE,1
323,Onions (imported),1907,Badulla,Uva,Badulla,2024-08-01,238.5,-5.405941379447109,5.405941379447109,FALSE,FALSE,1
323,Onions (imported),1907,Badulla,Uva,Badulla,2024-09-01,271.5,13.836477987421384,13.836477987421384,FALSE,FALSE,1
323,Onions (imported),1907,Badulla,Uva,Badulla,2024-10-01,260,-4.23572744014733,4.23572744014733,FALSE,FALSE,1
323,Onions (imported),1907,Badulla,Uva,Badulla,2024-11-01,348.08,33.87692307692307,33.87692307692307,FALSE,FALSE,1
323,Onions (imported),1907,Badulla,Uva,Badulla,2024-12-01,314,-9.790852677545388,9.790852677545388,FALSE,FALSE,1
323,Onions (imported),1907,Badulla,Uva,Badulla,2025-01-01,262,-16.560509554140125,16.560509554140125,FALSE,FALSE,1
323,Onions (imported),1907,Badulla,Uva,Badulla,2025-02-01,192,-26.717557251908396,26.717557251908396,FALSE,FALSE,1
323,Onions (imported),1907,Badulla,Uva,Badulla,2025-03-01,173.75,-9.505208333333332,9.505208333333332,FALSE,FALSE,1
323,Onions (imported),1907,Badulla,Uva,Badulla,2025-04-01,157.5,-9.352517985611511,9.352517985611511,FALSE,FALSE,1
323,Onions (imported),1907,Badulla,Uva,Badulla,2025-05-01,133.33,-15.346031746031738,15.346031746031738,FALSE,FALSE,1
323,Onions (imported),1907,Badulla,Uva,Badulla,2025-06-01,141.33,6.000150003750093,6.000150003750093,FALSE,FALSE,1
323,Onions (imported),1907,Badulla,Uva,Badulla,2025-07-01,132.5,-6.247788862944889,6.247788862944889,FALSE,FALSE,1
323,Onions (imported),1907,Badulla,Uva,Badulla,2025-08-01,143.75,8.49056603773585,8.49056603773585,FALSE,FALSE,1
323,Onions (imported),1907,Badulla,Uva,Badulla,2025-09-01,162,12.695652173913045,12.695652173913045,FALSE,FALSE,1
323,Onions (imported),1908,Hambantota,Southern,Hambantota,2023-06-01,127,NA,NA,FALSE,FALSE,1
323,Onions (imported),1908,Hambantota,Southern,Hambantota,2023-07-01,137.7,8.425196850393691,8.425196850393691,FALSE,FALSE,1
323,Onions (imported),1908,Hambantota,Southern,Hambantota,2023-08-01,184.25,33.80537400145244,33.80537400145244,FALSE,FALSE,1
323,Onions (imported),1908,Hambantota,Southern,Hambantota,2023-09-01,221,19.94572591587517,19.94572591587517,FALSE,FALSE,1
323,Onions (imported),1908,Hambantota,Southern,Hambantota,2023-10-01,254,14.93212669683258,14.93212669683258,FALSE,FALSE,1
323,Onions (imported),1908,Hambantota,Southern,Hambantota,2023-11-01,286,12.598425196850393,12.598425196850393,FALSE,FALSE,1
323,Onions (imported),1908,Hambantota,Southern,Hambantota,2023-12-01,416.5,45.629370629370634,45.629370629370634,FALSE,FALSE,1
323,Onions (imported),1908,Hambantota,Southern,Hambantota,2024-01-01,470.53,12.972388955582225,12.972388955582225,FALSE,FALSE,1
323,Onions (imported),1908,Hambantota,Southern,Hambantota,2024-02-01,398,-15.41453254840286,15.41453254840286,FALSE,FALSE,1
323,Onions (imported),1908,Hambantota,Southern,Hambantota,2024-03-01,535.62,34.57788944723618,34.57788944723618,FALSE,FALSE,1
323,Onions (imported),1908,Hambantota,Southern,Hambantota,2024-04-01,633,18.180799820768453,18.180799820768453,FALSE,FALSE,1
323,Onions (imported),1908,Hambantota,Southern,Hambantota,2024-05-01,335.92,-46.93206951026856,46.93206951026856,FALSE,FALSE,1
323,Onions (imported),1908,Hambantota,Southern,Hambantota,2024-06-01,243.89,-27.39640390569184,27.39640390569184,FALSE,FALSE,1
323,Onions (imported),1908,Hambantota,Southern,Hambantota,2024-07-01,250,2.505227766616103,2.505227766616103,FALSE,FALSE,1
323,Onions (imported),1908,Hambantota,Southern,Hambantota,2024-08-01,259.25,3.6999999999999997,3.6999999999999997,FALSE,FALSE,1
323,Onions (imported),1908,Hambantota,Southern,Hambantota,2024-09-01,278.28,7.340405014464792,7.340405014464792,FALSE,FALSE,1
323,Onions (imported),1908,Hambantota,Southern,Hambantota,2024-10-01,307.5,10.500215610176811,10.500215610176811,FALSE,FALSE,1
323,Onions (imported),1908,Hambantota,Southern,Hambantota,2024-11-01,364,18.3739837398374,18.3739837398374,FALSE,FALSE,1
323,Onions (imported),1908,Hambantota,Southern,Hambantota,2024-12-01,288.07,-20.85989010989011,20.85989010989011,FALSE,FALSE,1
323,Onions (imported),1908,Hambantota,Southern,Hambantota,2025-01-01,242.5,-15.81907175339327,15.81907175339327,FALSE,FALSE,1
323,Onions (imported),1908,Hambantota,Southern,Hambantota,2025-02-01,184.5,-23.917525773195877,23.917525773195877,FALSE,FALSE,1
323,Onions (imported),1908,Hambantota,Southern,Hambantota,2025-03-01,162.4,-11.97831978319783,11.97831978319783,FALSE,FALSE,1
323,Onions (imported),1908,Hambantota,Southern,Hambantota,2025-04-01,148,-8.866995073891628,8.866995073891628,FALSE,FALSE,1
323,Onions (imported),1908,Hambantota,Southern,Hambantota,2025-05-01,139.69,-5.614864864864867,5.614864864864867,FALSE,FALSE,1
323,Onions (imported),1908,Hambantota,Southern,Hambantota,2025-06-01,NA,NA,NA,FALSE,TRUE,NA
323,Onions (imported),1908,Hambantota,Southern,Hambantota,2025-07-01,NA,NA,NA,FALSE,TRUE,NA
323,Onions (imported),1908,Hambantota,Southern,Hambantota,2025-08-01,151.25,NA,NA,FALSE,FALSE,1
323,Onions (imported),1908,Hambantota,Southern,Hambantota,2025-09-01,161.5,6.776859504132231,6.776859504132231,FALSE,FALSE,1
323,Onions (imported),1909,Gampaha,Western,Gampaha,2023-06-01,129.5,NA,NA,FALSE,FALSE,1
323,Onions (imported),1909,Gampaha,Western,Gampaha,2023-07-01,157.2,21.389961389961382,21.389961389961382,FALSE,FALSE,1
323,Onions (imported),1909,Gampaha,Western,Gampaha,2023-08-01,195.5,24.36386768447838,24.36386768447838,FALSE,FALSE,1
323,Onions (imported),1909,Gampaha,Western,Gampaha,2023-09-01,212.42,8.654731457800505,8.654731457800505,FALSE,FALSE,1
323,Onions (imported),1909,Gampaha,Western,Gampaha,2023-10-01,270,27.10667545428868,27.10667545428868,FALSE,FALSE,1
323,Onions (imported),1909,Gampaha,Western,Gampaha,2023-11-01,324.83,20.307407407407403,20.307407407407403,FALSE,FALSE,1
323,Onions (imported),1909,Gampaha,Western,Gampaha,2023-12-01,439,35.14761567589201,35.14761567589201,FALSE,FALSE,1
323,Onions (imported),1909,Gampaha,Western,Gampaha,2024-01-01,508,15.717539863325742,15.717539863325742,FALSE,FALSE,1
323,Onions (imported),1909,Gampaha,Western,Gampaha,2024-02-01,455.5,-10.334645669291339,10.334645669291339,FALSE,FALSE,1
323,Onions (imported),1909,Gampaha,Western,Gampaha,2024-03-01,NA,NA,NA,FALSE,TRUE,NA
323,Onions (imported),1909,Gampaha,Western,Gampaha,2024-04-01,NA,NA,NA,FALSE,TRUE,NA
323,Onions (imported),1909,Gampaha,Western,Gampaha,2024-05-01,NA,NA,NA,FALSE,TRUE,NA
323,Onions (imported),1909,Gampaha,Western,Gampaha,2024-06-01,NA,NA,NA,FALSE,TRUE,NA
323,Onions (imported),1909,Gampaha,Western,Gampaha,2024-07-01,317.5,NA,NA,FALSE,FALSE,1
323,Onions (imported),1909,Gampaha,Western,Gampaha,2024-08-01,286.67,-9.710236220472437,9.710236220472437,FALSE,FALSE,1
323,Onions (imported),1909,Gampaha,Western,Gampaha,2024-09-01,317.6,10.7894094254718,10.7894094254718,FALSE,FALSE,1
323,Onions (imported),1909,Gampaha,Western,Gampaha,2024-10-01,340.83,7.314231738035251,7.314231738035251,FALSE,FALSE,1
323,Onions (imported),1909,Gampaha,Western,Gampaha,2024-11-01,390.21,14.48816125341079,14.48816125341079,FALSE,FALSE,1
323,Onions (imported),1909,Gampaha,Western,Gampaha,2024-12-01,343.67,-11.926911150406184,11.926911150406184,FALSE,FALSE,1
323,Onions (imported),1909,Gampaha,Western,Gampaha,2025-01-01,313.33,-8.82823638955976,8.82823638955976,FALSE,FALSE,1
323,Onions (imported),1909,Gampaha,Western,Gampaha,2025-02-01,260,-17.02039383397695,17.02039383397695,FALSE,FALSE,1
323,Onions (imported),1909,Gampaha,Western,Gampaha,2025-03-01,210.33,-19.10384615384615,19.10384615384615,FALSE,FALSE,1
323,Onions (imported),1909,Gampaha,Western,Gampaha,2025-04-01,192.92,-8.277468739599689,8.277468739599689,FALSE,FALSE,1
323,Onions (imported),1909,Gampaha,Western,Gampaha,2025-05-01,158.12,-18.03856520837652,18.03856520837652,FALSE,FALSE,1
323,Onions (imported),1909,Gampaha,Western,Gampaha,2025-06-01,160.83,1.7138881861877107,1.7138881861877107,FALSE,FALSE,1
323,Onions (imported),1909,Gampaha,Western,Gampaha,2025-07-01,151.46,-5.8260274824348715,5.8260274824348715,FALSE,FALSE,1
323,Onions (imported),1909,Gampaha,Western,Gampaha,2025-08-01,156.25,3.162551168625374,3.162551168625374,FALSE,FALSE,1
323,Onions (imported),1909,Gampaha,Western,Gampaha,2025-09-01,170.9,9.376000000000003,9.376000000000003,FALSE,FALSE,1
323,Onions (imported),1910,Galle,Southern,Galle,2023-06-01,123.5,NA,NA,FALSE,FALSE,1
323,Onions (imported),1910,Galle,Southern,Galle,2023-07-01,134.6,8.987854251012141,8.987854251012141,FALSE,FALSE,1
323,Onions (imported),1910,Galle,Southern,Galle,2023-08-01,171.33,27.288261515601796,27.288261515601796,FALSE,FALSE,1
323,Onions (imported),1910,Galle,Southern,Galle,2023-09-01,213,24.32148485379092,24.32148485379092,FALSE,FALSE,1
323,Onions (imported),1910,Galle,Southern,Galle,2023-10-01,253.2,18.873239436619713,18.873239436619713,FALSE,FALSE,1
323,Onions (imported),1910,Galle,Southern,Galle,2023-11-01,282.5,11.571879936808852,11.571879936808852,FALSE,FALSE,1
323,Onions (imported),1910,Galle,Southern,Galle,2023-12-01,401.25,42.0353982300885,42.0353982300885,FALSE,FALSE,1
323,Onions (imported),1910,Galle,Southern,Galle,2024-01-01,454.2,13.196261682242987,13.196261682242987,FALSE,FALSE,1
323,Onions (imported),1910,Galle,Southern,Galle,2024-02-01,400.62,-11.796565389696166,11.796565389696166,FALSE,FALSE,1
323,Onions (imported),1910,Galle,Southern,Galle,2024-03-01,546.88,36.508411961459736,36.508411961459736,FALSE,FALSE,1
323,Onions (imported),1910,Galle,Southern,Galle,2024-04-01,663.75,21.370318899941488,21.370318899941488,FALSE,FALSE,1
323,Onions (imported),1910,Galle,Southern,Galle,2024-05-01,218.5,-67.0809792843691,67.0809792843691,TRUE,FALSE,1
323,Onions (imported),1910,Galle,Southern,Galle,2024-06-01,252.5,15.560640732265446,15.560640732265446,FALSE,FALSE,1
323,Onions (imported),1910,Galle,Southern,Galle,2024-07-01,242.53,-3.948514851485148,3.948514851485148,FALSE,FALSE,1
323,Onions (imported),1910,Galle,Southern,Galle,2024-08-01,239.19,-1.3771492186533638,1.3771492186533638,FALSE,FALSE,1
323,Onions (imported),1910,Galle,Southern,Galle,2024-09-01,283.8,18.650445252727962,18.650445252727962,FALSE,FALSE,1
323,Onions (imported),1910,Galle,Southern,Galle,2024-10-01,290.21,2.2586328400281777,2.2586328400281777,FALSE,FALSE,1
323,Onions (imported),1910,Galle,Southern,Galle,2024-11-01,332.75,14.658350849384934,14.658350849384934,FALSE,FALSE,1
323,Onions (imported),1910,Galle,Southern,Galle,2024-12-01,291.2,-12.486851990984226,12.486851990984226,FALSE,FALSE,1
323,Onions (imported),1910,Galle,Southern,Galle,2025-01-01,240.12,-17.54120879120879,17.54120879120879,FALSE,FALSE,1
323,Onions (imported),1910,Galle,Southern,Galle,2025-02-01,190.38,-20.71464267866067,20.71464267866067,FALSE,FALSE,1
323,Onions (imported),1910,Galle,Southern,Galle,2025-03-01,157.7,-17.165668662674655,17.165668662674655,FALSE,FALSE,1
323,Onions (imported),1910,Galle,Southern,Galle,2025-04-01,158.67,0.615091946734305,0.615091946734305,FALSE,FALSE,1
323,Onions (imported),1910,Galle,Southern,Galle,2025-05-01,146.38,-7.745635595890839,7.745635595890839,FALSE,FALSE,1
323,Onions (imported),1910,Galle,Southern,Galle,2025-06-01,141.5,-3.3337887689575045,3.3337887689575045,FALSE,FALSE,1
323,Onions (imported),1910,Galle,Southern,Galle,2025-07-01,133.12,-5.922261484098937,5.922261484098937,FALSE,FALSE,1
323,Onions (imported),1910,Galle,Southern,Galle,2025-08-01,139,4.417067307692304,4.417067307692304,FALSE,FALSE,1
323,Onions (imported),1910,Galle,Southern,Galle,2025-09-01,160.6,15.539568345323737,15.539568345323737,FALSE,FALSE,1
323,Onions (imported),1911,Kalutara,Western,Kalutara,2023-06-01,128,NA,NA,FALSE,FALSE,1
323,Onions (imported),1911,Kalutara,Western,Kalutara,2023-07-01,140.44,9.718749999999998,9.718749999999998,FALSE,FALSE,1
323,Onions (imported),1911,Kalutara,Western,Kalutara,2023-08-01,183,30.304756479635437,30.304756479635437,FALSE,FALSE,1
323,Onions (imported),1911,Kalutara,Western,Kalutara,2023-09-01,218.88,19.606557377049178,19.606557377049178,FALSE,FALSE,1
323,Onions (imported),1911,Kalutara,Western,Kalutara,2023-10-01,257.2,17.507309941520464,17.507309941520464,FALSE,FALSE,1
323,Onions (imported),1911,Kalutara,Western,Kalutara,2023-11-01,292,13.530326594090209,13.530326594090209,FALSE,FALSE,1
323,Onions (imported),1911,Kalutara,Western,Kalutara,2023-12-01,419.92,43.8082191780822,43.8082191780822,FALSE,FALSE,1
323,Onions (imported),1911,Kalutara,Western,Kalutara,2024-01-01,475.6,13.259668508287294,13.259668508287294,FALSE,FALSE,1
323,Onions (imported),1911,Kalutara,Western,Kalutara,2024-02-01,428.25,-9.955845248107657,9.955845248107657,FALSE,FALSE,1
323,Onions (imported),1911,Kalutara,Western,Kalutara,2024-03-01,544.5,27.145359019264447,27.145359019264447,FALSE,FALSE,1
323,Onions (imported),1911,Kalutara,Western,Kalutara,2024-04-01,544.8,0.055096418732774016,0.055096418732774016,FALSE,FALSE,1
323,Onions (imported),1911,Kalutara,Western,Kalutara,2024-05-01,258.5,-52.55139500734214,52.55139500734214,TRUE,FALSE,1
323,Onions (imported),1911,Kalutara,Western,Kalutara,2024-06-01,243.31,-5.876208897485492,5.876208897485492,FALSE,FALSE,1
323,Onions (imported),1911,Kalutara,Western,Kalutara,2024-07-01,259.75,6.756812297069581,6.756812297069581,FALSE,FALSE,1
323,Onions (imported),1911,Kalutara,Western,Kalutara,2024-08-01,NA,NA,NA,FALSE,TRUE,NA
323,Onions (imported),1911,Kalutara,Western,Kalutara,2024-09-01,296,NA,NA,FALSE,FALSE,1
323,Onions (imported),1911,Kalutara,Western,Kalutara,2024-10-01,302,2.027027027027027,2.027027027027027,FALSE,FALSE,1
323,Onions (imported),1911,Kalutara,Western,Kalutara,2024-11-01,357.5,18.37748344370861,18.37748344370861,FALSE,FALSE,1
323,Onions (imported),1911,Kalutara,Western,Kalutara,2024-12-01,328,-8.251748251748252,8.251748251748252,FALSE,FALSE,1
323,Onions (imported),1911,Kalutara,Western,Kalutara,2025-01-01,262,-20.121951219512198,20.121951219512198,FALSE,FALSE,1
323,Onions (imported),1911,Kalutara,Western,Kalutara,2025-02-01,238,-9.16030534351145,9.16030534351145,FALSE,FALSE,1
323,Onions (imported),1911,Kalutara,Western,Kalutara,2025-03-01,196.75,-17.331932773109244,17.331932773109244,FALSE,FALSE,1
323,Onions (imported),1911,Kalutara,Western,Kalutara,2025-04-01,180.5,-8.259212198221093,8.259212198221093,FALSE,FALSE,1
323,Onions (imported),1911,Kalutara,Western,Kalutara,2025-05-01,175,-3.0470914127423825,3.0470914127423825,FALSE,FALSE,1
323,Onions (imported),1911,Kalutara,Western,Kalutara,2025-06-01,153.6,-12.228571428571431,12.228571428571431,FALSE,FALSE,1
323,Onions (imported),1911,Kalutara,Western,Kalutara,2025-07-01,146,-4.9479166666666625,4.9479166666666625,FALSE,FALSE,1
323,Onions (imported),1911,Kalutara,Western,Kalutara,2025-08-01,156.25,7.02054794520548,7.02054794520548,FALSE,FALSE,1
323,Onions (imported),1911,Kalutara,Western,Kalutara,2025-09-01,187.4,19.936000000000003,19.936000000000003,FALSE,FALSE,1
323,Onions (imported),1912,Kandy,Central,Kandy,2023-06-01,130,NA,NA,FALSE,FALSE,1
323,Onions (imported),1912,Kandy,Central,Kandy,2023-07-01,146.4,12.61538461538462,12.61538461538462,FALSE,FALSE,1
323,Onions (imported),1912,Kandy,Central,Kandy,2023-08-01,182,24.31693989071038,24.31693989071038,FALSE,FALSE,1
323,Onions (imported),1912,Kandy,Central,Kandy,2023-09-01,214.5,17.857142857142858,17.857142857142858,FALSE,FALSE,1
323,Onions (imported),1912,Kandy,Central,Kandy,2023-10-01,270.2,25.967365967365964,25.967365967365964,FALSE,FALSE,1
323,Onions (imported),1912,Kandy,Central,Kandy,2023-11-01,311.75,15.377498149518878,15.377498149518878,FALSE,FALSE,1
323,Onions (imported),1912,Kandy,Central,Kandy,2023-12-01,440,41.138732959101844,41.138732959101844,FALSE,FALSE,1
323,Onions (imported),1912,Kandy,Central,Kandy,2024-01-01,496.8,12.909090909090912,12.909090909090912,FALSE,FALSE,1
323,Onions (imported),1912,Kandy,Central,Kandy,2024-02-01,405,-18.47826086956522,18.47826086956522,FALSE,FALSE,1
323,Onions (imported),1912,Kandy,Central,Kandy,2024-03-01,555,37.03703703703704,37.03703703703704,FALSE,FALSE,1
323,Onions (imported),1912,Kandy,Central,Kandy,2024-04-01,512.8,-7.603603603603612,7.603603603603612,FALSE,FALSE,1
323,Onions (imported),1912,Kandy,Central,Kandy,2024-05-01,287.5,-43.93525741029641,43.93525741029641,FALSE,FALSE,1
323,Onions (imported),1912,Kandy,Central,Kandy,2024-06-01,270,-6.086956521739131,6.086956521739131,FALSE,FALSE,1
323,Onions (imported),1912,Kandy,Central,Kandy,2024-07-01,277.6,2.8148148148148233,2.8148148148148233,FALSE,FALSE,1
323,Onions (imported),1912,Kandy,Central,Kandy,2024-08-01,266,-4.178674351585022,4.178674351585022,FALSE,FALSE,1
323,Onions (imported),1912,Kandy,Central,Kandy,2024-09-01,294.4,10.6766917293233,10.6766917293233,FALSE,FALSE,1
323,Onions (imported),1912,Kandy,Central,Kandy,2024-10-01,295,0.20380434782609472,0.20380434782609472,FALSE,FALSE,1
323,Onions (imported),1912,Kandy,Central,Kandy,2024-11-01,361,22.372881355932204,22.372881355932204,FALSE,FALSE,1
323,Onions (imported),1912,Kandy,Central,Kandy,2024-12-01,322.4,-10.692520775623276,10.692520775623276,FALSE,FALSE,1
323,Onions (imported),1912,Kandy,Central,Kandy,2025-01-01,277,-14.0818858560794,14.0818858560794,FALSE,FALSE,1
323,Onions (imported),1912,Kandy,Central,Kandy,2025-02-01,220,-20.577617328519857,20.577617328519857,FALSE,FALSE,1
323,Onions (imported),1912,Kandy,Central,Kandy,2025-03-01,174,-20.909090909090907,20.909090909090907,FALSE,FALSE,1
323,Onions (imported),1912,Kandy,Central,Kandy,2025-04-01,166,-4.597701149425287,4.597701149425287,FALSE,FALSE,1
323,Onions (imported),1912,Kandy,Central,Kandy,2025-05-01,143.5,-13.55421686746988,13.55421686746988,FALSE,FALSE,1
323,Onions (imported),1912,Kandy,Central,Kandy,2025-06-01,140,-2.4390243902439024,2.4390243902439024,FALSE,FALSE,1
323,Onions (imported),1912,Kandy,Central,Kandy,2025-07-01,134.5,-3.9285714285714284,3.9285714285714284,FALSE,FALSE,1
323,Onions (imported),1912,Kandy,Central,Kandy,2025-08-01,149.5,11.152416356877323,11.152416356877323,FALSE,FALSE,1
323,Onions (imported),1912,Kandy,Central,Kandy,2025-09-01,172.4,15.317725752508366,15.317725752508366,FALSE,FALSE,1
323,Onions (imported),1913,Kegalle,Sabaragamuwa,Kegalle,2023-06-01,141.5,NA,NA,FALSE,FALSE,1
323,Onions (imported),1913,Kegalle,Sabaragamuwa,Kegalle,2023-07-01,152.8,7.985865724381634,7.985865724381634,FALSE,FALSE,1
323,Onions (imported),1913,Kegalle,Sabaragamuwa,Kegalle,2023-08-01,189.5,24.018324607329834,24.018324607329834,FALSE,FALSE,1
323,Onions (imported),1913,Kegalle,Sabaragamuwa,Kegalle,2023-09-01,231,21.899736147757256,21.899736147757256,FALSE,FALSE,1
323,Onions (imported),1913,Kegalle,Sabaragamuwa,Kegalle,2023-10-01,274.2,18.701298701298697,18.701298701298697,FALSE,FALSE,1
323,Onions (imported),1913,Kegalle,Sabaragamuwa,Kegalle,2023-11-01,311.25,13.512035010940924,13.512035010940924,FALSE,FALSE,1
323,Onions (imported),1913,Kegalle,Sabaragamuwa,Kegalle,2023-12-01,419,34.61847389558233,34.61847389558233,FALSE,FALSE,1
323,Onions (imported),1913,Kegalle,Sabaragamuwa,Kegalle,2024-01-01,446.8,6.634844868735086,6.634844868735086,FALSE,FALSE,1
323,Onions (imported),1913,Kegalle,Sabaragamuwa,Kegalle,2024-02-01,413.5,-7.452999104744855,7.452999104744855,FALSE,FALSE,1
323,Onions (imported),1913,Kegalle,Sabaragamuwa,Kegalle,2024-03-01,550.5,33.13180169286578,33.13180169286578,FALSE,FALSE,1
323,Onions (imported),1913,Kegalle,Sabaragamuwa,Kegalle,2024-04-01,589.2,7.029972752043605,7.029972752043605,FALSE,FALSE,1
323,Onions (imported),1913,Kegalle,Sabaragamuwa,Kegalle,2024-05-01,227,-61.473183978275635,61.473183978275635,TRUE,FALSE,1
323,Onions (imported),1913,Kegalle,Sabaragamuwa,Kegalle,2024-06-01,227,0,0,FALSE,FALSE,1
323,Onions (imported),1913,Kegalle,Sabaragamuwa,Kegalle,2024-07-01,248.5,9.47136563876652,9.47136563876652,FALSE,FALSE,1
323,Onions (imported),1913,Kegalle,Sabaragamuwa,Kegalle,2024-08-01,248.88,0.15291750503017926,0.15291750503017926,FALSE,FALSE,1
323,Onions (imported),1913,Kegalle,Sabaragamuwa,Kegalle,2024-09-01,313.6,26.00450016072004,26.00450016072004,FALSE,FALSE,1
323,Onions (imported),1913,Kegalle,Sabaragamuwa,Kegalle,2024-10-01,332.5,6.026785714285706,6.026785714285706,FALSE,FALSE,1
323,Onions (imported),1913,Kegalle,Sabaragamuwa,Kegalle,2024-11-01,356,7.067669172932331,7.067669172932331,FALSE,FALSE,1
323,Onions (imported),1913,Kegalle,Sabaragamuwa,Kegalle,2024-12-01,308.8,-13.25842696629213,13.25842696629213,FALSE,FALSE,1
323,Onions (imported),1913,Kegalle,Sabaragamuwa,Kegalle,2025-01-01,266.5,-13.698186528497413,13.698186528497413,FALSE,FALSE,1
323,Onions (imported),1913,Kegalle,Sabaragamuwa,Kegalle,2025-02-01,199,-25.328330206378986,25.328330206378986,FALSE,FALSE,1
323,Onions (imported),1913,Kegalle,Sabaragamuwa,Kegalle,2025-03-01,178.8,-10.150753768844217,10.150753768844217,FALSE,FALSE,1
323,Onions (imported),1913,Kegalle,Sabaragamuwa,Kegalle,2025-04-01,168.67,-5.665548098434018,5.665548098434018,FALSE,FALSE,1
323,Onions (imported),1913,Kegalle,Sabaragamuwa,Kegalle,2025-05-01,152.5,-9.58676705993952,9.58676705993952,FALSE,FALSE,1
323,Onions (imported),1913,Kegalle,Sabaragamuwa,Kegalle,2025-06-01,156.8,2.8196721311475486,2.8196721311475486,FALSE,FALSE,1
323,Onions (imported),1913,Kegalle,Sabaragamuwa,Kegalle,2025-07-01,151.5,-3.380102040816334,3.380102040816334,FALSE,FALSE,1
323,Onions (imported),1913,Kegalle,Sabaragamuwa,Kegalle,2025-08-01,163,7.590759075907591,7.590759075907591,FALSE,FALSE,1
323,Onions (imported),1913,Kegalle,Sabaragamuwa,Kegalle,2025-09-01,177.6,8.957055214723923,8.957055214723923,FALSE,FALSE,1
323,Onions (imported),1914,Kurunegala,North Western,Kurunegala,2023-06-01,134.58,NA,NA,FALSE,FALSE,1
323,Onions (imported),1914,Kurunegala,North Western,Kurunegala,2023-07-01,149.9,11.383563679595774,11.383563679595774,FALSE,FALSE,1
323,Onions (imported),1914,Kurunegala,North Western,Kurunegala,2023-08-01,192.04,28.112074716477643,28.112074716477643,FALSE,FALSE,1
323,Onions (imported),1914,Kurunegala,North Western,Kurunegala,2023-09-01,227.5,18.464903145178095,18.464903145178095,FALSE,FALSE,1
323,Onions (imported),1914,Kurunegala,North Western,Kurunegala,2023-10-01,271.73,19.44175824175825,19.44175824175825,FALSE,FALSE,1
323,Onions (imported),1914,Kurunegala,North Western,Kurunegala,2023-11-01,300.29,10.51043315055386,10.51043315055386,FALSE,FALSE,1
323,Onions (imported),1914,Kurunegala,North Western,Kurunegala,2023-12-01,416,38.532751673382386,38.532751673382386,FALSE,FALSE,1
323,Onions (imported),1914,Kurunegala,North Western,Kurunegala,2024-01-01,491.11,18.055288461538467,18.055288461538467,FALSE,FALSE,1
323,Onions (imported),1914,Kurunegala,North Western,Kurunegala,2024-02-01,431.38,-12.162244710960888,12.162244710960888,FALSE,FALSE,1
323,Onions (imported),1914,Kurunegala,North Western,Kurunegala,2024-03-01,563.08,30.529927210348195,30.529927210348195,FALSE,FALSE,1
323,Onions (imported),1914,Kurunegala,North Western,Kurunegala,2024-04-01,692.51,22.9860765788165,22.9860765788165,FALSE,FALSE,1
323,Onions (imported),1914,Kurunegala,North Western,Kurunegala,2024-05-01,258.92,-62.61137023292083,62.61137023292083,TRUE,FALSE,1
323,Onions (imported),1914,Kurunegala,North Western,Kurunegala,2024-06-01,268.14,3.5609454657809243,3.5609454657809243,FALSE,FALSE,1
323,Onions (imported),1914,Kurunegala,North Western,Kurunegala,2024-07-01,NA,NA,NA,FALSE,TRUE,NA
323,Onions (imported),1914,Kurunegala,North Western,Kurunegala,2024-08-01,NA,NA,NA,FALSE,TRUE,NA
323,Onions (imported),1914,Kurunegala,North Western,Kurunegala,2024-09-01,325,NA,NA,FALSE,FALSE,1
323,Onions (imported),1914,Kurunegala,North Western,Kurunegala,2024-10-01,303.75,-6.538461538461539,6.538461538461539,FALSE,FALSE,1
323,Onions (imported),1914,Kurunegala,North Western,Kurunegala,2024-11-01,384.44,26.56460905349794,26.56460905349794,FALSE,FALSE,1
323,Onions (imported),1914,Kurunegala,North Western,Kurunegala,2024-12-01,345.67,-10.084798668192692,10.084798668192692,FALSE,FALSE,1
323,Onions (imported),1914,Kurunegala,North Western,Kurunegala,2025-01-01,263.75,-23.698903578557587,23.698903578557587,FALSE,FALSE,1
323,Onions (imported),1914,Kurunegala,North Western,Kurunegala,2025-02-01,212,-19.620853080568722,19.620853080568722,FALSE,FALSE,1
323,Onions (imported),1914,Kurunegala,North Western,Kurunegala,2025-03-01,186.75,-11.910377358490566,11.910377358490566,FALSE,FALSE,1
323,Onions (imported),1914,Kurunegala,North Western,Kurunegala,2025-04-01,154.69,-17.167336010709505,17.167336010709505,FALSE,FALSE,1
323,Onions (imported),1914,Kurunegala,North Western,Kurunegala,2025-05-01,142.29,-8.016032064128261,8.016032064128261,FALSE,FALSE,1
323,Onions (imported),1914,Kurunegala,North Western,Kurunegala,2025-06-01,141.75,-0.3795066413662183,0.3795066413662183,FALSE,FALSE,1
323,Onions (imported),1914,Kurunegala,North Western,Kurunegala,2025-07-01,135.62,-4.324514991181655,4.324514991181655,FALSE,FALSE,1
323,Onions (imported),1914,Kurunegala,North Western,Kurunegala,2025-08-01,151.04,11.370004424126225,11.370004424126225,FALSE,FALSE,1
323,Onions (imported),1914,Kurunegala,North Western,Kurunegala,2025-09-01,166.83,10.454184322033912,10.454184322033912,FALSE,FALSE,1
323,Onions (imported),1915,Matale,Central,Matale,2023-06-01,118.75,NA,NA,FALSE,FALSE,1
323,Onions (imported),1915,Matale,Central,Matale,2023-07-01,129.4,8.968421052631584,8.968421052631584,FALSE,FALSE,1
323,Onions (imported),1915,Matale,Central,Matale,2023-08-01,177.35,37.05564142194744,37.05564142194744,FALSE,FALSE,1
323,Onions (imported),1915,Matale,Central,Matale,2023-09-01,194.5,9.670143783479,9.670143783479,FALSE,FALSE,1
323,Onions (imported),1915,Matale,Central,Matale,2023-10-01,260.8,34.087403598971726,34.087403598971726,FALSE,FALSE,1
323,Onions (imported),1915,Matale,Central,Matale,2023-11-01,280,7.361963190184044,7.361963190184044,FALSE,FALSE,1
323,Onions (imported),1915,Matale,Central,Matale,2023-12-01,435.75,55.625,55.625,TRUE,FALSE,1
323,Onions (imported),1915,Matale,Central,Matale,2024-01-01,445.47,2.2306368330464776,2.2306368330464776,FALSE,FALSE,1
323,Onions (imported),1915,Matale,Central,Matale,2024-02-01,398,-10.656160908703173,10.656160908703173,FALSE,FALSE,1
323,Onions (imported),1915,Matale,Central,Matale,2024-03-01,530.5,33.29145728643216,33.29145728643216,FALSE,FALSE,1
323,Onions (imported),1915,Matale,Central,Matale,2024-04-01,514.12,-3.08765315739868,3.08765315739868,FALSE,FALSE,1
323,Onions (imported),1915,Matale,Central,Matale,2024-05-01,247.33,-51.892554267486176,51.892554267486176,TRUE,FALSE,1
323,Onions (imported),1915,Matale,Central,Matale,2024-06-01,247.33,0,0,FALSE,FALSE,1
323,Onions (imported),1915,Matale,Central,Matale,2024-07-01,239.47,-3.1779404035094867,3.1779404035094867,FALSE,FALSE,1
323,Onions (imported),1915,Matale,Central,Matale,2024-08-01,236.12,-1.3989226207875702,1.3989226207875702,FALSE,FALSE,1
323,Onions (imported),1915,Matale,Central,Matale,2024-09-01,262.2,11.045231238353374,11.045231238353374,FALSE,FALSE,1
323,Onions (imported),1915,Matale,Central,Matale,2024-10-01,247.12,-5.75133485888634,5.75133485888634,FALSE,FALSE,1
323,Onions (imported),1915,Matale,Central,Matale,2024-11-01,302.71,22.49514405956619,22.49514405956619,FALSE,FALSE,1
323,Onions (imported),1915,Matale,Central,Matale,2024-12-01,294.5,-2.7121667602655943,2.7121667602655943,FALSE,FALSE,1
323,Onions (imported),1915,Matale,Central,Matale,2025-01-01,238.75,-18.930390492359933,18.930390492359933,FALSE,FALSE,1
323,Onions (imported),1915,Matale,Central,Matale,2025-02-01,192.58,-19.338219895287953,19.338219895287953,FALSE,FALSE,1
323,Onions (imported),1915,Matale,Central,Matale,2025-03-01,168,-12.763526845986089,12.763526845986089,FALSE,FALSE,1
323,Onions (imported),1915,Matale,Central,Matale,2025-04-01,147.33,-12.30357142857142,12.30357142857142,FALSE,FALSE,1
323,Onions (imported),1915,Matale,Central,Matale,2025-05-01,127.19,-13.669992533767742,13.669992533767742,FALSE,FALSE,1
323,Onions (imported),1915,Matale,Central,Matale,2025-06-01,126.93,-0.20441858636684557,0.20441858636684557,FALSE,FALSE,1
323,Onions (imported),1915,Matale,Central,Matale,2025-07-01,125.25,-1.3235641692271383,1.3235641692271383,FALSE,FALSE,1
323,Onions (imported),1915,Matale,Central,Matale,2025-08-01,146.5,16.966067864271455,16.966067864271455,FALSE,FALSE,1
323,Onions (imported),1915,Matale,Central,Matale,2025-09-01,158.5,8.19112627986348,8.19112627986348,FALSE,FALSE,1
323,Onions (imported),1916,Matara,Southern,Matara,2023-06-01,122.5,NA,NA,FALSE,FALSE,1
323,Onions (imported),1916,Matara,Southern,Matara,2023-07-01,138.8,13.306122448979602,13.306122448979602,FALSE,FALSE,1
323,Onions (imported),1916,Matara,Southern,Matara,2023-08-01,177.75,28.061959654178665,28.061959654178665,FALSE,FALSE,1
323,Onions (imported),1916,Matara,Southern,Matara,2023-09-01,214.75,20.81575246132208,20.81575246132208,FALSE,FALSE,1
323,Onions (imported),1916,Matara,Southern,Matara,2023-10-01,256.6,19.487776484284062,19.487776484284062,FALSE,FALSE,1
323,Onions (imported),1916,Matara,Southern,Matara,2023-11-01,283.75,10.580670303975047,10.580670303975047,FALSE,FALSE,1
323,Onions (imported),1916,Matara,Southern,Matara,2023-12-01,414.5,46.079295154185026,46.079295154185026,FALSE,FALSE,1
323,Onions (imported),1916,Matara,Southern,Matara,2024-01-01,452.8,9.240048250904707,9.240048250904707,FALSE,FALSE,1
323,Onions (imported),1916,Matara,Southern,Matara,2024-02-01,405.5,-10.446113074204948,10.446113074204948,FALSE,FALSE,1
323,Onions (imported),1916,Matara,Southern,Matara,2024-03-01,539.5,33.04562268803946,33.04562268803946,FALSE,FALSE,1
323,Onions (imported),1916,Matara,Southern,Matara,2024-04-01,608.3,12.752548656163107,12.752548656163107,FALSE,FALSE,1
323,Onions (imported),1916,Matara,Southern,Matara,2024-05-01,217.38,-64.26434325168502,64.26434325168502,TRUE,FALSE,1
323,Onions (imported),1916,Matara,Southern,Matara,2024-06-01,252,15.926028153463983,15.926028153463983,FALSE,FALSE,1
323,Onions (imported),1916,Matara,Southern,Matara,2024-07-01,262.8,4.28571428571429,4.28571428571429,FALSE,FALSE,1
323,Onions (imported),1916,Matara,Southern,Matara,2024-08-01,266.75,1.503044140030437,1.503044140030437,FALSE,FALSE,1
323,Onions (imported),1916,Matara,Southern,Matara,2024-09-01,284,6.4667291471415185,6.4667291471415185,FALSE,FALSE,1
323,Onions (imported),1916,Matara,Southern,Matara,2024-10-01,314.5,10.73943661971831,10.73943661971831,FALSE,FALSE,1
323,Onions (imported),1916,Matara,Southern,Matara,2024-11-01,359.5,14.308426073131955,14.308426073131955,FALSE,FALSE,1
323,Onions (imported),1916,Matara,Southern,Matara,2024-12-01,286,-20.445062586926284,20.445062586926284,FALSE,FALSE,1
323,Onions (imported),1916,Matara,Southern,Matara,2025-01-01,235,-17.832167832167833,17.832167832167833,FALSE,FALSE,1
323,Onions (imported),1916,Matara,Southern,Matara,2025-02-01,184.25,-21.595744680851066,21.595744680851066,FALSE,FALSE,1
323,Onions (imported),1916,Matara,Southern,Matara,2025-03-01,155.15,-15.793758480325643,15.793758480325643,FALSE,FALSE,1
323,Onions (imported),1916,Matara,Southern,Matara,2025-04-01,147.33,-5.040283596519492,5.040283596519492,FALSE,FALSE,1
323,Onions (imported),1916,Matara,Southern,Matara,2025-05-01,130.25,-11.59302246657165,11.59302246657165,FALSE,FALSE,1
323,Onions (imported),1916,Matara,Southern,Matara,2025-06-01,131.4,0.882917466410753,0.882917466410753,FALSE,FALSE,1
323,Onions (imported),1916,Matara,Southern,Matara,2025-07-01,127.5,-2.9680365296803695,2.9680365296803695,FALSE,FALSE,1
323,Onions (imported),1916,Matara,Southern,Matara,2025-08-01,140.75,10.392156862745098,10.392156862745098,FALSE,FALSE,1
323,Onions (imported),1916,Matara,Southern,Matara,2025-09-01,158.8,12.824156305506223,12.824156305506223,FALSE,FALSE,1
323,Onions (imported),1917,Nuwara Eliya,Central,Nuwara Eliya,2023-06-01,127.67,NA,NA,FALSE,FALSE,1
323,Onions (imported),1917,Nuwara Eliya,Central,Nuwara Eliya,2023-07-01,144.8,13.417404245319972,13.417404245319972,FALSE,FALSE,1
323,Onions (imported),1917,Nuwara Eliya,Central,Nuwara Eliya,2023-08-01,185.5,28.107734806629825,28.107734806629825,FALSE,FALSE,1
323,Onions (imported),1917,Nuwara Eliya,Central,Nuwara Eliya,2023-09-01,209.25,12.80323450134771,12.80323450134771,FALSE,FALSE,1
323,Onions (imported),1917,Nuwara Eliya,Central,Nuwara Eliya,2023-10-01,262,25.209080047789723,25.209080047789723,FALSE,FALSE,1
323,Onions (imported),1917,Nuwara Eliya,Central,Nuwara Eliya,2023-11-01,294.25,12.30916030534351,12.30916030534351,FALSE,FALSE,1
323,Onions (imported),1917,Nuwara Eliya,Central,Nuwara Eliya,2023-12-01,452.75,53.86576040781649,53.86576040781649,TRUE,FALSE,1
323,Onions (imported),1917,Nuwara Eliya,Central,Nuwara Eliya,2024-01-01,454.4,0.364439536167858,0.364439536167858,FALSE,FALSE,1
323,Onions (imported),1917,Nuwara Eliya,Central,Nuwara Eliya,2024-02-01,408,-10.211267605633799,10.211267605633799,FALSE,FALSE,1
323,Onions (imported),1917,Nuwara Eliya,Central,Nuwara Eliya,2024-03-01,520.88,27.666666666666668,27.666666666666668,FALSE,FALSE,1
323,Onions (imported),1917,Nuwara Eliya,Central,Nuwara Eliya,2024-04-01,410.73,-21.146905237290735,21.146905237290735,FALSE,FALSE,1
323,Onions (imported),1917,Nuwara Eliya,Central,Nuwara Eliya,2024-05-01,265.67,-35.3176052394517,35.3176052394517,FALSE,FALSE,1
323,Onions (imported),1917,Nuwara Eliya,Central,Nuwara Eliya,2024-06-01,254,-4.39266759513683,4.39266759513683,FALSE,FALSE,1
323,Onions (imported),1917,Nuwara Eliya,Central,Nuwara Eliya,2024-07-01,244,-3.937007874015748,3.937007874015748,FALSE,FALSE,1
323,Onions (imported),1917,Nuwara Eliya,Central,Nuwara Eliya,2024-08-01,265.88,8.967213114754097,8.967213114754097,FALSE,FALSE,1
323,Onions (imported),1917,Nuwara Eliya,Central,Nuwara Eliya,2024-09-01,308.5,16.029787874228976,16.029787874228976,FALSE,FALSE,1
323,Onions (imported),1917,Nuwara Eliya,Central,Nuwara Eliya,2024-10-01,314.5,1.9448946515397085,1.9448946515397085,FALSE,FALSE,1
323,Onions (imported),1917,Nuwara Eliya,Central,Nuwara Eliya,2024-11-01,328.5,4.451510333863275,4.451510333863275,FALSE,FALSE,1
323,Onions (imported),1917,Nuwara Eliya,Central,Nuwara Eliya,2024-12-01,294.3,-10.410958904109584,10.410958904109584,FALSE,FALSE,1
323,Onions (imported),1917,Nuwara Eliya,Central,Nuwara Eliya,2025-01-01,255.83,-13.071695548759768,13.071695548759768,FALSE,FALSE,1
323,Onions (imported),1917,Nuwara Eliya,Central,Nuwara Eliya,2025-02-01,213.12,-16.694680060977994,16.694680060977994,FALSE,FALSE,1
323,Onions (imported),1917,Nuwara Eliya,Central,Nuwara Eliya,2025-03-01,180,-15.540540540540542,15.540540540540542,FALSE,FALSE,1
323,Onions (imported),1917,Nuwara Eliya,Central,Nuwara Eliya,2025-04-01,161.33,-10.372222222222215,10.372222222222215,FALSE,FALSE,1
323,Onions (imported),1917,Nuwara Eliya,Central,Nuwara Eliya,2025-05-01,146.5,-9.192338684683575,9.192338684683575,FALSE,FALSE,1
323,Onions (imported),1917,Nuwara Eliya,Central,Nuwara Eliya,2025-06-01,140.4,-4.163822525597266,4.163822525597266,FALSE,FALSE,1
323,Onions (imported),1917,Nuwara Eliya,Central,Nuwara Eliya,2025-07-01,125.5,-10.612535612535616,10.612535612535616,FALSE,FALSE,1
323,Onions (imported),1917,Nuwara Eliya,Central,Nuwara Eliya,2025-08-01,154,22.709163346613543,22.709163346613543,FALSE,FALSE,1
323,Onions (imported),1917,Nuwara Eliya,Central,Nuwara Eliya,2025-09-01,163.2,5.974025974025967,5.974025974025967,FALSE,FALSE,1
323,Onions (imported),1918,Puttalam,North Western,Puttalam,2023-06-01,138,NA,NA,FALSE,FALSE,1
323,Onions (imported),1918,Puttalam,North Western,Puttalam,2023-07-01,159.87,15.847826086956527,15.847826086956527,FALSE,FALSE,1
323,Onions (imported),1918,Puttalam,North Western,Puttalam,2023-08-01,197.25,23.381497466691684,23.381497466691684,FALSE,FALSE,1
323,Onions (imported),1918,Puttalam,North Western,Puttalam,2023-09-01,228,15.5893536121673,15.5893536121673,FALSE,FALSE,1
323,Onions (imported),1918,Puttalam,North Western,Puttalam,2023-10-01,286.4,25.614035087719287,25.614035087719287,FALSE,FALSE,1
323,Onions (imported),1918,Puttalam,North Western,Puttalam,2023-11-01,337.83,17.957402234636877,17.957402234636877,FALSE,FALSE,1
323,Onions (imported),1918,Puttalam,North Western,Puttalam,2023-12-01,451,33.49909717905456,33.49909717905456,FALSE,FALSE,1
323,Onions (imported),1918,Puttalam,North Western,Puttalam,2024-01-01,482,6.873614190687362,6.873614190687362,FALSE,FALSE,1
323,Onions (imported),1918,Puttalam,North Western,Puttalam,2024-02-01,401,-16.804979253112034,16.804979253112034,FALSE,FALSE,1
323,Onions (imported),1918,Puttalam,North Western,Puttalam,2024-03-01,539,34.413965087281795,34.413965087281795,FALSE,FALSE,1
323,Onions (imported),1918,Puttalam,North Western,Puttalam,2024-04-01,594.4,10.278293135435987,10.278293135435987,FALSE,FALSE,1
323,Onions (imported),1918,Puttalam,North Western,Puttalam,2024-05-01,279.5,-52.97779273216688,52.97779273216688,TRUE,FALSE,1
323,Onions (imported),1918,Puttalam,North Western,Puttalam,2024-06-01,279.5,0,0,FALSE,FALSE,1
323,Onions (imported),1918,Puttalam,North Western,Puttalam,2024-07-01,258.21,-7.617173524150275,7.617173524150275,FALSE,FALSE,1
323,Onions (imported),1918,Puttalam,North Western,Puttalam,2024-08-01,253.71,-1.7427675148135129,1.7427675148135129,FALSE,FALSE,1
323,Onions (imported),1918,Puttalam,North Western,Puttalam,2024-09-01,260.25,2.577746245713607,2.577746245713607,FALSE,FALSE,1
323,Onions (imported),1918,Puttalam,North Western,Puttalam,2024-10-01,267.83,2.9125840537944225,2.9125840537944225,FALSE,FALSE,1
323,Onions (imported),1918,Puttalam,North Western,Puttalam,2024-11-01,339.17,26.636299144980036,26.636299144980036,FALSE,FALSE,1
323,Onions (imported),1918,Puttalam,North Western,Puttalam,2024-12-01,301.38,-11.141905239260554,11.141905239260554,FALSE,FALSE,1
323,Onions (imported),1918,Puttalam,North Western,Puttalam,2025-01-01,281.25,-6.679275333466054,6.679275333466054,FALSE,FALSE,1
323,Onions (imported),1918,Puttalam,North Western,Puttalam,2025-02-01,225,-20,20,FALSE,FALSE,1
323,Onions (imported),1918,Puttalam,North Western,Puttalam,2025-03-01,192,-14.666666666666666,14.666666666666666,FALSE,FALSE,1
323,Onions (imported),1918,Puttalam,North Western,Puttalam,2025-04-01,190,-1.0416666666666665,1.0416666666666665,FALSE,FALSE,1
323,Onions (imported),1918,Puttalam,North Western,Puttalam,2025-05-01,170,-10.526315789473683,10.526315789473683,FALSE,FALSE,1
323,Onions (imported),1918,Puttalam,North Western,Puttalam,2025-06-01,166,-2.3529411764705883,2.3529411764705883,FALSE,FALSE,1
323,Onions (imported),1918,Puttalam,North Western,Puttalam,2025-07-01,152.92,-7.879518072289164,7.879518072289164,FALSE,FALSE,1
323,Onions (imported),1918,Puttalam,North Western,Puttalam,2025-08-01,NA,NA,NA,FALSE,TRUE,NA
323,Onions (imported),1918,Puttalam,North Western,Puttalam,2025-09-01,183.33,NA,NA,FALSE,FALSE,1
323,Onions (imported),1919,Rathnapura,Sabaragamuwa,Ratnapura,2023-06-01,131.5,NA,NA,FALSE,FALSE,1
323,Onions (imported),1919,Rathnapura,Sabaragamuwa,Ratnapura,2023-07-01,144.4,9.80988593155894,9.80988593155894,FALSE,FALSE,1
323,Onions (imported),1919,Rathnapura,Sabaragamuwa,Ratnapura,2023-08-01,191.5,32.61772853185595,32.61772853185595,FALSE,FALSE,1
323,Onions (imported),1919,Rathnapura,Sabaragamuwa,Ratnapura,2023-09-01,218,13.838120104438643,13.838120104438643,FALSE,FALSE,1
323,Onions (imported),1919,Rathnapura,Sabaragamuwa,Ratnapura,2023-10-01,242.67,11.316513761467885,11.316513761467885,FALSE,FALSE,1
323,Onions (imported),1919,Rathnapura,Sabaragamuwa,Ratnapura,2023-11-01,NA,NA,NA,FALSE,TRUE,NA
323,Onions (imported),1919,Rathnapura,Sabaragamuwa,Ratnapura,2023-12-01,NA,NA,NA,FALSE,TRUE,NA
323,Onions (imported),1919,Rathnapura,Sabaragamuwa,Ratnapura,2024-01-01,460,NA,NA,FALSE,FALSE,1
323,Onions (imported),1919,Rathnapura,Sabaragamuwa,Ratnapura,2024-02-01,409.5,-10.978260869565219,10.978260869565219,FALSE,FALSE,1
323,Onions (imported),1919,Rathnapura,Sabaragamuwa,Ratnapura,2024-03-01,553.5,35.16483516483517,35.16483516483517,FALSE,FALSE,1
323,Onions (imported),1919,Rathnapura,Sabaragamuwa,Ratnapura,2024-04-01,739.2,33.55013550135502,33.55013550135502,FALSE,FALSE,1
323,Onions (imported),1919,Rathnapura,Sabaragamuwa,Ratnapura,2024-05-01,319.5,-56.7775974025974,56.7775974025974,TRUE,FALSE,1
323,Onions (imported),1919,Rathnapura,Sabaragamuwa,Ratnapura,2024-06-01,276,-13.615023474178404,13.615023474178404,FALSE,FALSE,1
323,Onions (imported),1919,Rathnapura,Sabaragamuwa,Ratnapura,2024-07-01,277.25,0.4528985507246377,0.4528985507246377,FALSE,FALSE,1
323,Onions (imported),1919,Rathnapura,Sabaragamuwa,Ratnapura,2024-08-01,284.62,2.6582506762849434,2.6582506762849434,FALSE,FALSE,1
323,Onions (imported),1919,Rathnapura,Sabaragamuwa,Ratnapura,2024-09-01,306.64,7.736631297870838,7.736631297870838,FALSE,FALSE,1
323,Onions (imported),1919,Rathnapura,Sabaragamuwa,Ratnapura,2024-10-01,332.25,8.351813201147932,8.351813201147932,FALSE,FALSE,1
323,Onions (imported),1919,Rathnapura,Sabaragamuwa,Ratnapura,2024-11-01,368.5,10.9104589917231,10.9104589917231,FALSE,FALSE,1
323,Onions (imported),1919,Rathnapura,Sabaragamuwa,Ratnapura,2024-12-01,312.2,-15.278154681139759,15.278154681139759,FALSE,FALSE,1
323,Onions (imported),1919,Rathnapura,Sabaragamuwa,Ratnapura,2025-01-01,249.25,-20.163356822549645,20.163356822549645,FALSE,FALSE,1
323,Onions (imported),1919,Rathnapura,Sabaragamuwa,Ratnapura,2025-02-01,216,-13.34002006018054,13.34002006018054,FALSE,FALSE,1
323,Onions (imported),1919,Rathnapura,Sabaragamuwa,Ratnapura,2025-03-01,178.8,-17.222222222222218,17.222222222222218,FALSE,FALSE,1
323,Onions (imported),1919,Rathnapura,Sabaragamuwa,Ratnapura,2025-04-01,151.21,-15.430648769574946,15.430648769574946,FALSE,FALSE,1
323,Onions (imported),1919,Rathnapura,Sabaragamuwa,Ratnapura,2025-05-01,146,-3.4455393161827974,3.4455393161827974,FALSE,FALSE,1
323,Onions (imported),1919,Rathnapura,Sabaragamuwa,Ratnapura,2025-06-01,148,1.36986301369863,1.36986301369863,FALSE,FALSE,1
323,Onions (imported),1919,Rathnapura,Sabaragamuwa,Ratnapura,2025-07-01,151,2.027027027027027,2.027027027027027,FALSE,FALSE,1
323,Onions (imported),1919,Rathnapura,Sabaragamuwa,Ratnapura,2025-08-01,147,-2.6490066225165565,2.6490066225165565,FALSE,FALSE,1
323,Onions (imported),1919,Rathnapura,Sabaragamuwa,Ratnapura,2025-09-01,173.6,18.09523809523809,18.09523809523809,FALSE,FALSE,1
323,Onions (imported),5287,Dammbagalla,Uva,Moneragala,2023-06-01,118.5,NA,NA,FALSE,FALSE,1
323,Onions (imported),5287,Dammbagalla,Uva,Moneragala,2023-07-01,124.2,4.8101265822784836,4.8101265822784836,FALSE,FALSE,1
323,Onions (imported),5287,Dammbagalla,Uva,Moneragala,2023-08-01,167,34.46054750402576,34.46054750402576,FALSE,FALSE,1
323,Onions (imported),5287,Dammbagalla,Uva,Moneragala,2023-09-01,201,20.359281437125748,20.359281437125748,FALSE,FALSE,1
323,Onions (imported),5287,Dammbagalla,Uva,Moneragala,2023-10-01,252.8,25.77114427860697,25.77114427860697,FALSE,FALSE,1
323,Onions (imported),5287,Dammbagalla,Uva,Moneragala,2023-11-01,274.67,8.651107594936711,8.651107594936711,FALSE,FALSE,1
323,Onions (imported),5287,Dammbagalla,Uva,Moneragala,2023-12-01,423,54.00298540066261,54.00298540066261,TRUE,FALSE,1
323,Onions (imported),5287,Dammbagalla,Uva,Moneragala,2024-01-01,439.6,3.924349881796696,3.924349881796696,FALSE,FALSE,1
323,Onions (imported),5287,Dammbagalla,Uva,Moneragala,2024-02-01,389,-11.510464058234763,11.510464058234763,FALSE,FALSE,1
323,Onions (imported),5287,Dammbagalla,Uva,Moneragala,2024-03-01,517,32.904884318766065,32.904884318766065,FALSE,FALSE,1
323,Onions (imported),5287,Dammbagalla,Uva,Moneragala,2024-04-01,378.2,-26.84719535783366,26.84719535783366,FALSE,FALSE,1
323,Onions (imported),5287,Dammbagalla,Uva,Moneragala,2024-05-01,242.5,-35.88048651507139,35.88048651507139,FALSE,FALSE,1
323,Onions (imported),5287,Dammbagalla,Uva,Moneragala,2024-06-01,242.5,0,0,FALSE,FALSE,1
323,Onions (imported),5287,Dammbagalla,Uva,Moneragala,2024-07-01,231.2,-4.6597938144329945,4.6597938144329945,FALSE,FALSE,1
323,Onions (imported),5287,Dammbagalla,Uva,Moneragala,2024-08-01,233.38,0.9429065743944667,0.9429065743944667,FALSE,FALSE,1
323,Onions (imported),5287,Dammbagalla,Uva,Moneragala,2024-09-01,255.2,9.349558659696628,9.349558659696628,FALSE,FALSE,1
323,Onions (imported),5287,Dammbagalla,Uva,Moneragala,2024-10-01,268.5,5.21159874608151,5.21159874608151,FALSE,FALSE,1
323,Onions (imported),5287,Dammbagalla,Uva,Moneragala,2024-11-01,324,20.670391061452513,20.670391061452513,FALSE,FALSE,1
323,Onions (imported),5287,Dammbagalla,Uva,Moneragala,2024-12-01,269.6,-16.790123456790116,16.790123456790116,FALSE,FALSE,1
323,Onions (imported),5287,Dammbagalla,Uva,Moneragala,2025-01-01,241,-10.608308605341254,10.608308605341254,FALSE,FALSE,1
323,Onions (imported),5287,Dammbagalla,Uva,Moneragala,2025-02-01,182.67,-24.203319502074695,24.203319502074695,FALSE,FALSE,1
323,Onions (imported),5287,Dammbagalla,Uva,Moneragala,2025-03-01,166.4,-8.906771774237686,8.906771774237686,FALSE,FALSE,1
323,Onions (imported),5287,Dammbagalla,Uva,Moneragala,2025-04-01,150.67,-9.45312500000001,9.45312500000001,FALSE,FALSE,1
323,Onions (imported),5287,Dammbagalla,Uva,Moneragala,2025-05-01,129,-14.382425167584781,14.382425167584781,FALSE,FALSE,1
323,Onions (imported),5287,Dammbagalla,Uva,Moneragala,2025-06-01,136.5,5.813953488372093,5.813953488372093,FALSE,FALSE,1
323,Onions (imported),5287,Dammbagalla,Uva,Moneragala,2025-07-01,121.5,-10.989010989010989,10.989010989010989,FALSE,FALSE,1
323,Onions (imported),5287,Dammbagalla,Uva,Moneragala,2025-08-01,139,14.40329218106996,14.40329218106996,FALSE,FALSE,1
323,Onions (imported),5287,Dammbagalla,Uva,Moneragala,2025-09-01,156.4,12.517985611510795,12.517985611510795,FALSE,FALSE,1
323,Onions (imported),5346,Thambuttegama,North Central,Anuradhapura,2023-06-01,121.77,NA,NA,FALSE,FALSE,1
323,Onions (imported),5346,Thambuttegama,North Central,Anuradhapura,2023-07-01,132.67,8.951301634228455,8.951301634228455,FALSE,FALSE,1
323,Onions (imported),5346,Thambuttegama,North Central,Anuradhapura,2023-08-01,171.45,29.230421346197332,29.230421346197332,FALSE,FALSE,1
323,Onions (imported),5346,Thambuttegama,North Central,Anuradhapura,2023-09-01,201.77,17.684456109652974,17.684456109652974,FALSE,FALSE,1
323,Onions (imported),5346,Thambuttegama,North Central,Anuradhapura,2023-10-01,207.02,2.6019725429944986,2.6019725429944986,FALSE,FALSE,1
323,Onions (imported),5346,Thambuttegama,North Central,Anuradhapura,2023-11-01,291.99,41.04434354168679,41.04434354168679,FALSE,FALSE,1
323,Onions (imported),5346,Thambuttegama,North Central,Anuradhapura,2023-12-01,418.73,43.405596082057606,43.405596082057606,FALSE,FALSE,1
323,Onions (imported),5346,Thambuttegama,North Central,Anuradhapura,2024-01-01,441.65,5.473694265994784,5.473694265994784,FALSE,FALSE,1
323,Onions (imported),5346,Thambuttegama,North Central,Anuradhapura,2024-02-01,387.82,-12.188384467338388,12.188384467338388,FALSE,FALSE,1
323,Onions (imported),5346,Thambuttegama,North Central,Anuradhapura,2024-03-01,513.24,32.339745242638344,32.339745242638344,FALSE,FALSE,1
323,Onions (imported),5346,Thambuttegama,North Central,Anuradhapura,2024-04-01,564.49,9.985581794092433,9.985581794092433,FALSE,FALSE,1
323,Onions (imported),5346,Thambuttegama,North Central,Anuradhapura,2024-05-01,347.5,-38.4400077946465,38.4400077946465,FALSE,FALSE,1
323,Onions (imported),5346,Thambuttegama,North Central,Anuradhapura,2024-06-01,NA,NA,NA,FALSE,TRUE,NA
323,Onions (imported),5346,Thambuttegama,North Central,Anuradhapura,2024-07-01,222.5,NA,NA,FALSE,FALSE,1
323,Onions (imported),5346,Thambuttegama,North Central,Anuradhapura,2024-08-01,255.79,14.961797752808986,14.961797752808986,FALSE,FALSE,1
323,Onions (imported),5346,Thambuttegama,North Central,Anuradhapura,2024-09-01,283.6,10.872199851440648,10.872199851440648,FALSE,FALSE,1
323,Onions (imported),5346,Thambuttegama,North Central,Anuradhapura,2024-10-01,297.5,4.90126939351198,4.90126939351198,FALSE,FALSE,1
323,Onions (imported),5346,Thambuttegama,North Central,Anuradhapura,2024-11-01,347,16.63865546218487,16.63865546218487,FALSE,FALSE,1
323,Onions (imported),5346,Thambuttegama,North Central,Anuradhapura,2024-12-01,284.2,-18.09798270893372,18.09798270893372,FALSE,FALSE,1
323,Onions (imported),5346,Thambuttegama,North Central,Anuradhapura,2025-01-01,248.5,-12.561576354679799,12.561576354679799,FALSE,FALSE,1
323,Onions (imported),5346,Thambuttegama,North Central,Anuradhapura,2025-02-01,209.42,-15.726358148893366,15.726358148893366,FALSE,FALSE,1
323,Onions (imported),5346,Thambuttegama,North Central,Anuradhapura,2025-03-01,175,-16.435870499474735,16.435870499474735,FALSE,FALSE,1
323,Onions (imported),5346,Thambuttegama,North Central,Anuradhapura,2025-04-01,170.67,-2.4742857142857217,2.4742857142857217,FALSE,FALSE,1
323,Onions (imported),5346,Thambuttegama,North Central,Anuradhapura,2025-05-01,157.25,-7.863127673287624,7.863127673287624,FALSE,FALSE,1
323,Onions (imported),5346,Thambuttegama,North Central,Anuradhapura,2025-06-01,160.4,2.0031796502384775,2.0031796502384775,FALSE,FALSE,1
323,Onions (imported),5346,Thambuttegama,North Central,Anuradhapura,2025-07-01,149.5,-6.79551122194514,6.79551122194514,FALSE,FALSE,1
323,Onions (imported),5346,Thambuttegama,North Central,Anuradhapura,2025-08-01,164.75,10.200668896321071,10.200668896321071,FALSE,FALSE,1
323,Onions (imported),5346,Thambuttegama,North Central,Anuradhapura,2025-09-01,161.5,-1.9726858877086493,1.9726858877086493,FALSE,FALSE,1
323,Onions (imported),7833,Embilipitiya,Sabaragamuwa,Ratnapura,2023-06-01,121.14,NA,NA,FALSE,FALSE,1
323,Onions (imported),7833,Embilipitiya,Sabaragamuwa,Ratnapura,2023-07-01,135.14,11.556876341423134,11.556876341423134,FALSE,FALSE,1
323,Onions (imported),7833,Embilipitiya,Sabaragamuwa,Ratnapura,2023-08-01,184.89,36.813674707710526,36.813674707710526,FALSE,FALSE,1
323,Onions (imported),7833,Embilipitiya,Sabaragamuwa,Ratnapura,2023-09-01,208.25,12.634539455892702,12.634539455892702,FALSE,FALSE,1
323,Onions (imported),7833,Embilipitiya,Sabaragamuwa,Ratnapura,2023-10-01,255.6,22.73709483793517,22.73709483793517,FALSE,FALSE,1
323,Onions (imported),7833,Embilipitiya,Sabaragamuwa,Ratnapura,2023-11-01,286.12,11.940532081377157,11.940532081377157,FALSE,FALSE,1
323,Onions (imported),7833,Embilipitiya,Sabaragamuwa,Ratnapura,2023-12-01,400.38,39.93429330350901,39.93429330350901,FALSE,FALSE,1
323,Onions (imported),7833,Embilipitiya,Sabaragamuwa,Ratnapura,2024-01-01,457.33,14.223987212148456,14.223987212148456,FALSE,FALSE,1
323,Onions (imported),7833,Embilipitiya,Sabaragamuwa,Ratnapura,2024-02-01,398.21,-12.92720792425601,12.92720792425601,FALSE,FALSE,1
323,Onions (imported),7833,Embilipitiya,Sabaragamuwa,Ratnapura,2024-03-01,534.4,34.20054744983803,34.20054744983803,FALSE,FALSE,1
323,Onions (imported),7833,Embilipitiya,Sabaragamuwa,Ratnapura,2024-04-01,558.32,4.47604790419163,4.47604790419163,FALSE,FALSE,1
323,Onions (imported),7833,Embilipitiya,Sabaragamuwa,Ratnapura,2024-05-01,238.45,-57.291517409370975,57.291517409370975,TRUE,FALSE,1
323,Onions (imported),7833,Embilipitiya,Sabaragamuwa,Ratnapura,2024-06-01,246.17,3.237576011742503,3.237576011742503,FALSE,FALSE,1
323,Onions (imported),7833,Embilipitiya,Sabaragamuwa,Ratnapura,2024-07-01,264.2,7.324206848925541,7.324206848925541,FALSE,FALSE,1
323,Onions (imported),7833,Embilipitiya,Sabaragamuwa,Ratnapura,2024-08-01,249.48,-5.5715367146101435,5.5715367146101435,FALSE,FALSE,1
323,Onions (imported),7833,Embilipitiya,Sabaragamuwa,Ratnapura,2024-09-01,277.3,11.151194484527826,11.151194484527826,FALSE,FALSE,1
323,Onions (imported),7833,Embilipitiya,Sabaragamuwa,Ratnapura,2024-10-01,274.96,-0.8438514244500656,0.8438514244500656,FALSE,FALSE,1
323,Onions (imported),7833,Embilipitiya,Sabaragamuwa,Ratnapura,2024-11-01,355.46,29.276985743380855,29.276985743380855,FALSE,FALSE,1
323,Onions (imported),7833,Embilipitiya,Sabaragamuwa,Ratnapura,2024-12-01,290.4,-18.3030439430597,18.3030439430597,FALSE,FALSE,1
323,Onions (imported),7833,Embilipitiya,Sabaragamuwa,Ratnapura,2025-01-01,235.05,-19.05991735537189,19.05991735537189,FALSE,FALSE,1
323,Onions (imported),7833,Embilipitiya,Sabaragamuwa,Ratnapura,2025-02-01,199.09,-15.298872580302067,15.298872580302067,FALSE,FALSE,1
323,Onions (imported),7833,Embilipitiya,Sabaragamuwa,Ratnapura,2025-03-01,168.54,-15.344818926113824,15.344818926113824,FALSE,FALSE,1
323,Onions (imported),7833,Embilipitiya,Sabaragamuwa,Ratnapura,2025-04-01,146.71,-12.95241485700723,12.95241485700723,FALSE,FALSE,1
323,Onions (imported),7833,Embilipitiya,Sabaragamuwa,Ratnapura,2025-05-01,140,-4.573648694703842,4.573648694703842,FALSE,FALSE,1
323,Onions (imported),7833,Embilipitiya,Sabaragamuwa,Ratnapura,2025-06-01,130.16,-7.028571428571431,7.028571428571431,FALSE,FALSE,1
323,Onions (imported),7833,Embilipitiya,Sabaragamuwa,Ratnapura,2025-07-01,133,2.1819299323909065,2.1819299323909065,FALSE,FALSE,1
323,Onions (imported),7833,Embilipitiya,Sabaragamuwa,Ratnapura,2025-08-01,136.25,2.443609022556391,2.443609022556391,FALSE,FALSE,1
323,Onions (imported),7833,Embilipitiya,Sabaragamuwa,Ratnapura,2025-09-01,157.8,15.816513761467899,15.816513761467899,FALSE,FALSE,1
323,Onions (imported),7834,Tissamaharama,Southern,Hambantota,2023-06-01,122.5,NA,NA,FALSE,FALSE,1
323,Onions (imported),7834,Tissamaharama,Southern,Hambantota,2023-07-01,135.75,10.816326530612246,10.816326530612246,FALSE,FALSE,1
323,Onions (imported),7834,Tissamaharama,Southern,Hambantota,2023-08-01,185.31,36.508287292817684,36.508287292817684,FALSE,FALSE,1
323,Onions (imported),7834,Tissamaharama,Southern,Hambantota,2023-09-01,211.69,14.235605202093787,14.235605202093787,FALSE,FALSE,1
323,Onions (imported),7834,Tissamaharama,Southern,Hambantota,2023-10-01,272,28.48977278095328,28.48977278095328,FALSE,FALSE,1
323,Onions (imported),7834,Tissamaharama,Southern,Hambantota,2023-11-01,284.5,4.595588235294118,4.595588235294118,FALSE,FALSE,1
323,Onions (imported),7834,Tissamaharama,Southern,Hambantota,2023-12-01,420.42,47.775043936731116,47.775043936731116,FALSE,FALSE,1
323,Onions (imported),7834,Tissamaharama,Southern,Hambantota,2024-01-01,455.6,8.36782265353694,8.36782265353694,FALSE,FALSE,1
323,Onions (imported),7834,Tissamaharama,Southern,Hambantota,2024-02-01,404.5,-11.215978928884992,11.215978928884992,FALSE,FALSE,1
323,Onions (imported),7834,Tissamaharama,Southern,Hambantota,2024-03-01,524,29.54264524103832,29.54264524103832,FALSE,FALSE,1
323,Onions (imported),7834,Tissamaharama,Southern,Hambantota,2024-04-01,606,15.648854961832063,15.648854961832063,FALSE,FALSE,1
323,Onions (imported),7834,Tissamaharama,Southern,Hambantota,2024-05-01,245.25,-59.52970297029702,59.52970297029702,TRUE,FALSE,1
323,Onions (imported),7834,Tissamaharama,Southern,Hambantota,2024-06-01,NA,NA,NA,FALSE,TRUE,NA
323,Onions (imported),7834,Tissamaharama,Southern,Hambantota,2024-07-01,NA,NA,NA,FALSE,TRUE,NA
323,Onions (imported),7834,Tissamaharama,Southern,Hambantota,2024-08-01,NA,NA,NA,FALSE,TRUE,NA
323,Onions (imported),7834,Tissamaharama,Southern,Hambantota,2024-09-01,288,NA,NA,FALSE,FALSE,1
323,Onions (imported),7834,Tissamaharama,Southern,Hambantota,2024-10-01,308.75,7.204861111111111,7.204861111111111,FALSE,FALSE,1
323,Onions (imported),7834,Tissamaharama,Southern,Hambantota,2024-11-01,347,12.388663967611336,12.388663967611336,FALSE,FALSE,1
323,Onions (imported),7834,Tissamaharama,Southern,Hambantota,2024-12-01,307.8,-11.296829971181554,11.296829971181554,FALSE,FALSE,1
323,Onions (imported),7834,Tissamaharama,Southern,Hambantota,2025-01-01,260.62,-15.328135152696559,15.328135152696559,FALSE,FALSE,1
323,Onions (imported),7834,Tissamaharama,Southern,Hambantota,2025-02-01,206,-20.95771621517919,20.95771621517919,FALSE,FALSE,1
323,Onions (imported),7834,Tissamaharama,Southern,Hambantota,2025-03-01,179.3,-12.961165048543682,12.961165048543682,FALSE,FALSE,1
323,Onions (imported),7834,Tissamaharama,Southern,Hambantota,2025-04-01,170,-5.186837702175132,5.186837702175132,FALSE,FALSE,1
323,Onions (imported),7834,Tissamaharama,Southern,Hambantota,2025-05-01,NA,NA,NA,FALSE,TRUE,NA
323,Onions (imported),7834,Tissamaharama,Southern,Hambantota,2025-06-01,140.62,NA,NA,FALSE,FALSE,1
323,Onions (imported),7834,Tissamaharama,Southern,Hambantota,2025-07-01,133.44,-5.105959322998156,5.105959322998156,FALSE,FALSE,1
323,Onions (imported),7834,Tissamaharama,Southern,Hambantota,2025-08-01,132.29,-0.8618105515587573,0.8618105515587573,FALSE,FALSE,1
323,Onions (imported),7834,Tissamaharama,Southern,Hambantota,2025-09-01,157.5,19.056618036132747,19.056618036132747,FALSE,FALSE,1
323,Onions (imported),7835,Galenbindunuwewa,North Central,Anuradhapura,2023-06-01,127.25,NA,NA,FALSE,FALSE,1
323,Onions (imported),7835,Galenbindunuwewa,North Central,Anuradhapura,2023-07-01,135.6,6.5618860510805455,6.5618860510805455,FALSE,FALSE,1
323,Onions (imported),7835,Galenbindunuwewa,North Central,Anuradhapura,2023-08-01,177,30.530973451327437,30.530973451327437,FALSE,FALSE,1
323,Onions (imported),7835,Galenbindunuwewa,North Central,Anuradhapura,2023-09-01,205.75,16.242937853107346,16.242937853107346,FALSE,FALSE,1
323,Onions (imported),7835,Galenbindunuwewa,North Central,Anuradhapura,2023-10-01,201.8,-1.9198055893074064,1.9198055893074064,FALSE,FALSE,1
323,Onions (imported),7835,Galenbindunuwewa,North Central,Anuradhapura,2023-11-01,276.67,37.10109018830525,37.10109018830525,FALSE,FALSE,1
323,Onions (imported),7835,Galenbindunuwewa,North Central,Anuradhapura,2023-12-01,427.33,54.45476560523366,54.45476560523366,TRUE,FALSE,1
323,Onions (imported),7835,Galenbindunuwewa,North Central,Anuradhapura,2024-01-01,463.2,8.393981232302906,8.393981232302906,FALSE,FALSE,1
323,Onions (imported),7835,Galenbindunuwewa,North Central,Anuradhapura,2024-02-01,399.5,-13.752158894645937,13.752158894645937,FALSE,FALSE,1
323,Onions (imported),7835,Galenbindunuwewa,North Central,Anuradhapura,2024-03-01,531.5,33.04130162703379,33.04130162703379,FALSE,FALSE,1
323,Onions (imported),7835,Galenbindunuwewa,North Central,Anuradhapura,2024-04-01,434.4,-18.26904985888994,18.26904985888994,FALSE,FALSE,1
323,Onions (imported),7835,Galenbindunuwewa,North Central,Anuradhapura,2024-05-01,227,-47.744014732965006,47.744014732965006,FALSE,FALSE,1
323,Onions (imported),7835,Galenbindunuwewa,North Central,Anuradhapura,2024-06-01,238.67,5.14096916299559,5.14096916299559,FALSE,FALSE,1
323,Onions (imported),7835,Galenbindunuwewa,North Central,Anuradhapura,2024-07-01,224,-6.146562198851966,6.146562198851966,FALSE,FALSE,1
323,Onions (imported),7835,Galenbindunuwewa,North Central,Anuradhapura,2024-08-01,NA,NA,NA,FALSE,TRUE,NA
323,Onions (imported),7835,Galenbindunuwewa,North Central,Anuradhapura,2024-09-01,NA,NA,NA,FALSE,TRUE,NA
323,Onions (imported),7835,Galenbindunuwewa,North Central,Anuradhapura,2024-10-01,NA,NA,NA,FALSE,TRUE,NA
323,Onions (imported),7835,Galenbindunuwewa,North Central,Anuradhapura,2024-11-01,NA,NA,NA,FALSE,TRUE,NA
323,Onions (imported),7835,Galenbindunuwewa,North Central,Anuradhapura,2024-12-01,250.67,NA,NA,FALSE,FALSE,1
323,Onions (imported),7835,Galenbindunuwewa,North Central,Anuradhapura,2025-01-01,242.25,-3.358997885666409,3.358997885666409,FALSE,FALSE,1
323,Onions (imported),7835,Galenbindunuwewa,North Central,Anuradhapura,2025-02-01,204.38,-15.63261093911249,15.63261093911249,FALSE,FALSE,1
323,Onions (imported),7835,Galenbindunuwewa,North Central,Anuradhapura,2025-03-01,177,-13.396614150112535,13.396614150112535,FALSE,FALSE,1
323,Onions (imported),7835,Galenbindunuwewa,North Central,Anuradhapura,2025-04-01,182.5,3.1073446327683616,3.1073446327683616,FALSE,FALSE,1
323,Onions (imported),7835,Galenbindunuwewa,North Central,Anuradhapura,2025-05-01,NA,NA,NA,FALSE,TRUE,NA
323,Onions (imported),7835,Galenbindunuwewa,North Central,Anuradhapura,2025-06-01,146.38,NA,NA,FALSE,FALSE,1
323,Onions (imported),7835,Galenbindunuwewa,North Central,Anuradhapura,2025-07-01,139,-5.041672359611966,5.041672359611966,FALSE,FALSE,1
323,Onions (imported),7835,Galenbindunuwewa,North Central,Anuradhapura,2025-08-01,143,2.877697841726619,2.877697841726619,FALSE,FALSE,1
323,Onions (imported),7835,Galenbindunuwewa,North Central,Anuradhapura,2025-09-01,160.3,12.097902097902107,12.097902097902107,FALSE,FALSE,1
323,Onions (imported),7836,Bandarawela,Uva,Badulla,2023-06-01,131.5,NA,NA,FALSE,FALSE,1
323,Onions (imported),7836,Bandarawela,Uva,Badulla,2023-07-01,141,7.224334600760455,7.224334600760455,FALSE,FALSE,1
323,Onions (imported),7836,Bandarawela,Uva,Badulla,2023-08-01,182,29.078014184397162,29.078014184397162,FALSE,FALSE,1
323,Onions (imported),7836,Bandarawela,Uva,Badulla,2023-09-01,213,17.032967032967033,17.032967032967033,FALSE,FALSE,1
323,Onions (imported),7836,Bandarawela,Uva,Badulla,2023-10-01,263.2,23.56807511737089,23.56807511737089,FALSE,FALSE,1
323,Onions (imported),7836,Bandarawela,Uva,Badulla,2023-11-01,288,9.422492401215809,9.422492401215809,FALSE,FALSE,1
323,Onions (imported),7836,Bandarawela,Uva,Badulla,2023-12-01,447,55.208333333333336,55.208333333333336,TRUE,FALSE,1
323,Onions (imported),7836,Bandarawela,Uva,Badulla,2024-01-01,490.4,9.709172259507824,9.709172259507824,FALSE,FALSE,1
323,Onions (imported),7836,Bandarawela,Uva,Badulla,2024-02-01,388,-20.88091353996737,20.88091353996737,FALSE,FALSE,1
323,Onions (imported),7836,Bandarawela,Uva,Badulla,2024-03-01,NA,NA,NA,FALSE,TRUE,NA
323,Onions (imported),7836,Bandarawela,Uva,Badulla,2024-04-01,NA,NA,NA,FALSE,TRUE,NA
323,Onions (imported),7836,Bandarawela,Uva,Badulla,2024-05-01,246,NA,NA,FALSE,FALSE,1
323,Onions (imported),7836,Bandarawela,Uva,Badulla,2024-06-01,239.83,-2.508130081300808,2.508130081300808,FALSE,FALSE,1
323,Onions (imported),7836,Bandarawela,Uva,Badulla,2024-07-01,250,4.240503690113825,4.240503690113825,FALSE,FALSE,1
323,Onions (imported),7836,Bandarawela,Uva,Badulla,2024-08-01,243.5,-2.6,2.6,FALSE,FALSE,1
323,Onions (imported),7836,Bandarawela,Uva,Badulla,2024-09-01,261.6,7.433264887063665,7.433264887063665,FALSE,FALSE,1
323,Onions (imported),7836,Bandarawela,Uva,Badulla,2024-10-01,293,12.003058103975524,12.003058103975524,FALSE,FALSE,1
323,Onions (imported),7836,Bandarawela,Uva,Badulla,2024-11-01,325.25,11.006825938566553,11.006825938566553,FALSE,FALSE,1
323,Onions (imported),7836,Bandarawela,Uva,Badulla,2024-12-01,301.2,-7.394312067640279,7.394312067640279,FALSE,FALSE,1
323,Onions (imported),7836,Bandarawela,Uva,Badulla,2025-01-01,244,-18.990703851261618,18.990703851261618,FALSE,FALSE,1
323,Onions (imported),7836,Bandarawela,Uva,Badulla,2025-02-01,206,-15.573770491803279,15.573770491803279,FALSE,FALSE,1
323,Onions (imported),7836,Bandarawela,Uva,Badulla,2025-03-01,176,-14.563106796116504,14.563106796116504,FALSE,FALSE,1
323,Onions (imported),7836,Bandarawela,Uva,Badulla,2025-04-01,166.5,-5.3977272727272725,5.3977272727272725,FALSE,FALSE,1
323,Onions (imported),7836,Bandarawela,Uva,Badulla,2025-05-01,149,-10.51051051051051,10.51051051051051,FALSE,FALSE,1
323,Onions (imported),7836,Bandarawela,Uva,Badulla,2025-06-01,139.6,-6.30872483221477,6.30872483221477,FALSE,FALSE,1
323,Onions (imported),7836,Bandarawela,Uva,Badulla,2025-07-01,129.5,-7.234957020057303,7.234957020057303,FALSE,FALSE,1
323,Onions (imported),7836,Bandarawela,Uva,Badulla,2025-08-01,145.5,12.355212355212355,12.355212355212355,FALSE,FALSE,1
323,Onions (imported),7836,Bandarawela,Uva,Badulla,2025-09-01,164.4,12.989690721649488,12.989690721649488,FALSE,FALSE,1
323,Onions (imported),7837,Dehiattakandiya,Eastern,Ampara,2023-06-01,123.12,NA,NA,FALSE,FALSE,1
323,Onions (imported),7837,Dehiattakandiya,Eastern,Ampara,2023-07-01,130.67,6.132228719948004,6.132228719948004,FALSE,FALSE,1
323,Onions (imported),7837,Dehiattakandiya,Eastern,Ampara,2023-08-01,183.33,40.29999234713402,40.29999234713402,FALSE,FALSE,1
323,Onions (imported),7837,Dehiattakandiya,Eastern,Ampara,2023-09-01,219.17,19.549446353570048,19.549446353570048,FALSE,FALSE,1
323,Onions (imported),7837,Dehiattakandiya,Eastern,Ampara,2023-10-01,215.33,-1.7520646073823858,1.7520646073823858,FALSE,FALSE,1
323,Onions (imported),7837,Dehiattakandiya,Eastern,Ampara,2023-11-01,276.25,28.291459620117955,28.291459620117955,FALSE,FALSE,1
323,Onions (imported),7837,Dehiattakandiya,Eastern,Ampara,2023-12-01,423.33,53.241628959276014,53.241628959276014,TRUE,FALSE,1
323,Onions (imported),7837,Dehiattakandiya,Eastern,Ampara,2024-01-01,448.33,5.905558311482768,5.905558311482768,FALSE,FALSE,1
323,Onions (imported),7837,Dehiattakandiya,Eastern,Ampara,2024-02-01,403.33,-10.037249347578793,10.037249347578793,FALSE,FALSE,1
323,Onions (imported),7837,Dehiattakandiya,Eastern,Ampara,2024-03-01,528.33,30.991991669352654,30.991991669352654,FALSE,FALSE,1
323,Onions (imported),7837,Dehiattakandiya,Eastern,Ampara,2024-04-01,505.33,-4.353339768705176,4.353339768705176,FALSE,FALSE,1
323,Onions (imported),7837,Dehiattakandiya,Eastern,Ampara,2024-05-01,209.17,-58.607246749648745,58.607246749648745,TRUE,FALSE,1
323,Onions (imported),7837,Dehiattakandiya,Eastern,Ampara,2024-06-01,237.08,13.343213653965686,13.343213653965686,FALSE,FALSE,1
323,Onions (imported),7837,Dehiattakandiya,Eastern,Ampara,2024-07-01,228.33,-3.6907373038636746,3.6907373038636746,FALSE,FALSE,1
323,Onions (imported),7837,Dehiattakandiya,Eastern,Ampara,2024-08-01,225,-1.4584154513204626,1.4584154513204626,FALSE,FALSE,1
323,Onions (imported),7837,Dehiattakandiya,Eastern,Ampara,2024-09-01,243.33,8.146666666666674,8.146666666666674,FALSE,FALSE,1
323,Onions (imported),7837,Dehiattakandiya,Eastern,Ampara,2024-10-01,242.92,-0.16849545884191222,0.16849545884191222,FALSE,FALSE,1
323,Onions (imported),7837,Dehiattakandiya,Eastern,Ampara,2024-11-01,310.83,27.95570558208464,27.95570558208464,FALSE,FALSE,1
323,Onions (imported),7837,Dehiattakandiya,Eastern,Ampara,2024-12-01,276,-11.205482096322744,11.205482096322744,FALSE,FALSE,1
323,Onions (imported),7837,Dehiattakandiya,Eastern,Ampara,2025-01-01,250,-9.420289855072465,9.420289855072465,FALSE,FALSE,1
323,Onions (imported),7837,Dehiattakandiya,Eastern,Ampara,2025-02-01,192.5,-23,23,FALSE,FALSE,1
323,Onions (imported),7837,Dehiattakandiya,Eastern,Ampara,2025-03-01,170,-11.688311688311687,11.688311688311687,FALSE,FALSE,1
323,Onions (imported),7837,Dehiattakandiya,Eastern,Ampara,2025-04-01,159.17,-6.370588235294125,6.370588235294125,FALSE,FALSE,1
323,Onions (imported),7837,Dehiattakandiya,Eastern,Ampara,2025-05-01,130.83,-17.804862725387935,17.804862725387935,FALSE,FALSE,1
323,Onions (imported),7837,Dehiattakandiya,Eastern,Ampara,2025-06-01,137.33,4.968279446610104,4.968279446610104,FALSE,FALSE,1
323,Onions (imported),7837,Dehiattakandiya,Eastern,Ampara,2025-07-01,132.5,-3.5170756571761537,3.5170756571761537,FALSE,FALSE,1
323,Onions (imported),7837,Dehiattakandiya,Eastern,Ampara,2025-08-01,148.33,11.947169811320764,11.947169811320764,FALSE,FALSE,1
323,Onions (imported),7837,Dehiattakandiya,Eastern,Ampara,2025-09-01,156.33,5.393379626508461,5.393379626508461,FALSE,FALSE,1
323,Onions (imported),7839,Keppetipola (DEC},Uva,Badulla,2023-06-01,128.25,NA,NA,FALSE,FALSE,1
323,Onions (imported),7839,Keppetipola (DEC},Uva,Badulla,2023-07-01,143.6,11.968810916179333,11.968810916179333,FALSE,FALSE,1
323,Onions (imported),7839,Keppetipola (DEC},Uva,Badulla,2023-08-01,182.25,26.91504178272981,26.91504178272981,FALSE,FALSE,1
323,Onions (imported),7839,Keppetipola (DEC},Uva,Badulla,2023-09-01,205.25,12.620027434842248,12.620027434842248,FALSE,FALSE,1
323,Onions (imported),7839,Keppetipola (DEC},Uva,Badulla,2023-10-01,244.8,19.26918392204629,19.26918392204629,FALSE,FALSE,1
323,Onions (imported),7839,Keppetipola (DEC},Uva,Badulla,2023-11-01,298.56,21.960784313725483,21.960784313725483,FALSE,FALSE,1
323,Onions (imported),7839,Keppetipola (DEC},Uva,Badulla,2023-12-01,442.5,48.211414790996784,48.211414790996784,FALSE,FALSE,1
323,Onions (imported),7839,Keppetipola (DEC},Uva,Badulla,2024-01-01,461.2,4.225988700564969,4.225988700564969,FALSE,FALSE,1
323,Onions (imported),7839,Keppetipola (DEC},Uva,Badulla,2024-02-01,408,-11.53512575888985,11.53512575888985,FALSE,FALSE,1
323,Onions (imported),7839,Keppetipola (DEC},Uva,Badulla,2024-03-01,511.5,25.36764705882353,25.36764705882353,FALSE,FALSE,1
323,Onions (imported),7839,Keppetipola (DEC},Uva,Badulla,2024-04-01,444.1,-13.17693059628543,13.17693059628543,FALSE,FALSE,1
323,Onions (imported),7839,Keppetipola (DEC},Uva,Badulla,2024-05-01,264.38,-40.46836298131052,40.46836298131052,FALSE,FALSE,1
323,Onions (imported),7839,Keppetipola (DEC},Uva,Badulla,2024-06-01,245.62,-7.095846887056506,7.095846887056506,FALSE,FALSE,1
323,Onions (imported),7839,Keppetipola (DEC},Uva,Badulla,2024-07-01,239.9,-2.3288005862714756,2.3288005862714756,FALSE,FALSE,1
323,Onions (imported),7839,Keppetipola (DEC},Uva,Badulla,2024-08-01,254.38,6.035848270112543,6.035848270112543,FALSE,FALSE,1
323,Onions (imported),7839,Keppetipola (DEC},Uva,Badulla,2024-09-01,288.5,13.413004166994263,13.413004166994263,FALSE,FALSE,1
323,Onions (imported),7839,Keppetipola (DEC},Uva,Badulla,2024-10-01,288.33,-0.0589254766031251,0.0589254766031251,FALSE,FALSE,1
323,Onions (imported),7839,Keppetipola (DEC},Uva,Badulla,2024-11-01,327.92,13.730794575659846,13.730794575659846,FALSE,FALSE,1
323,Onions (imported),7839,Keppetipola (DEC},Uva,Badulla,2024-12-01,259.83,-20.764210783117843,20.764210783117843,FALSE,FALSE,1
323,Onions (imported),7839,Keppetipola (DEC},Uva,Badulla,2025-01-01,245.42,-5.545933879844513,5.545933879844513,FALSE,FALSE,1
323,Onions (imported),7839,Keppetipola (DEC},Uva,Badulla,2025-02-01,206.25,-15.960394425882157,15.960394425882157,FALSE,FALSE,1
323,Onions (imported),7839,Keppetipola (DEC},Uva,Badulla,2025-03-01,171.8,-16.703030303030296,16.703030303030296,FALSE,FALSE,1
323,Onions (imported),7839,Keppetipola (DEC},Uva,Badulla,2025-04-01,153.75,-10.506402793946455,10.506402793946455,FALSE,FALSE,1
323,Onions (imported),7839,Keppetipola (DEC},Uva,Badulla,2025-05-01,143.75,-6.504065040650407,6.504065040650407,FALSE,FALSE,1
323,Onions (imported),7839,Keppetipola (DEC},Uva,Badulla,2025-06-01,139.75,-2.782608695652174,2.782608695652174,FALSE,FALSE,1
323,Onions (imported),7839,Keppetipola (DEC},Uva,Badulla,2025-07-01,118.67,-15.084078711985688,15.084078711985688,FALSE,FALSE,1
323,Onions (imported),7839,Keppetipola (DEC},Uva,Badulla,2025-08-01,133.25,12.286171736748965,12.286171736748965,FALSE,FALSE,1
323,Onions (imported),7839,Keppetipola (DEC},Uva,Badulla,2025-09-01,151.8,13.921200750469051,13.921200750469051,FALSE,FALSE,1
323,Onions (imported),7840,Hanguranketha,Central,Nuwara Eliya,2023-06-01,127.1,NA,NA,FALSE,FALSE,1
323,Onions (imported),7840,Hanguranketha,Central,Nuwara Eliya,2023-07-01,136.72,7.568843430369792,7.568843430369792,FALSE,FALSE,1
323,Onions (imported),7840,Hanguranketha,Central,Nuwara Eliya,2023-08-01,178.7,30.705090696313626,30.705090696313626,FALSE,FALSE,1
323,Onions (imported),7840,Hanguranketha,Central,Nuwara Eliya,2023-09-01,214.5,20.033575825405716,20.033575825405716,FALSE,FALSE,1
323,Onions (imported),7840,Hanguranketha,Central,Nuwara Eliya,2023-10-01,254.97,18.867132867132867,18.867132867132867,FALSE,FALSE,1
323,Onions (imported),7840,Hanguranketha,Central,Nuwara Eliya,2023-11-01,294.05,15.327293407067502,15.327293407067502,FALSE,FALSE,1
323,Onions (imported),7840,Hanguranketha,Central,Nuwara Eliya,2023-12-01,411,39.7721475939466,39.7721475939466,FALSE,FALSE,1
323,Onions (imported),7840,Hanguranketha,Central,Nuwara Eliya,2024-01-01,461.97,12.401459854014606,12.401459854014606,FALSE,FALSE,1
323,Onions (imported),7840,Hanguranketha,Central,Nuwara Eliya,2024-02-01,426,-7.786219884408084,7.786219884408084,FALSE,FALSE,1
323,Onions (imported),7840,Hanguranketha,Central,Nuwara Eliya,2024-03-01,564.25,32.45305164319249,32.45305164319249,FALSE,FALSE,1
323,Onions (imported),7840,Hanguranketha,Central,Nuwara Eliya,2024-04-01,568.6,0.7709348692955291,0.7709348692955291,FALSE,FALSE,1
323,Onions (imported),7840,Hanguranketha,Central,Nuwara Eliya,2024-05-01,251.75,-55.72458670418572,55.72458670418572,TRUE,FALSE,1
323,Onions (imported),7840,Hanguranketha,Central,Nuwara Eliya,2024-06-01,251,-0.29791459781529295,0.29791459781529295,FALSE,FALSE,1
323,Onions (imported),7840,Hanguranketha,Central,Nuwara Eliya,2024-07-01,258.27,2.8964143426294746,2.8964143426294746,FALSE,FALSE,1
323,Onions (imported),7840,Hanguranketha,Central,Nuwara Eliya,2024-08-01,257.55,-0.2787780229991755,0.2787780229991755,FALSE,FALSE,1
323,Onions (imported),7840,Hanguranketha,Central,Nuwara Eliya,2024-09-01,288.71,12.098621626868557,12.098621626868557,FALSE,FALSE,1
323,Onions (imported),7840,Hanguranketha,Central,Nuwara Eliya,2024-10-01,273.42,-5.295971736344416,5.295971736344416,FALSE,FALSE,1
323,Onions (imported),7840,Hanguranketha,Central,Nuwara Eliya,2024-11-01,382.33,39.83249213663959,39.83249213663959,FALSE,FALSE,1
323,Onions (imported),7840,Hanguranketha,Central,Nuwara Eliya,2024-12-01,279.43,-26.913922527659345,26.913922527659345,FALSE,FALSE,1
323,Onions (imported),7840,Hanguranketha,Central,Nuwara Eliya,2025-01-01,244.9,-12.357298786816017,12.357298786816017,FALSE,FALSE,1
323,Onions (imported),7840,Hanguranketha,Central,Nuwara Eliya,2025-02-01,191.82,-21.674152715394044,21.674152715394044,FALSE,FALSE,1
323,Onions (imported),7840,Hanguranketha,Central,Nuwara Eliya,2025-03-01,167.7,-12.574288395370663,12.574288395370663,FALSE,FALSE,1
323,Onions (imported),7840,Hanguranketha,Central,Nuwara Eliya,2025-04-01,142.12,-15.253428741800827,15.253428741800827,FALSE,FALSE,1
323,Onions (imported),7840,Hanguranketha,Central,Nuwara Eliya,2025-05-01,120,-15.564311849141573,15.564311849141573,FALSE,FALSE,1
323,Onions (imported),7840,Hanguranketha,Central,Nuwara Eliya,2025-06-01,NA,NA,NA,FALSE,TRUE,NA
323,Onions (imported),7840,Hanguranketha,Central,Nuwara Eliya,2025-07-01,NA,NA,NA,FALSE,TRUE,NA
323,Onions (imported),7840,Hanguranketha,Central,Nuwara Eliya,2025-08-01,146,NA,NA,FALSE,FALSE,1
323,Onions (imported),7840,Hanguranketha,Central,Nuwara Eliya,2025-09-01,161.25,10.445205479452055,10.445205479452055,FALSE,FALSE,1
323,Onions (imported),7841,Meegoda(DEC),Western,Colombo,2023-06-01,117.5,NA,NA,FALSE,FALSE,1
323,Onions (imported),7841,Meegoda(DEC),Western,Colombo,2023-07-01,127,8.085106382978724,8.085106382978724,FALSE,FALSE,1
323,Onions (imported),7841,Meegoda(DEC),Western,Colombo,2023-08-01,174.25,37.20472440944882,37.20472440944882,FALSE,FALSE,1
323,Onions (imported),7841,Meegoda(DEC),Western,Colombo,2023-09-01,203.5,16.786226685796272,16.786226685796272,FALSE,FALSE,1
323,Onions (imported),7841,Meegoda(DEC),Western,Colombo,2023-10-01,262,28.746928746928745,28.746928746928745,FALSE,FALSE,1
323,Onions (imported),7841,Meegoda(DEC),Western,Colombo,2023-11-01,292.25,11.545801526717558,11.545801526717558,FALSE,FALSE,1
323,Onions (imported),7841,Meegoda(DEC),Western,Colombo,2023-12-01,430.5,47.30538922155689,47.30538922155689,FALSE,FALSE,1
323,Onions (imported),7841,Meegoda(DEC),Western,Colombo,2024-01-01,432.2,0.39488966318234353,0.39488966318234353,FALSE,FALSE,1
323,Onions (imported),7841,Meegoda(DEC),Western,Colombo,2024-02-01,393.75,-8.896344285053214,8.896344285053214,FALSE,FALSE,1
323,Onions (imported),7841,Meegoda(DEC),Western,Colombo,2024-03-01,526.5,33.714285714285715,33.714285714285715,FALSE,FALSE,1
323,Onions (imported),7841,Meegoda(DEC),Western,Colombo,2024-04-01,610.8,16.011396011396002,16.011396011396002,FALSE,FALSE,1
323,Onions (imported),7841,Meegoda(DEC),Western,Colombo,2024-05-01,243.5,-60.134250163719706,60.134250163719706,TRUE,FALSE,1
323,Onions (imported),7841,Meegoda(DEC),Western,Colombo,2024-06-01,254.5,4.517453798767967,4.517453798767967,FALSE,FALSE,1
323,Onions (imported),7841,Meegoda(DEC),Western,Colombo,2024-07-01,251.1,-1.3359528487229886,1.3359528487229886,FALSE,FALSE,1
323,Onions (imported),7841,Meegoda(DEC),Western,Colombo,2024-08-01,239.88,-4.468339307048984,4.468339307048984,FALSE,FALSE,1
323,Onions (imported),7841,Meegoda(DEC),Western,Colombo,2024-09-01,267.2,11.389027847256958,11.389027847256958,FALSE,FALSE,1
323,Onions (imported),7841,Meegoda(DEC),Western,Colombo,2024-10-01,291.5,9.094311377245514,9.094311377245514,FALSE,FALSE,1
323,Onions (imported),7841,Meegoda(DEC),Western,Colombo,2024-11-01,352,20.754716981132077,20.754716981132077,FALSE,FALSE,1
323,Onions (imported),7841,Meegoda(DEC),Western,Colombo,2024-12-01,276,-21.59090909090909,21.59090909090909,FALSE,FALSE,1
323,Onions (imported),7841,Meegoda(DEC),Western,Colombo,2025-01-01,218.5,-20.833333333333336,20.833333333333336,FALSE,FALSE,1
323,Onions (imported),7841,Meegoda(DEC),Western,Colombo,2025-02-01,180.5,-17.391304347826086,17.391304347826086,FALSE,FALSE,1
323,Onions (imported),7841,Meegoda(DEC),Western,Colombo,2025-03-01,155.2,-14.016620498614966,14.016620498614966,FALSE,FALSE,1
323,Onions (imported),7841,Meegoda(DEC),Western,Colombo,2025-04-01,138,-11.082474226804118,11.082474226804118,FALSE,FALSE,1
323,Onions (imported),7841,Meegoda(DEC),Western,Colombo,2025-05-01,129.5,-6.159420289855073,6.159420289855073,FALSE,FALSE,1
323,Onions (imported),7841,Meegoda(DEC),Western,Colombo,2025-06-01,132.4,2.239382239382244,2.239382239382244,FALSE,FALSE,1
323,Onions (imported),7841,Meegoda(DEC),Western,Colombo,2025-07-01,127.5,-3.70090634441088,3.70090634441088,FALSE,FALSE,1
323,Onions (imported),7841,Meegoda(DEC),Western,Colombo,2025-08-01,143.12,12.250980392156867,12.250980392156867,FALSE,FALSE,1
323,Onions (imported),7841,Meegoda(DEC),Western,Colombo,2025-09-01,153.6,7.322526551145884,7.322526551145884,FALSE,FALSE,1
323,Onions (imported),7842,Nikaweratiya,North Western,Kurunegala,2023-06-01,130.31,NA,NA,FALSE,FALSE,1
323,Onions (imported),7842,Nikaweratiya,North Western,Kurunegala,2023-07-01,146.25,12.232368966311103,12.232368966311103,FALSE,FALSE,1
323,Onions (imported),7842,Nikaweratiya,North Western,Kurunegala,2023-08-01,183.75,25.64102564102564,25.64102564102564,FALSE,FALSE,1
323,Onions (imported),7842,Nikaweratiya,North Western,Kurunegala,2023-09-01,220.12,19.793197278911567,19.793197278911567,FALSE,FALSE,1
323,Onions (imported),7842,Nikaweratiya,North Western,Kurunegala,2023-10-01,251.47,14.242231510085404,14.242231510085404,FALSE,FALSE,1
323,Onions (imported),7842,Nikaweratiya,North Western,Kurunegala,2023-11-01,283.83,12.868334194933784,12.868334194933784,FALSE,FALSE,1
323,Onions (imported),7842,Nikaweratiya,North Western,Kurunegala,2023-12-01,420.58,48.180248740443226,48.180248740443226,FALSE,FALSE,1
323,Onions (imported),7842,Nikaweratiya,North Western,Kurunegala,2024-01-01,458.27,8.961434209900613,8.961434209900613,FALSE,FALSE,1
323,Onions (imported),7842,Nikaweratiya,North Western,Kurunegala,2024-02-01,431.38,-5.867719903113882,5.867719903113882,FALSE,FALSE,1
323,Onions (imported),7842,Nikaweratiya,North Western,Kurunegala,2024-03-01,533.88,23.76095321989893,23.76095321989893,FALSE,FALSE,1
323,Onions (imported),7842,Nikaweratiya,North Western,Kurunegala,2024-04-01,675.87,26.59586423915487,26.59586423915487,FALSE,FALSE,1
323,Onions (imported),7842,Nikaweratiya,North Western,Kurunegala,2024-05-01,223.04,-66.99957092340244,66.99957092340244,TRUE,FALSE,1
323,Onions (imported),7842,Nikaweratiya,North Western,Kurunegala,2024-06-01,NA,NA,NA,FALSE,TRUE,NA
323,Onions (imported),7842,Nikaweratiya,North Western,Kurunegala,2024-07-01,232.67,NA,NA,FALSE,FALSE,1
323,Onions (imported),7842,Nikaweratiya,North Western,Kurunegala,2024-08-01,243.67,4.727725963811407,4.727725963811407,FALSE,FALSE,1
323,Onions (imported),7842,Nikaweratiya,North Western,Kurunegala,2024-09-01,261.5,7.317273361513528,7.317273361513528,FALSE,FALSE,1
323,Onions (imported),7842,Nikaweratiya,North Western,Kurunegala,2024-10-01,264.62,1.193116634799237,1.193116634799237,FALSE,FALSE,1
323,Onions (imported),7842,Nikaweratiya,North Western,Kurunegala,2024-11-01,338,27.730330284936887,27.730330284936887,FALSE,FALSE,1
323,Onions (imported),7842,Nikaweratiya,North Western,Kurunegala,2024-12-01,319.5,-5.473372781065089,5.473372781065089,FALSE,FALSE,1
323,Onions (imported),7842,Nikaweratiya,North Western,Kurunegala,2025-01-01,NA,NA,NA,FALSE,TRUE,NA
323,Onions (imported),7842,Nikaweratiya,North Western,Kurunegala,2025-02-01,NA,NA,NA,FALSE,TRUE,NA
323,Onions (imported),7842,Nikaweratiya,North Western,Kurunegala,2025-03-01,169,NA,NA,FALSE,FALSE,1
323,Onions (imported),7842,Nikaweratiya,North Western,Kurunegala,2025-04-01,158,-6.508875739644971,6.508875739644971,FALSE,FALSE,1
323,Onions (imported),7842,Nikaweratiya,North Western,Kurunegala,2025-05-01,148.25,-6.170886075949367,6.170886075949367,FALSE,FALSE,1
323,Onions (imported),7842,Nikaweratiya,North Western,Kurunegala,2025-06-01,151.6,2.2596964586846506,2.2596964586846506,FALSE,FALSE,1
323,Onions (imported),7842,Nikaweratiya,North Western,Kurunegala,2025-07-01,147.75,-2.5395778364116057,2.5395778364116057,FALSE,FALSE,1
323,Onions (imported),7842,Nikaweratiya,North Western,Kurunegala,2025-08-01,160.5,8.629441624365482,8.629441624365482,FALSE,FALSE,1
323,Onions (imported),7842,Nikaweratiya,North Western,Kurunegala,2025-09-01,164.5,2.4922118380062304,2.4922118380062304,FALSE,FALSE,1
323,Onions (imported),7843,Mullativu,Northern,Mullattivu,2023-06-01,142.5,NA,NA,FALSE,FALSE,1
323,Onions (imported),7843,Mullativu,Northern,Mullattivu,2023-07-01,152.8,7.228070175438604,7.228070175438604,FALSE,FALSE,1
323,Onions (imported),7843,Mullativu,Northern,Mullattivu,2023-08-01,200.75,31.38089005235601,31.38089005235601,FALSE,FALSE,1
323,Onions (imported),7843,Mullativu,Northern,Mullattivu,2023-09-01,213.17,6.186799501867989,6.186799501867989,FALSE,FALSE,1
323,Onions (imported),7843,Mullativu,Northern,Mullattivu,2023-10-01,NA,NA,NA,FALSE,TRUE,NA
323,Onions (imported),7843,Mullativu,Northern,Mullattivu,2023-11-01,NA,NA,NA,FALSE,TRUE,NA
323,Onions (imported),7843,Mullativu,Northern,Mullattivu,2023-12-01,NA,NA,NA,FALSE,TRUE,NA
323,Onions (imported),7843,Mullativu,Northern,Mullattivu,2024-01-01,NA,NA,NA,FALSE,TRUE,NA
323,Onions (imported),7843,Mullativu,Northern,Mullattivu,2024-02-01,NA,NA,NA,FALSE,TRUE,NA
323,Onions (imported),7843,Mullativu,Northern,Mullattivu,2024-03-01,NA,NA,NA,FALSE,TRUE,NA
323,Onions (imported),7843,Mullativu,Northern,Mullattivu,2024-04-01,NA,NA,NA,FALSE,TRUE,NA
323,Onions (imported),7843,Mullativu,Northern,Mullattivu,2024-05-01,213.83,NA,NA,FALSE,FALSE,1
323,Onions (imported),7843,Mullativu,Northern,Mullattivu,2024-06-01,232,8.497404480194541,8.497404480194541,FALSE,FALSE,1
323,Onions (imported),7843,Mullativu,Northern,Mullattivu,2024-07-01,239.4,3.1896551724137954,3.1896551724137954,FALSE,FALSE,1
323,Onions (imported),7843,Mullativu,Northern,Mullattivu,2024-08-01,242,1.0860484544695048,1.0860484544695048,FALSE,FALSE,1
323,Onions (imported),7843,Mullativu,Northern,Mullattivu,2024-09-01,240.62,-0.5702479338842956,0.5702479338842956,FALSE,FALSE,1
323,Onions (imported),7843,Mullativu,Northern,Mullattivu,2024-10-01,250.5,4.106059346687721,4.106059346687721,FALSE,FALSE,1
323,Onions (imported),7843,Mullativu,Northern,Mullattivu,2024-11-01,293,16.966067864271455,16.966067864271455,FALSE,FALSE,1
323,Onions (imported),7843,Mullativu,Northern,Mullattivu,2024-12-01,290.5,-0.8532423208191127,0.8532423208191127,FALSE,FALSE,1
323,Onions (imported),7843,Mullativu,Northern,Mullattivu,2025-01-01,254,-12.564543889845096,12.564543889845096,FALSE,FALSE,1
323,Onions (imported),7843,Mullativu,Northern,Mullattivu,2025-02-01,242,-4.724409448818897,4.724409448818897,FALSE,FALSE,1
323,Onions (imported),7843,Mullativu,Northern,Mullattivu,2025-03-01,209.6,-13.38842975206612,13.38842975206612,FALSE,FALSE,1
323,Onions (imported),7843,Mullativu,Northern,Mullattivu,2025-04-01,177,-15.553435114503813,15.553435114503813,FALSE,FALSE,1
323,Onions (imported),7843,Mullativu,Northern,Mullattivu,2025-05-01,155.5,-12.146892655367232,12.146892655367232,FALSE,FALSE,1
323,Onions (imported),7843,Mullativu,Northern,Mullattivu,2025-06-01,153.6,-1.2218649517684925,1.2218649517684925,FALSE,FALSE,1
323,Onions (imported),7843,Mullativu,Northern,Mullattivu,2025-07-01,117.5,-23.502604166666664,23.502604166666664,FALSE,FALSE,1
323,Onions (imported),7843,Mullativu,Northern,Mullattivu,2025-08-01,135,14.893617021276595,14.893617021276595,FALSE,FALSE,1
323,Onions (imported),7843,Mullativu,Northern,Mullattivu,2025-09-01,155.2,14.962962962962955,14.962962962962955,FALSE,FALSE,1
688,Potatoes (imported),360,Ampara,Eastern,Ampara,2023-06-01,202.19,NA,NA,FALSE,FALSE,1
688,Potatoes (imported),360,Ampara,Eastern,Ampara,2023-07-01,241.25,19.318462831989713,19.318462831989713,FALSE,FALSE,1
688,Potatoes (imported),360,Ampara,Eastern,Ampara,2023-08-01,225.94,-6.346113989637307,6.346113989637307,FALSE,FALSE,1
688,Potatoes (imported),360,Ampara,Eastern,Ampara,2023-09-01,205.31,-9.13074267504647,9.13074267504647,FALSE,FALSE,1
688,Potatoes (imported),360,Ampara,Eastern,Ampara,2023-10-01,215.17,4.802493789878713,4.802493789878713,FALSE,FALSE,1
688,Potatoes (imported),360,Ampara,Eastern,Ampara,2023-11-01,213.54,-0.7575405493330833,0.7575405493330833,FALSE,FALSE,1
688,Potatoes (imported),360,Ampara,Eastern,Ampara,2023-12-01,241.25,12.976491523836287,12.976491523836287,FALSE,FALSE,1
688,Potatoes (imported),360,Ampara,Eastern,Ampara,2024-01-01,197.75,-18.031088082901555,18.031088082901555,FALSE,FALSE,1
688,Potatoes (imported),360,Ampara,Eastern,Ampara,2024-02-01,155.88,-21.173198482932996,21.173198482932996,FALSE,FALSE,1
688,Potatoes (imported),360,Ampara,Eastern,Ampara,2024-03-01,205,31.511419040287404,31.511419040287404,FALSE,FALSE,1
688,Potatoes (imported),360,Ampara,Eastern,Ampara,2024-04-01,178.45,-12.951219512195127,12.951219512195127,FALSE,FALSE,1
688,Potatoes (imported),360,Ampara,Eastern,Ampara,2024-05-01,190.94,6.999159428411325,6.999159428411325,FALSE,FALSE,1
688,Potatoes (imported),360,Ampara,Eastern,Ampara,2024-06-01,190.94,0,0,FALSE,FALSE,1
688,Potatoes (imported),360,Ampara,Eastern,Ampara,2024-07-01,292.19,53.0271289410286,53.0271289410286,TRUE,FALSE,1
688,Potatoes (imported),360,Ampara,Eastern,Ampara,2024-08-01,226.67,-22.423765358157365,22.423765358157365,FALSE,FALSE,1
688,Potatoes (imported),360,Ampara,Eastern,Ampara,2024-09-01,207.78,-8.333700974985657,8.333700974985657,FALSE,FALSE,1
688,Potatoes (imported),360,Ampara,Eastern,Ampara,2024-10-01,204.58,-1.5400904803157132,1.5400904803157132,FALSE,FALSE,1
688,Potatoes (imported),360,Ampara,Eastern,Ampara,2024-11-01,212.71,3.9739955029817162,3.9739955029817162,FALSE,FALSE,1
688,Potatoes (imported),360,Ampara,Eastern,Ampara,2024-12-01,281,32.104743547553,32.104743547553,FALSE,FALSE,1
688,Potatoes (imported),360,Ampara,Eastern,Ampara,2025-01-01,200,-28.825622775800714,28.825622775800714,FALSE,FALSE,1
688,Potatoes (imported),360,Ampara,Eastern,Ampara,2025-02-01,194.17,-2.9150000000000063,2.9150000000000063,FALSE,FALSE,1
688,Potatoes (imported),360,Ampara,Eastern,Ampara,2025-03-01,192.67,-0.7725189267137046,0.7725189267137046,FALSE,FALSE,1
688,Potatoes (imported),360,Ampara,Eastern,Ampara,2025-04-01,194.17,0.7785332433694919,0.7785332433694919,FALSE,FALSE,1
688,Potatoes (imported),360,Ampara,Eastern,Ampara,2025-05-01,220.83,13.730236390791589,13.730236390791589,FALSE,FALSE,1
688,Potatoes (imported),360,Ampara,Eastern,Ampara,2025-06-01,195.33,-11.547344110854503,11.547344110854503,FALSE,FALSE,1
688,Potatoes (imported),360,Ampara,Eastern,Ampara,2025-07-01,201.25,3.0307684431474873,3.0307684431474873,FALSE,FALSE,1
688,Potatoes (imported),360,Ampara,Eastern,Ampara,2025-08-01,205.42,2.0720496894409877,2.0720496894409877,FALSE,FALSE,1
688,Potatoes (imported),360,Ampara,Eastern,Ampara,2025-09-01,213.5,3.933404731769065,3.933404731769065,FALSE,FALSE,1
688,Potatoes (imported),361,Batticaloa,Eastern,Batticaloa,2023-06-01,222.5,NA,NA,FALSE,FALSE,1
688,Potatoes (imported),361,Batticaloa,Eastern,Batticaloa,2023-07-01,246.8,10.921348314606746,10.921348314606746,FALSE,FALSE,1
688,Potatoes (imported),361,Batticaloa,Eastern,Batticaloa,2023-08-01,243.5,-1.337115072933554,1.337115072933554,FALSE,FALSE,1
688,Potatoes (imported),361,Batticaloa,Eastern,Batticaloa,2023-09-01,228,-6.365503080082135,6.365503080082135,FALSE,FALSE,1
688,Potatoes (imported),361,Batticaloa,Eastern,Batticaloa,2023-10-01,236.8,3.8596491228070224,3.8596491228070224,FALSE,FALSE,1
688,Potatoes (imported),361,Batticaloa,Eastern,Batticaloa,2023-11-01,237.5,0.2956081081081033,0.2956081081081033,FALSE,FALSE,1
688,Potatoes (imported),361,Batticaloa,Eastern,Batticaloa,2023-12-01,238.5,0.42105263157894735,0.42105263157894735,FALSE,FALSE,1
688,Potatoes (imported),361,Batticaloa,Eastern,Batticaloa,2024-01-01,221.2,-7.253668763102731,7.253668763102731,FALSE,FALSE,1
688,Potatoes (imported),361,Batticaloa,Eastern,Batticaloa,2024-02-01,178.5,-19.303797468354425,19.303797468354425,FALSE,FALSE,1
688,Potatoes (imported),361,Batticaloa,Eastern,Batticaloa,2024-03-01,228.5,28.011204481792717,28.011204481792717,FALSE,FALSE,1
688,Potatoes (imported),361,Batticaloa,Eastern,Batticaloa,2024-04-01,214.8,-5.995623632385115,5.995623632385115,FALSE,FALSE,1
688,Potatoes (imported),361,Batticaloa,Eastern,Batticaloa,2024-05-01,215.5,0.3258845437616334,0.3258845437616334,FALSE,FALSE,1
688,Potatoes (imported),361,Batticaloa,Eastern,Batticaloa,2024-06-01,215.5,0,0,FALSE,FALSE,1
688,Potatoes (imported),361,Batticaloa,Eastern,Batticaloa,2024-07-01,321.2,49.04872389791183,49.04872389791183,FALSE,FALSE,1
688,Potatoes (imported),361,Batticaloa,Eastern,Batticaloa,2024-08-01,252,-21.544209215442088,21.544209215442088,FALSE,FALSE,1
688,Potatoes (imported),361,Batticaloa,Eastern,Batticaloa,2024-09-01,NA,NA,NA,FALSE,TRUE,NA
688,Potatoes (imported),361,Batticaloa,Eastern,Batticaloa,2024-10-01,NA,NA,NA,FALSE,TRUE,NA
688,Potatoes (imported),361,Batticaloa,Eastern,Batticaloa,2024-11-01,NA,NA,NA,FALSE,TRUE,NA
688,Potatoes (imported),361,Batticaloa,Eastern,Batticaloa,2024-12-01,242.33,NA,NA,FALSE,FALSE,1
688,Potatoes (imported),361,Batticaloa,Eastern,Batticaloa,2025-01-01,218.12,-9.990508810300007,9.990508810300007,FALSE,FALSE,1
688,Potatoes (imported),361,Batticaloa,Eastern,Batticaloa,2025-02-01,201.88,-7.445442875481391,7.445442875481391,FALSE,FALSE,1
688,Potatoes (imported),361,Batticaloa,Eastern,Batticaloa,2025-03-01,205,1.545472557955223,1.545472557955223,FALSE,FALSE,1
688,Potatoes (imported),361,Batticaloa,Eastern,Batticaloa,2025-04-01,195,-4.878048780487805,4.878048780487805,FALSE,FALSE,1
688,Potatoes (imported),361,Batticaloa,Eastern,Batticaloa,2025-05-01,NA,NA,NA,FALSE,TRUE,NA
688,Potatoes (imported),361,Batticaloa,Eastern,Batticaloa,2025-06-01,197.5,NA,NA,FALSE,FALSE,1
688,Potatoes (imported),361,Batticaloa,Eastern,Batticaloa,2025-07-01,198.75,0.6329113924050633,0.6329113924050633,FALSE,FALSE,1
688,Potatoes (imported),361,Batticaloa,Eastern,Batticaloa,2025-08-01,197.5,-0.628930817610063,0.628930817610063,FALSE,FALSE,1
688,Potatoes (imported),361,Batticaloa,Eastern,Batticaloa,2025-09-01,224,13.41772151898734,13.41772151898734,FALSE,FALSE,1
688,Potatoes (imported),362,Jaffna,Northern,Jaffna,2023-06-01,203.75,NA,NA,FALSE,FALSE,1
688,Potatoes (imported),362,Jaffna,Northern,Jaffna,2023-07-01,224.83,10.346012269938656,10.346012269938656,FALSE,FALSE,1
688,Potatoes (imported),362,Jaffna,Northern,Jaffna,2023-08-01,214.58,-4.55900013343415,4.55900013343415,FALSE,FALSE,1
688,Potatoes (imported),362,Jaffna,Northern,Jaffna,2023-09-01,204.5,-4.697548699785633,4.697548699785633,FALSE,FALSE,1
688,Potatoes (imported),362,Jaffna,Northern,Jaffna,2023-10-01,196.22,-4.048899755501223,4.048899755501223,FALSE,FALSE,1
688,Potatoes (imported),362,Jaffna,Northern,Jaffna,2023-11-01,192.69,-1.799001121190501,1.799001121190501,FALSE,FALSE,1
688,Potatoes (imported),362,Jaffna,Northern,Jaffna,2023-12-01,235.5,22.217032539311848,22.217032539311848,FALSE,FALSE,1
688,Potatoes (imported),362,Jaffna,Northern,Jaffna,2024-01-01,185.75,-21.125265392781316,21.125265392781316,FALSE,FALSE,1
688,Potatoes (imported),362,Jaffna,Northern,Jaffna,2024-02-01,172.5,-7.133243606998654,7.133243606998654,FALSE,FALSE,1
688,Potatoes (imported),362,Jaffna,Northern,Jaffna,2024-03-01,212,22.89855072463768,22.89855072463768,FALSE,FALSE,1
688,Potatoes (imported),362,Jaffna,Northern,Jaffna,2024-04-01,208.4,-1.698113207547167,1.698113207547167,FALSE,FALSE,1
688,Potatoes (imported),362,Jaffna,Northern,Jaffna,2024-05-01,202.5,-2.831094049904033,2.831094049904033,FALSE,FALSE,1
688,Potatoes (imported),362,Jaffna,Northern,Jaffna,2024-06-01,217.25,7.28395061728395,7.28395061728395,FALSE,FALSE,1
688,Potatoes (imported),362,Jaffna,Northern,Jaffna,2024-07-01,278.75,28.308400460299193,28.308400460299193,FALSE,FALSE,1
688,Potatoes (imported),362,Jaffna,Northern,Jaffna,2024-08-01,252,-9.596412556053812,9.596412556053812,FALSE,FALSE,1
688,Potatoes (imported),362,Jaffna,Northern,Jaffna,2024-09-01,246,-2.380952380952381,2.380952380952381,FALSE,FALSE,1
688,Potatoes (imported),362,Jaffna,Northern,Jaffna,2024-10-01,229.5,-6.707317073170732,6.707317073170732,FALSE,FALSE,1
688,Potatoes (imported),362,Jaffna,Northern,Jaffna,2024-11-01,231,0.6535947712418301,0.6535947712418301,FALSE,FALSE,1
688,Potatoes (imported),362,Jaffna,Northern,Jaffna,2024-12-01,239.2,3.549783549783545,3.549783549783545,FALSE,FALSE,1
688,Potatoes (imported),362,Jaffna,Northern,Jaffna,2025-01-01,228,-4.682274247491634,4.682274247491634,FALSE,FALSE,1
688,Potatoes (imported),362,Jaffna,Northern,Jaffna,2025-02-01,224.5,-1.5350877192982455,1.5350877192982455,FALSE,FALSE,1
688,Potatoes (imported),362,Jaffna,Northern,Jaffna,2025-03-01,214,-4.67706013363029,4.67706013363029,FALSE,FALSE,1
688,Potatoes (imported),362,Jaffna,Northern,Jaffna,2025-04-01,NA,NA,NA,FALSE,TRUE,NA
688,Potatoes (imported),362,Jaffna,Northern,Jaffna,2025-05-01,NA,NA,NA,FALSE,TRUE,NA
688,Potatoes (imported),362,Jaffna,Northern,Jaffna,2025-06-01,174,NA,NA,FALSE,FALSE,1
688,Potatoes (imported),362,Jaffna,Northern,Jaffna,2025-07-01,182.25,4.741379310344827,4.741379310344827,FALSE,FALSE,1
688,Potatoes (imported),362,Jaffna,Northern,Jaffna,2025-08-01,186.25,2.194787379972565,2.194787379972565,FALSE,FALSE,1
688,Potatoes (imported),362,Jaffna,Northern,Jaffna,2025-09-01,210.2,12.859060402684557,12.859060402684557,FALSE,FALSE,1
688,Potatoes (imported),363,Kilinochchi,Northern,Kilinochchi,2023-06-01,222,NA,NA,FALSE,FALSE,1
688,Potatoes (imported),363,Kilinochchi,Northern,Kilinochchi,2023-07-01,240.6,8.378378378378375,8.378378378378375,FALSE,FALSE,1
688,Potatoes (imported),363,Kilinochchi,Northern,Kilinochchi,2023-08-01,243.5,1.2053200332502103,1.2053200332502103,FALSE,FALSE,1
688,Potatoes (imported),363,Kilinochchi,Northern,Kilinochchi,2023-09-01,227,-6.7761806981519515,6.7761806981519515,FALSE,FALSE,1
688,Potatoes (imported),363,Kilinochchi,Northern,Kilinochchi,2023-10-01,236.8,4.317180616740093,4.317180616740093,FALSE,FALSE,1
688,Potatoes (imported),363,Kilinochchi,Northern,Kilinochchi,2023-11-01,235,-0.7601351351351399,0.7601351351351399,FALSE,FALSE,1
688,Potatoes (imported),363,Kilinochchi,Northern,Kilinochchi,2023-12-01,242.5,3.1914893617021276,3.1914893617021276,FALSE,FALSE,1
688,Potatoes (imported),363,Kilinochchi,Northern,Kilinochchi,2024-01-01,213.6,-11.917525773195878,11.917525773195878,FALSE,FALSE,1
688,Potatoes (imported),363,Kilinochchi,Northern,Kilinochchi,2024-02-01,180.25,-15.61329588014981,15.61329588014981,FALSE,FALSE,1
688,Potatoes (imported),363,Kilinochchi,Northern,Kilinochchi,2024-03-01,219.25,21.63661581137309,21.63661581137309,FALSE,FALSE,1
688,Potatoes (imported),363,Kilinochchi,Northern,Kilinochchi,2024-04-01,210,-4.218928164196123,4.218928164196123,FALSE,FALSE,1
688,Potatoes (imported),363,Kilinochchi,Northern,Kilinochchi,2024-05-01,216.5,3.0952380952380953,3.0952380952380953,FALSE,FALSE,1
688,Potatoes (imported),363,Kilinochchi,Northern,Kilinochchi,2024-06-01,216.5,0,0,FALSE,FALSE,1
688,Potatoes (imported),363,Kilinochchi,Northern,Kilinochchi,2024-07-01,302,39.4919168591224,39.4919168591224,FALSE,FALSE,1
688,Potatoes (imported),363,Kilinochchi,Northern,Kilinochchi,2024-08-01,239,-20.86092715231788,20.86092715231788,FALSE,FALSE,1
688,Potatoes (imported),363,Kilinochchi,Northern,Kilinochchi,2024-09-01,236.2,-1.1715481171548165,1.1715481171548165,FALSE,FALSE,1
688,Potatoes (imported),363,Kilinochchi,Northern,Kilinochchi,2024-10-01,241,2.0321761219305725,2.0321761219305725,FALSE,FALSE,1
688,Potatoes (imported),363,Kilinochchi,Northern,Kilinochchi,2024-11-01,240.5,-0.2074688796680498,0.2074688796680498,FALSE,FALSE,1
688,Potatoes (imported),363,Kilinochchi,Northern,Kilinochchi,2024-12-01,255.2,6.1122661122661075,6.1122661122661075,FALSE,FALSE,1
688,Potatoes (imported),363,Kilinochchi,Northern,Kilinochchi,2025-01-01,237.5,-6.935736677115983,6.935736677115983,FALSE,FALSE,1
688,Potatoes (imported),363,Kilinochchi,Northern,Kilinochchi,2025-02-01,232.25,-2.2105263157894735,2.2105263157894735,FALSE,FALSE,1
688,Potatoes (imported),363,Kilinochchi,Northern,Kilinochchi,2025-03-01,212.6,-8.46071044133477,8.46071044133477,FALSE,FALSE,1
688,Potatoes (imported),363,Kilinochchi,Northern,Kilinochchi,2025-04-01,215,1.1288805268109152,1.1288805268109152,FALSE,FALSE,1
688,Potatoes (imported),363,Kilinochchi,Northern,Kilinochchi,2025-05-01,232,7.906976744186046,7.906976744186046,FALSE,FALSE,1
688,Potatoes (imported),363,Kilinochchi,Northern,Kilinochchi,2025-06-01,187.08,-19.36206896551724,19.36206896551724,FALSE,FALSE,1
688,Potatoes (imported),363,Kilinochchi,Northern,Kilinochchi,2025-07-01,NA,NA,NA,FALSE,TRUE,NA
688,Potatoes (imported),363,Kilinochchi,Northern,Kilinochchi,2025-08-01,NA,NA,NA,FALSE,TRUE,NA
688,Potatoes (imported),363,Kilinochchi,Northern,Kilinochchi,2025-09-01,206.4,NA,NA,FALSE,FALSE,1
688,Potatoes (imported),364,Mannar,Northern,Mannar,2023-06-01,212,NA,NA,FALSE,FALSE,1
688,Potatoes (imported),364,Mannar,Northern,Mannar,2023-07-01,232.4,9.622641509433965,9.622641509433965,FALSE,FALSE,1
688,Potatoes (imported),364,Mannar,Northern,Mannar,2023-08-01,213,-8.347676419965579,8.347676419965579,FALSE,FALSE,1
688,Potatoes (imported),364,Mannar,Northern,Mannar,2023-09-01,201,-5.633802816901409,5.633802816901409,FALSE,FALSE,1
688,Potatoes (imported),364,Mannar,Northern,Mannar,2023-10-01,213.2,6.0696517412935265,6.0696517412935265,FALSE,FALSE,1
688,Potatoes (imported),364,Mannar,Northern,Mannar,2023-11-01,211,-1.0318949343339534,1.0318949343339534,FALSE,FALSE,1
688,Potatoes (imported),364,Mannar,Northern,Mannar,2023-12-01,223.5,5.924170616113744,5.924170616113744,FALSE,FALSE,1
688,Potatoes (imported),364,Mannar,Northern,Mannar,2024-01-01,205.6,-8.0089485458613,8.0089485458613,FALSE,FALSE,1
688,Potatoes (imported),364,Mannar,Northern,Mannar,2024-02-01,179.25,-12.816147859922179,12.816147859922179,FALSE,FALSE,1
688,Potatoes (imported),364,Mannar,Northern,Mannar,2024-03-01,190,5.997210599721059,5.997210599721059,FALSE,FALSE,1
688,Potatoes (imported),364,Mannar,Northern,Mannar,2024-04-01,205.33,8.068421052631585,8.068421052631585,FALSE,FALSE,1
688,Potatoes (imported),364,Mannar,Northern,Mannar,2024-05-01,210,2.2743875712267996,2.2743875712267996,FALSE,FALSE,1
688,Potatoes (imported),364,Mannar,Northern,Mannar,2024-06-01,210,0,0,FALSE,FALSE,1
688,Potatoes (imported),364,Mannar,Northern,Mannar,2024-07-01,289,37.61904761904762,37.61904761904762,FALSE,FALSE,1
688,Potatoes (imported),364,Mannar,Northern,Mannar,2024-08-01,225,-22.145328719723185,22.145328719723185,FALSE,FALSE,1
688,Potatoes (imported),364,Mannar,Northern,Mannar,2024-09-01,207.6,-7.733333333333336,7.733333333333336,FALSE,FALSE,1
688,Potatoes (imported),364,Mannar,Northern,Mannar,2024-10-01,223.5,7.658959537572257,7.658959537572257,FALSE,FALSE,1
688,Potatoes (imported),364,Mannar,Northern,Mannar,2024-11-01,228.5,2.237136465324385,2.237136465324385,FALSE,FALSE,1
688,Potatoes (imported),364,Mannar,Northern,Mannar,2024-12-01,268,17.286652078774615,17.286652078774615,FALSE,FALSE,1
688,Potatoes (imported),364,Mannar,Northern,Mannar,2025-01-01,219.5,-18.097014925373134,18.097014925373134,FALSE,FALSE,1
688,Potatoes (imported),364,Mannar,Northern,Mannar,2025-02-01,NA,NA,NA,FALSE,TRUE,NA
688,Potatoes (imported),364,Mannar,Northern,Mannar,2025-03-01,NA,NA,NA,FALSE,TRUE,NA
688,Potatoes (imported),364,Mannar,Northern,Mannar,2025-04-01,NA,NA,NA,FALSE,TRUE,NA
688,Potatoes (imported),364,Mannar,Northern,Mannar,2025-05-01,NA,NA,NA,FALSE,TRUE,NA
688,Potatoes (imported),364,Mannar,Northern,Mannar,2025-06-01,203,NA,NA,FALSE,FALSE,1
688,Potatoes (imported),364,Mannar,Northern,Mannar,2025-07-01,187.29,-7.73891625615764,7.73891625615764,FALSE,FALSE,1
688,Potatoes (imported),364,Mannar,Northern,Mannar,2025-08-01,225,20.134550696780398,20.134550696780398,FALSE,FALSE,1
688,Potatoes (imported),364,Mannar,Northern,Mannar,2025-09-01,244.5,8.666666666666668,8.666666666666668,FALSE,FALSE,1
688,Potatoes (imported),366,Trincomalee,Eastern,Trincomalee,2023-06-01,209.15,NA,NA,FALSE,FALSE,1
688,Potatoes (imported),366,Trincomalee,Eastern,Trincomalee,2023-07-01,237.6,13.602677504183594,13.602677504183594,FALSE,FALSE,1
688,Potatoes (imported),366,Trincomalee,Eastern,Trincomalee,2023-08-01,229.5,-3.409090909090907,3.409090909090907,FALSE,FALSE,1
688,Potatoes (imported),366,Trincomalee,Eastern,Trincomalee,2023-09-01,229.38,-0.052287581699348384,0.052287581699348384,FALSE,FALSE,1
688,Potatoes (imported),366,Trincomalee,Eastern,Trincomalee,2023-10-01,234,2.0141250326968367,2.0141250326968367,FALSE,FALSE,1
688,Potatoes (imported),366,Trincomalee,Eastern,Trincomalee,2023-11-01,243,3.8461538461538463,3.8461538461538463,FALSE,FALSE,1
688,Potatoes (imported),366,Trincomalee,Eastern,Trincomalee,2023-12-01,238.5,-1.8518518518518516,1.8518518518518516,FALSE,FALSE,1
688,Potatoes (imported),366,Trincomalee,Eastern,Trincomalee,2024-01-01,217.4,-8.846960167714881,8.846960167714881,FALSE,FALSE,1
688,Potatoes (imported),366,Trincomalee,Eastern,Trincomalee,2024-02-01,189.5,-12.83348666053358,12.83348666053358,FALSE,FALSE,1
688,Potatoes (imported),366,Trincomalee,Eastern,Trincomalee,2024-03-01,209.33,10.464379947229558,10.464379947229558,FALSE,FALSE,1
688,Potatoes (imported),366,Trincomalee,Eastern,Trincomalee,2024-04-01,201.33,-3.821716906320164,3.821716906320164,FALSE,FALSE,1
688,Potatoes (imported),366,Trincomalee,Eastern,Trincomalee,2024-05-01,200,-0.660606963691458,0.660606963691458,FALSE,FALSE,1
688,Potatoes (imported),366,Trincomalee,Eastern,Trincomalee,2024-06-01,200,0,0,FALSE,FALSE,1
688,Potatoes (imported),366,Trincomalee,Eastern,Trincomalee,2024-07-01,297.6,48.80000000000001,48.80000000000001,FALSE,FALSE,1
688,Potatoes (imported),366,Trincomalee,Eastern,Trincomalee,2024-08-01,239.5,-19.522849462365595,19.522849462365595,FALSE,FALSE,1
688,Potatoes (imported),366,Trincomalee,Eastern,Trincomalee,2024-09-01,225.8,-5.720250521920663,5.720250521920663,FALSE,FALSE,1
688,Potatoes (imported),366,Trincomalee,Eastern,Trincomalee,2024-10-01,229.5,1.6386182462356018,1.6386182462356018,FALSE,FALSE,1
688,Potatoes (imported),366,Trincomalee,Eastern,Trincomalee,2024-11-01,238.75,4.030501089324619,4.030501089324619,FALSE,FALSE,1
688,Potatoes (imported),366,Trincomalee,Eastern,Trincomalee,2024-12-01,256.96,7.627225130890043,7.627225130890043,FALSE,FALSE,1
688,Potatoes (imported),366,Trincomalee,Eastern,Trincomalee,2025-01-01,234.8,-8.623910336239092,8.623910336239092,FALSE,FALSE,1
688,Potatoes (imported),366,Trincomalee,Eastern,Trincomalee,2025-02-01,228.15,-2.8321976149914843,2.8321976149914843,FALSE,FALSE,1
688,Potatoes (imported),366,Trincomalee,Eastern,Trincomalee,2025-03-01,221.6,-2.870918255533645,2.870918255533645,FALSE,FALSE,1
688,Potatoes (imported),366,Trincomalee,Eastern,Trincomalee,2025-04-01,215,-2.978339350180503,2.978339350180503,FALSE,FALSE,1
688,Potatoes (imported),366,Trincomalee,Eastern,Trincomalee,2025-05-01,235.33,9.455813953488377,9.455813953488377,FALSE,FALSE,1
688,Potatoes (imported),366,Trincomalee,Eastern,Trincomalee,2025-06-01,229,-2.689839799430592,2.689839799430592,FALSE,FALSE,1
688,Potatoes (imported),366,Trincomalee,Eastern,Trincomalee,2025-07-01,217.5,-5.021834061135371,5.021834061135371,FALSE,FALSE,1
688,Potatoes (imported),366,Trincomalee,Eastern,Trincomalee,2025-08-01,211,-2.9885057471264367,2.9885057471264367,FALSE,FALSE,1
688,Potatoes (imported),366,Trincomalee,Eastern,Trincomalee,2025-09-01,224,6.161137440758294,6.161137440758294,FALSE,FALSE,1
688,Potatoes (imported),367,Vavuniya,Northern,Vavuniya,2023-06-01,211.25,NA,NA,FALSE,FALSE,1
688,Potatoes (imported),367,Vavuniya,Northern,Vavuniya,2023-07-01,239.64,13.439053254437864,13.439053254437864,FALSE,FALSE,1
688,Potatoes (imported),367,Vavuniya,Northern,Vavuniya,2023-08-01,245.75,2.5496578200634343,2.5496578200634343,FALSE,FALSE,1
688,Potatoes (imported),367,Vavuniya,Northern,Vavuniya,2023-09-01,231.5,-5.798575788402848,5.798575788402848,FALSE,FALSE,1
688,Potatoes (imported),367,Vavuniya,Northern,Vavuniya,2023-10-01,242,4.535637149028078,4.535637149028078,FALSE,FALSE,1
688,Potatoes (imported),367,Vavuniya,Northern,Vavuniya,2023-11-01,226,-6.6115702479338845,6.6115702479338845,FALSE,FALSE,1
688,Potatoes (imported),367,Vavuniya,Northern,Vavuniya,2023-12-01,221,-2.2123893805309733,2.2123893805309733,FALSE,FALSE,1
688,Potatoes (imported),367,Vavuniya,Northern,Vavuniya,2024-01-01,215.6,-2.4434389140271517,2.4434389140271517,FALSE,FALSE,1
688,Potatoes (imported),367,Vavuniya,Northern,Vavuniya,2024-02-01,179.5,-16.743970315398883,16.743970315398883,FALSE,FALSE,1
688,Potatoes (imported),367,Vavuniya,Northern,Vavuniya,2024-03-01,228.25,27.158774373259053,27.158774373259053,FALSE,FALSE,1
688,Potatoes (imported),367,Vavuniya,Northern,Vavuniya,2024-04-01,210.4,-7.820372398685649,7.820372398685649,FALSE,FALSE,1
688,Potatoes (imported),367,Vavuniya,Northern,Vavuniya,2024-05-01,215,2.1863117870722406,2.1863117870722406,FALSE,FALSE,1
688,Potatoes (imported),367,Vavuniya,Northern,Vavuniya,2024-06-01,241.9,12.511627906976747,12.511627906976747,FALSE,FALSE,1
688,Potatoes (imported),367,Vavuniya,Northern,Vavuniya,2024-07-01,310,28.152128978916906,28.152128978916906,FALSE,FALSE,1
688,Potatoes (imported),367,Vavuniya,Northern,Vavuniya,2024-08-01,242.25,-21.85483870967742,21.85483870967742,FALSE,FALSE,1
688,Potatoes (imported),367,Vavuniya,Northern,Vavuniya,2024-09-01,235.32,-2.8606811145510864,2.8606811145510864,FALSE,FALSE,1
688,Potatoes (imported),367,Vavuniya,Northern,Vavuniya,2024-10-01,232.25,-1.3046064932857357,1.3046064932857357,FALSE,FALSE,1
688,Potatoes (imported),367,Vavuniya,Northern,Vavuniya,2024-11-01,235.25,1.2917115177610334,1.2917115177610334,FALSE,FALSE,1
688,Potatoes (imported),367,Vavuniya,Northern,Vavuniya,2024-12-01,283.5,20.51009564293305,20.51009564293305,FALSE,FALSE,1
688,Potatoes (imported),367,Vavuniya,Northern,Vavuniya,2025-01-01,223.25,-21.252204585537918,21.252204585537918,FALSE,FALSE,1
688,Potatoes (imported),367,Vavuniya,Northern,Vavuniya,2025-02-01,218,-2.3516237402015676,2.3516237402015676,FALSE,FALSE,1
688,Potatoes (imported),367,Vavuniya,Northern,Vavuniya,2025-03-01,209,-4.128440366972478,4.128440366972478,FALSE,FALSE,1
688,Potatoes (imported),367,Vavuniya,Northern,Vavuniya,2025-04-01,215.5,3.110047846889952,3.110047846889952,FALSE,FALSE,1
688,Potatoes (imported),367,Vavuniya,Northern,Vavuniya,2025-05-01,239.25,11.020881670533642,11.020881670533642,FALSE,FALSE,1
688,Potatoes (imported),367,Vavuniya,Northern,Vavuniya,2025-06-01,213,-10.9717868338558,10.9717868338558,FALSE,FALSE,1
688,Potatoes (imported),367,Vavuniya,Northern,Vavuniya,2025-07-01,203.25,-4.577464788732395,4.577464788732395,FALSE,FALSE,1
688,Potatoes (imported),367,Vavuniya,Northern,Vavuniya,2025-08-01,224,10.209102091020911,10.209102091020911,FALSE,FALSE,1
688,Potatoes (imported),367,Vavuniya,Northern,Vavuniya,2025-09-01,240.8,7.500000000000005,7.500000000000005,FALSE,FALSE,1
688,Potatoes (imported),368,Colombo City,Western,Colombo,2023-06-01,200.57,NA,NA,FALSE,FALSE,1
688,Potatoes (imported),368,Colombo City,Western,Colombo,2023-07-01,239.8,19.559256120057846,19.559256120057846,FALSE,FALSE,1
688,Potatoes (imported),368,Colombo City,Western,Colombo,2023-08-01,222.73,-7.118432026688916,7.118432026688916,FALSE,FALSE,1
688,Potatoes (imported),368,Colombo City,Western,Colombo,2023-09-01,212.75,-4.48076146006375,4.48076146006375,FALSE,FALSE,1
688,Potatoes (imported),368,Colombo City,Western,Colombo,2023-10-01,222.31,4.4935370152761465,4.4935370152761465,FALSE,FALSE,1
688,Potatoes (imported),368,Colombo City,Western,Colombo,2023-11-01,224.32,0.9041428635688862,0.9041428635688862,FALSE,FALSE,1
688,Potatoes (imported),368,Colombo City,Western,Colombo,2023-12-01,226.75,1.0832738944365223,1.0832738944365223,FALSE,FALSE,1
688,Potatoes (imported),368,Colombo City,Western,Colombo,2024-01-01,196.64,-13.278941565600888,13.278941565600888,FALSE,FALSE,1
688,Potatoes (imported),368,Colombo City,Western,Colombo,2024-02-01,198.99,1.1950772986167733,1.1950772986167733,FALSE,FALSE,1
688,Potatoes (imported),368,Colombo City,Western,Colombo,2024-03-01,209.55,5.306799336650084,5.306799336650084,FALSE,FALSE,1
688,Potatoes (imported),368,Colombo City,Western,Colombo,2024-04-01,205.18,-2.085421140539253,2.085421140539253,FALSE,FALSE,1
688,Potatoes (imported),368,Colombo City,Western,Colombo,2024-05-01,204.13,-0.5117457841894977,0.5117457841894977,FALSE,FALSE,1
688,Potatoes (imported),368,Colombo City,Western,Colombo,2024-06-01,223.41,9.444961544114046,9.444961544114046,FALSE,FALSE,1
688,Potatoes (imported),368,Colombo City,Western,Colombo,2024-07-01,284.09,27.160825388299532,27.160825388299532,FALSE,FALSE,1
688,Potatoes (imported),368,Colombo City,Western,Colombo,2024-08-01,248.55,-12.510120032384092,12.510120032384092,FALSE,FALSE,1
688,Potatoes (imported),368,Colombo City,Western,Colombo,2024-09-01,220.81,-11.160732247032794,11.160732247032794,FALSE,FALSE,1
688,Potatoes (imported),368,Colombo City,Western,Colombo,2024-10-01,225.24,2.006249716951228,2.006249716951228,FALSE,FALSE,1
688,Potatoes (imported),368,Colombo City,Western,Colombo,2024-11-01,229.65,1.9579115610015967,1.9579115610015967,FALSE,FALSE,1
688,Potatoes (imported),368,Colombo City,Western,Colombo,2024-12-01,280.26,22.037883736120175,22.037883736120175,FALSE,FALSE,1
688,Potatoes (imported),368,Colombo City,Western,Colombo,2025-01-01,251.41,-10.294012702490543,10.294012702490543,FALSE,FALSE,1
688,Potatoes (imported),368,Colombo City,Western,Colombo,2025-02-01,218.32,-13.161767630563622,13.161767630563622,FALSE,FALSE,1
688,Potatoes (imported),368,Colombo City,Western,Colombo,2025-03-01,215.81,-1.1496885305972842,1.1496885305972842,FALSE,FALSE,1
688,Potatoes (imported),368,Colombo City,Western,Colombo,2025-04-01,214.1,-0.7923636532134786,0.7923636532134786,FALSE,FALSE,1
688,Potatoes (imported),368,Colombo City,Western,Colombo,2025-05-01,233.22,8.930406352171886,8.930406352171886,FALSE,FALSE,1
688,Potatoes (imported),368,Colombo City,Western,Colombo,2025-06-01,213.16,-8.601320641454421,8.601320641454421,FALSE,FALSE,1
688,Potatoes (imported),368,Colombo City,Western,Colombo,2025-07-01,210.18,-1.3980108838431178,1.3980108838431178,FALSE,FALSE,1
688,Potatoes (imported),368,Colombo City,Western,Colombo,2025-08-01,216.62,3.064040346369777,3.064040346369777,FALSE,FALSE,1
688,Potatoes (imported),368,Colombo City,Western,Colombo,2025-09-01,228.1,5.29960299141353,5.29960299141353,FALSE,FALSE,1
688,Potatoes (imported),1888,Polonnaruwa,North Central,Polonnaruwa,2023-06-01,205,NA,NA,FALSE,FALSE,1
688,Potatoes (imported),1888,Polonnaruwa,North Central,Polonnaruwa,2023-07-01,248.6,21.268292682926827,21.268292682926827,FALSE,FALSE,1
688,Potatoes (imported),1888,Polonnaruwa,North Central,Polonnaruwa,2023-08-01,222.25,-10.59935639581657,10.59935639581657,FALSE,FALSE,1
688,Potatoes (imported),1888,Polonnaruwa,North Central,Polonnaruwa,2023-09-01,217.5,-2.1372328458942635,2.1372328458942635,FALSE,FALSE,1
688,Potatoes (imported),1888,Polonnaruwa,North Central,Polonnaruwa,2023-10-01,208.8,-3.9999999999999947,3.9999999999999947,FALSE,FALSE,1
688,Potatoes (imported),1888,Polonnaruwa,North Central,Polonnaruwa,2023-11-01,212,1.5325670498084236,1.5325670498084236,FALSE,FALSE,1
688,Potatoes (imported),1888,Polonnaruwa,North Central,Polonnaruwa,2023-12-01,212,0,0,FALSE,FALSE,1
688,Potatoes (imported),1888,Polonnaruwa,North Central,Polonnaruwa,2024-01-01,201.6,-4.905660377358493,4.905660377358493,FALSE,FALSE,1
688,Potatoes (imported),1888,Polonnaruwa,North Central,Polonnaruwa,2024-02-01,191,-5.257936507936505,5.257936507936505,FALSE,FALSE,1
688,Potatoes (imported),1888,Polonnaruwa,North Central,Polonnaruwa,2024-03-01,216.5,13.350785340314136,13.350785340314136,FALSE,FALSE,1
688,Potatoes (imported),1888,Polonnaruwa,North Central,Polonnaruwa,2024-04-01,201.2,-7.066974595842962,7.066974595842962,FALSE,FALSE,1
688,Potatoes (imported),1888,Polonnaruwa,North Central,Polonnaruwa,2024-05-01,200,-0.5964214711729565,0.5964214711729565,FALSE,FALSE,1
688,Potatoes (imported),1888,Polonnaruwa,North Central,Polonnaruwa,2024-06-01,NA,NA,NA,FALSE,TRUE,NA
688,Potatoes (imported),1888,Polonnaruwa,North Central,Polonnaruwa,2024-07-01,NA,NA,NA,FALSE,TRUE,NA
688,Potatoes (imported),1888,Polonnaruwa,North Central,Polonnaruwa,2024-08-01,244,NA,NA,FALSE,FALSE,1
688,Potatoes (imported),1888,Polonnaruwa,North Central,Polonnaruwa,2024-09-01,229.6,-5.901639344262297,5.901639344262297,FALSE,FALSE,1
688,Potatoes (imported),1888,Polonnaruwa,North Central,Polonnaruwa,2024-10-01,226,-1.5679442508710777,1.5679442508710777,FALSE,FALSE,1
688,Potatoes (imported),1888,Polonnaruwa,North Central,Polonnaruwa,2024-11-01,227.5,0.6637168141592921,0.6637168141592921,FALSE,FALSE,1
688,Potatoes (imported),1888,Polonnaruwa,North Central,Polonnaruwa,2024-12-01,269.1,18.285714285714295,18.285714285714295,FALSE,FALSE,1
688,Potatoes (imported),1888,Polonnaruwa,North Central,Polonnaruwa,2025-01-01,275,2.192493496841314,2.192493496841314,FALSE,FALSE,1
688,Potatoes (imported),1888,Polonnaruwa,North Central,Polonnaruwa,2025-02-01,201.88,-26.589090909090913,26.589090909090913,FALSE,FALSE,1
688,Potatoes (imported),1888,Polonnaruwa,North Central,Polonnaruwa,2025-03-01,202.5,0.3071131365167449,0.3071131365167449,FALSE,FALSE,1
688,Potatoes (imported),1888,Polonnaruwa,North Central,Polonnaruwa,2025-04-01,205,1.2345679012345678,1.2345679012345678,FALSE,FALSE,1
688,Potatoes (imported),1888,Polonnaruwa,North Central,Polonnaruwa,2025-05-01,245,19.51219512195122,19.51219512195122,FALSE,FALSE,1
688,Potatoes (imported),1888,Polonnaruwa,North Central,Polonnaruwa,2025-06-01,220.5,-10,10,FALSE,FALSE,1
688,Potatoes (imported),1888,Polonnaruwa,North Central,Polonnaruwa,2025-07-01,213.12,-3.346938775510202,3.346938775510202,FALSE,FALSE,1
688,Potatoes (imported),1888,Polonnaruwa,North Central,Polonnaruwa,2025-08-01,225,5.574324324324322,5.574324324324322,FALSE,FALSE,1
688,Potatoes (imported),1888,Polonnaruwa,North Central,Polonnaruwa,2025-09-01,223.33,-0.7422222222222167,0.7422222222222167,FALSE,FALSE,1
688,Potatoes (imported),1889,Monaragala,Uva,Moneragala,2023-06-01,206.5,NA,NA,FALSE,FALSE,1
688,Potatoes (imported),1889,Monaragala,Uva,Moneragala,2023-07-01,234.4,13.510895883777243,13.510895883777243,FALSE,FALSE,1
688,Potatoes (imported),1889,Monaragala,Uva,Moneragala,2023-08-01,225,-4.010238907849831,4.010238907849831,FALSE,FALSE,1
688,Potatoes (imported),1889,Monaragala,Uva,Moneragala,2023-09-01,220,-2.2222222222222223,2.2222222222222223,FALSE,FALSE,1
688,Potatoes (imported),1889,Monaragala,Uva,Moneragala,2023-10-01,211.6,-3.8181818181818206,3.8181818181818206,FALSE,FALSE,1
688,Potatoes (imported),1889,Monaragala,Uva,Moneragala,2023-11-01,212,0.1890359168241993,0.1890359168241993,FALSE,FALSE,1
688,Potatoes (imported),1889,Monaragala,Uva,Moneragala,2023-12-01,222.5,4.952830188679245,4.952830188679245,FALSE,FALSE,1
688,Potatoes (imported),1889,Monaragala,Uva,Moneragala,2024-01-01,199.2,-10.471910112359556,10.471910112359556,FALSE,FALSE,1
688,Potatoes (imported),1889,Monaragala,Uva,Moneragala,2024-02-01,177.5,-10.893574297188751,10.893574297188751,FALSE,FALSE,1
688,Potatoes (imported),1889,Monaragala,Uva,Moneragala,2024-03-01,212,19.43661971830986,19.43661971830986,FALSE,FALSE,1
688,Potatoes (imported),1889,Monaragala,Uva,Moneragala,2024-04-01,202,-4.716981132075472,4.716981132075472,FALSE,FALSE,1
688,Potatoes (imported),1889,Monaragala,Uva,Moneragala,2024-05-01,205.5,1.7326732673267329,1.7326732673267329,FALSE,FALSE,1
688,Potatoes (imported),1889,Monaragala,Uva,Moneragala,2024-06-01,222,8.02919708029197,8.02919708029197,FALSE,FALSE,1
688,Potatoes (imported),1889,Monaragala,Uva,Moneragala,2024-07-01,295.2,32.97297297297297,32.97297297297297,FALSE,FALSE,1
688,Potatoes (imported),1889,Monaragala,Uva,Moneragala,2024-08-01,245,-17.005420054200542,17.005420054200542,FALSE,FALSE,1
688,Potatoes (imported),1889,Monaragala,Uva,Moneragala,2024-09-01,223.2,-8.897959183673473,8.897959183673473,FALSE,FALSE,1
688,Potatoes (imported),1889,Monaragala,Uva,Moneragala,2024-10-01,223,-0.08960573476702001,0.08960573476702001,FALSE,FALSE,1
688,Potatoes (imported),1889,Monaragala,Uva,Moneragala,2024-11-01,235,5.381165919282512,5.381165919282512,FALSE,FALSE,1
688,Potatoes (imported),1889,Monaragala,Uva,Moneragala,2024-12-01,268.8,14.38297872340426,14.38297872340426,FALSE,FALSE,1
688,Potatoes (imported),1889,Monaragala,Uva,Moneragala,2025-01-01,224,-16.66666666666667,16.66666666666667,FALSE,FALSE,1
688,Potatoes (imported),1889,Monaragala,Uva,Moneragala,2025-02-01,210,-6.25,6.25,FALSE,FALSE,1
688,Potatoes (imported),1889,Monaragala,Uva,Moneragala,2025-03-01,206.8,-1.5238095238095184,1.5238095238095184,FALSE,FALSE,1
688,Potatoes (imported),1889,Monaragala,Uva,Moneragala,2025-04-01,212,2.514506769825913,2.514506769825913,FALSE,FALSE,1
688,Potatoes (imported),1889,Monaragala,Uva,Moneragala,2025-05-01,233,9.90566037735849,9.90566037735849,FALSE,FALSE,1
688,Potatoes (imported),1889,Monaragala,Uva,Moneragala,2025-06-01,221.6,-4.892703862660946,4.892703862660946,FALSE,FALSE,1
688,Potatoes (imported),1889,Monaragala,Uva,Moneragala,2025-07-01,220,-0.7220216606498169,0.7220216606498169,FALSE,FALSE,1
688,Potatoes (imported),1889,Monaragala,Uva,Moneragala,2025-08-01,213,-3.1818181818181817,3.1818181818181817,FALSE,FALSE,1
688,Potatoes (imported),1889,Monaragala,Uva,Moneragala,2025-09-01,232,8.92018779342723,8.92018779342723,FALSE,FALSE,1
688,Potatoes (imported),1906,Anuradhapura,North Central,Anuradhapura,2023-06-01,193,NA,NA,FALSE,FALSE,1
688,Potatoes (imported),1906,Anuradhapura,North Central,Anuradhapura,2023-07-01,229.2,18.756476683937816,18.756476683937816,FALSE,FALSE,1
688,Potatoes (imported),1906,Anuradhapura,North Central,Anuradhapura,2023-08-01,216,-5.759162303664917,5.759162303664917,FALSE,FALSE,1
688,Potatoes (imported),1906,Anuradhapura,North Central,Anuradhapura,2023-09-01,207,-4.166666666666666,4.166666666666666,FALSE,FALSE,1
688,Potatoes (imported),1906,Anuradhapura,North Central,Anuradhapura,2023-10-01,207.2,0.09661835748791722,0.09661835748791722,FALSE,FALSE,1
688,Potatoes (imported),1906,Anuradhapura,North Central,Anuradhapura,2023-11-01,206,-0.5791505791505737,0.5791505791505737,FALSE,FALSE,1
688,Potatoes (imported),1906,Anuradhapura,North Central,Anuradhapura,2023-12-01,217,5.339805825242718,5.339805825242718,FALSE,FALSE,1
688,Potatoes (imported),1906,Anuradhapura,North Central,Anuradhapura,2024-01-01,196.8,-9.308755760368658,9.308755760368658,FALSE,FALSE,1
688,Potatoes (imported),1906,Anuradhapura,North Central,Anuradhapura,2024-02-01,169.5,-13.8719512195122,13.8719512195122,FALSE,FALSE,1
688,Potatoes (imported),1906,Anuradhapura,North Central,Anuradhapura,2024-03-01,209,23.303834808259587,23.303834808259587,FALSE,FALSE,1
688,Potatoes (imported),1906,Anuradhapura,North Central,Anuradhapura,2024-04-01,192.8,-7.751196172248799,7.751196172248799,FALSE,FALSE,1
688,Potatoes (imported),1906,Anuradhapura,North Central,Anuradhapura,2024-05-01,203,5.290456431535263,5.290456431535263,FALSE,FALSE,1
688,Potatoes (imported),1906,Anuradhapura,North Central,Anuradhapura,2024-06-01,217,6.896551724137931,6.896551724137931,FALSE,FALSE,1
688,Potatoes (imported),1906,Anuradhapura,North Central,Anuradhapura,2024-07-01,285.6,31.61290322580646,31.61290322580646,FALSE,FALSE,1
688,Potatoes (imported),1906,Anuradhapura,North Central,Anuradhapura,2024-08-01,220,-22.969187675070035,22.969187675070035,FALSE,FALSE,1
688,Potatoes (imported),1906,Anuradhapura,North Central,Anuradhapura,2024-09-01,211.2,-4.000000000000005,4.000000000000005,FALSE,FALSE,1
688,Potatoes (imported),1906,Anuradhapura,North Central,Anuradhapura,2024-10-01,208,-1.5151515151515098,1.5151515151515098,FALSE,FALSE,1
688,Potatoes (imported),1906,Anuradhapura,North Central,Anuradhapura,2024-11-01,214,2.8846153846153846,2.8846153846153846,FALSE,FALSE,1
688,Potatoes (imported),1906,Anuradhapura,North Central,Anuradhapura,2024-12-01,263.6,23.177570093457955,23.177570093457955,FALSE,FALSE,1
688,Potatoes (imported),1906,Anuradhapura,North Central,Anuradhapura,2025-01-01,216,-18.057663125948416,18.057663125948416,FALSE,FALSE,1
688,Potatoes (imported),1906,Anuradhapura,North Central,Anuradhapura,2025-02-01,198.5,-8.101851851851851,8.101851851851851,FALSE,FALSE,1
688,Potatoes (imported),1906,Anuradhapura,North Central,Anuradhapura,2025-03-01,198.8,0.15113350125945157,0.15113350125945157,FALSE,FALSE,1
688,Potatoes (imported),1906,Anuradhapura,North Central,Anuradhapura,2025-04-01,208.5,4.879275653923535,4.879275653923535,FALSE,FALSE,1
688,Potatoes (imported),1906,Anuradhapura,North Central,Anuradhapura,2025-05-01,233.5,11.990407673860911,11.990407673860911,FALSE,FALSE,1
688,Potatoes (imported),1906,Anuradhapura,North Central,Anuradhapura,2025-06-01,202.8,-13.147751605995712,13.147751605995712,FALSE,FALSE,1
688,Potatoes (imported),1906,Anuradhapura,North Central,Anuradhapura,2025-07-01,203,0.09861932938855454,0.09861932938855454,FALSE,FALSE,1
688,Potatoes (imported),1906,Anuradhapura,North Central,Anuradhapura,2025-08-01,198.5,-2.2167487684729066,2.2167487684729066,FALSE,FALSE,1
688,Potatoes (imported),1906,Anuradhapura,North Central,Anuradhapura,2025-09-01,223.2,12.443324937027702,12.443324937027702,FALSE,FALSE,1
688,Potatoes (imported),1907,Badulla,Uva,Badulla,2023-06-01,206.5,NA,NA,FALSE,FALSE,1
688,Potatoes (imported),1907,Badulla,Uva,Badulla,2023-07-01,237.2,14.866828087167065,14.866828087167065,FALSE,FALSE,1
688,Potatoes (imported),1907,Badulla,Uva,Badulla,2023-08-01,214.5,-9.569983136593589,9.569983136593589,FALSE,FALSE,1
688,Potatoes (imported),1907,Badulla,Uva,Badulla,2023-09-01,203.5,-5.128205128205128,5.128205128205128,FALSE,FALSE,1
688,Potatoes (imported),1907,Badulla,Uva,Badulla,2023-10-01,209.2,2.8009828009827955,2.8009828009827955,FALSE,FALSE,1
688,Potatoes (imported),1907,Badulla,Uva,Badulla,2023-11-01,210,0.3824091778202731,0.3824091778202731,FALSE,FALSE,1
688,Potatoes (imported),1907,Badulla,Uva,Badulla,2023-12-01,221.5,5.476190476190476,5.476190476190476,FALSE,FALSE,1
688,Potatoes (imported),1907,Badulla,Uva,Badulla,2024-01-01,220,-0.6772009029345373,0.6772009029345373,FALSE,FALSE,1
688,Potatoes (imported),1907,Badulla,Uva,Badulla,2024-02-01,165,-25,25,FALSE,FALSE,1
688,Potatoes (imported),1907,Badulla,Uva,Badulla,2024-03-01,204.5,23.939393939393938,23.939393939393938,FALSE,FALSE,1
688,Potatoes (imported),1907,Badulla,Uva,Badulla,2024-04-01,195.2,-4.547677261613697,4.547677261613697,FALSE,FALSE,1
688,Potatoes (imported),1907,Badulla,Uva,Badulla,2024-05-01,204,4.5081967213114815,4.5081967213114815,FALSE,FALSE,1
688,Potatoes (imported),1907,Badulla,Uva,Badulla,2024-06-01,236.5,15.931372549019606,15.931372549019606,FALSE,FALSE,1
688,Potatoes (imported),1907,Badulla,Uva,Badulla,2024-07-01,284.6,20.338266384778024,20.338266384778024,FALSE,FALSE,1
688,Potatoes (imported),1907,Badulla,Uva,Badulla,2024-08-01,243.5,-14.441321152494735,14.441321152494735,FALSE,FALSE,1
688,Potatoes (imported),1907,Badulla,Uva,Badulla,2024-09-01,204,-16.2217659137577,16.2217659137577,FALSE,FALSE,1
688,Potatoes (imported),1907,Badulla,Uva,Badulla,2024-10-01,200,-1.9607843137254901,1.9607843137254901,FALSE,FALSE,1
688,Potatoes (imported),1907,Badulla,Uva,Badulla,2024-11-01,200,0,0,FALSE,FALSE,1
688,Potatoes (imported),1907,Badulla,Uva,Badulla,2024-12-01,272.8,36.400000000000006,36.400000000000006,FALSE,FALSE,1
688,Potatoes (imported),1907,Badulla,Uva,Badulla,2025-01-01,207.5,-23.93695014662757,23.93695014662757,FALSE,FALSE,1
688,Potatoes (imported),1907,Badulla,Uva,Badulla,2025-02-01,183.33,-11.648192771084332,11.648192771084332,FALSE,FALSE,1
688,Potatoes (imported),1907,Badulla,Uva,Badulla,2025-03-01,191.25,4.320078546882663,4.320078546882663,FALSE,FALSE,1
688,Potatoes (imported),1907,Badulla,Uva,Badulla,2025-04-01,203.33,6.316339869281053,6.316339869281053,FALSE,FALSE,1
688,Potatoes (imported),1907,Badulla,Uva,Badulla,2025-05-01,225,10.657551763143651,10.657551763143651,FALSE,FALSE,1
688,Potatoes (imported),1907,Badulla,Uva,Badulla,2025-06-01,185.33,-17.631111111111107,17.631111111111107,FALSE,FALSE,1
688,Potatoes (imported),1907,Badulla,Uva,Badulla,2025-07-01,205,10.613500242810115,10.613500242810115,FALSE,FALSE,1
688,Potatoes (imported),1907,Badulla,Uva,Badulla,2025-08-01,187.92,-8.331707317073176,8.331707317073176,FALSE,FALSE,1
688,Potatoes (imported),1907,Badulla,Uva,Badulla,2025-09-01,222,18.135376756066417,18.135376756066417,FALSE,FALSE,1
688,Potatoes (imported),1908,Hambantota,Southern,Hambantota,2023-06-01,209.5,NA,NA,FALSE,FALSE,1
688,Potatoes (imported),1908,Hambantota,Southern,Hambantota,2023-07-01,246,17.42243436754177,17.42243436754177,FALSE,FALSE,1
688,Potatoes (imported),1908,Hambantota,Southern,Hambantota,2023-08-01,232.75,-5.386178861788618,5.386178861788618,FALSE,FALSE,1
688,Potatoes (imported),1908,Hambantota,Southern,Hambantota,2023-09-01,224,-3.7593984962406015,3.7593984962406015,FALSE,FALSE,1
688,Potatoes (imported),1908,Hambantota,Southern,Hambantota,2023-10-01,227.2,1.4285714285714235,1.4285714285714235,FALSE,FALSE,1
688,Potatoes (imported),1908,Hambantota,Southern,Hambantota,2023-11-01,226.33,-0.38292253521125713,0.38292253521125713,FALSE,FALSE,1
688,Potatoes (imported),1908,Hambantota,Southern,Hambantota,2023-12-01,227.5,0.5169442848937337,0.5169442848937337,FALSE,FALSE,1
688,Potatoes (imported),1908,Hambantota,Southern,Hambantota,2024-01-01,190,-16.483516483516482,16.483516483516482,FALSE,FALSE,1
688,Potatoes (imported),1908,Hambantota,Southern,Hambantota,2024-02-01,165,-13.157894736842104,13.157894736842104,FALSE,FALSE,1
688,Potatoes (imported),1908,Hambantota,Southern,Hambantota,2024-03-01,206.5,25.151515151515152,25.151515151515152,FALSE,FALSE,1
688,Potatoes (imported),1908,Hambantota,Southern,Hambantota,2024-04-01,190,-7.990314769975787,7.990314769975787,FALSE,FALSE,1
688,Potatoes (imported),1908,Hambantota,Southern,Hambantota,2024-05-01,198,4.2105263157894735,4.2105263157894735,FALSE,FALSE,1
688,Potatoes (imported),1908,Hambantota,Southern,Hambantota,2024-06-01,215.33,8.75252525252526,8.75252525252526,FALSE,FALSE,1
688,Potatoes (imported),1908,Hambantota,Southern,Hambantota,2024-07-01,268,24.460130961779587,24.460130961779587,FALSE,FALSE,1
688,Potatoes (imported),1908,Hambantota,Southern,Hambantota,2024-08-01,237.08,-11.537313432835816,11.537313432835816,FALSE,FALSE,1
688,Potatoes (imported),1908,Hambantota,Southern,Hambantota,2024-09-01,231.4,-2.3958157583937942,2.3958157583937942,FALSE,FALSE,1
688,Potatoes (imported),1908,Hambantota,Southern,Hambantota,2024-10-01,231.88,0.20743301642177606,0.20743301642177606,FALSE,FALSE,1
688,Potatoes (imported),1908,Hambantota,Southern,Hambantota,2024-11-01,247.5,6.736242884250476,6.736242884250476,FALSE,FALSE,1
688,Potatoes (imported),1908,Hambantota,Southern,Hambantota,2024-12-01,273.53,10.517171717171706,10.517171717171706,FALSE,FALSE,1
688,Potatoes (imported),1908,Hambantota,Southern,Hambantota,2025-01-01,201.5,-26.3334917559317,26.3334917559317,FALSE,FALSE,1
688,Potatoes (imported),1908,Hambantota,Southern,Hambantota,2025-02-01,196,-2.729528535980149,2.729528535980149,FALSE,FALSE,1
688,Potatoes (imported),1908,Hambantota,Southern,Hambantota,2025-03-01,191.6,-2.2448979591836764,2.2448979591836764,FALSE,FALSE,1
688,Potatoes (imported),1908,Hambantota,Southern,Hambantota,2025-04-01,203.5,6.210855949895619,6.210855949895619,FALSE,FALSE,1
688,Potatoes (imported),1908,Hambantota,Southern,Hambantota,2025-05-01,241.04,18.447174447174444,18.447174447174444,FALSE,FALSE,1
688,Potatoes (imported),1908,Hambantota,Southern,Hambantota,2025-06-01,NA,NA,NA,FALSE,TRUE,NA
688,Potatoes (imported),1908,Hambantota,Southern,Hambantota,2025-07-01,NA,NA,NA,FALSE,TRUE,NA
688,Potatoes (imported),1908,Hambantota,Southern,Hambantota,2025-08-01,227.22,NA,NA,FALSE,FALSE,1
688,Potatoes (imported),1908,Hambantota,Southern,Hambantota,2025-09-01,225.67,-0.6821582607164912,0.6821582607164912,FALSE,FALSE,1
688,Potatoes (imported),1909,Gampaha,Western,Gampaha,2023-06-01,207,NA,NA,FALSE,FALSE,1
688,Potatoes (imported),1909,Gampaha,Western,Gampaha,2023-07-01,249.6,20.57971014492753,20.57971014492753,FALSE,FALSE,1
688,Potatoes (imported),1909,Gampaha,Western,Gampaha,2023-08-01,242,-3.044871794871793,3.044871794871793,FALSE,FALSE,1
688,Potatoes (imported),1909,Gampaha,Western,Gampaha,2023-09-01,221,-8.677685950413224,8.677685950413224,FALSE,FALSE,1
688,Potatoes (imported),1909,Gampaha,Western,Gampaha,2023-10-01,241.6,9.321266968325789,9.321266968325789,FALSE,FALSE,1
688,Potatoes (imported),1909,Gampaha,Western,Gampaha,2023-11-01,244,0.9933774834437109,0.9933774834437109,FALSE,FALSE,1
688,Potatoes (imported),1909,Gampaha,Western,Gampaha,2023-12-01,245.67,0.6844262295081915,0.6844262295081915,FALSE,FALSE,1
688,Potatoes (imported),1909,Gampaha,Western,Gampaha,2024-01-01,224.4,-8.657955794358278,8.657955794358278,FALSE,FALSE,1
688,Potatoes (imported),1909,Gampaha,Western,Gampaha,2024-02-01,197,-12.210338680926919,12.210338680926919,FALSE,FALSE,1
688,Potatoes (imported),1909,Gampaha,Western,Gampaha,2024-03-01,NA,NA,NA,FALSE,TRUE,NA
688,Potatoes (imported),1909,Gampaha,Western,Gampaha,2024-04-01,NA,NA,NA,FALSE,TRUE,NA
688,Potatoes (imported),1909,Gampaha,Western,Gampaha,2024-05-01,NA,NA,NA,FALSE,TRUE,NA
688,Potatoes (imported),1909,Gampaha,Western,Gampaha,2024-06-01,NA,NA,NA,FALSE,TRUE,NA
688,Potatoes (imported),1909,Gampaha,Western,Gampaha,2024-07-01,316.67,NA,NA,FALSE,FALSE,1
688,Potatoes (imported),1909,Gampaha,Western,Gampaha,2024-08-01,278.42,-12.078820222945021,12.078820222945021,FALSE,FALSE,1
688,Potatoes (imported),1909,Gampaha,Western,Gampaha,2024-09-01,260.93,-6.2818763019898025,6.2818763019898025,FALSE,FALSE,1
688,Potatoes (imported),1909,Gampaha,Western,Gampaha,2024-10-01,255,-2.2726401716935603,2.2726401716935603,FALSE,FALSE,1
688,Potatoes (imported),1909,Gampaha,Western,Gampaha,2024-11-01,246.46,-3.3490196078431342,3.3490196078431342,FALSE,FALSE,1
688,Potatoes (imported),1909,Gampaha,Western,Gampaha,2024-12-01,325.67,32.13908950742515,32.13908950742515,FALSE,FALSE,1
688,Potatoes (imported),1909,Gampaha,Western,Gampaha,2025-01-01,312.5,-4.043970890779014,4.043970890779014,FALSE,FALSE,1
688,Potatoes (imported),1909,Gampaha,Western,Gampaha,2025-02-01,263.33,-15.734400000000004,15.734400000000004,FALSE,FALSE,1
688,Potatoes (imported),1909,Gampaha,Western,Gampaha,2025-03-01,234,-11.138115672350278,11.138115672350278,FALSE,FALSE,1
688,Potatoes (imported),1909,Gampaha,Western,Gampaha,2025-04-01,233.33,-0.286324786324781,0.286324786324781,FALSE,FALSE,1
688,Potatoes (imported),1909,Gampaha,Western,Gampaha,2025-05-01,252.92,8.39583422620322,8.39583422620322,FALSE,FALSE,1
688,Potatoes (imported),1909,Gampaha,Western,Gampaha,2025-06-01,232.33,-8.14091412304285,8.14091412304285,FALSE,FALSE,1
688,Potatoes (imported),1909,Gampaha,Western,Gampaha,2025-07-01,229.17,-1.360134291740208,1.360134291740208,FALSE,FALSE,1
688,Potatoes (imported),1909,Gampaha,Western,Gampaha,2025-08-01,221.62,-3.294497534581308,3.294497534581308,FALSE,FALSE,1
688,Potatoes (imported),1909,Gampaha,Western,Gampaha,2025-09-01,243.67,9.949463044851539,9.949463044851539,FALSE,FALSE,1
688,Potatoes (imported),1910,Galle,Southern,Galle,2023-06-01,200,NA,NA,FALSE,FALSE,1
688,Potatoes (imported),1910,Galle,Southern,Galle,2023-07-01,221.4,10.700000000000003,10.700000000000003,FALSE,FALSE,1
688,Potatoes (imported),1910,Galle,Southern,Galle,2023-08-01,224.67,1.4769647696476882,1.4769647696476882,FALSE,FALSE,1
688,Potatoes (imported),1910,Galle,Southern,Galle,2023-09-01,221,-1.6335069212622904,1.6335069212622904,FALSE,FALSE,1
688,Potatoes (imported),1910,Galle,Southern,Galle,2023-10-01,219.2,-0.8144796380090549,0.8144796380090549,FALSE,FALSE,1
688,Potatoes (imported),1910,Galle,Southern,Galle,2023-11-01,214,-2.372262773722623,2.372262773722623,FALSE,FALSE,1
688,Potatoes (imported),1910,Galle,Southern,Galle,2023-12-01,222.62,4.028037383177572,4.028037383177572,FALSE,FALSE,1
688,Potatoes (imported),1910,Galle,Southern,Galle,2024-01-01,202.5,-9.037822298086427,9.037822298086427,FALSE,FALSE,1
688,Potatoes (imported),1910,Galle,Southern,Galle,2024-02-01,170.5,-15.802469135802468,15.802469135802468,FALSE,FALSE,1
688,Potatoes (imported),1910,Galle,Southern,Galle,2024-03-01,216.88,27.202346041055712,27.202346041055712,FALSE,FALSE,1
688,Potatoes (imported),1910,Galle,Southern,Galle,2024-04-01,185.5,-14.468830689782367,14.468830689782367,FALSE,FALSE,1
688,Potatoes (imported),1910,Galle,Southern,Galle,2024-05-01,200.62,8.150943396226417,8.150943396226417,FALSE,FALSE,1
688,Potatoes (imported),1910,Galle,Southern,Galle,2024-06-01,212.5,5.921642906988334,5.921642906988334,FALSE,FALSE,1
688,Potatoes (imported),1910,Galle,Southern,Galle,2024-07-01,282.5,32.94117647058823,32.94117647058823,FALSE,FALSE,1
688,Potatoes (imported),1910,Galle,Southern,Galle,2024-08-01,242.38,-14.201769911504428,14.201769911504428,FALSE,FALSE,1
688,Potatoes (imported),1910,Galle,Southern,Galle,2024-09-01,237,-2.2196550870533858,2.2196550870533858,FALSE,FALSE,1
688,Potatoes (imported),1910,Galle,Southern,Galle,2024-10-01,215.08,-9.24894514767932,9.24894514767932,FALSE,FALSE,1
688,Potatoes (imported),1910,Galle,Southern,Galle,2024-11-01,231.25,7.518132787799882,7.518132787799882,FALSE,FALSE,1
688,Potatoes (imported),1910,Galle,Southern,Galle,2024-12-01,272.95,18.032432432432426,18.032432432432426,FALSE,FALSE,1
688,Potatoes (imported),1910,Galle,Southern,Galle,2025-01-01,238.12,-12.760578860597175,12.760578860597175,FALSE,FALSE,1
688,Potatoes (imported),1910,Galle,Southern,Galle,2025-02-01,203.75,-14.433898874517052,14.433898874517052,FALSE,FALSE,1
688,Potatoes (imported),1910,Galle,Southern,Galle,2025-03-01,199.7,-1.987730061349699,1.987730061349699,FALSE,FALSE,1
688,Potatoes (imported),1910,Galle,Southern,Galle,2025-04-01,215.83,8.077115673510278,8.077115673510278,FALSE,FALSE,1
688,Potatoes (imported),1910,Galle,Southern,Galle,2025-05-01,240.62,11.485891674002682,11.485891674002682,FALSE,FALSE,1
688,Potatoes (imported),1910,Galle,Southern,Galle,2025-06-01,197.1,-18.08660959188763,18.08660959188763,FALSE,FALSE,1
688,Potatoes (imported),1910,Galle,Southern,Galle,2025-07-01,210,6.544901065449013,6.544901065449013,FALSE,FALSE,1
688,Potatoes (imported),1910,Galle,Southern,Galle,2025-08-01,218.62,4.104761904761907,4.104761904761907,FALSE,FALSE,1
688,Potatoes (imported),1910,Galle,Southern,Galle,2025-09-01,222.2,1.6375445979324783,1.6375445979324783,FALSE,FALSE,1
688,Potatoes (imported),1911,Kalutara,Western,Kalutara,2023-06-01,203.3,NA,NA,FALSE,FALSE,1
688,Potatoes (imported),1911,Kalutara,Western,Kalutara,2023-07-01,226.92,11.618298081652718,11.618298081652718,FALSE,FALSE,1
688,Potatoes (imported),1911,Kalutara,Western,Kalutara,2023-08-01,214.5,-5.473294553146478,5.473294553146478,FALSE,FALSE,1
688,Potatoes (imported),1911,Kalutara,Western,Kalutara,2023-09-01,199,-7.226107226107226,7.226107226107226,FALSE,FALSE,1
688,Potatoes (imported),1911,Kalutara,Western,Kalutara,2023-10-01,206.8,3.9195979899497546,3.9195979899497546,FALSE,FALSE,1
688,Potatoes (imported),1911,Kalutara,Western,Kalutara,2023-11-01,209,1.063829787234037,1.063829787234037,FALSE,FALSE,1
688,Potatoes (imported),1911,Kalutara,Western,Kalutara,2023-12-01,211,0.9569377990430622,0.9569377990430622,FALSE,FALSE,1
688,Potatoes (imported),1911,Kalutara,Western,Kalutara,2024-01-01,197.6,-6.350710900473937,6.350710900473937,FALSE,FALSE,1
688,Potatoes (imported),1911,Kalutara,Western,Kalutara,2024-02-01,202.25,2.353238866396764,2.353238866396764,FALSE,FALSE,1
688,Potatoes (imported),1911,Kalutara,Western,Kalutara,2024-03-01,209,3.3374536464771323,3.3374536464771323,FALSE,FALSE,1
688,Potatoes (imported),1911,Kalutara,Western,Kalutara,2024-04-01,203.2,-2.775119617224886,2.775119617224886,FALSE,FALSE,1
688,Potatoes (imported),1911,Kalutara,Western,Kalutara,2024-05-01,209.75,3.2234251968503997,3.2234251968503997,FALSE,FALSE,1
688,Potatoes (imported),1911,Kalutara,Western,Kalutara,2024-06-01,220,4.886769964243146,4.886769964243146,FALSE,FALSE,1
688,Potatoes (imported),1911,Kalutara,Western,Kalutara,2024-07-01,273.5,24.31818181818182,24.31818181818182,FALSE,FALSE,1
688,Potatoes (imported),1911,Kalutara,Western,Kalutara,2024-08-01,NA,NA,NA,FALSE,TRUE,NA
688,Potatoes (imported),1911,Kalutara,Western,Kalutara,2024-09-01,235.5,NA,NA,FALSE,FALSE,1
688,Potatoes (imported),1911,Kalutara,Western,Kalutara,2024-10-01,251.75,6.900212314225053,6.900212314225053,FALSE,FALSE,1
688,Potatoes (imported),1911,Kalutara,Western,Kalutara,2024-11-01,261,3.6742800397219466,3.6742800397219466,FALSE,FALSE,1
688,Potatoes (imported),1911,Kalutara,Western,Kalutara,2024-12-01,307.33,17.750957854406124,17.750957854406124,FALSE,FALSE,1
688,Potatoes (imported),1911,Kalutara,Western,Kalutara,2025-01-01,271,-11.821169427000289,11.821169427000289,FALSE,FALSE,1
688,Potatoes (imported),1911,Kalutara,Western,Kalutara,2025-02-01,252,-7.011070110701106,7.011070110701106,FALSE,FALSE,1
688,Potatoes (imported),1911,Kalutara,Western,Kalutara,2025-03-01,201,-20.238095238095237,20.238095238095237,FALSE,FALSE,1
688,Potatoes (imported),1911,Kalutara,Western,Kalutara,2025-04-01,202.5,0.7462686567164178,0.7462686567164178,FALSE,FALSE,1
688,Potatoes (imported),1911,Kalutara,Western,Kalutara,2025-05-01,250.75,23.827160493827158,23.827160493827158,FALSE,FALSE,1
688,Potatoes (imported),1911,Kalutara,Western,Kalutara,2025-06-01,229.6,-8.434695912263212,8.434695912263212,FALSE,FALSE,1
688,Potatoes (imported),1911,Kalutara,Western,Kalutara,2025-07-01,228,-0.6968641114982554,0.6968641114982554,FALSE,FALSE,1
688,Potatoes (imported),1911,Kalutara,Western,Kalutara,2025-08-01,230.5,1.0964912280701753,1.0964912280701753,FALSE,FALSE,1
688,Potatoes (imported),1911,Kalutara,Western,Kalutara,2025-09-01,245,6.29067245119306,6.29067245119306,FALSE,FALSE,1
688,Potatoes (imported),1912,Kandy,Central,Kandy,2023-06-01,215,NA,NA,FALSE,FALSE,1
688,Potatoes (imported),1912,Kandy,Central,Kandy,2023-07-01,237.2,10.325581395348832,10.325581395348832,FALSE,FALSE,1
688,Potatoes (imported),1912,Kandy,Central,Kandy,2023-08-01,230,-3.0354131534569935,3.0354131534569935,FALSE,FALSE,1
688,Potatoes (imported),1912,Kandy,Central,Kandy,2023-09-01,202,-12.173913043478262,12.173913043478262,FALSE,FALSE,1
688,Potatoes (imported),1912,Kandy,Central,Kandy,2023-10-01,NA,NA,NA,FALSE,TRUE,NA
688,Potatoes (imported),1912,Kandy,Central,Kandy,2023-11-01,239.25,NA,NA,FALSE,FALSE,1
688,Potatoes (imported),1912,Kandy,Central,Kandy,2023-12-01,NA,NA,NA,FALSE,TRUE,NA
688,Potatoes (imported),1912,Kandy,Central,Kandy,2024-01-01,210,NA,NA,FALSE,FALSE,1
688,Potatoes (imported),1912,Kandy,Central,Kandy,2024-02-01,160,-23.809523809523807,23.809523809523807,FALSE,FALSE,1
688,Potatoes (imported),1912,Kandy,Central,Kandy,2024-03-01,215,34.375,34.375,FALSE,FALSE,1
688,Potatoes (imported),1912,Kandy,Central,Kandy,2024-04-01,196.8,-8.465116279069761,8.465116279069761,FALSE,FALSE,1
688,Potatoes (imported),1912,Kandy,Central,Kandy,2024-05-01,203.5,3.4044715447154412,3.4044715447154412,FALSE,FALSE,1
688,Potatoes (imported),1912,Kandy,Central,Kandy,2024-06-01,NA,NA,NA,FALSE,TRUE,NA
688,Potatoes (imported),1912,Kandy,Central,Kandy,2024-07-01,NA,NA,NA,FALSE,TRUE,NA
688,Potatoes (imported),1912,Kandy,Central,Kandy,2024-08-01,232,NA,NA,FALSE,FALSE,1
688,Potatoes (imported),1912,Kandy,Central,Kandy,2024-09-01,229.6,-1.0344827586206922,1.0344827586206922,FALSE,FALSE,1
688,Potatoes (imported),1912,Kandy,Central,Kandy,2024-10-01,NA,NA,NA,FALSE,TRUE,NA
688,Potatoes (imported),1912,Kandy,Central,Kandy,2024-11-01,NA,NA,NA,FALSE,TRUE,NA
688,Potatoes (imported),1912,Kandy,Central,Kandy,2024-12-01,NA,NA,NA,FALSE,TRUE,NA
688,Potatoes (imported),1912,Kandy,Central,Kandy,2025-01-01,231,NA,NA,FALSE,FALSE,1
688,Potatoes (imported),1912,Kandy,Central,Kandy,2025-02-01,195.5,-15.367965367965366,15.367965367965366,FALSE,FALSE,1
688,Potatoes (imported),1912,Kandy,Central,Kandy,2025-03-01,200,2.3017902813299234,2.3017902813299234,FALSE,FALSE,1
688,Potatoes (imported),1912,Kandy,Central,Kandy,2025-04-01,208,4,4,FALSE,FALSE,1
688,Potatoes (imported),1912,Kandy,Central,Kandy,2025-05-01,227,9.134615384615383,9.134615384615383,FALSE,FALSE,1
688,Potatoes (imported),1912,Kandy,Central,Kandy,2025-06-01,207.2,-8.722466960352428,8.722466960352428,FALSE,FALSE,1
688,Potatoes (imported),1912,Kandy,Central,Kandy,2025-07-01,205,-1.0617760617760563,1.0617760617760563,FALSE,FALSE,1
688,Potatoes (imported),1912,Kandy,Central,Kandy,2025-08-01,215,4.878048780487805,4.878048780487805,FALSE,FALSE,1
688,Potatoes (imported),1912,Kandy,Central,Kandy,2025-09-01,224.4,4.372093023255816,4.372093023255816,FALSE,FALSE,1
688,Potatoes (imported),1913,Kegalle,Sabaragamuwa,Kegalle,2023-08-01,222.5,NA,NA,FALSE,FALSE,1
688,Potatoes (imported),1913,Kegalle,Sabaragamuwa,Kegalle,2023-09-01,NA,NA,NA,FALSE,TRUE,NA
688,Potatoes (imported),1913,Kegalle,Sabaragamuwa,Kegalle,2023-10-01,214.4,NA,NA,FALSE,FALSE,1
688,Potatoes (imported),1913,Kegalle,Sabaragamuwa,Kegalle,2023-11-01,218,1.6791044776119375,1.6791044776119375,FALSE,FALSE,1
688,Potatoes (imported),1913,Kegalle,Sabaragamuwa,Kegalle,2023-12-01,226.5,3.89908256880734,3.89908256880734,FALSE,FALSE,1
688,Potatoes (imported),1913,Kegalle,Sabaragamuwa,Kegalle,2024-01-01,200,-11.699779249448124,11.699779249448124,FALSE,FALSE,1
688,Potatoes (imported),1913,Kegalle,Sabaragamuwa,Kegalle,2024-02-01,NA,NA,NA,FALSE,TRUE,NA
688,Potatoes (imported),1913,Kegalle,Sabaragamuwa,Kegalle,2024-03-01,NA,NA,NA,FALSE,TRUE,NA
688,Potatoes (imported),1913,Kegalle,Sabaragamuwa,Kegalle,2024-04-01,203.6,NA,NA,FALSE,FALSE,1
688,Potatoes (imported),1913,Kegalle,Sabaragamuwa,Kegalle,2024-05-01,198,-2.7504911591355574,2.7504911591355574,FALSE,FALSE,1
688,Potatoes (imported),1913,Kegalle,Sabaragamuwa,Kegalle,2024-06-01,NA,NA,NA,FALSE,TRUE,NA
688,Potatoes (imported),1913,Kegalle,Sabaragamuwa,Kegalle,2024-07-01,295.4,NA,NA,FALSE,FALSE,1
688,Potatoes (imported),1913,Kegalle,Sabaragamuwa,Kegalle,2024-08-01,228,-22.81651997291807,22.81651997291807,FALSE,FALSE,1
688,Potatoes (imported),1913,Kegalle,Sabaragamuwa,Kegalle,2024-09-01,NA,NA,NA,FALSE,TRUE,NA
688,Potatoes (imported),1913,Kegalle,Sabaragamuwa,Kegalle,2024-10-01,NA,NA,NA,FALSE,TRUE,NA
688,Potatoes (imported),1913,Kegalle,Sabaragamuwa,Kegalle,2024-11-01,NA,NA,NA,FALSE,TRUE,NA
688,Potatoes (imported),1913,Kegalle,Sabaragamuwa,Kegalle,2024-12-01,266.4,NA,NA,FALSE,FALSE,1
688,Potatoes (imported),1913,Kegalle,Sabaragamuwa,Kegalle,2025-01-01,NA,NA,NA,FALSE,TRUE,NA
688,Potatoes (imported),1913,Kegalle,Sabaragamuwa,Kegalle,2025-02-01,NA,NA,NA,FALSE,TRUE,NA
688,Potatoes (imported),1913,Kegalle,Sabaragamuwa,Kegalle,2025-03-01,191.6,NA,NA,FALSE,FALSE,1
688,Potatoes (imported),1913,Kegalle,Sabaragamuwa,Kegalle,2025-04-01,203.33,6.122129436325688,6.122129436325688,FALSE,FALSE,1
688,Potatoes (imported),1913,Kegalle,Sabaragamuwa,Kegalle,2025-05-01,246,20.985589927703728,20.985589927703728,FALSE,FALSE,1
688,Potatoes (imported),1913,Kegalle,Sabaragamuwa,Kegalle,2025-06-01,NA,NA,NA,FALSE,TRUE,NA
688,Potatoes (imported),1913,Kegalle,Sabaragamuwa,Kegalle,2025-07-01,237.5,NA,NA,FALSE,FALSE,1
688,Potatoes (imported),1913,Kegalle,Sabaragamuwa,Kegalle,2025-08-01,236,-0.631578947368421,0.631578947368421,FALSE,FALSE,1
688,Potatoes (imported),1913,Kegalle,Sabaragamuwa,Kegalle,2025-09-01,234.4,-0.6779661016949128,0.6779661016949128,FALSE,FALSE,1
688,Potatoes (imported),1914,Kurunegala,North Western,Kurunegala,2023-07-01,242.67,NA,NA,FALSE,FALSE,1
688,Potatoes (imported),1914,Kurunegala,North Western,Kurunegala,2023-08-01,231.17,-4.738945893600363,4.738945893600363,FALSE,FALSE,1
688,Potatoes (imported),1914,Kurunegala,North Western,Kurunegala,2023-09-01,NA,NA,NA,FALSE,TRUE,NA
688,Potatoes (imported),1914,Kurunegala,North Western,Kurunegala,2023-10-01,NA,NA,NA,FALSE,TRUE,NA
688,Potatoes (imported),1914,Kurunegala,North Western,Kurunegala,2023-11-01,229.17,NA,NA,FALSE,FALSE,1
688,Potatoes (imported),1914,Kurunegala,North Western,Kurunegala,2023-12-01,235.92,2.9454117031025002,2.9454117031025002,FALSE,FALSE,1
688,Potatoes (imported),1914,Kurunegala,North Western,Kurunegala,2024-01-01,218.46,-7.400813835198364,7.400813835198364,FALSE,FALSE,1
688,Potatoes (imported),1914,Kurunegala,North Western,Kurunegala,2024-02-01,189.5,-13.256431383319603,13.256431383319603,FALSE,FALSE,1
688,Potatoes (imported),1914,Kurunegala,North Western,Kurunegala,2024-03-01,213.58,12.707124010554097,12.707124010554097,FALSE,FALSE,1
688,Potatoes (imported),1914,Kurunegala,North Western,Kurunegala,2024-04-01,200.37,-6.185036052064803,6.185036052064803,FALSE,FALSE,1
688,Potatoes (imported),1914,Kurunegala,North Western,Kurunegala,2024-05-01,NA,NA,NA,FALSE,TRUE,NA
688,Potatoes (imported),1914,Kurunegala,North Western,Kurunegala,2024-06-01,NA,NA,NA,FALSE,TRUE,NA
688,Potatoes (imported),1914,Kurunegala,North Western,Kurunegala,2024-07-01,NA,NA,NA,FALSE,TRUE,NA
688,Potatoes (imported),1914,Kurunegala,North Western,Kurunegala,2024-08-01,NA,NA,NA,FALSE,TRUE,NA
688,Potatoes (imported),1914,Kurunegala,North Western,Kurunegala,2024-09-01,212.5,NA,NA,FALSE,FALSE,1
688,Potatoes (imported),1914,Kurunegala,North Western,Kurunegala,2024-10-01,224.17,5.491764705882347,5.491764705882347,FALSE,FALSE,1
688,Potatoes (imported),1914,Kurunegala,North Western,Kurunegala,2024-11-01,NA,NA,NA,FALSE,TRUE,NA
688,Potatoes (imported),1914,Kurunegala,North Western,Kurunegala,2024-12-01,286.67,NA,NA,FALSE,FALSE,1
688,Potatoes (imported),1914,Kurunegala,North Western,Kurunegala,2025-01-01,NA,NA,NA,FALSE,TRUE,NA
688,Potatoes (imported),1914,Kurunegala,North Western,Kurunegala,2025-02-01,NA,NA,NA,FALSE,TRUE,NA
688,Potatoes (imported),1914,Kurunegala,North Western,Kurunegala,2025-03-01,194.5,NA,NA,FALSE,FALSE,1
688,Potatoes (imported),1914,Kurunegala,North Western,Kurunegala,2025-04-01,NA,NA,NA,FALSE,TRUE,NA
688,Potatoes (imported),1914,Kurunegala,North Western,Kurunegala,2025-05-01,249.17,NA,NA,FALSE,FALSE,1
688,Potatoes (imported),1914,Kurunegala,North Western,Kurunegala,2025-06-01,206.95,-16.9442549263555,16.9442549263555,FALSE,FALSE,1
688,Potatoes (imported),1914,Kurunegala,North Western,Kurunegala,2025-07-01,NA,NA,NA,FALSE,TRUE,NA
688,Potatoes (imported),1914,Kurunegala,North Western,Kurunegala,2025-08-01,212.5,NA,NA,FALSE,FALSE,1
688,Potatoes (imported),1914,Kurunegala,North Western,Kurunegala,2025-09-01,238.67,12.315294117647053,12.315294117647053,FALSE,FALSE,1
688,Potatoes (imported),1915,Matale,Central,Matale,2023-06-01,188.53,NA,NA,FALSE,FALSE,1
688,Potatoes (imported),1915,Matale,Central,Matale,2023-07-01,214.44,13.74317084814088,13.74317084814088,FALSE,FALSE,1
688,Potatoes (imported),1915,Matale,Central,Matale,2023-08-01,194.5,-9.298638313747434,9.298638313747434,FALSE,FALSE,1
688,Potatoes (imported),1915,Matale,Central,Matale,2023-09-01,188,-3.3419023136246784,3.3419023136246784,FALSE,FALSE,1
688,Potatoes (imported),1915,Matale,Central,Matale,2023-10-01,195.53,4.00531914893617,4.00531914893617,FALSE,FALSE,1
688,Potatoes (imported),1915,Matale,Central,Matale,2023-11-01,197.5,1.0075180279241032,1.0075180279241032,FALSE,FALSE,1
688,Potatoes (imported),1915,Matale,Central,Matale,2023-12-01,212.62,7.655696202531647,7.655696202531647,FALSE,FALSE,1
688,Potatoes (imported),1915,Matale,Central,Matale,2024-01-01,184.6,-13.178440410121347,13.178440410121347,FALSE,FALSE,1
688,Potatoes (imported),1915,Matale,Central,Matale,2024-02-01,157.33,-14.772481040086666,14.772481040086666,FALSE,FALSE,1
688,Potatoes (imported),1915,Matale,Central,Matale,2024-03-01,203.25,29.187059047861176,29.187059047861176,FALSE,FALSE,1
688,Potatoes (imported),1915,Matale,Central,Matale,2024-04-01,187,-7.995079950799508,7.995079950799508,FALSE,FALSE,1
688,Potatoes (imported),1915,Matale,Central,Matale,2024-05-01,192.67,3.0320855614973197,3.0320855614973197,FALSE,FALSE,1
688,Potatoes (imported),1915,Matale,Central,Matale,2024-06-01,192.67,0,0,FALSE,FALSE,1
688,Potatoes (imported),1915,Matale,Central,Matale,2024-07-01,281.13,45.91270047231018,45.91270047231018,FALSE,FALSE,1
688,Potatoes (imported),1915,Matale,Central,Matale,2024-08-01,206.58,-26.51798100522889,26.51798100522889,FALSE,FALSE,1
688,Potatoes (imported),1915,Matale,Central,Matale,2024-09-01,189.8,-8.122761157904929,8.122761157904929,FALSE,FALSE,1
688,Potatoes (imported),1915,Matale,Central,Matale,2024-10-01,187,-1.4752370916754538,1.4752370916754538,FALSE,FALSE,1
688,Potatoes (imported),1915,Matale,Central,Matale,2024-11-01,197,5.347593582887701,5.347593582887701,FALSE,FALSE,1
688,Potatoes (imported),1915,Matale,Central,Matale,2024-12-01,252.5,28.17258883248731,28.17258883248731,FALSE,FALSE,1
688,Potatoes (imported),1915,Matale,Central,Matale,2025-01-01,207.5,-17.82178217821782,17.82178217821782,FALSE,FALSE,1
688,Potatoes (imported),1915,Matale,Central,Matale,2025-02-01,185,-10.843373493975903,10.843373493975903,FALSE,FALSE,1
688,Potatoes (imported),1915,Matale,Central,Matale,2025-03-01,191.85,3.7027027027026995,3.7027027027026995,FALSE,FALSE,1
688,Potatoes (imported),1915,Matale,Central,Matale,2025-04-01,212.33,10.675006515506915,10.675006515506915,FALSE,FALSE,1
688,Potatoes (imported),1915,Matale,Central,Matale,2025-05-01,227.67,7.224603211981337,7.224603211981337,FALSE,FALSE,1
688,Potatoes (imported),1915,Matale,Central,Matale,2025-06-01,190.4,-16.37018491676549,16.37018491676549,FALSE,FALSE,1
688,Potatoes (imported),1915,Matale,Central,Matale,2025-07-01,196.75,3.3350840336134424,3.3350840336134424,FALSE,FALSE,1
688,Potatoes (imported),1915,Matale,Central,Matale,2025-08-01,205.5,4.447268106734435,4.447268106734435,FALSE,FALSE,1
688,Potatoes (imported),1915,Matale,Central,Matale,2025-09-01,207.62,1.031630170316304,1.031630170316304,FALSE,FALSE,1
688,Potatoes (imported),1916,Matara,Southern,Matara,2023-06-01,208,NA,NA,FALSE,FALSE,1
688,Potatoes (imported),1916,Matara,Southern,Matara,2023-07-01,244.8,17.6923076923077,17.6923076923077,FALSE,FALSE,1
688,Potatoes (imported),1916,Matara,Southern,Matara,2023-08-01,233.5,-4.616013071895429,4.616013071895429,FALSE,FALSE,1
688,Potatoes (imported),1916,Matara,Southern,Matara,2023-09-01,216,-7.494646680942184,7.494646680942184,FALSE,FALSE,1
688,Potatoes (imported),1916,Matara,Southern,Matara,2023-10-01,222.4,2.9629629629629655,2.9629629629629655,FALSE,FALSE,1
688,Potatoes (imported),1916,Matara,Southern,Matara,2023-11-01,226,1.6187050359712205,1.6187050359712205,FALSE,FALSE,1
688,Potatoes (imported),1916,Matara,Southern,Matara,2023-12-01,227,0.4424778761061947,0.4424778761061947,FALSE,FALSE,1
688,Potatoes (imported),1916,Matara,Southern,Matara,2024-01-01,195.6,-13.832599118942735,13.832599118942735,FALSE,FALSE,1
688,Potatoes (imported),1916,Matara,Southern,Matara,2024-02-01,171.5,-12.321063394683025,12.321063394683025,FALSE,FALSE,1
688,Potatoes (imported),1916,Matara,Southern,Matara,2024-03-01,206.5,20.408163265306122,20.408163265306122,FALSE,FALSE,1
688,Potatoes (imported),1916,Matara,Southern,Matara,2024-04-01,195.9,-5.1331719128329265,5.1331719128329265,FALSE,FALSE,1
688,Potatoes (imported),1916,Matara,Southern,Matara,2024-05-01,200.5,2.3481368044920847,2.3481368044920847,FALSE,FALSE,1
688,Potatoes (imported),1916,Matara,Southern,Matara,2024-06-01,221,10.224438902743142,10.224438902743142,FALSE,FALSE,1
688,Potatoes (imported),1916,Matara,Southern,Matara,2024-07-01,290.4,31.402714932126685,31.402714932126685,FALSE,FALSE,1
688,Potatoes (imported),1916,Matara,Southern,Matara,2024-08-01,229,-21.14325068870523,21.14325068870523,FALSE,FALSE,1
688,Potatoes (imported),1916,Matara,Southern,Matara,2024-09-01,226,-1.3100436681222707,1.3100436681222707,FALSE,FALSE,1
688,Potatoes (imported),1916,Matara,Southern,Matara,2024-10-01,223,-1.3274336283185841,1.3274336283185841,FALSE,FALSE,1
688,Potatoes (imported),1916,Matara,Southern,Matara,2024-11-01,230.5,3.3632286995515694,3.3632286995515694,FALSE,FALSE,1
688,Potatoes (imported),1916,Matara,Southern,Matara,2024-12-01,273.2,18.52494577006507,18.52494577006507,FALSE,FALSE,1
688,Potatoes (imported),1916,Matara,Southern,Matara,2025-01-01,222.5,-18.557833089311856,18.557833089311856,FALSE,FALSE,1
688,Potatoes (imported),1916,Matara,Southern,Matara,2025-02-01,197,-11.46067415730337,11.46067415730337,FALSE,FALSE,1
688,Potatoes (imported),1916,Matara,Southern,Matara,2025-03-01,196.2,-0.4060913705583814,0.4060913705583814,FALSE,FALSE,1
688,Potatoes (imported),1916,Matara,Southern,Matara,2025-04-01,212.17,8.139653414882773,8.139653414882773,FALSE,FALSE,1
688,Potatoes (imported),1916,Matara,Southern,Matara,2025-05-01,239.5,12.881180185700153,12.881180185700153,FALSE,FALSE,1
688,Potatoes (imported),1916,Matara,Southern,Matara,2025-06-01,218,-8.977035490605429,8.977035490605429,FALSE,FALSE,1
688,Potatoes (imported),1916,Matara,Southern,Matara,2025-07-01,217,-0.45871559633027525,0.45871559633027525,FALSE,FALSE,1
688,Potatoes (imported),1916,Matara,Southern,Matara,2025-08-01,225.5,3.9170506912442393,3.9170506912442393,FALSE,FALSE,1
688,Potatoes (imported),1916,Matara,Southern,Matara,2025-09-01,228,1.1086474501108647,1.1086474501108647,FALSE,FALSE,1
688,Potatoes (imported),1917,Nuwara Eliya,Central,Nuwara Eliya,2023-06-01,221.33,NA,NA,FALSE,FALSE,1
688,Potatoes (imported),1917,Nuwara Eliya,Central,Nuwara Eliya,2023-07-01,248.6,12.32096868928748,12.32096868928748,FALSE,FALSE,1
688,Potatoes (imported),1917,Nuwara Eliya,Central,Nuwara Eliya,2023-08-01,241,-3.057119871279161,3.057119871279161,FALSE,FALSE,1
688,Potatoes (imported),1917,Nuwara Eliya,Central,Nuwara Eliya,2023-09-01,200.5,-16.804979253112034,16.804979253112034,FALSE,FALSE,1
688,Potatoes (imported),1917,Nuwara Eliya,Central,Nuwara Eliya,2023-10-01,217,8.229426433915211,8.229426433915211,FALSE,FALSE,1
688,Potatoes (imported),1917,Nuwara Eliya,Central,Nuwara Eliya,2023-11-01,242.5,11.751152073732719,11.751152073732719,FALSE,FALSE,1
688,Potatoes (imported),1917,Nuwara Eliya,Central,Nuwara Eliya,2023-12-01,290,19.587628865979383,19.587628865979383,FALSE,FALSE,1
688,Potatoes (imported),1917,Nuwara Eliya,Central,Nuwara Eliya,2024-01-01,203.5,-29.82758620689655,29.82758620689655,FALSE,FALSE,1
688,Potatoes (imported),1917,Nuwara Eliya,Central,Nuwara Eliya,2024-02-01,205,0.7371007371007371,0.7371007371007371,FALSE,FALSE,1
688,Potatoes (imported),1917,Nuwara Eliya,Central,Nuwara Eliya,2024-03-01,208.88,1.8926829268292662,1.8926829268292662,FALSE,FALSE,1
688,Potatoes (imported),1917,Nuwara Eliya,Central,Nuwara Eliya,2024-04-01,186.6,-10.666411336652624,10.666411336652624,FALSE,FALSE,1
688,Potatoes (imported),1917,Nuwara Eliya,Central,Nuwara Eliya,2024-05-01,204.38,9.528403001071812,9.528403001071812,FALSE,FALSE,1
688,Potatoes (imported),1917,Nuwara Eliya,Central,Nuwara Eliya,2024-06-01,240,17.42831979645758,17.42831979645758,FALSE,FALSE,1
688,Potatoes (imported),1917,Nuwara Eliya,Central,Nuwara Eliya,2024-07-01,307.5,28.125,28.125,FALSE,FALSE,1
688,Potatoes (imported),1917,Nuwara Eliya,Central,Nuwara Eliya,2024-08-01,268.12,-12.80650406504065,12.80650406504065,FALSE,FALSE,1
688,Potatoes (imported),1917,Nuwara Eliya,Central,Nuwara Eliya,2024-09-01,255.62,-4.662091600775772,4.662091600775772,FALSE,FALSE,1
688,Potatoes (imported),1917,Nuwara Eliya,Central,Nuwara Eliya,2024-10-01,230.62,-9.780142398873327,9.780142398873327,FALSE,FALSE,1
688,Potatoes (imported),1917,Nuwara Eliya,Central,Nuwara Eliya,2024-11-01,238.12,3.2521030266238835,3.2521030266238835,FALSE,FALSE,1
688,Potatoes (imported),1917,Nuwara Eliya,Central,Nuwara Eliya,2024-12-01,279,17.16781454728708,17.16781454728708,FALSE,FALSE,1
688,Potatoes (imported),1917,Nuwara Eliya,Central,Nuwara Eliya,2025-01-01,277.83,-0.4193548387096831,0.4193548387096831,FALSE,FALSE,1
688,Potatoes (imported),1917,Nuwara Eliya,Central,Nuwara Eliya,2025-02-01,245.62,-11.593420436957844,11.593420436957844,FALSE,FALSE,1
688,Potatoes (imported),1917,Nuwara Eliya,Central,Nuwara Eliya,2025-03-01,222.5,-9.412914257796597,9.412914257796597,FALSE,FALSE,1
688,Potatoes (imported),1917,Nuwara Eliya,Central,Nuwara Eliya,2025-04-01,227.5,2.247191011235955,2.247191011235955,FALSE,FALSE,1
688,Potatoes (imported),1917,Nuwara Eliya,Central,Nuwara Eliya,2025-05-01,241.25,6.043956043956044,6.043956043956044,FALSE,FALSE,1
688,Potatoes (imported),1917,Nuwara Eliya,Central,Nuwara Eliya,2025-06-01,213.17,-11.639378238341974,11.639378238341974,FALSE,FALSE,1
688,Potatoes (imported),1917,Nuwara Eliya,Central,Nuwara Eliya,2025-07-01,211.25,-0.9006895904676961,0.9006895904676961,FALSE,FALSE,1
688,Potatoes (imported),1917,Nuwara Eliya,Central,Nuwara Eliya,2025-08-01,216.67,2.565680473372775,2.565680473372775,FALSE,FALSE,1
688,Potatoes (imported),1917,Nuwara Eliya,Central,Nuwara Eliya,2025-09-01,206.5,-4.693773941939349,4.693773941939349,FALSE,FALSE,1
688,Potatoes (imported),1918,Puttalam,North Western,Puttalam,2023-06-01,213,NA,NA,FALSE,FALSE,1
688,Potatoes (imported),1918,Puttalam,North Western,Puttalam,2023-07-01,254.8,19.62441314553991,19.62441314553991,FALSE,FALSE,1
688,Potatoes (imported),1918,Puttalam,North Western,Puttalam,2023-08-01,231,-9.340659340659345,9.340659340659345,FALSE,FALSE,1
688,Potatoes (imported),1918,Puttalam,North Western,Puttalam,2023-09-01,218,-5.627705627705628,5.627705627705628,FALSE,FALSE,1
688,Potatoes (imported),1918,Puttalam,North Western,Puttalam,2023-10-01,229.8,5.412844036697253,5.412844036697253,FALSE,FALSE,1
688,Potatoes (imported),1918,Puttalam,North Western,Puttalam,2023-11-01,244.75,6.505657093124451,6.505657093124451,FALSE,FALSE,1
688,Potatoes (imported),1918,Puttalam,North Western,Puttalam,2023-12-01,243,-0.7150153217568949,0.7150153217568949,FALSE,FALSE,1
688,Potatoes (imported),1918,Puttalam,North Western,Puttalam,2024-01-01,217.6,-10.452674897119344,10.452674897119344,FALSE,FALSE,1
688,Potatoes (imported),1918,Puttalam,North Western,Puttalam,2024-02-01,195,-10.386029411764703,10.386029411764703,FALSE,FALSE,1
688,Potatoes (imported),1918,Puttalam,North Western,Puttalam,2024-03-01,220,12.82051282051282,12.82051282051282,FALSE,FALSE,1
688,Potatoes (imported),1918,Puttalam,North Western,Puttalam,2024-04-01,219.6,-0.1818181818181844,0.1818181818181844,FALSE,FALSE,1
688,Potatoes (imported),1918,Puttalam,North Western,Puttalam,2024-05-01,218,-0.7285974499089227,0.7285974499089227,FALSE,FALSE,1
688,Potatoes (imported),1918,Puttalam,North Western,Puttalam,2024-06-01,218,0,0,FALSE,FALSE,1
688,Potatoes (imported),1918,Puttalam,North Western,Puttalam,2024-07-01,266.12,22.073394495412845,22.073394495412845,FALSE,FALSE,1
688,Potatoes (imported),1918,Puttalam,North Western,Puttalam,2024-08-01,234.25,-11.975800390801144,11.975800390801144,FALSE,FALSE,1
688,Potatoes (imported),1918,Puttalam,North Western,Puttalam,2024-09-01,219.92,-6.117395944503741,6.117395944503741,FALSE,FALSE,1
688,Potatoes (imported),1918,Puttalam,North Western,Puttalam,2024-10-01,235,6.857038923244822,6.857038923244822,FALSE,FALSE,1
688,Potatoes (imported),1918,Puttalam,North Western,Puttalam,2024-11-01,222.5,-5.319148936170213,5.319148936170213,FALSE,FALSE,1
688,Potatoes (imported),1918,Puttalam,North Western,Puttalam,2024-12-01,266.04,19.568539325842707,19.568539325842707,FALSE,FALSE,1
688,Potatoes (imported),1918,Puttalam,North Western,Puttalam,2025-01-01,226.67,-14.798526537362813,14.798526537362813,FALSE,FALSE,1
688,Potatoes (imported),1918,Puttalam,North Western,Puttalam,2025-02-01,220.83,-2.576432699519114,2.576432699519114,FALSE,FALSE,1
688,Potatoes (imported),1918,Puttalam,North Western,Puttalam,2025-03-01,210,-4.904224969433506,4.904224969433506,FALSE,FALSE,1
688,Potatoes (imported),1918,Puttalam,North Western,Puttalam,2025-04-01,210,0,0,FALSE,FALSE,1
688,Potatoes (imported),1918,Puttalam,North Western,Puttalam,2025-05-01,251.25,19.642857142857142,19.642857142857142,FALSE,FALSE,1
688,Potatoes (imported),1918,Puttalam,North Western,Puttalam,2025-06-01,230,-8.45771144278607,8.45771144278607,FALSE,FALSE,1
688,Potatoes (imported),1918,Puttalam,North Western,Puttalam,2025-07-01,227.5,-1.0869565217391304,1.0869565217391304,FALSE,FALSE,1
688,Potatoes (imported),1918,Puttalam,North Western,Puttalam,2025-08-01,NA,NA,NA,FALSE,TRUE,NA
688,Potatoes (imported),1918,Puttalam,North Western,Puttalam,2025-09-01,226.67,NA,NA,FALSE,FALSE,1
688,Potatoes (imported),1919,Rathnapura,Sabaragamuwa,Ratnapura,2023-06-01,204,NA,NA,FALSE,FALSE,1
688,Potatoes (imported),1919,Rathnapura,Sabaragamuwa,Ratnapura,2023-07-01,232.8,14.117647058823534,14.117647058823534,FALSE,FALSE,1
688,Potatoes (imported),1919,Rathnapura,Sabaragamuwa,Ratnapura,2023-08-01,212,-8.934707903780073,8.934707903780073,FALSE,FALSE,1
688,Potatoes (imported),1919,Rathnapura,Sabaragamuwa,Ratnapura,2023-09-01,212,0,0,FALSE,FALSE,1
688,Potatoes (imported),1919,Rathnapura,Sabaragamuwa,Ratnapura,2023-10-01,196,-7.547169811320755,7.547169811320755,FALSE,FALSE,1
688,Potatoes (imported),1919,Rathnapura,Sabaragamuwa,Ratnapura,2023-11-01,NA,NA,NA,FALSE,TRUE,NA
688,Potatoes (imported),1919,Rathnapura,Sabaragamuwa,Ratnapura,2023-12-01,NA,NA,NA,FALSE,TRUE,NA
688,Potatoes (imported),1919,Rathnapura,Sabaragamuwa,Ratnapura,2024-01-01,233,NA,NA,FALSE,FALSE,1
688,Potatoes (imported),1919,Rathnapura,Sabaragamuwa,Ratnapura,2024-02-01,182.5,-21.67381974248927,21.67381974248927,FALSE,FALSE,1
688,Potatoes (imported),1919,Rathnapura,Sabaragamuwa,Ratnapura,2024-03-01,220.5,20.82191780821918,20.82191780821918,FALSE,FALSE,1
688,Potatoes (imported),1919,Rathnapura,Sabaragamuwa,Ratnapura,2024-04-01,203.8,-7.573696145124711,7.573696145124711,FALSE,FALSE,1
688,Potatoes (imported),1919,Rathnapura,Sabaragamuwa,Ratnapura,2024-05-01,204,0.09813542688910139,0.09813542688910139,FALSE,FALSE,1
688,Potatoes (imported),1919,Rathnapura,Sabaragamuwa,Ratnapura,2024-06-01,256.67,25.8186274509804,25.8186274509804,FALSE,FALSE,1
688,Potatoes (imported),1919,Rathnapura,Sabaragamuwa,Ratnapura,2024-07-01,285.6,11.271282191140376,11.271282191140376,FALSE,FALSE,1
688,Potatoes (imported),1919,Rathnapura,Sabaragamuwa,Ratnapura,2024-08-01,231.75,-18.855042016806728,18.855042016806728,FALSE,FALSE,1
688,Potatoes (imported),1919,Rathnapura,Sabaragamuwa,Ratnapura,2024-09-01,224.8,-2.9989212513484307,2.9989212513484307,FALSE,FALSE,1
688,Potatoes (imported),1919,Rathnapura,Sabaragamuwa,Ratnapura,2024-10-01,229.75,2.2019572953736604,2.2019572953736604,FALSE,FALSE,1
688,Potatoes (imported),1919,Rathnapura,Sabaragamuwa,Ratnapura,2024-11-01,213.75,-6.9640914036996735,6.9640914036996735,FALSE,FALSE,1
688,Potatoes (imported),1919,Rathnapura,Sabaragamuwa,Ratnapura,2024-12-01,274.4,28.374269005847943,28.374269005847943,FALSE,FALSE,1
688,Potatoes (imported),1919,Rathnapura,Sabaragamuwa,Ratnapura,2025-01-01,235.5,-14.176384839650138,14.176384839650138,FALSE,FALSE,1
688,Potatoes (imported),1919,Rathnapura,Sabaragamuwa,Ratnapura,2025-02-01,219.5,-6.794055201698514,6.794055201698514,FALSE,FALSE,1
688,Potatoes (imported),1919,Rathnapura,Sabaragamuwa,Ratnapura,2025-03-01,197.2,-10.159453302961282,10.159453302961282,FALSE,FALSE,1
688,Potatoes (imported),1919,Rathnapura,Sabaragamuwa,Ratnapura,2025-04-01,217,10.040567951318465,10.040567951318465,FALSE,FALSE,1
688,Potatoes (imported),1919,Rathnapura,Sabaragamuwa,Ratnapura,2025-05-01,230,5.990783410138248,5.990783410138248,FALSE,FALSE,1
688,Potatoes (imported),1919,Rathnapura,Sabaragamuwa,Ratnapura,2025-06-01,215.2,-6.434782608695658,6.434782608695658,FALSE,FALSE,1
688,Potatoes (imported),1919,Rathnapura,Sabaragamuwa,Ratnapura,2025-07-01,210.5,-2.184014869888471,2.184014869888471,FALSE,FALSE,1
688,Potatoes (imported),1919,Rathnapura,Sabaragamuwa,Ratnapura,2025-08-01,209.25,-0.5938242280285035,0.5938242280285035,FALSE,FALSE,1
688,Potatoes (imported),1919,Rathnapura,Sabaragamuwa,Ratnapura,2025-09-01,217.6,3.9904420549581814,3.9904420549581814,FALSE,FALSE,1
688,Potatoes (imported),5287,Dammbagalla,Uva,Moneragala,2023-06-01,190.5,NA,NA,FALSE,FALSE,1
688,Potatoes (imported),5287,Dammbagalla,Uva,Moneragala,2023-07-01,214.4,12.545931758530187,12.545931758530187,FALSE,FALSE,1
688,Potatoes (imported),5287,Dammbagalla,Uva,Moneragala,2023-08-01,197.5,-7.882462686567167,7.882462686567167,FALSE,FALSE,1
688,Potatoes (imported),5287,Dammbagalla,Uva,Moneragala,2023-09-01,195.5,-1.0126582278481013,1.0126582278481013,FALSE,FALSE,1
688,Potatoes (imported),5287,Dammbagalla,Uva,Moneragala,2023-10-01,199.8,2.1994884910485992,2.1994884910485992,FALSE,FALSE,1
688,Potatoes (imported),5287,Dammbagalla,Uva,Moneragala,2023-11-01,203.5,1.8518518518518463,1.8518518518518463,FALSE,FALSE,1
688,Potatoes (imported),5287,Dammbagalla,Uva,Moneragala,2023-12-01,211,3.6855036855036856,3.6855036855036856,FALSE,FALSE,1
688,Potatoes (imported),5287,Dammbagalla,Uva,Moneragala,2024-01-01,182.8,-13.3649289099526,13.3649289099526,FALSE,FALSE,1
688,Potatoes (imported),5287,Dammbagalla,Uva,Moneragala,2024-02-01,159.75,-12.609409190371998,12.609409190371998,FALSE,FALSE,1
688,Potatoes (imported),5287,Dammbagalla,Uva,Moneragala,2024-03-01,193.5,21.12676056338028,21.12676056338028,FALSE,FALSE,1
688,Potatoes (imported),5287,Dammbagalla,Uva,Moneragala,2024-04-01,174.93,-9.596899224806197,9.596899224806197,FALSE,FALSE,1
688,Potatoes (imported),5287,Dammbagalla,Uva,Moneragala,2024-05-01,196.5,12.330646544332014,12.330646544332014,FALSE,FALSE,1
688,Potatoes (imported),5287,Dammbagalla,Uva,Moneragala,2024-06-01,196.5,0,0,FALSE,FALSE,1
688,Potatoes (imported),5287,Dammbagalla,Uva,Moneragala,2024-07-01,278.8,41.882951653944026,41.882951653944026,FALSE,FALSE,1
688,Potatoes (imported),5287,Dammbagalla,Uva,Moneragala,2024-08-01,203,-27.18794835007174,27.18794835007174,FALSE,FALSE,1
688,Potatoes (imported),5287,Dammbagalla,Uva,Moneragala,2024-09-01,194.13,-4.36945812807882,4.36945812807882,FALSE,FALSE,1
688,Potatoes (imported),5287,Dammbagalla,Uva,Moneragala,2024-10-01,193,-0.5820841704012752,0.5820841704012752,FALSE,FALSE,1
688,Potatoes (imported),5287,Dammbagalla,Uva,Moneragala,2024-11-01,200.5,3.8860103626943006,3.8860103626943006,FALSE,FALSE,1
688,Potatoes (imported),5287,Dammbagalla,Uva,Moneragala,2024-12-01,260.8,30.074812967581053,30.074812967581053,FALSE,FALSE,1
688,Potatoes (imported),5287,Dammbagalla,Uva,Moneragala,2025-01-01,196.75,-24.559049079754605,24.559049079754605,FALSE,FALSE,1
688,Potatoes (imported),5287,Dammbagalla,Uva,Moneragala,2025-02-01,188,-4.447268106734435,4.447268106734435,FALSE,FALSE,1
688,Potatoes (imported),5287,Dammbagalla,Uva,Moneragala,2025-03-01,189.6,0.8510638297872309,0.8510638297872309,FALSE,FALSE,1
688,Potatoes (imported),5287,Dammbagalla,Uva,Moneragala,2025-04-01,199.33,5.131856540084398,5.131856540084398,FALSE,FALSE,1
688,Potatoes (imported),5287,Dammbagalla,Uva,Moneragala,2025-05-01,225,12.878141774946062,12.878141774946062,FALSE,FALSE,1
688,Potatoes (imported),5287,Dammbagalla,Uva,Moneragala,2025-06-01,187.5,-16.666666666666664,16.666666666666664,FALSE,FALSE,1
688,Potatoes (imported),5287,Dammbagalla,Uva,Moneragala,2025-07-01,197,5.066666666666666,5.066666666666666,FALSE,FALSE,1
688,Potatoes (imported),5287,Dammbagalla,Uva,Moneragala,2025-08-01,207,5.0761421319796955,5.0761421319796955,FALSE,FALSE,1
688,Potatoes (imported),5287,Dammbagalla,Uva,Moneragala,2025-09-01,221.2,6.859903381642507,6.859903381642507,FALSE,FALSE,1
688,Potatoes (imported),5346,Thambuttegama,North Central,Anuradhapura,2023-06-01,187.25,NA,NA,FALSE,FALSE,1
688,Potatoes (imported),5346,Thambuttegama,North Central,Anuradhapura,2023-07-01,216.4,15.567423230974637,15.567423230974637,FALSE,FALSE,1
688,Potatoes (imported),5346,Thambuttegama,North Central,Anuradhapura,2023-08-01,200.5,-7.347504621072091,7.347504621072091,FALSE,FALSE,1
688,Potatoes (imported),5346,Thambuttegama,North Central,Anuradhapura,2023-09-01,193.78,-3.3516209476309218,3.3516209476309218,FALSE,FALSE,1
688,Potatoes (imported),5346,Thambuttegama,North Central,Anuradhapura,2023-10-01,193.09,-0.3560738982351108,0.3560738982351108,FALSE,FALSE,1
688,Potatoes (imported),5346,Thambuttegama,North Central,Anuradhapura,2023-11-01,197.04,2.0456781811590394,2.0456781811590394,FALSE,FALSE,1
688,Potatoes (imported),5346,Thambuttegama,North Central,Anuradhapura,2023-12-01,208.23,5.679049939098659,5.679049939098659,FALSE,FALSE,1
688,Potatoes (imported),5346,Thambuttegama,North Central,Anuradhapura,2024-01-01,185.84,-10.752533256495216,10.752533256495216,FALSE,FALSE,1
688,Potatoes (imported),5346,Thambuttegama,North Central,Anuradhapura,2024-02-01,159,-14.442531209642706,14.442531209642706,FALSE,FALSE,1
688,Potatoes (imported),5346,Thambuttegama,North Central,Anuradhapura,2024-03-01,200.48,26.0880503144654,26.0880503144654,FALSE,FALSE,1
688,Potatoes (imported),5346,Thambuttegama,North Central,Anuradhapura,2024-04-01,182.07,-9.182960893854746,9.182960893854746,FALSE,FALSE,1
688,Potatoes (imported),5346,Thambuttegama,North Central,Anuradhapura,2024-05-01,189.17,3.8995990553083946,3.8995990553083946,FALSE,FALSE,1
688,Potatoes (imported),5346,Thambuttegama,North Central,Anuradhapura,2024-06-01,NA,NA,NA,FALSE,TRUE,NA
688,Potatoes (imported),5346,Thambuttegama,North Central,Anuradhapura,2024-07-01,226,NA,NA,FALSE,FALSE,1
688,Potatoes (imported),5346,Thambuttegama,North Central,Anuradhapura,2024-08-01,244.92,8.371681415929197,8.371681415929197,FALSE,FALSE,1
688,Potatoes (imported),5346,Thambuttegama,North Central,Anuradhapura,2024-09-01,264.8,8.11693614241386,8.11693614241386,FALSE,FALSE,1
688,Potatoes (imported),5346,Thambuttegama,North Central,Anuradhapura,2024-10-01,220.25,-16.82401812688822,16.82401812688822,FALSE,FALSE,1
688,Potatoes (imported),5346,Thambuttegama,North Central,Anuradhapura,2024-11-01,248.25,12.712826333711691,12.712826333711691,FALSE,FALSE,1
688,Potatoes (imported),5346,Thambuttegama,North Central,Anuradhapura,2024-12-01,269.35,8.4994964753273,8.4994964753273,FALSE,FALSE,1
688,Potatoes (imported),5346,Thambuttegama,North Central,Anuradhapura,2025-01-01,210.5,-21.84889548914053,21.84889548914053,FALSE,FALSE,1
688,Potatoes (imported),5346,Thambuttegama,North Central,Anuradhapura,2025-02-01,218,3.5629453681710213,3.5629453681710213,FALSE,FALSE,1
688,Potatoes (imported),5346,Thambuttegama,North Central,Anuradhapura,2025-03-01,208.8,-4.220183486238527,4.220183486238527,FALSE,FALSE,1
688,Potatoes (imported),5346,Thambuttegama,North Central,Anuradhapura,2025-04-01,216.67,3.769157088122594,3.769157088122594,FALSE,FALSE,1
688,Potatoes (imported),5346,Thambuttegama,North Central,Anuradhapura,2025-05-01,252.67,16.615128998015415,16.615128998015415,FALSE,FALSE,1
688,Potatoes (imported),5346,Thambuttegama,North Central,Anuradhapura,2025-06-01,218.4,-13.563145604939242,13.563145604939242,FALSE,FALSE,1
688,Potatoes (imported),5346,Thambuttegama,North Central,Anuradhapura,2025-07-01,225.5,3.2509157509157482,3.2509157509157482,FALSE,FALSE,1
688,Potatoes (imported),5346,Thambuttegama,North Central,Anuradhapura,2025-08-01,227.5,0.8869179600886918,0.8869179600886918,FALSE,FALSE,1
688,Potatoes (imported),5346,Thambuttegama,North Central,Anuradhapura,2025-09-01,235.5,3.5164835164835164,3.5164835164835164,FALSE,FALSE,1
688,Potatoes (imported),7833,Embilipitiya,Sabaragamuwa,Ratnapura,2023-06-01,208.12,NA,NA,FALSE,FALSE,1
688,Potatoes (imported),7833,Embilipitiya,Sabaragamuwa,Ratnapura,2023-07-01,224.33,7.788775706323278,7.788775706323278,FALSE,FALSE,1
688,Potatoes (imported),7833,Embilipitiya,Sabaragamuwa,Ratnapura,2023-08-01,234.08,4.346275576160121,4.346275576160121,FALSE,FALSE,1
688,Potatoes (imported),7833,Embilipitiya,Sabaragamuwa,Ratnapura,2023-09-01,198.5,-15.199931647300073,15.199931647300073,FALSE,FALSE,1
688,Potatoes (imported),7833,Embilipitiya,Sabaragamuwa,Ratnapura,2023-10-01,217.03,9.335012594458439,9.335012594458439,FALSE,FALSE,1
688,Potatoes (imported),7833,Embilipitiya,Sabaragamuwa,Ratnapura,2023-11-01,227.92,5.017739483020774,5.017739483020774,FALSE,FALSE,1
688,Potatoes (imported),7833,Embilipitiya,Sabaragamuwa,Ratnapura,2023-12-01,235.83,3.470515970515982,3.470515970515982,FALSE,FALSE,1
688,Potatoes (imported),7833,Embilipitiya,Sabaragamuwa,Ratnapura,2024-01-01,200.29,-15.070177670355772,15.070177670355772,FALSE,FALSE,1
688,Potatoes (imported),7833,Embilipitiya,Sabaragamuwa,Ratnapura,2024-02-01,183.21,-8.527634929352432,8.527634929352432,FALSE,FALSE,1
688,Potatoes (imported),7833,Embilipitiya,Sabaragamuwa,Ratnapura,2024-03-01,210.89,15.10834561432235,15.10834561432235,FALSE,FALSE,1
688,Potatoes (imported),7833,Embilipitiya,Sabaragamuwa,Ratnapura,2024-04-01,194.14,-7.942529280667647,7.942529280667647,FALSE,FALSE,1
688,Potatoes (imported),7833,Embilipitiya,Sabaragamuwa,Ratnapura,2024-05-01,196.61,1.2722777377150651,1.2722777377150651,FALSE,FALSE,1
688,Potatoes (imported),7833,Embilipitiya,Sabaragamuwa,Ratnapura,2024-06-01,228.75,16.347083057830215,16.347083057830215,FALSE,FALSE,1
688,Potatoes (imported),7833,Embilipitiya,Sabaragamuwa,Ratnapura,2024-07-01,269.33,17.739890710382504,17.739890710382504,FALSE,FALSE,1
688,Potatoes (imported),7833,Embilipitiya,Sabaragamuwa,Ratnapura,2024-08-01,229.46,-14.803401032190985,14.803401032190985,FALSE,FALSE,1
688,Potatoes (imported),7833,Embilipitiya,Sabaragamuwa,Ratnapura,2024-09-01,220.03,-4.1096487405212265,4.1096487405212265,FALSE,FALSE,1
688,Potatoes (imported),7833,Embilipitiya,Sabaragamuwa,Ratnapura,2024-10-01,199.75,-9.216924964777531,9.216924964777531,FALSE,FALSE,1
688,Potatoes (imported),7833,Embilipitiya,Sabaragamuwa,Ratnapura,2024-11-01,225.25,12.76595744680851,12.76595744680851,FALSE,FALSE,1
688,Potatoes (imported),7833,Embilipitiya,Sabaragamuwa,Ratnapura,2024-12-01,267.5,18.756936736958934,18.756936736958934,FALSE,FALSE,1
688,Potatoes (imported),7833,Embilipitiya,Sabaragamuwa,Ratnapura,2025-01-01,209,-21.869158878504674,21.869158878504674,FALSE,FALSE,1
688,Potatoes (imported),7833,Embilipitiya,Sabaragamuwa,Ratnapura,2025-02-01,201.75,-3.4688995215311005,3.4688995215311005,FALSE,FALSE,1
688,Potatoes (imported),7833,Embilipitiya,Sabaragamuwa,Ratnapura,2025-03-01,191.5,-5.080545229244114,5.080545229244114,FALSE,FALSE,1
688,Potatoes (imported),7833,Embilipitiya,Sabaragamuwa,Ratnapura,2025-04-01,203.1,6.057441253263705,6.057441253263705,FALSE,FALSE,1
688,Potatoes (imported),7833,Embilipitiya,Sabaragamuwa,Ratnapura,2025-05-01,235.94,16.16937469226982,16.16937469226982,FALSE,FALSE,1
688,Potatoes (imported),7833,Embilipitiya,Sabaragamuwa,Ratnapura,2025-06-01,205.2,-13.028736119352383,13.028736119352383,FALSE,FALSE,1
688,Potatoes (imported),7833,Embilipitiya,Sabaragamuwa,Ratnapura,2025-07-01,206,0.3898635477582902,0.3898635477582902,FALSE,FALSE,1
688,Potatoes (imported),7833,Embilipitiya,Sabaragamuwa,Ratnapura,2025-08-01,224.5,8.980582524271846,8.980582524271846,FALSE,FALSE,1
688,Potatoes (imported),7833,Embilipitiya,Sabaragamuwa,Ratnapura,2025-09-01,221.8,-1.202672605790641,1.202672605790641,FALSE,FALSE,1
688,Potatoes (imported),7834,Tissamaharama,Southern,Hambantota,2023-06-01,203.75,NA,NA,FALSE,FALSE,1
688,Potatoes (imported),7834,Tissamaharama,Southern,Hambantota,2023-07-01,241.25,18.404907975460123,18.404907975460123,FALSE,FALSE,1
688,Potatoes (imported),7834,Tissamaharama,Southern,Hambantota,2023-08-01,218.75,-9.32642487046632,9.32642487046632,FALSE,FALSE,1
688,Potatoes (imported),7834,Tissamaharama,Southern,Hambantota,2023-09-01,191.88,-12.283428571428573,12.283428571428573,FALSE,FALSE,1
688,Potatoes (imported),7834,Tissamaharama,Southern,Hambantota,2023-10-01,216,12.570356472795499,12.570356472795499,FALSE,FALSE,1
688,Potatoes (imported),7834,Tissamaharama,Southern,Hambantota,2023-11-01,213,-1.3888888888888888,1.3888888888888888,FALSE,FALSE,1
688,Potatoes (imported),7834,Tissamaharama,Southern,Hambantota,2023-12-01,263,23.474178403755868,23.474178403755868,FALSE,FALSE,1
688,Potatoes (imported),7834,Tissamaharama,Southern,Hambantota,2024-01-01,212.05,-19.37262357414448,19.37262357414448,FALSE,FALSE,1
688,Potatoes (imported),7834,Tissamaharama,Southern,Hambantota,2024-02-01,162.75,-23.249233671303944,23.249233671303944,FALSE,FALSE,1
688,Potatoes (imported),7834,Tissamaharama,Southern,Hambantota,2024-03-01,219.75,35.02304147465438,35.02304147465438,FALSE,FALSE,1
688,Potatoes (imported),7834,Tissamaharama,Southern,Hambantota,2024-04-01,190,-13.538111490329921,13.538111490329921,FALSE,FALSE,1
688,Potatoes (imported),7834,Tissamaharama,Southern,Hambantota,2024-05-01,196.25,3.289473684210526,3.289473684210526,FALSE,FALSE,1
688,Potatoes (imported),7834,Tissamaharama,Southern,Hambantota,2024-06-01,NA,NA,NA,FALSE,TRUE,NA
688,Potatoes (imported),7834,Tissamaharama,Southern,Hambantota,2024-07-01,NA,NA,NA,FALSE,TRUE,NA
688,Potatoes (imported),7834,Tissamaharama,Southern,Hambantota,2024-08-01,NA,NA,NA,FALSE,TRUE,NA
688,Potatoes (imported),7834,Tissamaharama,Southern,Hambantota,2024-09-01,230,NA,NA,FALSE,FALSE,1
688,Potatoes (imported),7834,Tissamaharama,Southern,Hambantota,2024-10-01,238,3.4782608695652173,3.4782608695652173,FALSE,FALSE,1
688,Potatoes (imported),7834,Tissamaharama,Southern,Hambantota,2024-11-01,238.5,0.21008403361344538,0.21008403361344538,FALSE,FALSE,1
688,Potatoes (imported),7834,Tissamaharama,Southern,Hambantota,2024-12-01,273.6,14.716981132075482,14.716981132075482,FALSE,FALSE,1
688,Potatoes (imported),7834,Tissamaharama,Southern,Hambantota,2025-01-01,222.75,-18.58552631578948,18.58552631578948,FALSE,FALSE,1
688,Potatoes (imported),7834,Tissamaharama,Southern,Hambantota,2025-02-01,210,-5.723905723905724,5.723905723905724,FALSE,FALSE,1
688,Potatoes (imported),7834,Tissamaharama,Southern,Hambantota,2025-03-01,194.6,-7.333333333333336,7.333333333333336,FALSE,FALSE,1
688,Potatoes (imported),7834,Tissamaharama,Southern,Hambantota,2025-04-01,186.67,-4.075025693730733,4.075025693730733,FALSE,FALSE,1
688,Potatoes (imported),7834,Tissamaharama,Southern,Hambantota,2025-05-01,NA,NA,NA,FALSE,TRUE,NA
688,Potatoes (imported),7834,Tissamaharama,Southern,Hambantota,2025-06-01,225,NA,NA,FALSE,FALSE,1
688,Potatoes (imported),7834,Tissamaharama,Southern,Hambantota,2025-07-01,215.31,-4.306666666666666,4.306666666666666,FALSE,FALSE,1
688,Potatoes (imported),7834,Tissamaharama,Southern,Hambantota,2025-08-01,212.5,-1.305094979332127,1.305094979332127,FALSE,FALSE,1
688,Potatoes (imported),7834,Tissamaharama,Southern,Hambantota,2025-09-01,212.5,0,0,FALSE,FALSE,1
688,Potatoes (imported),7835,Galenbindunuwewa,North Central,Anuradhapura,2023-06-01,187.25,NA,NA,FALSE,FALSE,1
688,Potatoes (imported),7835,Galenbindunuwewa,North Central,Anuradhapura,2023-07-01,222,18.55807743658211,18.55807743658211,FALSE,FALSE,1
688,Potatoes (imported),7835,Galenbindunuwewa,North Central,Anuradhapura,2023-08-01,202.25,-8.896396396396396,8.896396396396396,FALSE,FALSE,1
688,Potatoes (imported),7835,Galenbindunuwewa,North Central,Anuradhapura,2023-09-01,192.5,-4.8207663782447465,4.8207663782447465,FALSE,FALSE,1
688,Potatoes (imported),7835,Galenbindunuwewa,North Central,Anuradhapura,2023-10-01,206.4,7.220779220779224,7.220779220779224,FALSE,FALSE,1
688,Potatoes (imported),7835,Galenbindunuwewa,North Central,Anuradhapura,2023-11-01,208.25,0.8963178294573616,0.8963178294573616,FALSE,FALSE,1
688,Potatoes (imported),7835,Galenbindunuwewa,North Central,Anuradhapura,2023-12-01,215.5,3.481392557022809,3.481392557022809,FALSE,FALSE,1
688,Potatoes (imported),7835,Galenbindunuwewa,North Central,Anuradhapura,2024-01-01,182.8,-15.174013921113684,15.174013921113684,FALSE,FALSE,1
688,Potatoes (imported),7835,Galenbindunuwewa,North Central,Anuradhapura,2024-02-01,163.5,-10.55798687089716,10.55798687089716,FALSE,FALSE,1
688,Potatoes (imported),7835,Galenbindunuwewa,North Central,Anuradhapura,2024-03-01,202.5,23.853211009174313,23.853211009174313,FALSE,FALSE,1
688,Potatoes (imported),7835,Galenbindunuwewa,North Central,Anuradhapura,2024-04-01,182.4,-9.925925925925922,9.925925925925922,FALSE,FALSE,1
688,Potatoes (imported),7835,Galenbindunuwewa,North Central,Anuradhapura,2024-05-01,190.5,4.440789473684207,4.440789473684207,FALSE,FALSE,1
688,Potatoes (imported),7835,Galenbindunuwewa,North Central,Anuradhapura,2024-06-01,211,10.761154855643044,10.761154855643044,FALSE,FALSE,1
688,Potatoes (imported),7835,Galenbindunuwewa,North Central,Anuradhapura,2024-07-01,208,-1.4218009478672986,1.4218009478672986,FALSE,FALSE,1
688,Potatoes (imported),7835,Galenbindunuwewa,North Central,Anuradhapura,2024-08-01,NA,NA,NA,FALSE,TRUE,NA
688,Potatoes (imported),7835,Galenbindunuwewa,North Central,Anuradhapura,2024-09-01,NA,NA,NA,FALSE,TRUE,NA
688,Potatoes (imported),7835,Galenbindunuwewa,North Central,Anuradhapura,2024-10-01,NA,NA,NA,FALSE,TRUE,NA
688,Potatoes (imported),7835,Galenbindunuwewa,North Central,Anuradhapura,2024-11-01,NA,NA,NA,FALSE,TRUE,NA
688,Potatoes (imported),7835,Galenbindunuwewa,North Central,Anuradhapura,2024-12-01,245.67,NA,NA,FALSE,FALSE,1
688,Potatoes (imported),7835,Galenbindunuwewa,North Central,Anuradhapura,2025-01-01,218,-11.263076484715263,11.263076484715263,FALSE,FALSE,1
688,Potatoes (imported),7835,Galenbindunuwewa,North Central,Anuradhapura,2025-02-01,188.12,-13.706422018348622,13.706422018348622,FALSE,FALSE,1
688,Potatoes (imported),7835,Galenbindunuwewa,North Central,Anuradhapura,2025-03-01,187.5,-0.3295768658303235,0.3295768658303235,FALSE,FALSE,1
688,Potatoes (imported),7835,Galenbindunuwewa,North Central,Anuradhapura,2025-04-01,187.5,0,0,FALSE,FALSE,1
688,Potatoes (imported),7835,Galenbindunuwewa,North Central,Anuradhapura,2025-05-01,NA,NA,NA,FALSE,TRUE,NA
688,Potatoes (imported),7835,Galenbindunuwewa,North Central,Anuradhapura,2025-06-01,202.75,NA,NA,FALSE,FALSE,1
688,Potatoes (imported),7835,Galenbindunuwewa,North Central,Anuradhapura,2025-07-01,204,0.6165228113440198,0.6165228113440198,FALSE,FALSE,1
688,Potatoes (imported),7835,Galenbindunuwewa,North Central,Anuradhapura,2025-08-01,198.12,-2.8823529411764683,2.8823529411764683,FALSE,FALSE,1
688,Potatoes (imported),7835,Galenbindunuwewa,North Central,Anuradhapura,2025-09-01,225.2,13.668483747223897,13.668483747223897,FALSE,FALSE,1
688,Potatoes (imported),7836,Bandarawela,Uva,Badulla,2023-06-01,208,NA,NA,FALSE,FALSE,1
688,Potatoes (imported),7836,Bandarawela,Uva,Badulla,2023-07-01,231,11.057692307692307,11.057692307692307,FALSE,FALSE,1
688,Potatoes (imported),7836,Bandarawela,Uva,Badulla,2023-08-01,208,-9.956709956709958,9.956709956709958,FALSE,FALSE,1
688,Potatoes (imported),7836,Bandarawela,Uva,Badulla,2023-09-01,203,-2.403846153846154,2.403846153846154,FALSE,FALSE,1
688,Potatoes (imported),7836,Bandarawela,Uva,Badulla,2023-10-01,199.2,-1.8719211822660156,1.8719211822660156,FALSE,FALSE,1
688,Potatoes (imported),7836,Bandarawela,Uva,Badulla,2023-11-01,198,-0.6024096385542111,0.6024096385542111,FALSE,FALSE,1
688,Potatoes (imported),7836,Bandarawela,Uva,Badulla,2023-12-01,218,10.1010101010101,10.1010101010101,FALSE,FALSE,1
688,Potatoes (imported),7836,Bandarawela,Uva,Badulla,2024-01-01,201.6,-7.522935779816517,7.522935779816517,FALSE,FALSE,1
688,Potatoes (imported),7836,Bandarawela,Uva,Badulla,2024-02-01,182,-9.72222222222222,9.72222222222222,FALSE,FALSE,1
688,Potatoes (imported),7836,Bandarawela,Uva,Badulla,2024-03-01,NA,NA,NA,FALSE,TRUE,NA
688,Potatoes (imported),7836,Bandarawela,Uva,Badulla,2024-04-01,NA,NA,NA,FALSE,TRUE,NA
688,Potatoes (imported),7836,Bandarawela,Uva,Badulla,2024-05-01,204,NA,NA,FALSE,FALSE,1
688,Potatoes (imported),7836,Bandarawela,Uva,Badulla,2024-06-01,211.25,3.553921568627451,3.553921568627451,FALSE,FALSE,1
688,Potatoes (imported),7836,Bandarawela,Uva,Badulla,2024-07-01,262.8,24.402366863905332,24.402366863905332,FALSE,FALSE,1
688,Potatoes (imported),7836,Bandarawela,Uva,Badulla,2024-08-01,234,-10.958904109589044,10.958904109589044,FALSE,FALSE,1
688,Potatoes (imported),7836,Bandarawela,Uva,Badulla,2024-09-01,220.8,-5.641025641025636,5.641025641025636,FALSE,FALSE,1
688,Potatoes (imported),7836,Bandarawela,Uva,Badulla,2024-10-01,206,-6.702898550724642,6.702898550724642,FALSE,FALSE,1
688,Potatoes (imported),7836,Bandarawela,Uva,Badulla,2024-11-01,211,2.4271844660194173,2.4271844660194173,FALSE,FALSE,1
688,Potatoes (imported),7836,Bandarawela,Uva,Badulla,2024-12-01,262.4,24.360189573459703,24.360189573459703,FALSE,FALSE,1
688,Potatoes (imported),7836,Bandarawela,Uva,Badulla,2025-01-01,219.5,-16.349085365853654,16.349085365853654,FALSE,FALSE,1
688,Potatoes (imported),7836,Bandarawela,Uva,Badulla,2025-02-01,199,-9.339407744874716,9.339407744874716,FALSE,FALSE,1
688,Potatoes (imported),7836,Bandarawela,Uva,Badulla,2025-03-01,195.6,-1.708542713567842,1.708542713567842,FALSE,FALSE,1
688,Potatoes (imported),7836,Bandarawela,Uva,Badulla,2025-04-01,195.25,-0.1789366053169705,0.1789366053169705,FALSE,FALSE,1
688,Potatoes (imported),7836,Bandarawela,Uva,Badulla,2025-05-01,230,17.797695262483995,17.797695262483995,FALSE,FALSE,1
688,Potatoes (imported),7836,Bandarawela,Uva,Badulla,2025-06-01,202.4,-11.999999999999998,11.999999999999998,FALSE,FALSE,1
688,Potatoes (imported),7836,Bandarawela,Uva,Badulla,2025-07-01,198,-2.1739130434782634,2.1739130434782634,FALSE,FALSE,1
688,Potatoes (imported),7836,Bandarawela,Uva,Badulla,2025-08-01,218,10.1010101010101,10.1010101010101,FALSE,FALSE,1
688,Potatoes (imported),7836,Bandarawela,Uva,Badulla,2025-09-01,227.6,4.40366972477064,4.40366972477064,FALSE,FALSE,1
688,Potatoes (imported),7837,Dehiattakandiya,Eastern,Ampara,2023-06-01,202.71,NA,NA,FALSE,FALSE,1
688,Potatoes (imported),7837,Dehiattakandiya,Eastern,Ampara,2023-07-01,238.67,17.739628040057216,17.739628040057216,FALSE,FALSE,1
688,Potatoes (imported),7837,Dehiattakandiya,Eastern,Ampara,2023-08-01,220.83,-7.4747559391628515,7.4747559391628515,FALSE,FALSE,1
688,Potatoes (imported),7837,Dehiattakandiya,Eastern,Ampara,2023-09-01,200,-9.432595208984292,9.432595208984292,FALSE,FALSE,1
688,Potatoes (imported),7837,Dehiattakandiya,Eastern,Ampara,2023-10-01,227.5,13.750000000000002,13.750000000000002,FALSE,FALSE,1
688,Potatoes (imported),7837,Dehiattakandiya,Eastern,Ampara,2023-11-01,207.5,-8.791208791208792,8.791208791208792,FALSE,FALSE,1
688,Potatoes (imported),7837,Dehiattakandiya,Eastern,Ampara,2023-12-01,229.58,10.640963855421692,10.640963855421692,FALSE,FALSE,1
688,Potatoes (imported),7837,Dehiattakandiya,Eastern,Ampara,2024-01-01,190.67,-16.948340447774207,16.948340447774207,FALSE,FALSE,1
688,Potatoes (imported),7837,Dehiattakandiya,Eastern,Ampara,2024-02-01,159.17,-16.520690197723816,16.520690197723816,FALSE,FALSE,1
688,Potatoes (imported),7837,Dehiattakandiya,Eastern,Ampara,2024-03-01,202.5,27.22246654520325,27.22246654520325,FALSE,FALSE,1
688,Potatoes (imported),7837,Dehiattakandiya,Eastern,Ampara,2024-04-01,190.67,-5.841975308641981,5.841975308641981,FALSE,FALSE,1
688,Potatoes (imported),7837,Dehiattakandiya,Eastern,Ampara,2024-05-01,190.83,0.08391461687734045,0.08391461687734045,FALSE,FALSE,1
688,Potatoes (imported),7837,Dehiattakandiya,Eastern,Ampara,2024-06-01,225.83,18.34093171933134,18.34093171933134,FALSE,FALSE,1
688,Potatoes (imported),7837,Dehiattakandiya,Eastern,Ampara,2024-07-01,273.33,21.033520789974748,21.033520789974748,FALSE,FALSE,1
688,Potatoes (imported),7837,Dehiattakandiya,Eastern,Ampara,2024-08-01,214.17,-21.644166392273075,21.644166392273075,FALSE,FALSE,1
688,Potatoes (imported),7837,Dehiattakandiya,Eastern,Ampara,2024-09-01,210,-1.9470514077601846,1.9470514077601846,FALSE,FALSE,1
688,Potatoes (imported),7837,Dehiattakandiya,Eastern,Ampara,2024-10-01,205,-2.380952380952381,2.380952380952381,FALSE,FALSE,1
688,Potatoes (imported),7837,Dehiattakandiya,Eastern,Ampara,2024-11-01,213.33,4.063414634146348,4.063414634146348,FALSE,FALSE,1
688,Potatoes (imported),7837,Dehiattakandiya,Eastern,Ampara,2024-12-01,265.33,24.375380865326008,24.375380865326008,FALSE,FALSE,1
688,Potatoes (imported),7837,Dehiattakandiya,Eastern,Ampara,2025-01-01,207.08,-21.95379338936418,21.95379338936418,FALSE,FALSE,1
688,Potatoes (imported),7837,Dehiattakandiya,Eastern,Ampara,2025-02-01,196.67,-5.0270426888159285,5.0270426888159285,FALSE,FALSE,1
688,Potatoes (imported),7837,Dehiattakandiya,Eastern,Ampara,2025-03-01,182.67,-7.118523414857377,7.118523414857377,FALSE,FALSE,1
688,Potatoes (imported),7837,Dehiattakandiya,Eastern,Ampara,2025-04-01,192.08,5.151365850988135,5.151365850988135,FALSE,FALSE,1
688,Potatoes (imported),7837,Dehiattakandiya,Eastern,Ampara,2025-05-01,220,14.535610162432313,14.535610162432313,FALSE,FALSE,1
688,Potatoes (imported),7837,Dehiattakandiya,Eastern,Ampara,2025-06-01,191,-13.18181818181818,13.18181818181818,FALSE,FALSE,1
688,Potatoes (imported),7837,Dehiattakandiya,Eastern,Ampara,2025-07-01,198.33,3.8376963350785407,3.8376963350785407,FALSE,FALSE,1
688,Potatoes (imported),7837,Dehiattakandiya,Eastern,Ampara,2025-08-01,195,-1.6790198154590894,1.6790198154590894,FALSE,FALSE,1
688,Potatoes (imported),7837,Dehiattakandiya,Eastern,Ampara,2025-09-01,212.67,9.061538461538456,9.061538461538456,FALSE,FALSE,1
688,Potatoes (imported),7839,Keppetipola (DEC},Uva,Badulla,2023-06-01,223.75,NA,NA,FALSE,FALSE,1
688,Potatoes (imported),7839,Keppetipola (DEC},Uva,Badulla,2023-07-01,242.4,8.33519553072626,8.33519553072626,FALSE,FALSE,1
688,Potatoes (imported),7839,Keppetipola (DEC},Uva,Badulla,2023-08-01,235.5,-2.8465346534653486,2.8465346534653486,FALSE,FALSE,1
688,Potatoes (imported),7839,Keppetipola (DEC},Uva,Badulla,2023-09-01,201.5,-14.437367303609342,14.437367303609342,FALSE,FALSE,1
688,Potatoes (imported),7839,Keppetipola (DEC},Uva,Badulla,2023-10-01,213.6,6.004962779156324,6.004962779156324,FALSE,FALSE,1
688,Potatoes (imported),7839,Keppetipola (DEC},Uva,Badulla,2023-11-01,231,8.14606741573034,8.14606741573034,FALSE,FALSE,1
688,Potatoes (imported),7839,Keppetipola (DEC},Uva,Badulla,2023-12-01,264.5,14.502164502164502,14.502164502164502,FALSE,FALSE,1
688,Potatoes (imported),7839,Keppetipola (DEC},Uva,Badulla,2024-01-01,192.33,-27.285444234404533,27.285444234404533,FALSE,FALSE,1
688,Potatoes (imported),7839,Keppetipola (DEC},Uva,Badulla,2024-02-01,185,-3.811157905682947,3.811157905682947,FALSE,FALSE,1
688,Potatoes (imported),7839,Keppetipola (DEC},Uva,Badulla,2024-03-01,186.25,0.6756756756756757,0.6756756756756757,FALSE,FALSE,1
688,Potatoes (imported),7839,Keppetipola (DEC},Uva,Badulla,2024-04-01,176.5,-5.23489932885906,5.23489932885906,FALSE,FALSE,1
688,Potatoes (imported),7839,Keppetipola (DEC},Uva,Badulla,2024-05-01,190,7.64872521246459,7.64872521246459,FALSE,FALSE,1
688,Potatoes (imported),7839,Keppetipola (DEC},Uva,Badulla,2024-06-01,221.88,16.77894736842105,16.77894736842105,FALSE,FALSE,1
688,Potatoes (imported),7839,Keppetipola (DEC},Uva,Badulla,2024-07-01,290,30.701279971155582,30.701279971155582,FALSE,FALSE,1
688,Potatoes (imported),7839,Keppetipola (DEC},Uva,Badulla,2024-08-01,265.62,-8.406896551724136,8.406896551724136,FALSE,FALSE,1
688,Potatoes (imported),7839,Keppetipola (DEC},Uva,Badulla,2024-09-01,222.17,-16.357954973270093,16.357954973270093,FALSE,FALSE,1
688,Potatoes (imported),7839,Keppetipola (DEC},Uva,Badulla,2024-10-01,218.5,-1.6518881937255199,1.6518881937255199,FALSE,FALSE,1
688,Potatoes (imported),7839,Keppetipola (DEC},Uva,Badulla,2024-11-01,215.5,-1.3729977116704806,1.3729977116704806,FALSE,FALSE,1
688,Potatoes (imported),7839,Keppetipola (DEC},Uva,Badulla,2024-12-01,260.73,20.988399071925762,20.988399071925762,FALSE,FALSE,1
688,Potatoes (imported),7839,Keppetipola (DEC},Uva,Badulla,2025-01-01,260,-0.2799831243048434,0.2799831243048434,FALSE,FALSE,1
688,Potatoes (imported),7839,Keppetipola (DEC},Uva,Badulla,2025-02-01,235.62,-9.376923076923076,9.376923076923076,FALSE,FALSE,1
688,Potatoes (imported),7839,Keppetipola (DEC},Uva,Badulla,2025-03-01,211.5,-10.236822001527885,10.236822001527885,FALSE,FALSE,1
688,Potatoes (imported),7839,Keppetipola (DEC},Uva,Badulla,2025-04-01,223.12,5.494089834515369,5.494089834515369,FALSE,FALSE,1
688,Potatoes (imported),7839,Keppetipola (DEC},Uva,Badulla,2025-05-01,243.44,9.107206884187878,9.107206884187878,FALSE,FALSE,1
688,Potatoes (imported),7839,Keppetipola (DEC},Uva,Badulla,2025-06-01,210,-13.736444298389747,13.736444298389747,FALSE,FALSE,1
688,Potatoes (imported),7839,Keppetipola (DEC},Uva,Badulla,2025-07-01,193.12,-8.038095238095236,8.038095238095236,FALSE,FALSE,1
688,Potatoes (imported),7839,Keppetipola (DEC},Uva,Badulla,2025-08-01,195.21,1.082228666114335,1.082228666114335,FALSE,FALSE,1
688,Potatoes (imported),7839,Keppetipola (DEC},Uva,Badulla,2025-09-01,202.83,3.9034885507914576,3.9034885507914576,FALSE,FALSE,1
688,Potatoes (imported),7840,Hanguranketha,Central,Nuwara Eliya,2023-06-01,199.11,NA,NA,FALSE,FALSE,1
688,Potatoes (imported),7840,Hanguranketha,Central,Nuwara Eliya,2023-07-01,232.8,16.920295314147957,16.920295314147957,FALSE,FALSE,1
688,Potatoes (imported),7840,Hanguranketha,Central,Nuwara Eliya,2023-08-01,218,-6.357388316151208,6.357388316151208,FALSE,FALSE,1
688,Potatoes (imported),7840,Hanguranketha,Central,Nuwara Eliya,2023-09-01,203.55,-6.628440366972471,6.628440366972471,FALSE,FALSE,1
688,Potatoes (imported),7840,Hanguranketha,Central,Nuwara Eliya,2023-10-01,200.43,-1.5327929255711148,1.5327929255711148,FALSE,FALSE,1
688,Potatoes (imported),7840,Hanguranketha,Central,Nuwara Eliya,2023-11-01,208.19,3.8716758968218286,3.8716758968218286,FALSE,FALSE,1
688,Potatoes (imported),7840,Hanguranketha,Central,Nuwara Eliya,2023-12-01,218.12,4.769681540900143,4.769681540900143,FALSE,FALSE,1
688,Potatoes (imported),7840,Hanguranketha,Central,Nuwara Eliya,2024-01-01,188.77,-13.455895837153859,13.455895837153859,FALSE,FALSE,1
688,Potatoes (imported),7840,Hanguranketha,Central,Nuwara Eliya,2024-02-01,167.25,-11.400116543942367,11.400116543942367,FALSE,FALSE,1
688,Potatoes (imported),7840,Hanguranketha,Central,Nuwara Eliya,2024-03-01,209.5,25.26158445440957,25.26158445440957,FALSE,FALSE,1
688,Potatoes (imported),7840,Hanguranketha,Central,Nuwara Eliya,2024-04-01,178.8,-14.653937947494027,14.653937947494027,FALSE,FALSE,1
688,Potatoes (imported),7840,Hanguranketha,Central,Nuwara Eliya,2024-05-01,194.25,8.640939597315429,8.640939597315429,FALSE,FALSE,1
688,Potatoes (imported),7840,Hanguranketha,Central,Nuwara Eliya,2024-06-01,213,9.652509652509652,9.652509652509652,FALSE,FALSE,1
688,Potatoes (imported),7840,Hanguranketha,Central,Nuwara Eliya,2024-07-01,268.95,26.26760563380281,26.26760563380281,FALSE,FALSE,1
688,Potatoes (imported),7840,Hanguranketha,Central,Nuwara Eliya,2024-08-01,220.94,-17.850901654582636,17.850901654582636,FALSE,FALSE,1
688,Potatoes (imported),7840,Hanguranketha,Central,Nuwara Eliya,2024-09-01,200.8,-9.115596994659178,9.115596994659178,FALSE,FALSE,1
688,Potatoes (imported),7840,Hanguranketha,Central,Nuwara Eliya,2024-10-01,192.72,-4.023904382470126,4.023904382470126,FALSE,FALSE,1
688,Potatoes (imported),7840,Hanguranketha,Central,Nuwara Eliya,2024-11-01,202.42,5.033208800332082,5.033208800332082,FALSE,FALSE,1
688,Potatoes (imported),7840,Hanguranketha,Central,Nuwara Eliya,2024-12-01,256.25,26.593222013635025,26.593222013635025,FALSE,FALSE,1
688,Potatoes (imported),7840,Hanguranketha,Central,Nuwara Eliya,2025-01-01,207.83,-18.895609756097556,18.895609756097556,FALSE,FALSE,1
688,Potatoes (imported),7840,Hanguranketha,Central,Nuwara Eliya,2025-02-01,184.21,-11.365057980079875,11.365057980079875,FALSE,FALSE,1
688,Potatoes (imported),7840,Hanguranketha,Central,Nuwara Eliya,2025-03-01,181.8,-1.308289452255576,1.308289452255576,FALSE,FALSE,1
688,Potatoes (imported),7840,Hanguranketha,Central,Nuwara Eliya,2025-04-01,188.75,3.8228822882288163,3.8228822882288163,FALSE,FALSE,1
688,Potatoes (imported),7840,Hanguranketha,Central,Nuwara Eliya,2025-05-01,200,5.960264900662252,5.960264900662252,FALSE,FALSE,1
688,Potatoes (imported),7840,Hanguranketha,Central,Nuwara Eliya,2025-06-01,NA,NA,NA,FALSE,TRUE,NA
688,Potatoes (imported),7840,Hanguranketha,Central,Nuwara Eliya,2025-07-01,NA,NA,NA,FALSE,TRUE,NA
688,Potatoes (imported),7840,Hanguranketha,Central,Nuwara Eliya,2025-08-01,189,NA,NA,FALSE,FALSE,1
688,Potatoes (imported),7840,Hanguranketha,Central,Nuwara Eliya,2025-09-01,211,11.64021164021164,11.64021164021164,FALSE,FALSE,1
688,Potatoes (imported),7841,Meegoda(DEC),Western,Colombo,2023-06-01,192.75,NA,NA,FALSE,FALSE,1
688,Potatoes (imported),7841,Meegoda(DEC),Western,Colombo,2023-07-01,230.67,19.673151750972757,19.673151750972757,FALSE,FALSE,1
688,Potatoes (imported),7841,Meegoda(DEC),Western,Colombo,2023-08-01,211,-8.527333420037278,8.527333420037278,FALSE,FALSE,1
688,Potatoes (imported),7841,Meegoda(DEC),Western,Colombo,2023-09-01,192.25,-8.886255924170616,8.886255924170616,FALSE,FALSE,1
688,Potatoes (imported),7841,Meegoda(DEC),Western,Colombo,2023-10-01,204,6.11183355006502,6.11183355006502,FALSE,FALSE,1
688,Potatoes (imported),7841,Meegoda(DEC),Western,Colombo,2023-11-01,199.38,-2.2647058823529433,2.2647058823529433,FALSE,FALSE,1
688,Potatoes (imported),7841,Meegoda(DEC),Western,Colombo,2023-12-01,215.5,8.085063697462134,8.085063697462134,FALSE,FALSE,1
688,Potatoes (imported),7841,Meegoda(DEC),Western,Colombo,2024-01-01,190.8,-11.461716937354984,11.461716937354984,FALSE,FALSE,1
688,Potatoes (imported),7841,Meegoda(DEC),Western,Colombo,2024-02-01,163.25,-14.4392033542977,14.4392033542977,FALSE,FALSE,1
688,Potatoes (imported),7841,Meegoda(DEC),Western,Colombo,2024-03-01,198,21.286370597243494,21.286370597243494,FALSE,FALSE,1
688,Potatoes (imported),7841,Meegoda(DEC),Western,Colombo,2024-04-01,184,-7.07070707070707,7.07070707070707,FALSE,FALSE,1
688,Potatoes (imported),7841,Meegoda(DEC),Western,Colombo,2024-05-01,196.5,6.7934782608695645,6.7934782608695645,FALSE,FALSE,1
688,Potatoes (imported),7841,Meegoda(DEC),Western,Colombo,2024-06-01,216.5,10.178117048346055,10.178117048346055,FALSE,FALSE,1
688,Potatoes (imported),7841,Meegoda(DEC),Western,Colombo,2024-07-01,273.4,26.28175519630484,26.28175519630484,FALSE,FALSE,1
688,Potatoes (imported),7841,Meegoda(DEC),Western,Colombo,2024-08-01,228.62,-16.378931967812722,16.378931967812722,FALSE,FALSE,1
688,Potatoes (imported),7841,Meegoda(DEC),Western,Colombo,2024-09-01,213.2,-6.744816726445638,6.744816726445638,FALSE,FALSE,1
688,Potatoes (imported),7841,Meegoda(DEC),Western,Colombo,2024-10-01,206.5,-3.1425891181988694,3.1425891181988694,FALSE,FALSE,1
688,Potatoes (imported),7841,Meegoda(DEC),Western,Colombo,2024-11-01,222,7.506053268765134,7.506053268765134,FALSE,FALSE,1
688,Potatoes (imported),7841,Meegoda(DEC),Western,Colombo,2024-12-01,269.87,21.563063063063066,21.563063063063066,FALSE,FALSE,1
688,Potatoes (imported),7841,Meegoda(DEC),Western,Colombo,2025-01-01,211.5,-21.628932448956906,21.628932448956906,FALSE,FALSE,1
688,Potatoes (imported),7841,Meegoda(DEC),Western,Colombo,2025-02-01,197.5,-6.619385342789598,6.619385342789598,FALSE,FALSE,1
688,Potatoes (imported),7841,Meegoda(DEC),Western,Colombo,2025-03-01,195.3,-1.1139240506329058,1.1139240506329058,FALSE,FALSE,1
688,Potatoes (imported),7841,Meegoda(DEC),Western,Colombo,2025-04-01,204,4.454685099846384,4.454685099846384,FALSE,FALSE,1
688,Potatoes (imported),7841,Meegoda(DEC),Western,Colombo,2025-05-01,245,20.098039215686274,20.098039215686274,FALSE,FALSE,1
688,Potatoes (imported),7841,Meegoda(DEC),Western,Colombo,2025-06-01,206.8,-15.591836734693873,15.591836734693873,FALSE,FALSE,1
688,Potatoes (imported),7841,Meegoda(DEC),Western,Colombo,2025-07-01,215,3.965183752417789,3.965183752417789,FALSE,FALSE,1
688,Potatoes (imported),7841,Meegoda(DEC),Western,Colombo,2025-08-01,225,4.651162790697675,4.651162790697675,FALSE,FALSE,1
688,Potatoes (imported),7841,Meegoda(DEC),Western,Colombo,2025-09-01,224.4,-0.26666666666666416,0.26666666666666416,FALSE,FALSE,1
688,Potatoes (imported),7842,Nikaweratiya,North Western,Kurunegala,2023-06-01,195.62,NA,NA,FALSE,FALSE,1
688,Potatoes (imported),7842,Nikaweratiya,North Western,Kurunegala,2023-07-01,232.75,18.980676822410793,18.980676822410793,FALSE,FALSE,1
688,Potatoes (imported),7842,Nikaweratiya,North Western,Kurunegala,2023-08-01,225.62,-3.063372717508054,3.063372717508054,FALSE,FALSE,1
688,Potatoes (imported),7842,Nikaweratiya,North Western,Kurunegala,2023-09-01,210,-6.923145111249005,6.923145111249005,FALSE,FALSE,1
688,Potatoes (imported),7842,Nikaweratiya,North Western,Kurunegala,2023-10-01,204.53,-2.6047619047619044,2.6047619047619044,FALSE,FALSE,1
688,Potatoes (imported),7842,Nikaweratiya,North Western,Kurunegala,2023-11-01,210.12,2.733095389429425,2.733095389429425,FALSE,FALSE,1
688,Potatoes (imported),7842,Nikaweratiya,North Western,Kurunegala,2023-12-01,225.67,7.400533028745471,7.400533028745471,FALSE,FALSE,1
688,Potatoes (imported),7842,Nikaweratiya,North Western,Kurunegala,2024-01-01,186.37,-17.41480923472326,17.41480923472326,FALSE,FALSE,1
688,Potatoes (imported),7842,Nikaweratiya,North Western,Kurunegala,2024-02-01,189.5,1.6794548478832403,1.6794548478832403,FALSE,FALSE,1
688,Potatoes (imported),7842,Nikaweratiya,North Western,Kurunegala,2024-03-01,205.62,8.506596306068603,8.506596306068603,FALSE,FALSE,1
688,Potatoes (imported),7842,Nikaweratiya,North Western,Kurunegala,2024-04-01,179.2,-12.84894465518919,12.84894465518919,FALSE,FALSE,1
688,Potatoes (imported),7842,Nikaweratiya,North Western,Kurunegala,2024-05-01,196.25,9.514508928571436,9.514508928571436,FALSE,FALSE,1
688,Potatoes (imported),7842,Nikaweratiya,North Western,Kurunegala,2024-06-01,NA,NA,NA,FALSE,TRUE,NA
688,Potatoes (imported),7842,Nikaweratiya,North Western,Kurunegala,2024-07-01,280.1,NA,NA,FALSE,FALSE,1
688,Potatoes (imported),7842,Nikaweratiya,North Western,Kurunegala,2024-08-01,221.75,-20.83184576936809,20.83184576936809,FALSE,FALSE,1
688,Potatoes (imported),7842,Nikaweratiya,North Western,Kurunegala,2024-09-01,214.13,-3.4363021420518622,3.4363021420518622,FALSE,FALSE,1
688,Potatoes (imported),7842,Nikaweratiya,North Western,Kurunegala,2024-10-01,216.5,1.1068042777751854,1.1068042777751854,FALSE,FALSE,1
688,Potatoes (imported),7842,Nikaweratiya,North Western,Kurunegala,2024-11-01,223.5,3.233256351039261,3.233256351039261,FALSE,FALSE,1
688,Potatoes (imported),7842,Nikaweratiya,North Western,Kurunegala,2024-12-01,276.5,23.713646532438478,23.713646532438478,FALSE,FALSE,1
688,Potatoes (imported),7842,Nikaweratiya,North Western,Kurunegala,2025-01-01,NA,NA,NA,FALSE,TRUE,NA
688,Potatoes (imported),7842,Nikaweratiya,North Western,Kurunegala,2025-02-01,NA,NA,NA,FALSE,TRUE,NA
688,Potatoes (imported),7842,Nikaweratiya,North Western,Kurunegala,2025-03-01,182.17,NA,NA,FALSE,FALSE,1
688,Potatoes (imported),7842,Nikaweratiya,North Western,Kurunegala,2025-04-01,188,3.200307405171001,3.200307405171001,FALSE,FALSE,1
688,Potatoes (imported),7842,Nikaweratiya,North Western,Kurunegala,2025-05-01,217,15.425531914893616,15.425531914893616,FALSE,FALSE,1
688,Potatoes (imported),7842,Nikaweratiya,North Western,Kurunegala,2025-06-01,194.15,-10.529953917050689,10.529953917050689,FALSE,FALSE,1
688,Potatoes (imported),7842,Nikaweratiya,North Western,Kurunegala,2025-07-01,201.75,3.9144990986350727,3.9144990986350727,FALSE,FALSE,1
688,Potatoes (imported),7842,Nikaweratiya,North Western,Kurunegala,2025-08-01,208.75,3.469640644361834,3.469640644361834,FALSE,FALSE,1
688,Potatoes (imported),7842,Nikaweratiya,North Western,Kurunegala,2025-09-01,213.55,2.299401197604796,2.299401197604796,FALSE,FALSE,1
688,Potatoes (imported),7843,Mullativu,Northern,Mullattivu,2023-06-01,213.5,NA,NA,FALSE,FALSE,1
688,Potatoes (imported),7843,Mullativu,Northern,Mullattivu,2023-07-01,237.2,11.100702576112406,11.100702576112406,FALSE,FALSE,1
688,Potatoes (imported),7843,Mullativu,Northern,Mullattivu,2023-08-01,239,0.7588532883642544,0.7588532883642544,FALSE,FALSE,1
688,Potatoes (imported),7843,Mullativu,Northern,Mullattivu,2023-09-01,222,-7.112970711297072,7.112970711297072,FALSE,FALSE,1
688,Potatoes (imported),7843,Mullativu,Northern,Mullattivu,2023-10-01,NA,NA,NA,FALSE,TRUE,NA
688,Potatoes (imported),7843,Mullativu,Northern,Mullattivu,2023-11-01,NA,NA,NA,FALSE,TRUE,NA
688,Potatoes (imported),7843,Mullativu,Northern,Mullattivu,2023-12-01,NA,NA,NA,FALSE,TRUE,NA
688,Potatoes (imported),7843,Mullativu,Northern,Mullattivu,2024-01-01,NA,NA,NA,FALSE,TRUE,NA
688,Potatoes (imported),7843,Mullativu,Northern,Mullattivu,2024-02-01,NA,NA,NA,FALSE,TRUE,NA
688,Potatoes (imported),7843,Mullativu,Northern,Mullattivu,2024-03-01,NA,NA,NA,FALSE,TRUE,NA
688,Potatoes (imported),7843,Mullativu,Northern,Mullattivu,2024-04-01,NA,NA,NA,FALSE,TRUE,NA
688,Potatoes (imported),7843,Mullativu,Northern,Mullattivu,2024-05-01,210.33,NA,NA,FALSE,FALSE,1
688,Potatoes (imported),7843,Mullativu,Northern,Mullattivu,2024-06-01,202.17,-3.8796177435458685,3.8796177435458685,FALSE,FALSE,1
688,Potatoes (imported),7843,Mullativu,Northern,Mullattivu,2024-07-01,278,37.50803778997874,37.50803778997874,FALSE,FALSE,1
688,Potatoes (imported),7843,Mullativu,Northern,Mullattivu,2024-08-01,243.5,-12.410071942446043,12.410071942446043,FALSE,FALSE,1
688,Potatoes (imported),7843,Mullativu,Northern,Mullattivu,2024-09-01,206.5,-15.195071868583163,15.195071868583163,FALSE,FALSE,1
688,Potatoes (imported),7843,Mullativu,Northern,Mullattivu,2024-10-01,229.5,11.138014527845035,11.138014527845035,FALSE,FALSE,1
688,Potatoes (imported),7843,Mullativu,Northern,Mullattivu,2024-11-01,226.5,-1.3071895424836601,1.3071895424836601,FALSE,FALSE,1
688,Potatoes (imported),7843,Mullativu,Northern,Mullattivu,2024-12-01,255.5,12.803532008830022,12.803532008830022,FALSE,FALSE,1
688,Potatoes (imported),7843,Mullativu,Northern,Mullattivu,2025-01-01,205,-19.765166340508806,19.765166340508806,FALSE,FALSE,1
688,Potatoes (imported),7843,Mullativu,Northern,Mullattivu,2025-02-01,209.5,2.195121951219512,2.195121951219512,FALSE,FALSE,1
688,Potatoes (imported),7843,Mullativu,Northern,Mullattivu,2025-03-01,207.2,-1.0978520286396236,1.0978520286396236,FALSE,FALSE,1
688,Potatoes (imported),7843,Mullativu,Northern,Mullattivu,2025-04-01,206,-0.5791505791505737,0.5791505791505737,FALSE,FALSE,1
688,Potatoes (imported),7843,Mullativu,Northern,Mullattivu,2025-05-01,219.5,6.553398058252427,6.553398058252427,FALSE,FALSE,1
688,Potatoes (imported),7843,Mullativu,Northern,Mullattivu,2025-06-01,192.8,-12.164009111617306,12.164009111617306,FALSE,FALSE,1
688,Potatoes (imported),7843,Mullativu,Northern,Mullattivu,2025-07-01,197.5,2.437759336099579,2.437759336099579,FALSE,FALSE,1
688,Potatoes (imported),7843,Mullativu,Northern,Mullattivu,2025-08-01,193.56,-1.9949367088607581,1.9949367088607581,FALSE,FALSE,1
688,Potatoes (imported),7843,Mullativu,Northern,Mullattivu,2025-09-01,214.4,10.76668733209341,10.76668733209341,FALSE,FALSE,1
