commodity_id,commodity,market_id,market,admin1,admin2,date,price,monthly_change_pct,absolute_change_pct,log_price,log_change,lag_change_1,rolling_volatility_3m,mean_absolute_change_3m,month_of_year,target_month,next_absolute_change_pct,next_large_change,has_sufficient_history,is_inference_only,spike_flag,month_inserted,split
108,Lentils,360,Ampara,Eastern,Ampara,2023-06-01,287.35,NA,NA,5.660700984953751,NA,NA,NA,NA,6,6,1.3119888637550159,FALSE,TRUE,FALSE,FALSE,FALSE,train
108,Lentils,360,Ampara,Eastern,Ampara,2023-07-01,283.58,-1.3119888637550159,1.3119888637550159,5.647494270309412,-0.013206714644338646,NA,NA,NA,7,7,4.224557444107489,FALSE,TRUE,FALSE,FALSE,FALSE,train
108,Lentils,360,Ampara,Eastern,Ampara,2023-08-01,295.56,4.224557444107489,4.224557444107489,5.688871861920447,0.0413775916110346,-1.3119888637550159,3.91492943864292,2.7682731539312524,8,8,7.389362565976442,FALSE,TRUE,FALSE,FALSE,FALSE,train
108,Lentils,360,Ampara,Eastern,Ampara,2023-09-01,317.4,7.389362565976442,7.389362565976442,5.760162808092309,0.07129094617186205,4.224557444107489,4.404218681790668,4.308636291279649,9,9,4.06427221172022,FALSE,TRUE,FALSE,FALSE,FALSE,train
108,Lentils,360,Ampara,Eastern,Ampara,2023-10-01,304.5,-4.06427221172022,4.06427221172022,5.718671087149952,-0.04149172094235709,7.389362565976442,5.914761732924375,5.226064073934717,10,10,0.7454844006568084,FALSE,TRUE,FALSE,FALSE,FALSE,train
108,Lentils,360,Ampara,Eastern,Ampara,2023-11-01,306.77,0.7454844006568084,0.7454844006568084,5.726098281139616,0.0074271939896641825,-4.06427221172022,5.7512408134647774,4.0663730594511565,11,11,2.1384098836261702,FALSE,TRUE,FALSE,FALSE,FALSE,train
108,Lentils,360,Ampara,Eastern,Ampara,2023-12-01,313.33,2.1384098836261702,2.1384098836261702,5.74725694824148,0.021158667101864204,0.7454844006568084,3.2544140600969595,2.316055498667733,12,12,0.2648964350684531,FALSE,TRUE,FALSE,FALSE,FALSE,train
108,Lentils,360,Ampara,Eastern,Ampara,2024-01-01,312.5,-0.2648964350684531,0.2648964350684531,5.744604469176457,-0.0026524790650235275,2.1384098836261702,1.20671676432264,1.0495969064504773,1,1,0.3007999999999993,FALSE,TRUE,FALSE,FALSE,FALSE,train
108,Lentils,360,Ampara,Eastern,Ampara,2024-02-01,311.56,-0.3007999999999993,0.3007999999999993,5.741591936051748,-0.0030125331247088383,-0.2648964350684531,1.398029278653341,0.9013687728982076,2,2,2.006034150725382,FALSE,TRUE,FALSE,FALSE,FALSE,train
108,Lentils,360,Ampara,Eastern,Ampara,2024-03-01,305.31,-2.006034150725382,2.006034150725382,5.72132765387195,-0.02026428217979781,-0.3007999999999993,0.9950438114021194,0.8572435285979448,3,3,3.566866463594375,FALSE,TRUE,FALSE,FALSE,FALSE,train
108,Lentils,360,Ampara,Eastern,Ampara,2024-04-01,294.42,-3.566866463594375,3.566866463594375,5.685007319329867,-0.03632033454208283,-2.006034150725382,1.633565178901246,1.957900204773252,4,4,0.3532368724950627,FALSE,TRUE,FALSE,FALSE,FALSE,train
108,Lentils,360,Ampara,Eastern,Ampara,2024-05-01,295.46,0.3532368724950627,0.3532368724950627,5.688533463893462,0.0035261445635947908,-3.566866463594375,1.9735571706744461,1.9753791622716066,5,5,0,FALSE,TRUE,FALSE,FALSE,FALSE,train
108,Lentils,360,Ampara,Eastern,Ampara,2024-06-01,295.46,0,0,5.688533463893462,0,0.3532368724950627,2.1685065069006932,1.3067011120298127,6,6,0.11845935151967196,FALSE,TRUE,FALSE,FALSE,FALSE,train
108,Lentils,360,Ampara,Eastern,Ampara,2024-07-01,295.81,0.11845935151967196,0.11845935151967196,5.689717356331367,0.0011838924379050653,0,0.17978199316946086,0.1572320746715782,7,7,0.03718603157432596,FALSE,TRUE,FALSE,FALSE,FALSE,train
108,Lentils,360,Ampara,Eastern,Ampara,2024-08-01,295.92,0.03718603157432596,0.03718603157432596,5.690089147524199,3.7179119283159423e-4,0.11845935151967196,0.06058158609352976,0.05188179436466597,8,8,6.309137604758048,FALSE,TRUE,FALSE,FALSE,FALSE,train
108,Lentils,360,Ampara,Eastern,Ampara,2024-09-01,277.25,-6.309137604758048,6.309137604758048,5.624919626230477,-0.065169521293722,0.03718603157432596,3.6877371490286674,2.154927662617349,9,9,2.658250676284943,FALSE,TRUE,FALSE,FALSE,FALSE,train
108,Lentils,360,Ampara,Eastern,Ampara,2024-10-01,284.62,2.658250676284943,2.658250676284943,5.651154957255514,0.02623533102503739,-6.309137604758048,4.610854153549176,3.001524770872439,10,10,0.5726934157824451,FALSE,TRUE,FALSE,FALSE,FALSE,train
108,Lentils,360,Ampara,Eastern,Ampara,2024-11-01,286.25,0.5726934157824451,0.5726934157824451,5.65686555486845,0.005710597612935686,2.658250676284943,4.692604107619692,3.1800272322751453,11,11,0.6917030567685654,FALSE,TRUE,FALSE,FALSE,FALSE,train
108,Lentils,360,Ampara,Eastern,Ampara,2024-12-01,284.27,-0.6917030567685654,0.6917030567685654,5.64992449075352,-0.006941064114929674,0.5726934157824451,1.691667694920866,1.3075490496119846,12,12,0.14071129559926623,FALSE,TRUE,FALSE,FALSE,FALSE,train
108,Lentils,360,Ampara,Eastern,Ampara,2025-01-01,284.67,0.14071129559926623,0.14071129559926623,5.6513306146537765,0.0014061239002565173,-0.6917030567685654,0.6426793713282631,0.4683692560500923,1,1,1.3489303403941517,FALSE,TRUE,FALSE,FALSE,FALSE,validation
108,Lentils,360,Ampara,Eastern,Ampara,2025-02-01,280.83,-1.3489303403941517,1.3489303403941517,5.637749504051763,-0.013581110602013169,0.14071129559926623,0.7465357281085045,0.7271148975873277,2,2,2.254032688815292,FALSE,TRUE,FALSE,FALSE,FALSE,validation
108,Lentils,360,Ampara,Eastern,Ampara,2025-03-01,274.5,-2.254032688815292,2.254032688815292,5.614951260949585,-0.02279824310217826,-1.3489303403941517,1.209203678438302,1.2478914416029032,3,3,1.0309653916211234,FALSE,TRUE,FALSE,FALSE,FALSE,validation
108,Lentils,360,Ampara,Eastern,Ampara,2025-04-01,271.67,-1.0309653916211234,1.0309653916211234,5.604588094436128,-0.010363166513457145,-2.254032688815292,0.6345872127127925,1.5446428069435223,4,4,2.0723672102182777,FALSE,TRUE,FALSE,FALSE,FALSE,test
108,Lentils,360,Ampara,Eastern,Ampara,2025-05-01,266.04,-2.0723672102182777,2.0723672102182777,5.5836466734162205,-0.02094142101990748,-1.0309653916211234,0.6599764777825029,1.785788430218231,5,5,0.20297699594046775,FALSE,TRUE,FALSE,FALSE,FALSE,test
108,Lentils,360,Ampara,Eastern,Ampara,2025-06-01,265.5,-0.20297699594046775,0.20297699594046775,5.581614840681993,-0.0020318327342270237,-2.0723672102182777,0.9367232163591088,1.1021031992599564,6,6,1.3634651600753314,FALSE,TRUE,FALSE,FALSE,FALSE,test
108,Lentils,360,Ampara,Eastern,Ampara,2025-07-01,261.88,-1.3634651600753314,1.3634651600753314,5.5678863835728905,-0.013728457109102976,-0.20297699594046775,0.9437420789099473,1.2129364554113589,7,7,1.9894608217504122,FALSE,TRUE,FALSE,FALSE,FALSE,test
108,Lentils,360,Ampara,Eastern,Ampara,2025-08-01,256.67,-1.9894608217504122,1.9894608217504122,5.547791213108276,-0.020095170464614398,-1.3634651600753314,0.9064700590214093,1.185300992588737,8,8,0.5220711419332229,FALSE,TRUE,FALSE,FALSE,FALSE,test
108,Lentils,360,Ampara,Eastern,Ampara,2025-09-01,255.33,-0.5220711419332229,0.5220711419332229,5.5425568261569795,-0.005234386951296521,-1.9894608217504122,0.7363249887827316,1.2916657079196554,9,9,NA,FALSE,TRUE,TRUE,FALSE,FALSE,inference
108,Lentils,361,Batticaloa,Eastern,Batticaloa,2023-06-01,304.65,NA,NA,5.719163576694504,NA,NA,NA,NA,6,6,2.2616116855407804,FALSE,TRUE,FALSE,FALSE,FALSE,train
108,Lentils,361,Batticaloa,Eastern,Batticaloa,2023-07-01,297.76,-2.2616116855407804,2.2616116855407804,5.696287792893941,-0.0228757838005631,NA,NA,NA,7,7,5.588393336915632,FALSE,TRUE,FALSE,FALSE,FALSE,train
108,Lentils,361,Batticaloa,Eastern,Batticaloa,2023-08-01,314.4,5.588393336915632,5.588393336915632,5.7506660605550515,0.05437826766111087,-2.2616116855407804,5.5507917837273855,3.9250025112282065,8,8,4.977735368956754,FALSE,TRUE,FALSE,FALSE,FALSE,train
108,Lentils,361,Batticaloa,Eastern,Batticaloa,2023-09-01,330.05,4.977735368956754,4.977735368956754,5.79924415813478,0.04857809757972831,5.588393336915632,4.366608672297162,4.275913463804389,9,9,1.3967580669595556,FALSE,TRUE,FALSE,FALSE,FALSE,train
108,Lentils,361,Batticaloa,Eastern,Batticaloa,2023-10-01,325.44,-1.3967580669595556,1.3967580669595556,5.785178112860195,-0.01406604527458466,4.977735368956754,3.868664925902115,3.987628924277314,10,10,0.4578416912487737,FALSE,TRUE,FALSE,FALSE,FALSE,train
108,Lentils,361,Batticaloa,Eastern,Batticaloa,2023-11-01,323.95,-0.4578416912487737,0.4578416912487737,5.780589182895966,-0.004588929964229216,-1.3967580669595556,3.4414441857682982,2.277445042388361,11,11,0.4167309770026309,FALSE,TRUE,FALSE,FALSE,FALSE,train
108,Lentils,361,Batticaloa,Eastern,Batticaloa,2023-12-01,325.3,0.4167309770026309,0.4167309770026309,5.784747833479305,0.004158650583339529,-0.4578416912487737,0.9069347482225625,0.7571102450703201,12,12,0.3012603750384142,FALSE,TRUE,FALSE,FALSE,FALSE,train
108,Lentils,361,Batticaloa,Eastern,Batticaloa,2024-01-01,326.28,0.3012603750384142,0.3012603750384142,5.78775590843238,0.0030080749530743134,0.4167309770026309,0.4751222226985105,0.3919443477632729,1,1,0.9899472845408733,FALSE,TRUE,FALSE,FALSE,FALSE,train
108,Lentils,361,Batticaloa,Eastern,Batticaloa,2024-02-01,323.05,-0.9899472845408733,0.9899472845408733,5.777807110004175,-0.009948798428204952,0.3012603750384142,0.7809496795113472,0.5693128788606394,2,2,0.9905587370376068,FALSE,TRUE,FALSE,FALSE,FALSE,train
108,Lentils,361,Batticaloa,Eastern,Batticaloa,2024-03-01,319.85,-0.9905587370376068,0.9905587370376068,5.767852135896146,-0.00995497410802848,-0.9899472845408733,0.7456556636450071,0.7605887988722981,3,3,0.30326715647960834,FALSE,TRUE,FALSE,FALSE,FALSE,train
108,Lentils,361,Batticaloa,Eastern,Batticaloa,2024-04-01,318.88,-0.30326715647960834,0.30326715647960834,5.7648148564644845,-0.0030372794316617657,-0.9905587370376068,0.39663158574305507,0.7612577260193628,4,4,0.4954841946813799,FALSE,TRUE,FALSE,FALSE,FALSE,train
108,Lentils,361,Batticaloa,Eastern,Batticaloa,2024-05-01,317.3,-0.4954841946813799,0.4954841946813799,5.75984769858915,-0.004967157875334749,-0.30326715647960834,0.3545927027285907,0.5964366960661983,5,5,0,FALSE,TRUE,FALSE,FALSE,FALSE,train
108,Lentils,361,Batticaloa,Eastern,Batticaloa,2024-06-01,317.3,0,0,5.75984769858915,0,-0.4954841946813799,0.24980757432917045,0.2662504503869961,6,6,1.0400252127324334,FALSE,TRUE,FALSE,FALSE,FALSE,train
108,Lentils,361,Batticaloa,Eastern,Batticaloa,2024-07-01,314,-1.0400252127324334,1.0400252127324334,5.749392985908253,-0.010454712680896705,0,0.5202054002408211,0.5118364691379378,7,7,3.885350318471334,FALSE,TRUE,FALSE,FALSE,FALSE,train
108,Lentils,361,Batticaloa,Eastern,Batticaloa,2024-08-01,301.8,-3.885350318471334,3.885350318471334,5.709764546333749,-0.03962843957450435,-1.0400252127324334,2.0113624941695836,1.641791843734589,8,8,1.424784625579858,FALSE,TRUE,FALSE,FALSE,FALSE,train
108,Lentils,361,Batticaloa,Eastern,Batticaloa,2024-12-01,297.5,-1.424784625579858,1.424784625579858,5.695414224985685,-0.014350321348064021,-3.885350318471334,1.5437129640446594,2.1167200522612086,12,12,1.2605042016806722,FALSE,TRUE,FALSE,FALSE,FALSE,train
108,Lentils,361,Batticaloa,Eastern,Batticaloa,2025-01-01,293.75,-1.2605042016806722,1.2605042016806722,5.682729065458369,-0.012685159527316081,-1.424784625579858,1.4703281223104603,2.190213048577288,1,1,0.425531914893617,FALSE,TRUE,FALSE,FALSE,FALSE,validation
108,Lentils,361,Batticaloa,Eastern,Batticaloa,2025-02-01,292.5,-0.425531914893617,0.425531914893617,5.678464666671911,-0.004264398786457235,-1.2605042016806722,0.5358284484784132,1.0369402473847158,2,2,1.623931623931624,FALSE,TRUE,FALSE,FALSE,FALSE,validation
108,Lentils,361,Batticaloa,Eastern,Batticaloa,2025-03-01,287.75,-1.623931623931624,1.623931623931624,5.662092047601992,-0.01637261906991938,-0.425531914893617,0.6144672589011226,1.1033225801686377,3,3,0.5212858384013901,FALSE,TRUE,FALSE,FALSE,FALSE,validation
108,Lentils,361,Batticaloa,Eastern,Batticaloa,2025-04-01,286.25,-0.5212858384013901,0.5212858384013901,5.65686555486845,-0.005226492733542365,-1.623931623931624,0.6659777780122871,0.8569164590755437,4,4,2.6200873362445414,FALSE,TRUE,FALSE,FALSE,FALSE,test
108,Lentils,361,Batticaloa,Eastern,Batticaloa,2025-06-01,293.75,2.6200873362445414,2.6200873362445414,5.682729065458369,0.02586351058991898,-0.5212858384013901,2.20211073310235,1.5884349328591851,6,6,5.426382978723404,FALSE,TRUE,FALSE,FALSE,FALSE,test
108,Lentils,361,Batticaloa,Eastern,Batticaloa,2025-07-01,277.81,-5.426382978723404,5.426382978723404,5.626937426792593,-0.05579163866577552,2.6200873362445414,4.055323413079829,2.8559187177897787,7,7,2.5880997804254697,FALSE,TRUE,FALSE,FALSE,FALSE,test
108,Lentils,361,Batticaloa,Eastern,Batticaloa,2025-08-01,285,2.5880997804254697,2.5880997804254697,5.652489180268651,0.025551753476057648,-5.426382978723404,4.636425376481364,3.544856698464472,8,8,2.1052631578947367,FALSE,TRUE,FALSE,FALSE,FALSE,test
108,Lentils,361,Batticaloa,Eastern,Batticaloa,2025-09-01,291,2.1052631578947367,2.1052631578947367,5.673323267171493,0.020834086902842053,2.5880997804254697,4.4942696593919536,3.3732486390145366,9,9,NA,FALSE,TRUE,TRUE,FALSE,FALSE,inference
108,Lentils,362,Jaffna,Northern,Jaffna,2023-06-01,293.96,NA,NA,5.683443703660671,NA,NA,NA,NA,6,6,3.6161382501020536,FALSE,TRUE,FALSE,FALSE,FALSE,train
108,Lentils,362,Jaffna,Northern,Jaffna,2023-07-01,283.33,-3.6161382501020536,3.6161382501020536,5.646612296041165,-0.03683140761950554,NA,NA,NA,7,7,2.9435640419299163,FALSE,TRUE,FALSE,FALSE,FALSE,train
108,Lentils,362,Jaffna,Northern,Jaffna,2023-08-01,291.67,2.9435640419299163,2.9435640419299163,5.675623026195628,0.02901073015446265,-3.6161382501020536,4.638409973260744,3.279851146015985,8,8,0.826276271128319,FALSE,TRUE,FALSE,FALSE,FALSE,train
108,Lentils,362,Jaffna,Northern,Jaffna,2023-09-01,294.08,0.826276271128319,0.826276271128319,5.683851839167322,0.00822881297169431,2.9435640419299163,3.347826370520479,2.461992854386763,9,9,11.73830250272036,TRUE,TRUE,FALSE,FALSE,FALSE,train
108,Lentils,362,Jaffna,Northern,Jaffna,2023-10-01,328.6,11.73830250272036,11.73830250272036,5.794841205603168,0.11098936643584612,0.826276271128319,5.7865166346292405,5.169380938592865,10,10,2.3128423615337863,FALSE,TRUE,FALSE,FALSE,FALSE,train
108,Lentils,362,Jaffna,Northern,Jaffna,2023-11-01,321,-2.3128423615337863,2.3128423615337863,5.771441123130016,-0.023400082473152395,11.73830250272036,7.375195525827715,4.959140378460822,11,11,1.0124610591900312,FALSE,TRUE,FALSE,FALSE,FALSE,train
108,Lentils,362,Jaffna,Northern,Jaffna,2023-12-01,317.75,-1.0124610591900312,1.0124610591900312,5.761264910069563,-0.010176213060452355,-2.3128423615337863,7.764316185167057,5.021201974481393,12,12,0.17309205350118376,FALSE,TRUE,FALSE,FALSE,FALSE,train
108,Lentils,362,Jaffna,Northern,Jaffna,2024-01-01,317.2,-0.17309205350118376,0.17309205350118376,5.7595324897606925,-0.0017324203088708856,-1.0124610591900312,1.078120528197253,1.166131824741667,1,1,0.06305170239596111,FALSE,TRUE,FALSE,FALSE,FALSE,train
108,Lentils,362,Jaffna,Northern,Jaffna,2024-02-01,317,-0.06305170239596111,0.06305170239596111,5.75890177387728,-6.307158834122362e-4,-0.17309205350118376,0.5192987793410416,0.4162016050290587,2,2,0.7097791798107256,FALSE,TRUE,FALSE,FALSE,FALSE,train
108,Lentils,362,Jaffna,Northern,Jaffna,2024-03-01,319.25,0.7097791798107256,0.7097791798107256,5.765974494912649,0.007072721035368268,-0.06305170239596111,0.48111642145697925,0.31530764523595683,3,3,0.07830853563038372,FALSE,TRUE,FALSE,FALSE,FALSE,train
108,Lentils,362,Jaffna,Northern,Jaffna,2024-04-01,319,-0.07830853563038372,0.07830853563038372,5.765191102784844,-7.833921278042055e-4,0.7097791798107256,0.45066295437608644,0.2837131392790235,4,4,0.6269592476489029,FALSE,TRUE,FALSE,FALSE,FALSE,train
108,Lentils,362,Jaffna,Northern,Jaffna,2024-05-01,317,-0.6269592476489029,0.6269592476489029,5.75890177387728,-0.006289328907564062,-0.07830853563038372,0.6719337113231303,0.47168232103000407,5,5,0.6309148264984227,FALSE,TRUE,FALSE,FALSE,FALSE,train
108,Lentils,362,Jaffna,Northern,Jaffna,2024-06-01,315,-0.6309148264984227,0.6309148264984227,5.752572638825633,-0.006329135051647228,-0.6269592476489029,0.3179116656948893,0.4453942032592364,6,6,0.3968253968253968,FALSE,TRUE,FALSE,FALSE,FALSE,train
108,Lentils,362,Jaffna,Northern,Jaffna,2024-07-01,313.75,-0.3968253968253968,0.3968253968253968,5.748596490445994,-0.003976148379639,-0.6309148264984227,0.13402431183901736,0.5515664903242408,7,7,2.0717131474103585,FALSE,TRUE,FALSE,FALSE,FALSE,train
108,Lentils,362,Jaffna,Northern,Jaffna,2024-08-01,307.25,-2.0717131474103585,2.0717131474103585,5.7276617484461445,-0.02093474199984957,-0.3968253968253968,0.9070048364155185,1.0331511235780593,8,8,5.614320585842148,FALSE,TRUE,FALSE,FALSE,FALSE,train
108,Lentils,362,Jaffna,Northern,Jaffna,2024-09-01,290,-5.614320585842148,5.614320585842148,5.66988092298052,-0.05778082546562491,-2.0717131474103585,2.663881018592508,2.6942863766926344,9,9,2.0689655172413794,FALSE,TRUE,FALSE,FALSE,FALSE,train
108,Lentils,362,Jaffna,Northern,Jaffna,2024-10-01,296,2.0689655172413794,2.0689655172413794,5.69035945432406,0.020478531343540496,-5.614320585842148,3.845520610800979,3.2516664168312954,10,10,0.5067567567567568,FALSE,TRUE,FALSE,FALSE,FALSE,train
108,Lentils,362,Jaffna,Northern,Jaffna,2024-11-01,294.5,-0.5067567567567568,0.5067567567567568,5.685279003091641,-0.005080451232418959,2.0689655172413794,3.9105506611982412,2.7300142866134283,11,11,0.7809847198641804,FALSE,TRUE,FALSE,FALSE,FALSE,train
108,Lentils,362,Jaffna,Northern,Jaffna,2024-12-01,296.8,0.7809847198641804,0.7809847198641804,5.693058511293225,0.007779508201584129,-0.5067567567567568,1.2878611388520895,1.1189023312874389,12,12,0.3200808625336889,FALSE,TRUE,FALSE,FALSE,FALSE,train
108,Lentils,362,Jaffna,Northern,Jaffna,2025-01-01,297.75,0.3200808625336889,0.3200808625336889,5.696254208235409,0.003195696942183801,0.7809847198641804,0.6524787257050212,0.5359407797182087,1,1,0.2518891687657431,FALSE,TRUE,FALSE,FALSE,FALSE,validation
108,Lentils,362,Jaffna,Northern,Jaffna,2025-02-01,297,-0.2518891687657431,0.2518891687657431,5.6937321388027,-0.002522069432709273,0.3200808625336889,0.5174312437770998,0.45098491705453747,2,2,0.16835016835016836,FALSE,TRUE,FALSE,FALSE,FALSE,validation
108,Lentils,362,Jaffna,Northern,Jaffna,2025-03-01,296.5,-0.16835016835016836,0.16835016835016836,5.69204721843778,-0.0016849203649194067,-0.2518891687657431,0.30894804126944875,0.2467733998832001,3,3,8.600337268128161,FALSE,TRUE,FALSE,FALSE,FALSE,validation
108,Lentils,362,Jaffna,Northern,Jaffna,2025-06-01,271,-8.600337268128161,8.600337268128161,5.602118820879701,-0.08992839755807935,-0.16835016835016836,4.8442744706708645,3.0068588684146906,6,6,3.2287822878228782,FALSE,TRUE,FALSE,FALSE,FALSE,test
108,Lentils,362,Jaffna,Northern,Jaffna,2025-07-01,262.25,-3.2287822878228782,3.2287822878228782,5.569298247276406,-0.03282057360329471,-8.600337268128161,4.26845510919281,3.999156574767069,7,7,3.145853193517636,FALSE,TRUE,FALSE,FALSE,FALSE,test
108,Lentils,362,Jaffna,Northern,Jaffna,2025-08-01,254,-3.145853193517636,3.145853193517636,5.537334267018537,-0.03196398025786973,-3.2287822878228782,3.125483340255941,4.9916575831562255,8,8,0.15748031496063217,FALSE,TRUE,FALSE,FALSE,FALSE,test
108,Lentils,362,Jaffna,Northern,Jaffna,2025-09-01,254.4,0.15748031496063217,0.15748031496063217,5.538907831465967,0.0015735644474306199,-3.145853193517636,1.9315651649171193,2.177371932100382,9,9,NA,FALSE,TRUE,TRUE,FALSE,FALSE,inference
108,Lentils,363,Kilinochchi,Northern,Kilinochchi,2023-06-01,307.75,NA,NA,5.729287765064563,NA,NA,NA,NA,6,6,3.2981316003249317,FALSE,TRUE,FALSE,FALSE,FALSE,train
108,Lentils,363,Kilinochchi,Northern,Kilinochchi,2023-07-01,297.6,-3.2981316003249317,3.2981316003249317,5.6957503029589365,-0.03353746210562658,NA,NA,NA,7,7,9.038978494623647,FALSE,TRUE,FALSE,FALSE,FALSE,train
108,Lentils,363,Kilinochchi,Northern,Kilinochchi,2023-08-01,324.5,9.038978494623647,9.038978494623647,5.782285536144145,0.0865352331852085,-3.2981316003249317,8.72365420838315,6.168555047474289,8,8,2.3882896764252695,FALSE,TRUE,FALSE,FALSE,FALSE,train
108,Lentils,363,Kilinochchi,Northern,Kilinochchi,2023-09-01,332.25,2.3882896764252695,2.3882896764252695,5.805887697593355,0.023602161449209902,9.038978494623647,6.1748324429098,4.90846659045795,9,9,2.0015048908954034,FALSE,TRUE,FALSE,FALSE,FALSE,train
108,Lentils,363,Kilinochchi,Northern,Kilinochchi,2023-10-01,325.6,-2.0015048908954034,2.0015048908954034,5.785669634128385,-0.020218063464970015,2.3882896764252695,5.558690365630338,4.4762576873147735,10,10,0.030712530712537694,FALSE,TRUE,FALSE,FALSE,FALSE,train
108,Lentils,363,Kilinochchi,Northern,Kilinochchi,2023-11-01,325.5,-0.030712530712537694,0.030712530712537694,5.785362461648624,-3.071724797605313e-4,-2.0015048908954034,2.1987075957014244,1.4735023660110702,11,11,0.38402457757296465,FALSE,TRUE,FALSE,FALSE,FALSE,train
108,Lentils,363,Kilinochchi,Northern,Kilinochchi,2023-12-01,326.75,0.38402457757296465,0.38402457757296465,5.789195352504331,0.0038328908557065944,-0.030712530712537694,1.2745443787798019,0.8054139997269686,12,12,0.01530221882173263,FALSE,TRUE,FALSE,FALSE,FALSE,train
108,Lentils,363,Kilinochchi,Northern,Kilinochchi,2024-01-01,326.8,0.01530221882173263,0.01530221882173263,5.789348362985848,1.5301048151705743e-4,0.38402457757296465,0.22733250391104595,0.14334644236907831,1,1,0.5507955936352544,FALSE,TRUE,FALSE,FALSE,FALSE,train
108,Lentils,363,Kilinochchi,Northern,Kilinochchi,2024-02-01,325,-0.5507955936352544,0.5507955936352544,5.783825182329737,-0.005523180656110682,0.01530221882173263,0.4708700570237721,0.31670746334331723,2,2,2.4615384615384617,FALSE,TRUE,FALSE,FALSE,FALSE,train
108,Lentils,363,Kilinochchi,Northern,Kilinochchi,2024-03-01,317,-2.4615384615384617,2.4615384615384617,5.75890177387728,-0.024923408452456997,-0.5507955936352544,1.2978279801523973,1.0092120913318163,3,3,0.06309148264983869,FALSE,TRUE,FALSE,FALSE,FALSE,train
108,Lentils,363,Kilinochchi,Northern,Kilinochchi,2024-04-01,317.2,0.06309148264983869,0.06309148264983869,5.7595324897606925,6.307158834122362e-4,-2.4615384615384617,1.3166594095642865,1.025141845941185,4,4,1.2767969735182887,FALSE,TRUE,FALSE,FALSE,FALSE,train
108,Lentils,363,Kilinochchi,Northern,Kilinochchi,2024-05-01,321.25,1.2767969735182887,1.2767969735182887,5.77221963620943,0.012687146448737252,0.06309148264983869,1.9070915551635772,1.2671423059021965,5,5,0,FALSE,TRUE,FALSE,FALSE,FALSE,train
108,Lentils,363,Kilinochchi,Northern,Kilinochchi,2024-06-01,321.25,0,0,5.77221963620943,0,1.2767969735182887,0.7196378794612192,0.4466294853893758,6,6,1.883268482490276,FALSE,TRUE,FALSE,FALSE,FALSE,train
108,Lentils,363,Kilinochchi,Northern,Kilinochchi,2024-07-01,315.2,-1.883268482490276,1.883268482490276,5.753207357983724,-0.019012278225705614,0,1.5897025075458462,1.0533551520028548,7,7,3.4739847715736007,FALSE,TRUE,FALSE,FALSE,FALSE,train
108,Lentils,363,Kilinochchi,Northern,Kilinochchi,2024-08-01,304.25,-3.4739847715736007,3.4739847715736007,5.717849731867637,-0.03535762611608728,-1.883268482490276,1.739044214629669,1.785751084687959,8,8,1.4889071487263674,FALSE,TRUE,FALSE,FALSE,FALSE,train
108,Lentils,363,Kilinochchi,Northern,Kilinochchi,2024-09-01,299.72,-1.4889071487263674,1.4889071487263674,5.70284870549611,-0.015001026371527004,-3.4739847715736007,1.0509069370986104,2.282053467596748,9,9,1.678233017482975,FALSE,TRUE,FALSE,FALSE,FALSE,train
108,Lentils,363,Kilinochchi,Northern,Kilinochchi,2024-10-01,304.75,1.678233017482975,1.678233017482975,5.719491768361381,0.016643062865271396,-1.4889071487263674,2.598610466737188,2.2137083125943144,10,10,0.08203445447087777,FALSE,TRUE,FALSE,FALSE,FALSE,train
108,Lentils,363,Kilinochchi,Northern,Kilinochchi,2024-11-01,305,0.08203445447087777,0.08203445447087777,5.720311776607412,8.20008246030568e-4,1.678233017482975,1.5835868677169957,1.0830582068934067,11,11,0.1311475409835991,FALSE,TRUE,FALSE,FALSE,FALSE,train
108,Lentils,363,Kilinochchi,Northern,Kilinochchi,2024-12-01,304.6,-0.1311475409835991,0.1311475409835991,5.718999440461062,-0.0013123361463502903,0.08203445447087777,0.9888675695886219,0.6304716709791506,12,12,0.131319763624418,FALSE,TRUE,FALSE,FALSE,FALSE,train
108,Lentils,363,Kilinochchi,Northern,Kilinochchi,2025-01-01,305,0.131319763624418,0.131319763624418,5.720311776607412,0.0013123361463502903,-0.1311475409835991,0.13950190612348293,0.11483391969296496,1,1,1.639344262295082,FALSE,TRUE,FALSE,FALSE,FALSE,validation
108,Lentils,363,Kilinochchi,Northern,Kilinochchi,2025-02-01,300,-1.639344262295082,1.639344262295082,5.703782474656201,-0.01652930195121094,0.131319763624418,0.9555798875419711,0.6339371889676997,2,2,2.8666666666666742,FALSE,TRUE,FALSE,FALSE,FALSE,validation
108,Lentils,363,Kilinochchi,Northern,Kilinochchi,2025-03-01,291.4,-2.8666666666666742,2.8666666666666742,5.674696893761104,-0.02908558089509672,-1.639344262295082,1.5071769423421748,1.5457768975287247,3,3,2.196293754289629,FALSE,TRUE,FALSE,FALSE,FALSE,validation
108,Lentils,363,Kilinochchi,Northern,Kilinochchi,2025-04-01,285,-2.196293754289629,2.196293754289629,5.652489180268651,-0.02220771349245343,-2.8666666666666742,0.6145340867348656,2.234101561083795,4,4,0.17543859649122806,FALSE,TRUE,FALSE,FALSE,FALSE,test
108,Lentils,363,Kilinochchi,Northern,Kilinochchi,2025-05-01,284.5,-0.17543859649122806,0.17543859649122806,5.6507332535663855,-0.0017559267022653202,-2.196293754289629,1.4009499120328759,1.7461330058158437,5,5,2.81195079086116,FALSE,TRUE,FALSE,FALSE,FALSE,test
108,Lentils,363,Kilinochchi,Northern,Kilinochchi,2025-06-01,276.5,-2.81195079086116,2.81195079086116,5.6222108209623896,-0.028522432603995895,-0.17543859649122806,1.3792561827872898,1.727894380547339,6,6,6.632911392405054,FALSE,TRUE,FALSE,FALSE,FALSE,test
108,Lentils,363,Kilinochchi,Northern,Kilinochchi,2025-09-01,258.16,-6.632911392405054,6.632911392405054,5.553579547743706,-0.06863127321868312,-2.81195079086116,3.2467905019054113,3.2067669265858143,9,9,NA,FALSE,TRUE,TRUE,FALSE,FALSE,inference
108,Lentils,364,Mannar,Northern,Mannar,2023-06-01,297.5,NA,NA,5.695414224985685,NA,NA,NA,NA,6,6,3.4621848739495835,FALSE,TRUE,FALSE,FALSE,FALSE,train
108,Lentils,364,Mannar,Northern,Mannar,2023-07-01,307.8,3.4621848739495835,3.4621848739495835,5.729450221404779,0.03403599641909416,NA,NA,NA,7,7,1.851851851851848,FALSE,TRUE,FALSE,FALSE,FALSE,train
108,Lentils,364,Mannar,Northern,Mannar,2023-08-01,313.5,1.851851851851848,1.851851851851848,5.7477993600729755,0.018349138668196652,3.4621848739495835,1.1386773998939352,2.6570183629007156,8,8,8.452950558213717,FALSE,TRUE,FALSE,FALSE,FALSE,train
108,Lentils,364,Mannar,Northern,Mannar,2023-09-01,340,8.452950558213717,8.452950558213717,5.8289456176102075,0.08114625753723193,1.851851851851848,3.441787778863847,4.588995761338383,9,9,2.294117647058827,FALSE,TRUE,FALSE,FALSE,FALSE,train
108,Lentils,364,Mannar,Northern,Mannar,2023-10-01,332.2,-2.294117647058827,2.294117647058827,5.8057371971791945,-0.02320842043101301,8.452950558213717,5.420071374465622,4.199640019041464,10,10,1.1438892233594256,FALSE,TRUE,FALSE,FALSE,FALSE,train
108,Lentils,364,Mannar,Northern,Mannar,2023-11-01,336,1.1438892233594256,1.1438892233594256,5.817111159963204,0.011373962784009706,-2.294117647058827,5.488499246097624,3.9636524762106564,11,11,0,FALSE,TRUE,FALSE,FALSE,FALSE,train
108,Lentils,364,Mannar,Northern,Mannar,2023-12-01,336,0,0,5.817111159963204,0,1.1438892233594256,1.7507783780796693,1.1460022901394176,12,12,0,FALSE,TRUE,FALSE,FALSE,FALSE,train
108,Lentils,364,Mannar,Northern,Mannar,2024-01-01,336,0,0,5.817111159963204,0,0,0.6604247510296763,0.38129640778647517,1,1,1.1904761904761905,FALSE,TRUE,FALSE,FALSE,FALSE,train
108,Lentils,364,Mannar,Northern,Mannar,2024-02-01,332,-1.1904761904761905,1.1904761904761905,5.805134968916488,-0.01197619104671599,0,0.6873217490352688,0.3968253968253968,2,2,0,FALSE,TRUE,FALSE,FALSE,FALSE,train
108,Lentils,364,Mannar,Northern,Mannar,2024-03-01,332,0,0,5.805134968916488,0,-1.1904761904761905,0.6873217490352688,0.3968253968253968,3,3,4.819277108433735,FALSE,TRUE,FALSE,FALSE,FALSE,train
108,Lentils,364,Mannar,Northern,Mannar,2024-04-01,316,-4.819277108433735,4.819277108433735,5.755742213586912,-0.04939275532957588,0,2.5103406644694544,2.0032510996366417,4,4,0.1044303797468304,FALSE,TRUE,FALSE,FALSE,FALSE,train
108,Lentils,364,Mannar,Northern,Mannar,2024-05-01,316.33,0.1044303797468304,0.1044303797468304,5.756785972478502,0.0010437588915896967,-4.819277108433735,2.81304203610175,1.6412358293935219,5,5,0,FALSE,TRUE,FALSE,FALSE,FALSE,train
108,Lentils,364,Mannar,Northern,Mannar,2024-06-01,316.33,0,0,5.756785972478502,0,0.1044303797468304,2.81304203610175,1.6412358293935219,6,6,2.266620301583794,FALSE,TRUE,FALSE,FALSE,FALSE,train
108,Lentils,364,Mannar,Northern,Mannar,2024-07-01,323.5,2.266620301583794,2.266620301583794,5.7791991139409555,0.022413141462453545,0,1.2795532132909526,0.7903502271102082,7,7,3.2457496136012365,FALSE,TRUE,FALSE,FALSE,FALSE,train
108,Lentils,364,Mannar,Northern,Mannar,2024-08-01,313,-3.2457496136012365,3.2457496136012365,5.746203190540153,-0.032995923400802596,2.266620301583794,2.770640125421723,1.8374566383950102,8,8,0.7028753993610187,FALSE,TRUE,FALSE,FALSE,FALSE,train
108,Lentils,364,Mannar,Northern,Mannar,2024-09-01,310.8,-0.7028753993610187,0.7028753993610187,5.739149618493492,-0.007053572046660683,-3.2457496136012365,2.758935062338805,2.0717484381820164,9,9,0.38610038610038244,FALSE,TRUE,FALSE,FALSE,FALSE,train
108,Lentils,364,Mannar,Northern,Mannar,2024-10-01,312,0.38610038610038244,0.38610038610038244,5.7430031878094825,0.003853569315990235,-0.7028753993610187,1.8637959451569857,1.4449084663542124,10,10,0.4807692307692308,FALSE,TRUE,FALSE,FALSE,FALSE,train
108,Lentils,364,Mannar,Northern,Mannar,2024-11-01,310.5,-0.4807692307692308,0.4807692307692308,5.738183901373533,-0.004819286435949088,0.38610038610038244,0.5754219240550753,0.523248338743544,11,11,1.5780998389693968,FALSE,TRUE,FALSE,FALSE,FALSE,train
108,Lentils,364,Mannar,Northern,Mannar,2024-12-01,305.6,-1.5780998389693968,1.5780998389693968,5.722277057292366,-0.015906844081167826,-0.4807692307692308,0.9843508792184478,0.8149898186130033,12,12,2.585078534031406,FALSE,TRUE,FALSE,FALSE,FALSE,train
108,Lentils,364,Mannar,Northern,Mannar,2025-01-01,313.5,2.585078534031406,2.585078534031406,5.7477993600729755,0.025522302780609962,-1.5780998389693968,2.157761615889933,1.5479825345900111,1,1,6.698564593301436,FALSE,TRUE,FALSE,FALSE,FALSE,validation
108,Lentils,364,Mannar,Northern,Mannar,2025-06-01,292.5,-6.698564593301436,6.698564593301436,5.678464666671911,-0.06933469340106413,2.585078534031406,4.650040200210685,3.6205809887674127,6,6,2.670085470085471,FALSE,TRUE,FALSE,FALSE,FALSE,test
108,Lentils,364,Mannar,Northern,Mannar,2025-07-01,284.69,-2.670085470085471,2.670085470085471,5.651400868974447,-0.027063797697464587,-6.698564593301436,4.655309199756533,3.9845761991394375,7,7,4.369665249920966,FALSE,TRUE,FALSE,FALSE,FALSE,test
108,Lentils,364,Mannar,Northern,Mannar,2025-08-01,272.25,-4.369665249920966,4.369665249920966,5.60672076181307,-0.04468010716137716,-2.670085470085471,2.0224155370006813,4.579438437769291,8,8,0.49586776859504966,FALSE,TRUE,FALSE,FALSE,FALSE,test
108,Lentils,364,Mannar,Northern,Mannar,2025-09-01,273.6,0.49586776859504966,0.49586776859504966,5.611667185748395,0.004946423935325406,-4.369665249920966,2.4693198419742672,2.5118728295338286,9,9,NA,FALSE,TRUE,TRUE,FALSE,FALSE,inference
108,Lentils,366,Trincomalee,Eastern,Trincomalee,2023-06-01,311.85,NA,NA,5.742522302972132,NA,NA,NA,NA,6,6,3.7999037999038068,FALSE,TRUE,FALSE,FALSE,FALSE,train
108,Lentils,366,Trincomalee,Eastern,Trincomalee,2023-07-01,300,-3.7999037999038068,3.7999037999038068,5.703782474656201,-0.038739828315931035,NA,NA,NA,7,7,1.0833333333333333,FALSE,TRUE,FALSE,FALSE,FALSE,train
108,Lentils,366,Trincomalee,Eastern,Trincomalee,2023-08-01,303.25,1.0833333333333333,1.0833333333333333,5.7145575478241595,0.01077507316795856,-3.7999037999038068,3.452970091053938,2.44161856661857,8,8,5.85325638911789,FALSE,TRUE,FALSE,FALSE,FALSE,train
108,Lentils,366,Trincomalee,Eastern,Trincomalee,2023-09-01,321,5.85325638911789,5.85325638911789,5.771441123130016,0.056883575305856304,1.0833333333333333,4.82669093845954,3.5788311741183434,9,9,1.6822429906541985,FALSE,TRUE,FALSE,FALSE,FALSE,train
108,Lentils,366,Trincomalee,Eastern,Trincomalee,2023-10-01,315.6,-1.6822429906541985,1.6822429906541985,5.75447558897172,-0.01696553415829616,5.85325638911789,3.811918354854307,2.872944237701807,10,10,0.03168567807351798,FALSE,TRUE,FALSE,FALSE,FALSE,train
108,Lentils,366,Trincomalee,Eastern,Trincomalee,2023-11-01,315.5,-0.03168567807351798,0.03168567807351798,5.754158681981268,-3.1690699045139326e-4,-1.6822429906541985,3.9610737912603566,2.522395019281869,11,11,1.8225039619651346,FALSE,TRUE,FALSE,FALSE,FALSE,train
108,Lentils,366,Trincomalee,Eastern,Trincomalee,2023-12-01,321.25,1.8225039619651346,1.8225039619651346,5.77221963620943,0.018060954228161563,-0.03168567807351798,1.753359150565695,1.178810876897617,12,12,1.0241245136186834,FALSE,TRUE,FALSE,FALSE,FALSE,train
108,Lentils,366,Trincomalee,Eastern,Trincomalee,2024-01-01,317.96,-1.0241245136186834,1.0241245136186834,5.761925588704912,-0.010294047504517678,1.8225039619651346,1.4448902923480365,0.959438051219112,1,1,1.2139891810290468,FALSE,TRUE,FALSE,FALSE,FALSE,train
108,Lentils,366,Trincomalee,Eastern,Trincomalee,2024-02-01,314.1,-1.2139891810290468,1.2139891810290468,5.749711406544601,-0.012214182160311005,-1.0241245136186834,1.7009621236908923,1.353539218870955,2,2,2.897166507481683,FALSE,TRUE,FALSE,FALSE,FALSE,train
108,Lentils,366,Trincomalee,Eastern,Trincomalee,2024-03-01,323.2,2.897166507481683,2.897166507481683,5.77827132664694,0.028559920102338765,-1.2139891810290468,2.3207101269247787,1.711760067376471,3,3,0.9065594059405963,FALSE,TRUE,FALSE,FALSE,FALSE,train
108,Lentils,366,Trincomalee,Eastern,Trincomalee,2024-04-01,326.13,0.9065594059405963,0.9065594059405963,5.7872960748840185,0.009024748237078661,2.897166507481683,2.0559200713054198,1.672571698150442,4,4,4.777236071505223,FALSE,TRUE,FALSE,FALSE,FALSE,train
108,Lentils,366,Trincomalee,Eastern,Trincomalee,2024-05-01,310.55,-4.777236071505223,4.777236071505223,5.738344919005312,-0.04895115587870613,0.9065594059405963,3.982555766642409,2.860320661642501,5,5,0,FALSE,TRUE,FALSE,FALSE,FALSE,train
108,Lentils,366,Trincomalee,Eastern,Trincomalee,2024-06-01,310.55,0,0,5.738344919005312,0,-4.777236071505223,3.053668980882494,1.89459849248194,6,6,2.1027209789083794,FALSE,TRUE,FALSE,FALSE,FALSE,train
108,Lentils,366,Trincomalee,Eastern,Trincomalee,2024-07-01,317.08,2.1027209789083794,2.1027209789083794,5.759154107968955,0.02080918896364281,0,3.5255550157284437,2.293319016804534,7,7,3.0686262142046052,FALSE,TRUE,FALSE,FALSE,FALSE,train
108,Lentils,366,Trincomalee,Eastern,Trincomalee,2024-08-01,307.35,-3.0686262142046052,3.0686262142046052,5.727987163353019,-0.031166944615936387,2.1027209789083794,2.600664471161253,1.7237823977043283,8,8,1.7406865137465504,FALSE,TRUE,FALSE,FALSE,FALSE,train
108,Lentils,366,Trincomalee,Eastern,Trincomalee,2024-09-01,302,-1.7406865137465504,1.7406865137465504,5.71042701737487,-0.017560145978149144,-3.0686262142046052,2.6857040291875744,2.304011235619845,9,9,2.1192052980132376,FALSE,TRUE,FALSE,FALSE,FALSE,train
108,Lentils,366,Trincomalee,Eastern,Trincomalee,2024-10-01,295.6,-2.1192052980132376,2.1192052980132376,5.689007189074046,-0.02141982830082334,-1.7406865137465504,0.684117484330118,2.3095060086547976,10,10,2.452638700947226,FALSE,TRUE,FALSE,FALSE,FALSE,train
108,Lentils,366,Trincomalee,Eastern,Trincomalee,2024-11-01,302.85,2.452638700947226,2.452638700947226,5.713237633426957,0.02423044435291022,-2.1192052980132376,2.53735460591867,2.1041768375690046,11,11,0.30047878487699126,FALSE,TRUE,FALSE,FALSE,FALSE,train
108,Lentils,366,Trincomalee,Eastern,Trincomalee,2024-12-01,303.76,0.30047878487699126,0.30047878487699126,5.716237915923547,0.0030002824965906782,2.452638700947226,2.2872261554177573,1.624107594612485,12,12,0.6386621016592039,FALSE,TRUE,FALSE,FALSE,FALSE,train
108,Lentils,366,Trincomalee,Eastern,Trincomalee,2025-01-01,305.7,0.6386621016592039,0.6386621016592039,5.722604228896789,0.006366312973241861,0.30047878487699126,1.1573440400945172,1.130593195827807,1,1,1.4720314033366046,FALSE,TRUE,FALSE,FALSE,FALSE,validation
108,Lentils,366,Trincomalee,Eastern,Trincomalee,2025-02-01,301.2,-1.4720314033366046,1.4720314033366046,5.707774495925738,-0.014829732971050724,0.6386621016592039,1.1336656911028569,0.8037240966242666,2,2,3.2005312084993314,FALSE,TRUE,FALSE,FALSE,FALSE,validation
108,Lentils,366,Trincomalee,Eastern,Trincomalee,2025-03-01,291.56,-3.2005312084993314,3.2005312084993314,5.675245816514012,-0.0325286794117261,-1.4720314033366046,1.9227646727756853,1.7704082378317132,3,3,2.0441761558512757,FALSE,TRUE,FALSE,FALSE,FALSE,validation
108,Lentils,366,Trincomalee,Eastern,Trincomalee,2025-04-01,285.6,-2.0441761558512757,2.0441761558512757,5.654592230465429,-0.02065358604858325,-3.2005312084993314,0.8805507937329478,2.238912922562404,4,4,0.535714285714296,FALSE,TRUE,FALSE,FALSE,FALSE,test
108,Lentils,366,Trincomalee,Eastern,Trincomalee,2025-05-01,284.07,-0.535714285714296,0.535714285714296,5.649220686663519,-0.005371543801910406,-2.0441761558512757,1.336279876710174,1.926807216688301,5,5,0.2640194318301827,FALSE,TRUE,FALSE,FALSE,FALSE,test
108,Lentils,366,Trincomalee,Eastern,Trincomalee,2025-06-01,283.32,-0.2640194318301827,0.2640194318301827,5.646577000885422,-0.002643685778096483,-0.535714285714296,0.959012797043725,0.9479699577985848,6,6,0.0458845122123378,FALSE,TRUE,FALSE,FALSE,FALSE,test
108,Lentils,366,Trincomalee,Eastern,Trincomalee,2025-07-01,283.45,0.0458845122123378,0.0458845122123378,5.6470357407703125,4.587398848903135e-4,-0.2640194318301827,0.29100850786816207,0.2818727432522722,7,7,0.33515611218909463,FALSE,TRUE,FALSE,FALSE,FALSE,test
108,Lentils,366,Trincomalee,Eastern,Trincomalee,2025-08-01,282.5,-0.33515611218909463,0.33515611218909463,5.643678550586496,-0.0033571901838165275,0.0458845122123378,0.2026050506403321,0.21502001874387172,8,8,0.08849557522123894,FALSE,TRUE,FALSE,FALSE,FALSE,test
108,Lentils,366,Trincomalee,Eastern,Trincomalee,2025-09-01,282.75,0.08849557522123894,0.08849557522123894,5.64456311499623,8.845644097341676e-4,-0.33515611218909463,0.23326966240119504,0.15651206654089045,9,9,NA,FALSE,TRUE,TRUE,FALSE,FALSE,inference
108,Lentils,367,Vavuniya,Northern,Vavuniya,2023-06-01,303.25,NA,NA,5.7145575478241595,NA,NA,NA,NA,6,6,1.4278647980214292,FALSE,TRUE,FALSE,FALSE,FALSE,train
108,Lentils,367,Vavuniya,Northern,Vavuniya,2023-07-01,298.92,-1.4278647980214292,1.4278647980214292,5.70017597906209,-0.01438156876206964,NA,NA,NA,7,7,2.6194299478121184,FALSE,TRUE,FALSE,FALSE,FALSE,train
108,Lentils,367,Vavuniya,Northern,Vavuniya,2023-08-01,306.75,2.6194299478121184,2.6194299478121184,5.7260330835910205,0.02585710452893064,-1.4278647980214292,2.861869560239586,2.023647372916774,8,8,7.204563977180121,FALSE,TRUE,FALSE,FALSE,FALSE,train
108,Lentils,367,Vavuniya,Northern,Vavuniya,2023-09-01,328.85,7.204563977180121,7.204563977180121,5.79560171974736,0.06956863615633946,2.6194299478121184,4.319005969468901,3.7506195743378896,9,9,1.5964725558765394,FALSE,TRUE,FALSE,FALSE,FALSE,train
108,Lentils,367,Vavuniya,Northern,Vavuniya,2023-10-01,323.6,-1.5964725558765394,1.5964725558765394,5.779508185184337,-0.01609353456302287,7.204563977180121,4.401808947165448,3.806822160289593,10,10,0.5686032138442619,FALSE,TRUE,FALSE,FALSE,FALSE,train
108,Lentils,367,Vavuniya,Northern,Vavuniya,2024-01-01,321.76,-0.5686032138442619,0.5686032138442619,5.773805926024342,-0.005702259159995116,-1.5964725558765394,4.812083533843142,3.123213248966974,1,1,0.09634510193933438,FALSE,TRUE,FALSE,FALSE,FALSE,train
108,Lentils,367,Vavuniya,Northern,Vavuniya,2024-02-01,321.45,-0.09634510193933438,0.09634510193933438,5.772842010587696,-9.6391543664609e-4,-0.5686032138442619,0.7670208044338384,0.7538069572200452,2,2,0.31109037175299425,FALSE,TRUE,FALSE,FALSE,FALSE,train
108,Lentils,367,Vavuniya,Northern,Vavuniya,2024-03-01,322.45,0.31109037175299425,0.31109037175299425,5.7759480854563865,0.0031060748686906337,-0.09634510193933438,0.4402446656924337,0.3253462291788635,3,3,1.4420840440378284,FALSE,TRUE,FALSE,FALSE,FALSE,train
108,Lentils,367,Vavuniya,Northern,Vavuniya,2024-04-01,317.8,-1.4420840440378284,1.4420840440378284,5.761422254102616,-0.014525831353770613,0.31109037175299425,0.9174818343057951,0.6165065059100523,4,4,1.0226557583385776,FALSE,TRUE,FALSE,FALSE,FALSE,train
108,Lentils,367,Vavuniya,Northern,Vavuniya,2024-05-01,321.05,1.0226557583385776,1.0226557583385776,5.771596874240058,0.01017462013744197,-1.4420840440378284,1.2685219827939305,0.9252767247098,5,5,2.149197944245455,FALSE,TRUE,FALSE,FALSE,FALSE,train
108,Lentils,367,Vavuniya,Northern,Vavuniya,2024-06-01,314.15,-2.149197944245455,2.149197944245455,5.749870578848956,-0.021726295391101935,1.0226557583385776,1.6651130227846078,1.5379792488739537,6,6,1.2127964348241294,FALSE,TRUE,FALSE,FALSE,FALSE,train
108,Lentils,367,Vavuniya,Northern,Vavuniya,2024-07-01,317.96,1.2127964348241294,1.2127964348241294,5.761925588704912,0.0120550098559562,-2.149197944245455,1.8885539261714637,1.4615500458027206,7,7,4.305573028053843,FALSE,TRUE,FALSE,FALSE,FALSE,train
108,Lentils,367,Vavuniya,Northern,Vavuniya,2024-08-01,304.27,-4.305573028053843,4.305573028053843,5.717915465122114,-0.04401012358279832,1.2127964348241294,2.781047801212978,2.5558558023744755,8,8,0.4831235415913401,FALSE,TRUE,FALSE,FALSE,FALSE,train
108,Lentils,367,Vavuniya,Northern,Vavuniya,2024-10-01,302.8,-0.4831235415913401,0.4831235415913401,5.713072521563293,-0.004842943558820423,-4.305573028053843,2.8266489633423597,2.0004976681564375,10,10,0.2972258916776675,FALSE,TRUE,FALSE,FALSE,FALSE,train
108,Lentils,367,Vavuniya,Northern,Vavuniya,2024-12-01,303.7,0.2972258916776675,0.2972258916776675,5.716040372051703,0.002967850488409418,-0.4831235415913401,2.4632574371497817,1.6953074871076168,12,12,1.3500164636154175,FALSE,TRUE,FALSE,FALSE,FALSE,train
108,Lentils,367,Vavuniya,Northern,Vavuniya,2025-01-01,307.8,1.3500164636154175,1.3500164636154175,5.729450221404779,0.013409849353076098,0.2972258916776675,0.9199379965568066,0.7101219656281417,1,1,1.7218973359324272,FALSE,TRUE,FALSE,FALSE,FALSE,validation
108,Lentils,367,Vavuniya,Northern,Vavuniya,2025-02-01,313.1,1.7218973359324272,1.7218973359324272,5.74652262833236,0.017072406927581163,1.3500164636154175,0.7389578354718238,1.1230465637418374,2,2,0.24912168636219403,FALSE,TRUE,FALSE,FALSE,FALSE,validation
108,Lentils,367,Vavuniya,Northern,Vavuniya,2025-03-01,312.32,-0.24912168636219403,0.24912168636219403,5.744028303224727,-0.002494325107632811,1.7218973359324272,1.0472546802757137,1.1070118286366797,3,3,8.091060450819667,FALSE,TRUE,FALSE,FALSE,FALSE,validation
108,Lentils,367,Vavuniya,Northern,Vavuniya,2025-04-01,287.05,-8.091060450819667,8.091060450819667,5.659656416613646,-0.08437188661108141,-0.24912168636219403,5.190938580775905,3.354026491038096,4,4,0.296115659292814,FALSE,TRUE,FALSE,FALSE,FALSE,test
108,Lentils,367,Vavuniya,Northern,Vavuniya,2025-05-01,286.2,-0.296115659292814,0.296115659292814,5.65669086712235,-0.0029655494912956826,-8.091060450819667,4.514040620145551,2.878765932158225,5,5,3.5290006988120277,FALSE,TRUE,FALSE,FALSE,FALSE,test
108,Lentils,367,Vavuniya,Northern,Vavuniya,2025-06-01,296.3,3.5290006988120277,3.5290006988120277,5.691372454579519,0.034681587457169094,-0.296115659292814,5.921971808122312,3.9720589363081693,6,6,3.0712116098548843,FALSE,TRUE,FALSE,FALSE,FALSE,test
108,Lentils,367,Vavuniya,Northern,Vavuniya,2025-07-01,287.2,-3.0712116098548843,3.0712116098548843,5.660178837174069,-0.031193617405450347,3.5290006988120277,3.313997465482471,2.2987759893199087,7,7,0.1810584958217405,FALSE,TRUE,FALSE,FALSE,FALSE,test
108,Lentils,367,Vavuniya,Northern,Vavuniya,2025-09-01,287.72,0.1810584958217405,0.1810584958217405,5.661987784999155,0.0018089478250864488,-3.0712116098548843,3.3002217186708207,2.2604236014962176,9,9,NA,FALSE,TRUE,TRUE,FALSE,FALSE,inference
108,Lentils,368,Colombo City,Western,Colombo,2023-06-01,310.07,NA,NA,5.736798078440366,NA,NA,NA,NA,6,6,0.8739961944077078,FALSE,TRUE,FALSE,FALSE,FALSE,train
108,Lentils,368,Colombo City,Western,Colombo,2023-07-01,307.36,-0.8739961944077078,0.8739961944077078,5.728019699020247,-0.008778379420118831,NA,NA,NA,7,7,5.970197813638719,FALSE,TRUE,FALSE,FALSE,FALSE,train
108,Lentils,368,Colombo City,Western,Colombo,2023-08-01,325.71,5.970197813638719,5.970197813638719,5.786007414911871,0.05798771589162399,-0.8739961944077078,4.839575994845964,3.4220970040232133,8,8,3.656627060882388,FALSE,TRUE,FALSE,FALSE,FALSE,train
108,Lentils,368,Colombo City,Western,Colombo,2023-09-01,337.62,3.656627060882388,3.656627060882388,5.821921002673243,0.03591358776137188,5.970197813638719,3.481430461011765,3.5002736896429383,9,9,0.21918132812037472,FALSE,TRUE,FALSE,FALSE,FALSE,train
108,Lentils,368,Colombo City,Western,Colombo,2023-10-01,336.88,-0.21918132812037472,0.21918132812037472,5.819726783853672,-0.0021942188195707146,3.656627060882388,3.1273768149658645,3.2820020675471606,10,10,0.6174305390643505,FALSE,TRUE,FALSE,FALSE,FALSE,train
108,Lentils,368,Colombo City,Western,Colombo,2023-11-01,338.96,0.6174305390643505,0.6174305390643505,5.8258821063183035,0.006155322464631574,-0.21918132812037472,2.039547563505583,1.4977463093557044,11,11,0.2684682558414046,FALSE,TRUE,FALSE,FALSE,FALSE,train
108,Lentils,368,Colombo City,Western,Colombo,2023-12-01,339.87,0.2684682558414046,0.2684682558414046,5.828563191553507,0.0026810852352037173,0.6174305390643505,0.4202174453312992,0.36836004100870995,12,12,1.268131932797835,FALSE,TRUE,FALSE,FALSE,FALSE,train
108,Lentils,368,Colombo City,Western,Colombo,2024-03-01,335.56,-1.268131932797835,1.268131932797835,5.815800777978094,-0.012762413575413412,0.2684682558414046,1.003183320745628,0.7180102425678634,3,3,2.0383835975682367,FALSE,TRUE,FALSE,FALSE,FALSE,train
108,Lentils,368,Colombo City,Western,Colombo,2024-05-01,328.72,-2.0383835975682367,2.0383835975682367,5.795206324575155,-0.020594453402939195,-1.268131932797835,1.1744497463626118,1.191661262069159,5,5,0.4258943781942009,FALSE,TRUE,FALSE,FALSE,FALSE,train
108,Lentils,368,Colombo City,Western,Colombo,2024-06-01,330.12,0.4258943781942009,0.4258943781942009,5.799456224724484,0.004249900149329022,-2.0383835975682367,1.2606664052028644,1.2441366361867576,6,6,0.2241609111838147,FALSE,TRUE,FALSE,FALSE,FALSE,train
108,Lentils,368,Colombo City,Western,Colombo,2024-07-01,329.38,-0.2241609111838147,0.2241609111838147,5.797212099446062,-0.0022441252784215493,0.4258943781942009,1.2771479799973626,0.8961462956487508,7,7,2.5168498390916327,FALSE,TRUE,FALSE,FALSE,FALSE,train
108,Lentils,368,Colombo City,Western,Colombo,2024-08-01,321.09,-2.5168498390916327,2.5168498390916327,5.771721457664394,-0.025490641781668266,-0.2241609111838147,1.5458944513219872,1.0556350428232162,8,8,2.3607088355289747,FALSE,TRUE,FALSE,FALSE,FALSE,train
108,Lentils,368,Colombo City,Western,Colombo,2024-09-01,313.51,-2.3607088355289747,2.3607088355289747,5.747831257490882,-0.023890200173512177,-2.5168498390916327,1.2809917750300783,1.7005731952681407,9,9,0.06379381837899545,FALSE,TRUE,FALSE,FALSE,FALSE,train
108,Lentils,368,Colombo City,Western,Colombo,2024-10-01,313.71,0.06379381837899545,0.06379381837899545,5.748468992278607,6.377347877251083e-4,-2.3607088355289747,1.4469689479876964,1.6471174976665344,10,10,1.9476586656466026,FALSE,TRUE,FALSE,FALSE,FALSE,train
108,Lentils,368,Colombo City,Western,Colombo,2024-11-01,307.6,-1.9476586656466026,1.9476586656466026,5.728800237631489,-0.01966875464711748,0.06379381837899545,1.297097057351492,1.457387106518191,11,11,0.529908972691806,FALSE,TRUE,FALSE,FALSE,FALSE,train
108,Lentils,368,Colombo City,Western,Colombo,2024-12-01,309.23,0.529908972691806,0.529908972691806,5.734085336586247,0.0052850989547579275,-1.9476586656466026,1.3166590190778682,0.847120485572468,12,12,1.319406267179764,FALSE,TRUE,FALSE,FALSE,FALSE,train
108,Lentils,368,Colombo City,Western,Colombo,2025-01-01,313.31,1.319406267179764,1.319406267179764,5.747193115737948,0.013107779151701138,0.529908972691806,1.7046681326996034,1.2656579685060576,1,1,4.746098113689318,FALSE,TRUE,FALSE,FALSE,FALSE,validation
108,Lentils,368,Colombo City,Western,Colombo,2025-04-01,298.44,-4.746098113689318,4.746098113689318,5.698568907603313,-0.04862420813463508,1.319406267179764,3.297723966310948,2.1984711178536296,4,4,2.365634633427155,FALSE,TRUE,FALSE,FALSE,FALSE,test
108,Lentils,368,Colombo City,Western,Colombo,2025-05-01,291.38,-2.365634633427155,2.365634633427155,5.67462825722585,-0.023940650377463513,-4.746098113689318,3.05604527165283,2.810379671432079,5,5,0.5765666826824102,FALSE,TRUE,FALSE,FALSE,FALSE,test
108,Lentils,368,Colombo City,Western,Colombo,2025-06-01,289.7,-0.5765666826824102,0.5765666826824102,5.668845904775305,-0.005782352450545147,-2.365634633427155,2.091744203107316,2.562766476599628,6,6,0.8767690714532149,FALSE,TRUE,FALSE,FALSE,FALSE,test
108,Lentils,368,Colombo City,Western,Colombo,2025-07-01,287.16,-0.8767690714532149,0.8767690714532149,5.660039551708282,-0.008806353067022599,-0.5765666826824102,0.9580889196935808,1.2729901291875934,7,7,2.0546037052514396,FALSE,TRUE,FALSE,FALSE,FALSE,test
108,Lentils,368,Colombo City,Western,Colombo,2025-08-01,281.26,-2.0546037052514396,2.0546037052514396,5.639279508442102,-0.020760043266180084,-0.8767690714532149,0.7812393294079838,1.1693131531290215,8,8,1.4897248097845401,FALSE,TRUE,FALSE,FALSE,FALSE,test
108,Lentils,368,Colombo City,Western,Colombo,2025-09-01,277.07,-1.4897248097845401,1.4897248097845401,5.624270181843383,-0.015009326598718786,-2.0546037052514396,0.5890808275429049,1.4736991954963983,9,9,NA,FALSE,TRUE,TRUE,FALSE,FALSE,inference
108,Lentils,1888,Polonnaruwa,North Central,Polonnaruwa,2023-06-01,302,NA,NA,5.71042701737487,NA,NA,NA,NA,6,6,1.9205298013245071,FALSE,TRUE,FALSE,FALSE,FALSE,train
108,Lentils,1888,Polonnaruwa,North Central,Polonnaruwa,2023-07-01,296.2,-1.9205298013245071,1.9205298013245071,5.6910349018336985,-0.01939211554117115,NA,NA,NA,7,7,7.359891964888592,FALSE,TRUE,FALSE,FALSE,FALSE,train
108,Lentils,1888,Polonnaruwa,North Central,Polonnaruwa,2023-08-01,318,7.359891964888592,7.359891964888592,5.762051382780177,0.07101648094647839,-1.9205298013245071,6.562249163160519,4.640210883106549,8,8,1.9654088050314464,FALSE,TRUE,FALSE,FALSE,FALSE,train
108,Lentils,1888,Polonnaruwa,North Central,Polonnaruwa,2023-09-01,324.25,1.9654088050314464,1.9654088050314464,5.781514823196553,0.019463440416376265,7.359891964888592,4.660600740483138,3.7486101904148486,9,9,1.526599845797992,FALSE,TRUE,FALSE,FALSE,FALSE,train
108,Lentils,1888,Polonnaruwa,North Central,Polonnaruwa,2023-10-01,329.2,1.526599845797992,1.526599845797992,5.796665468802915,0.01515064560636148,1.9654088050314464,3.2485971026308778,3.6173002052393435,10,10,0.668286755771564,FALSE,TRUE,FALSE,FALSE,FALSE,train
108,Lentils,1888,Polonnaruwa,North Central,Polonnaruwa,2023-11-01,327,-0.668286755771564,0.668286755771564,5.7899601708972535,-0.006705297905661212,1.526599845797992,1.4110535545852838,1.3867651355336674,11,11,0.3058103975535168,FALSE,TRUE,FALSE,FALSE,FALSE,train
108,Lentils,1888,Polonnaruwa,North Central,Polonnaruwa,2023-12-01,328,0.3058103975535168,0.3058103975535168,5.793013608384144,0.0030534374868906866,-0.668286755771564,1.099751436674869,0.8335656663743576,12,12,0,FALSE,TRUE,FALSE,FALSE,FALSE,train
108,Lentils,1888,Polonnaruwa,North Central,Polonnaruwa,2024-01-01,328,0,0,5.793013608384144,0,0.3058103975535168,0.49816203041907764,0.3246990511083603,1,1,0,FALSE,TRUE,FALSE,FALSE,FALSE,train
108,Lentils,1888,Polonnaruwa,North Central,Polonnaruwa,2024-02-01,328,0,0,5.793013608384144,0,0,0.1765597153485094,0.1019367991845056,2,2,0,FALSE,TRUE,FALSE,FALSE,FALSE,train
108,Lentils,1888,Polonnaruwa,North Central,Polonnaruwa,2024-03-01,328,0,0,5.793013608384144,0,0,0,0,3,3,1.2195121951219512,FALSE,TRUE,FALSE,FALSE,FALSE,train
108,Lentils,1888,Polonnaruwa,North Central,Polonnaruwa,2024-04-01,324,-1.2195121951219512,1.2195121951219512,5.780743515792329,-0.012270092591815107,0,0.7040856941336899,0.4065040650406504,4,4,0,FALSE,TRUE,FALSE,FALSE,FALSE,train
108,Lentils,1888,Polonnaruwa,North Central,Polonnaruwa,2024-05-01,324,0,0,5.780743515792329,0,-1.2195121951219512,0.7040856941336899,0.4065040650406504,5,5,4.382716049382712,FALSE,TRUE,FALSE,FALSE,FALSE,train
108,Lentils,1888,Polonnaruwa,North Central,Polonnaruwa,2024-08-01,309.8,-4.382716049382712,4.382716049382712,5.735926927982768,-0.04481658780956099,0,2.26205174517804,1.8674094148348879,8,8,0.5810200129115595,FALSE,TRUE,FALSE,FALSE,FALSE,train
108,Lentils,1888,Polonnaruwa,North Central,Polonnaruwa,2024-09-01,308,-0.5810200129115595,0.5810200129115595,5.730099782973574,-0.0058271450091940125,-4.382716049382712,2.380429827385558,1.6545786874314239,9,9,0.487012987012987,FALSE,TRUE,FALSE,FALSE,FALSE,train
108,Lentils,1888,Polonnaruwa,North Central,Polonnaruwa,2024-10-01,309.5,0.487012987012987,0.487012987012987,5.734958092124651,0.004858309151076767,-0.5810200129115595,2.5595523088541507,1.8169163497690863,10,10,0.16155088852988692,FALSE,TRUE,FALSE,FALSE,FALSE,train
108,Lentils,1888,Polonnaruwa,North Central,Polonnaruwa,2024-11-01,310,0.16155088852988692,0.16155088852988692,5.736572297479192,0.001614205354541376,0.487012987012987,0.54742299460661,0.4098612961514778,11,11,0.7741935483870894,FALSE,TRUE,FALSE,FALSE,FALSE,train
108,Lentils,1888,Polonnaruwa,North Central,Polonnaruwa,2024-12-01,307.6,-0.7741935483870894,0.7741935483870894,5.728800237631489,-0.007772059847702906,0.16155088852988692,0.6547499718347909,0.4742524746433211,12,12,0.7802340702210588,FALSE,TRUE,FALSE,FALSE,FALSE,train
108,Lentils,1888,Polonnaruwa,North Central,Polonnaruwa,2025-01-01,310,0.7802340702210588,0.7802340702210588,5.736572297479192,0.007772059847702906,-0.7741935483870894,0.7825845803085631,0.5719928357126784,1,1,0.4838709677419355,FALSE,TRUE,FALSE,FALSE,FALSE,validation
108,Lentils,1888,Polonnaruwa,North Central,Polonnaruwa,2025-02-01,308.5,-0.4838709677419355,0.4838709677419355,5.731721843345443,-0.0048504541337495155,0.7802340702210588,0.8264879480193772,0.6794328621166946,2,2,3.2739059967585162,FALSE,TRUE,FALSE,FALSE,FALSE,validation
108,Lentils,1888,Polonnaruwa,North Central,Polonnaruwa,2025-03-01,298.4,-3.2739059967585162,3.2739059967585162,5.698434868329605,-0.03328697501583733,-0.4838709677419355,2.074379774488113,1.5126703449071701,3,3,1.8096514745308236,FALSE,TRUE,FALSE,FALSE,FALSE,validation
108,Lentils,1888,Polonnaruwa,North Central,Polonnaruwa,2025-04-01,293,-1.8096514745308236,1.8096514745308236,5.680172609017068,-0.018262259312537665,-3.2739059967585162,1.3955901213695232,1.8558094796770919,4,4,0.3412969283276451,FALSE,TRUE,FALSE,FALSE,FALSE,test
108,Lentils,1888,Polonnaruwa,North Central,Polonnaruwa,2025-05-01,292,-0.3412969283276451,0.3412969283276451,5.676753802268282,-0.0034188067487859186,-1.8096514745308236,1.4663050118957046,1.8082847998723284,5,5,0,FALSE,TRUE,FALSE,FALSE,FALSE,test
108,Lentils,1888,Polonnaruwa,North Central,Polonnaruwa,2025-06-01,292,0,0,5.676753802268282,0,-0.3412969283276451,0.9615427816719868,0.716982800952823,6,6,0.684931506849315,FALSE,TRUE,FALSE,FALSE,FALSE,test
108,Lentils,1888,Polonnaruwa,North Central,Polonnaruwa,2025-07-01,290,-0.684931506849315,0.684931506849315,5.66988092298052,-0.006872879287762146,0,0.3424664182847044,0.3420761450589867,7,7,2.7586206896551726,FALSE,TRUE,FALSE,FALSE,FALSE,test
108,Lentils,1888,Polonnaruwa,North Central,Polonnaruwa,2025-08-01,282,-2.7586206896551726,2.7586206896551726,5.641907070938114,-0.027973852042405767,-0.684931506849315,1.4363905054774437,1.1478507321681626,8,8,2.36524822695036,FALSE,TRUE,FALSE,FALSE,FALSE,test
108,Lentils,1888,Polonnaruwa,North Central,Polonnaruwa,2025-09-01,275.33,-2.36524822695036,2.36524822695036,5.617970378242053,-0.02393669269606047,-2.7586206896551726,1.1013925277538135,1.9362668078182825,9,9,NA,FALSE,TRUE,TRUE,FALSE,FALSE,inference
108,Lentils,1889,Monaragala,Uva,Moneragala,2023-06-01,298,NA,NA,5.697093486505405,NA,NA,NA,NA,6,6,1.2080536912751754,FALSE,TRUE,FALSE,FALSE,FALSE,train
108,Lentils,1889,Monaragala,Uva,Moneragala,2023-07-01,294.4,-1.2080536912751754,1.2080536912751754,5.684939386854721,-0.012154099650683925,NA,NA,NA,7,7,4.110054347826095,FALSE,TRUE,FALSE,FALSE,FALSE,train
108,Lentils,1889,Monaragala,Uva,Moneragala,2023-08-01,306.5,4.110054347826095,4.110054347826095,5.725217755376266,0.04027836852154554,-1.2080536912751754,3.760470257531201,2.659054019550635,8,8,6.688417618270799,FALSE,TRUE,FALSE,FALSE,FALSE,train
108,Lentils,1889,Monaragala,Uva,Moneragala,2023-09-01,327,6.688417618270799,6.688417618270799,5.7899601708972535,0.06474241552098725,4.110054347826095,4.026671276468414,4.002175219124023,9,9,1.1620795107033675,FALSE,TRUE,FALSE,FALSE,FALSE,train
108,Lentils,1889,Monaragala,Uva,Moneragala,2023-10-01,323.2,-1.1620795107033675,1.1620795107033675,5.77827132664694,-0.01168884425031358,6.688417618270799,4.001534242193085,3.986850492266754,10,10,0.8353960396039569,FALSE,TRUE,FALSE,FALSE,FALSE,train
108,Lentils,1889,Monaragala,Uva,Moneragala,2023-11-01,320.5,-0.8353960396039569,0.8353960396039569,5.7698822763607245,-0.008389050286215394,-1.1620795107033675,4.441186013156544,2.8952977228593744,11,11,2.65210608424337,FALSE,TRUE,FALSE,FALSE,FALSE,train
108,Lentils,1889,Monaragala,Uva,Moneragala,2023-12-01,329,2.65210608424337,2.65210608424337,5.796057750765372,0.026175474404647403,-0.8353960396039569,2.114135162299562,1.5498605448502314,12,12,0.303951367781155,FALSE,TRUE,FALSE,FALSE,FALSE,train
108,Lentils,1889,Monaragala,Uva,Moneragala,2024-01-01,328,-0.303951367781155,0.303951367781155,5.793013608384144,-0.0030441423812277435,2.65210608424337,1.8789793400814794,1.2638178305428274,1,1,0,FALSE,TRUE,FALSE,FALSE,FALSE,train
108,Lentils,1889,Monaragala,Uva,Moneragala,2024-02-01,328,0,0,5.793013608384144,0,-0.303951367781155,1.626054979376285,0.985352484008175,2,2,3.658536585365854,FALSE,TRUE,FALSE,FALSE,FALSE,train
108,Lentils,1889,Monaragala,Uva,Moneragala,2024-03-01,316,-3.658536585365854,3.658536585365854,5.755742213586912,-0.03727139479723185,0,2.0302101025293853,1.3208293177156696,3,3,1.5189873417721556,FALSE,TRUE,FALSE,FALSE,FALSE,train
108,Lentils,1889,Monaragala,Uva,Moneragala,2024-04-01,311.2,-1.5189873417721556,1.5189873417721556,5.740435792304236,-0.01530642128267612,-3.658536585365854,1.838019017705695,1.7258413090460032,4,4,0.3856041131105362,FALSE,TRUE,FALSE,FALSE,FALSE,train
108,Lentils,1889,Monaragala,Uva,Moneragala,2024-05-01,310,-0.3856041131105362,0.3856041131105362,5.736572297479192,-0.0038634948250440004,-1.5189873417721556,1.662042692828973,1.8543760134161817,5,5,0.6451612903225806,FALSE,TRUE,FALSE,FALSE,FALSE,train
108,Lentils,1889,Monaragala,Uva,Moneragala,2024-06-01,308,-0.6451612903225806,0.6451612903225806,5.730099782973574,-0.006472514505618143,-0.3856041131105362,0.5937872008620704,0.8499175817350908,6,6,0.5194805194805269,FALSE,TRUE,FALSE,FALSE,FALSE,train
108,Lentils,1889,Monaragala,Uva,Moneragala,2024-07-01,309.6,0.5194805194805269,0.5194805194805269,5.735281141715572,0.00518135874199821,-0.6451612903225806,0.6114107546671934,0.5167486409712145,7,7,1.4857881136950977,FALSE,TRUE,FALSE,FALSE,FALSE,train
108,Lentils,1889,Monaragala,Uva,Moneragala,2024-08-01,305,-1.4857881136950977,1.4857881136950977,5.720311776607412,-0.014969365108160382,0.5194805194805269,1.0069877765323059,0.8834766411660684,8,8,1.1147540983606483,FALSE,TRUE,FALSE,FALSE,FALSE,train
108,Lentils,1889,Monaragala,Uva,Moneragala,2024-09-01,301.6,-1.1147540983606483,1.1147540983606483,5.709101636133801,-0.011210140473610686,-1.4857881136950977,1.0668873197206077,1.0400075771787576,9,9,1.1273209549071541,FALSE,TRUE,FALSE,FALSE,FALSE,train
108,Lentils,1889,Monaragala,Uva,Moneragala,2024-10-01,305,1.1273209549071541,1.1273209549071541,5.720311776607412,0.011210140473610686,-1.1147540983606483,1.413795470204958,1.2426210556543,10,10,0.4918032786885246,FALSE,TRUE,FALSE,FALSE,FALSE,train
108,Lentils,1889,Monaragala,Uva,Moneragala,2024-11-01,303.5,-0.4918032786885246,0.4918032786885246,5.715381610499553,-0.004930166107858902,1.1273209549071541,1.1573339731204633,0.9112927773187757,11,11,0.6919275123558559,FALSE,TRUE,FALSE,FALSE,FALSE,train
108,Lentils,1889,Monaragala,Uva,Moneragala,2024-12-01,305.6,0.6919275123558559,0.6919275123558559,5.722277057292366,0.006895446792812621,-0.4918032786885246,0.8378891453428291,0.7703505819838449,12,12,0.4581151832460658,FALSE,TRUE,FALSE,FALSE,FALSE,train
108,Lentils,1889,Monaragala,Uva,Moneragala,2025-01-01,307,0.4581151832460658,0.4581151832460658,5.726847747587197,0.004570690294831259,0.6919275123558559,0.6269279431261722,0.5472819914301488,1,1,1.9543973941368078,FALSE,TRUE,FALSE,FALSE,FALSE,validation
108,Lentils,1889,Monaragala,Uva,Moneragala,2025-02-01,301,-1.9543973941368078,1.9543973941368078,5.707110264748875,-0.01973748283832144,0.4581151832460658,1.4650324599360536,1.034813363246243,2,2,4.318936877076412,FALSE,TRUE,FALSE,FALSE,FALSE,validation
108,Lentils,1889,Monaragala,Uva,Moneragala,2025-03-01,288,-4.318936877076412,4.318936877076412,5.662960480135946,-0.04414978461292929,-1.9543973941368078,2.388566176929934,2.243816484819762,3,3,0.78125,FALSE,TRUE,FALSE,FALSE,FALSE,validation
108,Lentils,1889,Monaragala,Uva,Moneragala,2025-04-01,285.75,-0.78125,0.78125,5.65511730267492,-0.007843177461025697,-4.318936877076412,1.801968840601345,2.3515280904044067,4,4,1.837270341207349,FALSE,TRUE,FALSE,FALSE,FALSE,test
108,Lentils,1889,Monaragala,Uva,Moneragala,2025-05-01,280.5,-1.837270341207349,1.837270341207349,5.636573724962751,-0.018543577712168968,-0.78125,1.8160890303311445,2.3124857394279204,5,5,0.606060606060602,FALSE,TRUE,FALSE,FALSE,FALSE,test
108,Lentils,1889,Monaragala,Uva,Moneragala,2025-06-01,278.8,-0.606060606060602,0.606060606060602,5.630494678886369,-0.006079046076382433,-1.837270341207349,0.6660515116106089,1.0748603157559837,6,6,1.1477761836441853,FALSE,TRUE,FALSE,FALSE,FALSE,test
108,Lentils,1889,Monaragala,Uva,Moneragala,2025-07-01,282,1.1477761836441853,1.1477761836441853,5.641907070938114,0.011412392051744824,-0.606060606060602,1.5001290862439327,1.1970357103040454,7,7,3.1914893617021276,FALSE,TRUE,FALSE,FALSE,FALSE,test
108,Lentils,1889,Monaragala,Uva,Moneragala,2025-08-01,273,-3.1914893617021276,3.1914893617021276,5.60947179518496,-0.03243527575315408,1.1477761836441853,2.182873137573876,1.6484420504689716,8,8,1.5384615384615343,FALSE,TRUE,FALSE,FALSE,FALSE,test
108,Lentils,1889,Monaragala,Uva,Moneragala,2025-09-01,268.8,-1.5384615384615343,1.5384615384615343,5.5939676086489944,-0.015504186535965303,-3.1914893617021276,2.1900380345670136,1.9592423612692824,9,9,NA,FALSE,TRUE,TRUE,FALSE,FALSE,inference
108,Lentils,1906,Anuradhapura,North Central,Anuradhapura,2023-06-01,300,NA,NA,5.703782474656201,NA,NA,NA,NA,6,6,2.2666666666666706,FALSE,TRUE,FALSE,FALSE,FALSE,train
108,Lentils,1906,Anuradhapura,North Central,Anuradhapura,2023-07-01,293.2,-2.2666666666666706,2.2666666666666706,5.680854970012496,-0.022927504643704744,NA,NA,NA,7,7,4.536152796725789,FALSE,TRUE,FALSE,FALSE,FALSE,train
108,Lentils,1906,Anuradhapura,North Central,Anuradhapura,2023-08-01,306.5,4.536152796725789,4.536152796725789,5.725217755376266,0.04436278536377003,-2.2666666666666706,4.810319773752639,3.40140973169623,8,8,7.014681892332789,FALSE,TRUE,FALSE,FALSE,FALSE,train
108,Lentils,1906,Anuradhapura,North Central,Anuradhapura,2023-09-01,328,7.014681892332789,7.014681892332789,5.793013608384144,0.06779585300787794,4.536152796725789,4.805637144765909,4.6058337852417495,9,9,0.3658536585365819,FALSE,TRUE,FALSE,FALSE,FALSE,train
108,Lentils,1906,Anuradhapura,North Central,Anuradhapura,2023-10-01,326.8,-0.3658536585365819,0.3658536585365819,5.789348362985848,-0.0036652453982961575,7.014681892332789,3.755996955599828,3.9722294491983865,10,10,0.36719706242349714,FALSE,TRUE,FALSE,FALSE,FALSE,train
108,Lentils,1906,Anuradhapura,North Central,Anuradhapura,2023-11-01,328,0.36719706242349714,0.36719706242349714,5.793013608384144,0.0036652453982961575,-0.3658536585365819,4.066094009017764,2.5825775377642897,11,11,0,FALSE,TRUE,FALSE,FALSE,FALSE,train
108,Lentils,1906,Anuradhapura,North Central,Anuradhapura,2023-12-01,328,0,0,5.793013608384144,0,0.36719706242349714,0.3665255656424572,0.24435024032002636,12,12,0,FALSE,TRUE,FALSE,FALSE,FALSE,train
108,Lentils,1906,Anuradhapura,North Central,Anuradhapura,2024-01-01,328,0,0,5.793013608384144,0,0,0.21200132283584588,0.12239902080783238,1,1,1.3719512195121952,FALSE,TRUE,FALSE,FALSE,FALSE,train
108,Lentils,1906,Anuradhapura,North Central,Anuradhapura,2024-02-01,323.5,-1.3719512195121952,1.3719512195121952,5.7791991139409555,-0.013814494443188607,0,0.7920964059004013,0.4573170731707317,2,2,0.9273570324574961,FALSE,TRUE,FALSE,FALSE,FALSE,train
108,Lentils,1906,Anuradhapura,North Central,Anuradhapura,2024-03-01,320.5,-0.9273570324574961,0.9273570324574961,5.7698822763607245,-0.009316837580231052,-1.3719512195121952,0.6999887148533422,0.7664360839898972,3,3,2.7769110764430507,FALSE,TRUE,FALSE,FALSE,FALSE,train
108,Lentils,1906,Anuradhapura,North Central,Anuradhapura,2024-04-01,311.6,-2.7769110764430507,2.7769110764430507,5.741720313996593,-0.028161962364131377,-0.9273570324574961,0.9654382728734583,1.692073109470914,4,4,1.8774069319640636,FALSE,TRUE,FALSE,FALSE,FALSE,train
108,Lentils,1906,Anuradhapura,North Central,Anuradhapura,2024-05-01,305.75,-1.8774069319640636,1.8774069319640636,5.722767774567282,-0.01895253942931152,-2.7769110764430507,0.9248921269631604,1.86055834695487,5,5,0.24529844644317253,FALSE,TRUE,FALSE,FALSE,FALSE,train
108,Lentils,1906,Anuradhapura,North Central,Anuradhapura,2024-06-01,306.5,0.24529844644317253,0.24529844644317253,5.725217755376266,0.00244998080898462,-1.8774069319640636,1.5518127158089479,1.6332054849500957,6,6,1.4029363784665616,FALSE,TRUE,FALSE,FALSE,FALSE,train
108,Lentils,1906,Anuradhapura,North Central,Anuradhapura,2024-07-01,310.8,1.4029363784665616,1.4029363784665616,5.739149618493492,0.013931863117226051,0.24529844644317253,1.6636634244674888,1.1752139189579325,7,7,1.8661518661518697,FALSE,TRUE,FALSE,FALSE,FALSE,train
108,Lentils,1906,Anuradhapura,North Central,Anuradhapura,2024-08-01,305,-1.8661518661518697,1.8661518661518697,5.720311776607412,-0.018837841886080398,1.4029363784665616,1.6575728216943948,1.171462230353868,8,8,0.5901639344262333,FALSE,TRUE,FALSE,FALSE,FALSE,train
108,Lentils,1906,Anuradhapura,North Central,Anuradhapura,2024-09-01,303.2,-0.5901639344262333,0.5901639344262333,5.714392653768217,-0.005919122839195268,-1.8661518661518697,1.6476008826100876,1.2864173930148881,9,9,0.5936675461741463,FALSE,TRUE,FALSE,FALSE,FALSE,train
108,Lentils,1906,Anuradhapura,North Central,Anuradhapura,2024-10-01,305,0.5936675461741463,0.5936675461741463,5.720311776607412,0.005919122839195268,-0.5901639344262333,1.230197390504593,1.016661115584083,10,10,0.2459016393442623,FALSE,TRUE,FALSE,FALSE,FALSE,train
108,Lentils,1906,Anuradhapura,North Central,Anuradhapura,2024-11-01,304.25,-0.2459016393442623,0.2459016393442623,5.717849731867637,-0.00246204473977496,0.5936675461741463,0.6089403254216346,0.476577706648214,11,11,0.6080525883319713,FALSE,TRUE,FALSE,FALSE,FALSE,train
108,Lentils,1906,Anuradhapura,North Central,Anuradhapura,2024-12-01,302.4,-0.6080525883319713,0.6080525883319713,5.711750644305378,-0.006099087562258632,-0.2459016393442623,0.6164631658098944,0.48254059128345994,12,12,0.7936507936507862,FALSE,TRUE,FALSE,FALSE,FALSE,train
108,Lentils,1906,Anuradhapura,North Central,Anuradhapura,2025-01-01,300,-0.7936507936507862,0.7936507936507862,5.703782474656201,-0.007968169649177348,-0.6080525883319713,0.27857648253031436,0.5492016737756733,1,1,1.4166666666666667,FALSE,TRUE,FALSE,FALSE,FALSE,validation
108,Lentils,1906,Anuradhapura,North Central,Anuradhapura,2025-02-01,295.75,-1.4166666666666667,1.4166666666666667,5.689514502858496,-0.014267971797704782,-0.7936507936507862,0.4235666416532299,0.9394566828831414,2,2,2.2147083685545264,FALSE,TRUE,FALSE,FALSE,FALSE,validation
108,Lentils,1906,Anuradhapura,North Central,Anuradhapura,2025-03-01,289.2,-2.2147083685545264,2.2147083685545264,5.66711849028461,-0.02239601257388646,-1.4166666666666667,0.7123229566206972,1.4750086096239932,3,3,1.2793914246196365,FALSE,TRUE,FALSE,FALSE,FALSE,validation
108,Lentils,1906,Anuradhapura,North Central,Anuradhapura,2025-04-01,285.5,-1.2793914246196365,1.2793914246196365,5.654242029096065,-0.012876461188544575,-2.2147083685545264,0.5050631702475187,1.6369221532802765,4,4,1.7513134851138354,FALSE,TRUE,FALSE,FALSE,FALSE,test
108,Lentils,1906,Anuradhapura,North Central,Anuradhapura,2025-05-01,280.5,-1.7513134851138354,1.7513134851138354,5.636573724962751,-0.01766830413331366,-1.2793914246196365,0.46766495036364863,1.748471092762666,5,5,0.24955436720142196,FALSE,TRUE,FALSE,FALSE,FALSE,test
108,Lentils,1906,Anuradhapura,North Central,Anuradhapura,2025-06-01,279.8,-0.24955436720142196,0.24955436720142196,5.634075062231381,-0.002498662731370338,-1.7513134851138354,0.7679578161424806,1.093419758978298,6,6,0.7862759113652568,FALSE,TRUE,FALSE,FALSE,FALSE,test
108,Lentils,1906,Anuradhapura,North Central,Anuradhapura,2025-07-01,282,0.7862759113652568,0.7862759113652568,5.641907070938114,0.00783200870673273,-0.24955436720142196,1.2759039122227371,0.9290479212268381,7,7,2.8368794326241136,FALSE,TRUE,FALSE,FALSE,FALSE,test
108,Lentils,1906,Anuradhapura,North Central,Anuradhapura,2025-08-01,274,-2.8368794326241136,2.8368794326241136,5.6131281063880705,-0.028778964550043362,0.7862759113652568,1.8661212003707401,1.2909032370635973,8,8,1.897810218978098,FALSE,TRUE,FALSE,FALSE,FALSE,test
108,Lentils,1906,Anuradhapura,North Central,Anuradhapura,2025-09-01,268.8,-1.897810218978098,1.897810218978098,5.5939676086489944,-0.01916049773907602,-2.8368794326241136,1.880311321288669,1.8403218543224895,9,9,NA,FALSE,TRUE,TRUE,FALSE,FALSE,inference
108,Lentils,1907,Badulla,Uva,Badulla,2023-06-01,302.5,NA,NA,5.7120812774708964,NA,NA,NA,NA,6,6,2.809917355371901,FALSE,TRUE,FALSE,FALSE,FALSE,train
108,Lentils,1907,Badulla,Uva,Badulla,2023-07-01,294,-2.809917355371901,2.809917355371901,5.683579767338681,-0.028501510132215024,NA,NA,NA,7,7,5.9523809523809526,FALSE,TRUE,FALSE,FALSE,FALSE,train
108,Lentils,1907,Badulla,Uva,Badulla,2023-08-01,311.5,5.9523809523809526,5.9523809523809526,5.741399338227508,0.05781957088882628,-2.809917355371901,6.195880552191452,4.381149153876427,8,8,8.025682182985554,FALSE,TRUE,FALSE,FALSE,FALSE,train
108,Lentils,1907,Badulla,Uva,Badulla,2023-09-01,336.5,8.025682182985554,8.025682182985554,5.8185981490847825,0.07719881085727476,5.9523809523809526,5.751618134382233,5.5959934969128025,9,9,2.644873699851405,FALSE,TRUE,FALSE,FALSE,FALSE,train
108,Lentils,1907,Badulla,Uva,Badulla,2023-10-01,327.6,-2.644873699851405,2.644873699851405,5.791793351978915,-0.026804797105867806,8.025682182985554,5.657916701356073,5.540978945072637,10,10,0.4884004884004953,FALSE,TRUE,FALSE,FALSE,FALSE,train
108,Lentils,1907,Badulla,Uva,Badulla,2023-11-01,326,-0.4884004884004953,0.4884004884004953,5.786897381366708,-0.0048959706122069235,-2.644873699851405,5.64211460499885,3.719652123745818,11,11,0.15337423312883436,FALSE,TRUE,FALSE,FALSE,FALSE,train
108,Lentils,1907,Badulla,Uva,Badulla,2023-12-01,326.5,0.15337423312883436,0.15337423312883436,5.788429948716486,0.0015325673497779135,-0.4884004884004953,1.4658582809698686,1.0955494737935783,12,12,0.15313935681470137,FALSE,TRUE,FALSE,FALSE,FALSE,train
108,Lentils,1907,Badulla,Uva,Badulla,2024-01-01,326,-0.15313935681470137,0.15313935681470137,5.786897381366708,-0.0015325673497779135,0.15337423312883436,0.3209946521793132,0.26497135944801037,1,1,1.5337423312883436,FALSE,TRUE,FALSE,FALSE,FALSE,train
108,Lentils,1907,Badulla,Uva,Badulla,2024-02-01,321,-1.5337423312883436,1.5337423312883436,5.771441123130016,-0.015456258236691944,-0.15313935681470137,0.8987377681945907,0.6134186404106264,2,2,0.6230529595015576,FALSE,TRUE,FALSE,FALSE,FALSE,train
108,Lentils,1907,Badulla,Uva,Badulla,2024-03-01,323,0.6230529595015576,0.6230529595015576,5.777652323222656,0.006211200092640645,-1.5337423312883436,1.0924212413569656,0.7699782158682008,3,3,1.4241486068111526,FALSE,TRUE,FALSE,FALSE,FALSE,train
108,Lentils,1907,Badulla,Uva,Badulla,2024-04-01,318.4,-1.4241486068111526,1.4241486068111526,5.763308453970228,-0.014343869252428476,0.6230529595015576,1.214825842383144,1.1936479658670178,4,4,2.5439698492462384,FALSE,TRUE,FALSE,FALSE,FALSE,train
108,Lentils,1907,Badulla,Uva,Badulla,2024-05-01,326.5,2.5439698492462384,2.5439698492462384,5.788429948716486,0.02512149474625769,-1.4241486068111526,1.984394115413354,1.5303904718529828,5,5,3.215926493108729,FALSE,TRUE,FALSE,FALSE,FALSE,train
108,Lentils,1907,Badulla,Uva,Badulla,2024-06-01,316,-3.215926493108729,3.215926493108729,5.755742213586912,-0.03268773512957335,2.5439698492462384,2.9476781243831685,2.39468164972204,6,6,1.0126582278480976,FALSE,TRUE,FALSE,FALSE,FALSE,train
108,Lentils,1907,Badulla,Uva,Badulla,2024-07-01,312.8,-1.0126582278480976,1.0126582278480976,5.745564008671156,-0.010178204915756162,-3.215926493108729,2.9063264384830805,2.2575181900676884,7,7,5.530690537084403,FALSE,TRUE,FALSE,FALSE,FALSE,train
108,Lentils,1907,Badulla,Uva,Badulla,2024-08-01,295.5,-5.530690537084403,5.530690537084403,5.688668836846153,-0.05689517182500303,-1.0126582278480976,2.259245433593937,3.25309175268041,8,8,0.5076142131979695,FALSE,TRUE,FALSE,FALSE,FALSE,train
108,Lentils,1907,Badulla,Uva,Badulla,2024-09-01,297,0.5076142131979695,0.5076142131979695,5.6937321388027,0.005063301956546695,-5.530690537084403,3.14072625623411,2.3503209927101567,9,9,1.0101010101010102,FALSE,TRUE,FALSE,FALSE,FALSE,train
108,Lentils,1907,Badulla,Uva,Badulla,2024-10-01,300,1.0101010101010102,1.0101010101010102,5.703782474656201,0.010050335853501124,0.5076142131979695,3.639953555154165,2.349468586794461,10,10,0.3333333333333333,FALSE,TRUE,FALSE,FALSE,FALSE,train
108,Lentils,1907,Badulla,Uva,Badulla,2024-11-01,299,-0.3333333333333333,0.3333333333333333,5.700443573390687,-0.0033389012655140604,1.0101010101010102,0.6787858759331203,0.6170161855441043,11,11,5.016722408026756,FALSE,TRUE,FALSE,FALSE,FALSE,train
108,Lentils,1907,Badulla,Uva,Badulla,2024-12-01,314,5.016722408026756,5.016722408026756,5.749392985908253,0.04894941251756624,-0.3333333333333333,2.7833111964317903,2.120052250487033,12,12,3.821656050955414,FALSE,TRUE,FALSE,FALSE,FALSE,train
108,Lentils,1907,Badulla,Uva,Badulla,2025-01-01,302,-3.821656050955414,3.821656050955414,5.71042701737487,-0.03896596853338341,5.016722408026756,4.451749199324882,3.0572372641051677,1,1,1.9867549668874172,FALSE,TRUE,FALSE,FALSE,FALSE,validation
108,Lentils,1907,Badulla,Uva,Badulla,2025-02-01,296,-1.9867549668874172,1.9867549668874172,5.69035945432406,-0.02006756305080959,-3.821656050955414,4.664270059245581,3.608377808623196,2,2,2.8310810810810794,FALSE,TRUE,FALSE,FALSE,FALSE,validation
108,Lentils,1907,Badulla,Uva,Badulla,2025-03-01,287.62,-2.8310810810810794,2.8310810810810794,5.661640164458234,-0.02871928986582617,-1.9867549668874172,0.9184214125665859,2.8798306996413037,3,3,1.126486336137963,FALSE,TRUE,FALSE,FALSE,FALSE,validation
108,Lentils,1907,Badulla,Uva,Badulla,2025-04-01,284.38,-1.126486336137963,1.126486336137963,5.650311371968228,-0.011328792490005846,-2.8310810810810794,0.8523097978091259,1.981440794702153,4,4,0.36922427737534685,FALSE,TRUE,FALSE,FALSE,FALSE,test
108,Lentils,1907,Badulla,Uva,Badulla,2025-05-01,283.33,-0.36922427737534685,0.36922427737534685,5.646612296041165,-0.003699075927062978,-1.126486336137963,1.2609406536445513,1.4422638981981297,5,5,0.8223626160307712,FALSE,TRUE,FALSE,FALSE,FALSE,test
108,Lentils,1907,Badulla,Uva,Badulla,2025-06-01,281,-0.8223626160307712,0.8223626160307712,5.638354669333745,-0.008257626707419696,-0.36922427737534685,0.3810667957048631,0.7726910765146937,6,6,1.9857651245551544,FALSE,TRUE,FALSE,FALSE,FALSE,test
108,Lentils,1907,Badulla,Uva,Badulla,2025-07-01,275.42,-1.9857651245551544,1.9857651245551544,5.61829720529898,-0.020057464034765715,-0.8223626160307712,0.8338708994203914,1.059117339320424,7,7,0.4538522983080386,FALSE,TRUE,FALSE,FALSE,FALSE,test
108,Lentils,1907,Badulla,Uva,Badulla,2025-08-01,274.17,-0.4538522983080386,0.4538522983080386,5.61374835195222,-0.004548853346759252,-1.9857651245551544,0.7995897029445126,1.0873266796313215,8,8,1.1562169456906357,FALSE,TRUE,FALSE,FALSE,FALSE,test
108,Lentils,1907,Badulla,Uva,Badulla,2025-09-01,271,-1.1562169456906357,1.1562169456906357,5.602118820879701,-0.011629531072519406,-0.4538522983080386,0.7668358349054407,1.1986114561846095,9,9,NA,FALSE,TRUE,TRUE,FALSE,FALSE,inference
108,Lentils,1908,Hambantota,Southern,Hambantota,2023-06-01,308.25,NA,NA,5.730911142044453,NA,NA,NA,NA,6,6,4.947283049472831,FALSE,TRUE,FALSE,FALSE,FALSE,train
108,Lentils,1908,Hambantota,Southern,Hambantota,2023-07-01,293,-4.947283049472831,4.947283049472831,5.680172609017068,-0.050738533027385735,NA,NA,NA,7,7,4.778156996587031,FALSE,TRUE,FALSE,FALSE,FALSE,train
108,Lentils,1908,Hambantota,Southern,Hambantota,2023-08-01,307,4.778156996587031,4.778156996587031,5.726847747587197,0.04667513857012917,-4.947283049472831,6.876924606592137,4.862720023029931,8,8,4.478827361563518,FALSE,TRUE,FALSE,FALSE,FALSE,train
108,Lentils,1908,Hambantota,Southern,Hambantota,2023-09-01,320.75,4.478827361563518,4.478827361563518,5.770662003495746,0.043814255908548816,4.778156996587031,5.530601832847187,4.734755802541127,9,9,1.0132501948558068,FALSE,TRUE,FALSE,FALSE,FALSE,train
108,Lentils,1908,Hambantota,Southern,Hambantota,2023-10-01,324,1.0132501948558068,1.0132501948558068,5.780743515792329,0.010081512296583384,4.478827361563518,2.0926198314764513,3.423411517668785,10,10,1.2345679012345678,FALSE,TRUE,FALSE,FALSE,FALSE,train
108,Lentils,1908,Hambantota,Southern,Hambantota,2023-11-01,328,1.2345679012345678,1.2345679012345678,5.793013608384144,0.012270092591815107,1.0132501948558068,1.9401213910258506,2.2422151525512977,11,11,0.3048780487804878,FALSE,TRUE,FALSE,FALSE,FALSE,train
108,Lentils,1908,Hambantota,Southern,Hambantota,2023-12-01,327,-0.3048780487804878,0.3048780487804878,5.7899601708972535,-0.0030534374868906866,1.2345679012345678,0.8322997683974022,0.8508987149569541,12,12,0.4281345565749166,FALSE,TRUE,FALSE,FALSE,FALSE,train
108,Lentils,1908,Hambantota,Southern,Hambantota,2024-01-01,325.6,-0.4281345565749166,0.4281345565749166,5.785669634128385,-0.004290536768868591,-0.3048780487804878,0.9264327159358036,0.6558601688633241,1,1,0.12285012285011586,FALSE,TRUE,FALSE,FALSE,FALSE,train
108,Lentils,1908,Hambantota,Southern,Hambantota,2024-02-01,326,0.12285012285011586,0.12285012285011586,5.786897381366708,0.0012277472383228627,-0.4281345565749166,0.289173440597289,0.28528757606850674,2,2,0,FALSE,TRUE,FALSE,FALSE,FALSE,train
108,Lentils,1908,Hambantota,Southern,Hambantota,2024-03-01,326,0,0,5.786897381366708,0,0.12285012285011586,0.28924484097358155,0.18366155980834414,3,3,0,FALSE,TRUE,FALSE,FALSE,FALSE,train
108,Lentils,1908,Hambantota,Southern,Hambantota,2024-04-01,326,0,0,5.786897381366708,0,0,0.07092755149749298,0.04095004095003862,4,4,1.0736196319018405,FALSE,TRUE,FALSE,FALSE,FALSE,train
108,Lentils,1908,Hambantota,Southern,Hambantota,2024-05-01,322.5,-1.0736196319018405,1.0736196319018405,5.776103136235827,-0.010794245130880675,0,0.6198545834857945,0.35787321063394684,5,5,2.0155038759689923,FALSE,TRUE,FALSE,FALSE,FALSE,train
108,Lentils,1908,Hambantota,Southern,Hambantota,2024-06-01,316,-2.0155038759689923,2.0155038759689923,5.755742213586912,-0.02036092264891476,-1.0736196319018405,1.0084692126578962,1.0297078359569443,6,6,2.5316455696202533,FALSE,TRUE,FALSE,FALSE,FALSE,train
108,Lentils,1908,Hambantota,Southern,Hambantota,2024-07-01,308,-2.5316455696202533,2.5316455696202533,5.730099782973574,-0.025642430613338263,-2.0155038759689923,0.7393000983144801,1.8735896924970288,7,7,1.0292207792207844,FALSE,TRUE,FALSE,FALSE,FALSE,train
108,Lentils,1908,Hambantota,Southern,Hambantota,2024-08-01,304.83,-1.0292207792207844,1.0292207792207844,5.7197542441659,-0.010345538807674082,-2.5316455696202533,0.7633737448178443,1.8587900749366766,8,8,6.068956467539285,FALSE,TRUE,FALSE,FALSE,FALSE,train
108,Lentils,1908,Hambantota,Southern,Hambantota,2024-09-01,286.33,-6.068956467539285,6.068956467539285,5.657144991804844,-0.06260925236105574,-1.0292207792207844,2.587430657604012,3.209940938793441,9,9,3.9884049872524767,FALSE,TRUE,FALSE,FALSE,FALSE,train
108,Lentils,1908,Hambantota,Southern,Hambantota,2024-10-01,297.75,3.9884049872524767,3.9884049872524767,5.696254208235409,0.039109216430564864,-6.068956467539285,5.0286847778986665,3.6955274113375154,10,10,1.8908480268681764,FALSE,TRUE,FALSE,FALSE,FALSE,train
108,Lentils,1908,Hambantota,Southern,Hambantota,2024-11-01,303.38,1.8908480268681764,1.8908480268681764,5.714986145163526,0.018731936928117143,3.9884049872524767,5.30579482301469,3.982736493886646,11,11,2.300744940338855,FALSE,TRUE,FALSE,FALSE,FALSE,train
108,Lentils,1908,Hambantota,Southern,Hambantota,2024-12-01,296.4,-2.300744940338855,2.300744940338855,5.6917098934219315,-0.023276251741594756,1.8908480268681764,3.202150413303486,2.726665984819836,12,12,3.856275303643727,FALSE,TRUE,FALSE,FALSE,FALSE,train
108,Lentils,1908,Hambantota,Southern,Hambantota,2025-01-01,307.83,3.856275303643727,3.856275303643727,5.729547682542227,0.037837789120295895,-2.300744940338855,3.1448702746918973,2.682622756950253,1,1,4.817594126628329,FALSE,TRUE,FALSE,FALSE,FALSE,validation
108,Lentils,1908,Hambantota,Southern,Hambantota,2025-02-01,293,-4.817594126628329,4.817594126628329,5.680172609017068,-0.049375073525159685,3.856275303643727,4.462425330929833,3.658204790203637,2,2,3.7542662116040955,FALSE,TRUE,FALSE,FALSE,FALSE,validation
108,Lentils,1908,Hambantota,Southern,Hambantota,2025-03-01,282,-3.7542662116040955,3.7542662116040955,5.641907070938114,-0.03826553807895383,-4.817594126628329,4.730874114149668,4.1427118806253835,3,3,0.6666666666666651,FALSE,TRUE,FALSE,FALSE,FALSE,validation
108,Lentils,1908,Hambantota,Southern,Hambantota,2025-04-01,280.12,-0.6666666666666651,0.6666666666666651,5.635218082787317,-0.006688988150797215,-3.7542662116040955,2.1561592389644835,3.07950900163303,4,4,0.04283878337855367,FALSE,TRUE,FALSE,FALSE,FALSE,test
108,Lentils,1908,Hambantota,Southern,Hambantota,2025-05-01,280,-0.04283878337855367,0.04283878337855367,5.634789603169249,-4.284796180673567e-4,-0.6666666666666651,1.987340171051516,1.487923887216438,5,5,4.364285714285724,FALSE,TRUE,FALSE,FALSE,FALSE,test
108,Lentils,1908,Hambantota,Southern,Hambantota,2025-08-01,292.22,4.364285714285724,4.364285714285724,5.677506943243938,0.04271734007468897,-0.04283878337855367,2.7423344503449014,1.6912637214436474,8,8,3.7266443090822126,FALSE,TRUE,FALSE,FALSE,FALSE,test
108,Lentils,1908,Hambantota,Southern,Hambantota,2025-09-01,281.33,-3.7266443090822126,3.7266443090822126,5.639528357516423,-0.037978585727515224,4.364285714285724,4.0508500781143475,2.7112562689154966,9,9,NA,FALSE,TRUE,TRUE,FALSE,FALSE,inference
108,Lentils,1909,Gampaha,Western,Gampaha,2023-06-01,334,NA,NA,5.811140992976701,NA,NA,NA,NA,6,6,10.179640718562874,TRUE,TRUE,FALSE,FALSE,FALSE,train
108,Lentils,1909,Gampaha,Western,Gampaha,2023-07-01,300,-10.179640718562874,10.179640718562874,5.703782474656201,-0.10735851832049992,NA,NA,NA,7,7,2.8333333333333335,FALSE,TRUE,FALSE,FALSE,FALSE,train
108,Lentils,1909,Gampaha,Western,Gampaha,2023-08-01,308.5,2.8333333333333335,2.8333333333333335,5.731721843345443,0.02793936868924174,-10.179640718562874,9.201562195500392,6.506487025948104,8,8,11.831442463533225,TRUE,TRUE,FALSE,FALSE,FALSE,train
108,Lentils,1909,Gampaha,Western,Gampaha,2023-09-01,345,11.831442463533225,11.831442463533225,5.84354441703136,0.11182257368591753,2.8333333333333335,11.066399929843673,8.281472171809812,9,9,1.33333333333334,FALSE,TRUE,FALSE,FALSE,FALSE,train
108,Lentils,1909,Gampaha,Western,Gampaha,2023-10-01,340.4,-1.33333333333334,1.33333333333334,5.830121396699219,-0.013423020332140823,11.831442463533225,6.7285263469779855,5.332703043399966,10,10,0.9988249118683835,FALSE,TRUE,FALSE,FALSE,FALSE,train
108,Lentils,1909,Gampaha,Western,Gampaha,2023-11-01,337,-0.9988249118683835,0.9988249118683835,5.820082930352362,-0.010038466346857788,-1.33333333333334,7.50598626197883,4.721200236244983,11,11,1.0385756676557865,FALSE,TRUE,FALSE,FALSE,FALSE,train
108,Lentils,1909,Gampaha,Western,Gampaha,2023-12-01,333.5,-1.0385756676557865,1.0385756676557865,5.809642865355678,-0.010440064996683596,-0.9988249118683835,0.1827375568460258,1.1235779709525033,12,12,4.107946026986503,FALSE,TRUE,FALSE,FALSE,FALSE,train
108,Lentils,1909,Gampaha,Western,Gampaha,2024-01-01,347.2,4.107946026986503,4.107946026986503,5.849900982786195,0.04025811743051744,-1.0385756676557865,2.959937361328846,2.048448868836891,1,1,0.5184331797235056,FALSE,TRUE,FALSE,FALSE,FALSE,train
108,Lentils,1909,Gampaha,Western,Gampaha,2024-02-01,349,0.5184331797235056,0.5184331797235056,5.855071922202427,0.00517093941623159,4.107946026986503,2.6393043460006416,1.888318291455265,2,2,6.017191977077364,FALSE,TRUE,FALSE,FALSE,FALSE,train
108,Lentils,1909,Gampaha,Western,Gampaha,2024-07-01,328,-6.017191977077364,6.017191977077364,5.793013608384144,-0.06205831381828286,0.5184331797235056,5.133507869417249,3.547857061262458,7,7,1.1432926829268293,FALSE,TRUE,FALSE,FALSE,FALSE,train
108,Lentils,1909,Gampaha,Western,Gampaha,2024-08-01,324.25,-1.1432926829268293,1.1432926829268293,5.781514823196553,-0.011498785187590954,-6.017191977077364,3.396827523889766,2.559639279909233,8,8,1.8041634541249105,FALSE,TRUE,FALSE,FALSE,FALSE,train
108,Lentils,1909,Gampaha,Western,Gampaha,2024-09-01,330.1,1.8041634541249105,1.8041634541249105,5.799395638859147,0.01788081566259425,-1.1432926829268293,3.9500209448930432,2.988216038043035,9,9,5.837624962132699,FALSE,TRUE,FALSE,FALSE,FALSE,train
108,Lentils,1909,Gampaha,Western,Gampaha,2024-10-01,310.83,-5.837624962132699,5.837624962132699,5.73924613893177,-0.060149499927377725,1.8041634541249105,3.854027837347293,2.928360366394813,10,10,0.15442524852812192,FALSE,TRUE,FALSE,FALSE,FALSE,train
108,Lentils,1909,Gampaha,Western,Gampaha,2024-11-01,310.35,-0.15442524852812192,0.15442524852812192,5.7377006928596614,-0.0015454460721082697,-5.837624962132699,3.9692937845777263,2.5987378882619105,11,11,1.401643305944908,FALSE,TRUE,FALSE,FALSE,FALSE,train
108,Lentils,1909,Gampaha,Western,Gampaha,2024-12-01,306,-1.401643305944908,1.401643305944908,5.723585101952381,-0.014115590907280762,-0.15442524852812192,2.9869785492337746,2.4645645055352428,12,12,4.140522875816998,FALSE,TRUE,FALSE,FALSE,FALSE,train
108,Lentils,1909,Gampaha,Western,Gampaha,2025-01-01,293.33,-4.140522875816998,4.140522875816998,5.681298255103212,-0.04228684684916839,-1.401643305944908,2.0390352488079273,1.8988638100966762,1,1,0.7125080966829277,FALSE,TRUE,FALSE,FALSE,FALSE,validation
108,Lentils,1909,Gampaha,Western,Gampaha,2025-02-01,295.42,0.7125080966829277,0.7125080966829277,5.688398072612454,0.007099817509241824,-4.140522875816998,2.4332080015054047,2.084891426148278,2,2,0.8767178931690582,FALSE,TRUE,FALSE,FALSE,FALSE,validation
108,Lentils,1909,Gampaha,Western,Gampaha,2025-03-01,292.83,-0.8767178931690582,0.8767178931690582,5.679592235854983,-0.008805836757471042,0.7125080966829277,2.474199258737465,1.9099162885563281,3,3,1.4513540279342965,FALSE,TRUE,FALSE,FALSE,FALSE,validation
108,Lentils,1909,Gampaha,Western,Gampaha,2025-04-01,297.08,1.4513540279342965,1.4513540279342965,5.694001462801095,0.014409226946112241,-0.8767178931690582,1.1896394010215583,1.0135266725954275,4,4,0.9458731654773134,FALSE,TRUE,FALSE,FALSE,FALSE,test
108,Lentils,1909,Gampaha,Western,Gampaha,2025-05-01,294.27,-0.9458731654773134,0.9458731654773134,5.684497713244334,-0.009503749556761143,1.4513540279342965,1.3645145375034788,1.0913150288602227,5,5,0.9990824752778054,FALSE,TRUE,FALSE,FALSE,FALSE,test
108,Lentils,1909,Gampaha,Western,Gampaha,2025-06-01,291.33,-0.9990824752778054,0.9990824752778054,5.674456645274372,-0.010041067969962292,-0.9458731654773134,1.3996528440864602,1.1321032228964718,6,6,0.4908522980812161,FALSE,TRUE,FALSE,FALSE,FALSE,test
108,Lentils,1909,Gampaha,Western,Gampaha,2025-07-01,289.9,-0.4908522980812161,0.4908522980812161,5.66953603592761,-0.004920609346761751,-0.9990824752778054,0.279336455858229,0.8119359796121116,7,7,7.547430148327009,FALSE,TRUE,FALSE,FALSE,FALSE,test
108,Lentils,1909,Gampaha,Western,Gampaha,2025-08-01,268.02,-7.547430148327009,7.547430148327009,5.591061604592082,-0.07847443133552812,-0.4908522980812161,3.9356161338203393,3.0124549738953434,8,8,1.391687187523326,FALSE,TRUE,FALSE,FALSE,FALSE,test
108,Lentils,1909,Gampaha,Western,Gampaha,2025-09-01,271.75,1.391687187523326,1.391687187523326,5.604882526001319,0.013820921409236853,-7.547430148327009,4.71251993126713,3.143323211310517,9,9,NA,FALSE,TRUE,TRUE,FALSE,FALSE,inference
108,Lentils,1910,Galle,Southern,Galle,2023-06-01,309.25,NA,NA,5.734150011272598,NA,NA,NA,NA,6,6,5.060630557801124,FALSE,TRUE,FALSE,FALSE,FALSE,train
108,Lentils,1910,Galle,Southern,Galle,2023-07-01,293.6,-5.060630557801124,5.060630557801124,5.682218296740361,-0.05193171453223666,NA,NA,NA,7,7,8.082425068119878,FALSE,TRUE,FALSE,FALSE,FALSE,train
108,Lentils,1910,Galle,Southern,Galle,2023-08-01,317.33,8.082425068119878,8.082425068119878,5.759942241866406,0.07772394512604475,-5.060630557801124,9.293543758600745,6.571527812960501,8,8,5.095641760942872,FALSE,TRUE,FALSE,FALSE,FALSE,train
108,Lentils,1910,Galle,Southern,Galle,2023-09-01,333.5,5.095641760942872,5.095641760942872,5.809642865355678,0.04970062348927229,8.082425068119878,6.889734551279539,6.079565795621291,9,9,1.5292353823088525,FALSE,TRUE,FALSE,FALSE,FALSE,train
108,Lentils,1910,Galle,Southern,Galle,2023-10-01,328.4,-1.5292353823088525,1.5292353823088525,5.794232377578273,-0.01541048777740528,5.095641760942872,4.9192460177949044,4.9024340704572005,10,10,0.5785627283800174,FALSE,TRUE,FALSE,FALSE,FALSE,train
108,Lentils,1910,Galle,Southern,Galle,2023-11-01,326.5,-0.5785627283800174,0.5785627283800174,5.788429948716486,-0.005802428861787057,-1.5292353823088525,3.5821169775418014,2.4011466238772474,11,11,1.7611026033690658,FALSE,TRUE,FALSE,FALSE,FALSE,train
108,Lentils,1910,Galle,Southern,Galle,2023-12-01,332.25,1.7611026033690658,1.7611026033690658,5.805887697593355,0.01745774887686924,-0.5785627283800174,1.6933269235202666,1.2896335713526452,12,12,2.558314522197141,FALSE,TRUE,FALSE,FALSE,FALSE,train
108,Lentils,1910,Galle,Southern,Galle,2024-01-01,323.75,-2.558314522197141,2.558314522197141,5.779971613013747,-0.025916084579607812,1.7611026033690658,2.1622062549760486,1.632659951315408,1,1,0.1945945945945932,FALSE,TRUE,FALSE,FALSE,FALSE,train
108,Lentils,1910,Galle,Southern,Galle,2024-02-01,323.12,-0.1945945945945932,0.1945945945945932,5.778023771255158,-0.0019478417585894192,-2.558314522197141,2.1629180802372416,1.5046705733869332,2,2,0.2878187670215421,FALSE,TRUE,FALSE,FALSE,FALSE,train
108,Lentils,1910,Galle,Southern,Galle,2024-03-01,322.19,-0.2878187670215421,0.2878187670215421,5.775141433638012,-0.002882337617145403,-0.1945945945945932,1.3385946372184832,1.013575961271092,3,3,1.843632639125981,FALSE,TRUE,FALSE,FALSE,FALSE,train
108,Lentils,1910,Galle,Southern,Galle,2024-04-01,316.25,-1.843632639125981,1.843632639125981,5.75653304004173,-0.01860839359628219,-0.2878187670215421,0.9263345348980933,0.7753486669140387,4,4,0.4553359683794459,FALSE,TRUE,FALSE,FALSE,FALSE,train
108,Lentils,1910,Galle,Southern,Galle,2024-05-01,317.69,0.4553359683794459,0.4553359683794459,5.761076064544641,0.004543024502910775,-1.843632639125981,1.1731789025035753,0.8622624581756563,5,5,4.290345934716232,FALSE,TRUE,FALSE,FALSE,FALSE,train
108,Lentils,1910,Galle,Southern,Galle,2024-06-01,304.06,-4.290345934716232,4.290345934716232,5.71722505035269,-0.04385101419195081,0.4553359683794459,2.373224225060475,2.196438180740553,6,6,4.42018022758666,FALSE,TRUE,FALSE,FALSE,FALSE,train
108,Lentils,1910,Galle,Southern,Galle,2024-07-01,317.5,4.42018022758666,4.42018022758666,5.760477818332746,0.043252767980056284,-4.290345934716232,4.361092232252936,3.0552873768941127,7,7,1.1811023622047243,FALSE,TRUE,FALSE,FALSE,FALSE,train
108,Lentils,1910,Galle,Southern,Galle,2024-08-01,313.75,-1.1811023622047243,1.1811023622047243,5.748596490445994,-0.011881327886752224,4.42018022758666,4.414276616239391,3.2972095081692054,8,8,2.151394422310757,FALSE,TRUE,FALSE,FALSE,FALSE,train
108,Lentils,1910,Galle,Southern,Galle,2024-09-01,307,-2.151394422310757,2.151394422310757,5.726847747587197,-0.021748742858797243,-1.1811023622047243,3.5473329585238926,2.5842256707007136,9,9,0.03908794788273764,FALSE,TRUE,FALSE,FALSE,FALSE,train
108,Lentils,1910,Galle,Southern,Galle,2024-10-01,306.88,-0.03908794788273764,0.03908794788273764,5.726456791695074,-3.9095589212312376e-4,-2.151394422310757,1.057315960844134,1.123861577466073,10,10,0.28675703858185464,FALSE,TRUE,FALSE,FALSE,FALSE,train
108,Lentils,1910,Galle,Southern,Galle,2024-11-01,306,-0.28675703858185464,0.28675703858185464,5.723585101952381,-0.002871689742693029,-0.03908794788273764,1.1547042329241444,0.825746469591783,11,11,0.03267973856209894,FALSE,TRUE,FALSE,FALSE,FALSE,train
108,Lentils,1910,Galle,Southern,Galle,2024-12-01,306.1,0.03267973856209894,0.03267973856209894,5.723911845951367,3.267439989862453e-4,-0.28675703858185464,0.16759595952641962,0.11950824167556373,12,12,0.3756942175759481,FALSE,TRUE,FALSE,FALSE,FALSE,train
108,Lentils,1910,Galle,Southern,Galle,2025-01-01,307.25,0.3756942175759481,0.3756942175759481,5.7276617484461445,0.0037499024947775794,0.03267973856209894,0.331295551381318,0.23171033157330057,1,1,1.545972335231896,FALSE,TRUE,FALSE,FALSE,FALSE,validation
108,Lentils,1910,Galle,Southern,Galle,2025-02-01,302.5,-1.545972335231896,1.545972335231896,5.7120812774708964,-0.015580470975248062,0.3756942175759481,1.0249067960134721,0.651448763789981,2,2,0.8264462809917356,FALSE,TRUE,FALSE,FALSE,FALSE,validation
108,Lentils,1910,Galle,Southern,Galle,2025-03-01,300,-0.8264462809917356,0.8264462809917356,5.703782474656201,-0.008298802814695527,-1.545972335231896,0.9708812029291874,0.9160376112665265,3,3,0.14000000000000531,FALSE,TRUE,FALSE,FALSE,FALSE,validation
108,Lentils,1910,Galle,Southern,Galle,2025-04-01,299.58,-0.14000000000000531,0.14000000000000531,5.702381493740573,-0.001400980915628125,-0.8264462809917356,0.7030510231430821,0.8374728720745456,4,4,0.03671807196742561,FALSE,TRUE,FALSE,FALSE,FALSE,test
108,Lentils,1910,Galle,Southern,Galle,2025-05-01,299.69,0.03671807196742561,0.03671807196742561,5.702748607065903,3.671133253302372e-4,-0.14000000000000531,0.4559770597056156,0.3343881176530555,5,5,1.3647435683539575,FALSE,TRUE,FALSE,FALSE,FALSE,test
108,Lentils,1910,Galle,Southern,Galle,2025-06-01,295.6,-1.3647435683539575,1.3647435683539575,5.689007189074046,-0.013741417991856686,0.03671807196742561,0.7632519040784809,0.5138205467737962,6,6,1.0893098782138115,FALSE,TRUE,FALSE,FALSE,FALSE,test
108,Lentils,1910,Galle,Southern,Galle,2025-07-01,292.38,-1.0893098782138115,1.0893098782138115,5.67805432608347,-0.010952862990576406,-1.3647435683539575,0.7425067218041282,0.8302571728450648,7,7,3.550174430535603,FALSE,TRUE,FALSE,FALSE,FALSE,test
108,Lentils,1910,Galle,Southern,Galle,2025-08-01,282,-3.550174430535603,3.550174430535603,5.641907070938114,-0.036147255145356105,-1.0893098782138115,1.3483215563503486,2.0014092923677906,8,8,0.9929078014184437,FALSE,TRUE,FALSE,FALSE,FALSE,test
108,Lentils,1910,Galle,Southern,Galle,2025-09-01,279.2,-0.9929078014184437,0.9929078014184437,5.631928370888217,-0.009978700049896538,-3.550174430535603,1.4494113930420531,1.8774640367226194,9,9,NA,FALSE,TRUE,TRUE,FALSE,FALSE,inference
108,Lentils,1911,Kalutara,Western,Kalutara,2023-06-01,297.25,NA,NA,5.694573535570891,NA,NA,NA,NA,6,6,2.6947014297729153,FALSE,TRUE,FALSE,FALSE,FALSE,train
108,Lentils,1911,Kalutara,Western,Kalutara,2023-07-01,289.24,-2.6947014297729153,2.6947014297729153,5.667256793306751,-0.027316742264139826,NA,NA,NA,7,7,3.892960862951179,FALSE,TRUE,FALSE,FALSE,FALSE,train
108,Lentils,1911,Kalutara,Western,Kalutara,2023-08-01,300.5,3.892960862951179,3.892960862951179,5.705447753975262,0.03819096066851113,-2.6947014297729153,4.658180679352126,3.293831146362047,8,8,9.068219633943428,FALSE,TRUE,FALSE,FALSE,FALSE,train
108,Lentils,1911,Kalutara,Western,Kalutara,2023-09-01,327.75,9.068219633943428,9.068219633943428,5.792251122643809,0.08680336866854699,3.892960862951179,5.895576163261919,5.218627308889174,9,9,1.388253241800156,FALSE,TRUE,FALSE,FALSE,FALSE,train
108,Lentils,1911,Kalutara,Western,Kalutara,2023-10-01,323.2,-1.388253241800156,1.388253241800156,5.77827132664694,-0.013979795996869271,9.068219633943428,5.228325907466589,4.7831445795649215,10,10,2.8465346534653433,FALSE,TRUE,FALSE,FALSE,FALSE,train
108,Lentils,1911,Kalutara,Western,Kalutara,2023-11-01,314,-2.8465346534653433,2.8465346534653433,5.749392985908253,-0.02887834073868678,-1.388253241800156,6.499048384264874,4.4343358430696425,11,11,2.070063694267516,FALSE,TRUE,FALSE,FALSE,FALSE,train
108,Lentils,1911,Kalutara,Western,Kalutara,2023-12-01,320.5,2.070063694267516,2.070063694267516,5.7698822763607245,0.020489290452471387,-2.8465346534653433,2.5251891024512134,2.1016171965110053,12,12,1.0920436817472698,FALSE,TRUE,FALSE,FALSE,FALSE,train
108,Lentils,1911,Kalutara,Western,Kalutara,2024-01-01,317,-1.0920436817472698,1.0920436817472698,5.75890177387728,-0.010980502483444177,2.070063694267516,2.4916561072312535,2.002880676493376,1,1,1.2618296529968454,FALSE,TRUE,FALSE,FALSE,FALSE,train
108,Lentils,1911,Kalutara,Western,Kalutara,2024-02-01,321,1.2618296529968454,1.2618296529968454,5.771441123130016,0.012539349252735477,-1.0920436817472698,1.642806795240756,1.4746456763372104,2,2,0.2336448598130841,FALSE,TRUE,FALSE,FALSE,FALSE,train
108,Lentils,1911,Kalutara,Western,Kalutara,2024-03-01,320.25,-0.2336448598130841,0.2336448598130841,5.769101940776844,-0.002339182353171765,1.2618296529968454,1.1912187199098154,0.8625060648523998,3,3,2.763466042154574,FALSE,TRUE,FALSE,FALSE,FALSE,train
108,Lentils,1911,Kalutara,Western,Kalutara,2024-04-01,311.4,-2.763466042154574,2.763466042154574,5.741078259399898,-0.028023681376946108,-0.2336448598130841,2.0346762505163785,1.4196468516548344,4,4,1.091843288375073,FALSE,TRUE,FALSE,FALSE,FALSE,train
108,Lentils,1911,Kalutara,Western,Kalutara,2024-05-01,308,-1.091843288375073,1.091843288375073,5.730099782973574,-0.01097847642632388,-2.763466042154574,1.2865213036429752,1.3629847301142437,5,5,0.487012987012987,FALSE,TRUE,FALSE,FALSE,FALSE,train
108,Lentils,1911,Kalutara,Western,Kalutara,2024-06-01,306.5,-0.487012987012987,0.487012987012987,5.725217755376266,-0.004882027597307825,-1.091843288375073,1.1791508835218798,1.4474407725142113,6,6,0.3262642740619902,FALSE,TRUE,FALSE,FALSE,FALSE,train
108,Lentils,1911,Kalutara,Western,Kalutara,2024-07-01,305.5,-0.3262642740619902,0.3262642740619902,5.72194977861165,-0.0032679767646159874,-0.487012987012987,0.4036853290451498,0.6350401831500168,7,7,7.283142389525368,FALSE,TRUE,FALSE,FALSE,FALSE,train
108,Lentils,1911,Kalutara,Western,Kalutara,2024-09-01,283.25,-7.283142389525368,7.283142389525368,5.646329899908116,-0.07561987870353448,-0.3262642740619902,3.9709647886842725,2.698806550200115,9,9,0.7131509267431533,FALSE,TRUE,FALSE,FALSE,FALSE,train
108,Lentils,1911,Kalutara,Western,Kalutara,2024-10-01,285.27,0.7131509267431533,0.7131509267431533,5.653436100219462,0.007106200311346456,-7.283142389525368,4.347781884150406,2.774185863443504,10,10,1.163809724121006,FALSE,TRUE,FALSE,FALSE,FALSE,train
108,Lentils,1911,Kalutara,Western,Kalutara,2024-11-01,288.59,1.163809724121006,1.163809724121006,5.665006995704794,0.011570895485331967,0.7131509267431533,4.752101292440528,3.0533676801298424,11,11,0.7450015593055814,FALSE,TRUE,FALSE,FALSE,FALSE,train
108,Lentils,1911,Kalutara,Western,Kalutara,2024-12-01,286.44,-0.7450015593055814,0.7450015593055814,5.657529090138739,-0.0074779055660547655,1.163809724121006,0.9977359821082273,0.8739874033899135,12,12,0.5027230833682439,FALSE,TRUE,FALSE,FALSE,FALSE,train
108,Lentils,1911,Kalutara,Western,Kalutara,2025-01-01,285,-0.5027230833682439,0.5027230833682439,5.652489180268651,-0.005039909870088621,-0.7450015593055814,1.0391976852422558,0.8038447889316104,1,1,0.21052631578948167,FALSE,TRUE,FALSE,FALSE,FALSE,validation
108,Lentils,1911,Kalutara,Western,Kalutara,2025-02-01,285.6,0.21052631578948167,0.21052631578948167,5.654592230465429,0.0021030501967782556,-0.5027230833682439,0.49673216884371096,0.48608365282110233,2,2,3.480392156862744,FALSE,TRUE,FALSE,FALSE,FALSE,validation
108,Lentils,1911,Kalutara,Western,Kalutara,2025-03-01,275.66,-3.480392156862744,3.480392156862744,5.619168222266293,-0.03542400819913638,0.21052631578948167,1.9578098728089801,1.3978805186734897,3,3,1.091924834941612,FALSE,TRUE,FALSE,FALSE,FALSE,validation
108,Lentils,1911,Kalutara,Western,Kalutara,2025-04-01,272.65,-1.091924834941612,1.091924834941612,5.60818892137207,-0.010979300894222277,-3.480392156862744,1.8718989609347372,1.594281102531279,4,4,1.7458279845956322,FALSE,TRUE,FALSE,FALSE,FALSE,test
108,Lentils,1911,Kalutara,Western,Kalutara,2025-05-01,267.89,-1.7458279845956322,1.7458279845956322,5.590576448492924,-0.017612472879146246,-1.091924834941612,1.2343067112570552,2.106048325466663,5,5,0.4628765538094028,FALSE,TRUE,FALSE,FALSE,FALSE,test
108,Lentils,1911,Kalutara,Western,Kalutara,2025-06-01,266.65,-0.4628765538094028,0.4628765538094028,5.585936937046611,-0.004639511446312916,-1.7458279845956322,0.6415158406564964,1.100209791115549,6,6,1.0875679729983039,FALSE,TRUE,FALSE,FALSE,FALSE,test
108,Lentils,1911,Kalutara,Western,Kalutara,2025-07-01,263.75,-1.0875679729983039,1.0875679729983039,5.575001684790276,-0.010935252256334849,-0.4628765538094028,0.6415489051029536,1.098757503801113,7,7,3.4123222748815167,FALSE,TRUE,FALSE,FALSE,FALSE,test
108,Lentils,1911,Kalutara,Western,Kalutara,2025-08-01,254.75,-3.4123222748815167,3.4123222748815167,5.540282672102834,-0.03471901268744215,-1.0875679729983039,1.55423893459593,1.6542556005630744,8,8,1.2757605495583906,FALSE,TRUE,FALSE,FALSE,FALSE,test
108,Lentils,1911,Kalutara,Western,Kalutara,2025-09-01,258,1.2757605495583906,1.2757605495583906,5.552959584921617,0.012676912818783137,-3.4123222748815167,2.3440678615910056,1.9252169324794037,9,9,NA,FALSE,TRUE,TRUE,FALSE,FALSE,inference
108,Lentils,1912,Kandy,Central,Kandy,2023-06-01,317.5,NA,NA,5.760477818332746,NA,NA,NA,NA,6,6,4.629921259842516,FALSE,TRUE,FALSE,FALSE,FALSE,train
108,Lentils,1912,Kandy,Central,Kandy,2023-07-01,302.8,-4.629921259842516,4.629921259842516,5.713072521563293,-0.04740529676945293,NA,NA,NA,7,7,4.029062087186258,FALSE,TRUE,FALSE,FALSE,FALSE,train
108,Lentils,1912,Kandy,Central,Kandy,2023-08-01,315,4.029062087186258,4.029062087186258,5.752572638825633,0.03950011726233971,-4.629921259842516,6.122825842865434,4.3294916735143865,8,8,6.349206349206349,FALSE,TRUE,FALSE,FALSE,FALSE,train
108,Lentils,1912,Kandy,Central,Kandy,2023-09-01,335,6.349206349206349,6.349206349206349,5.814130531825066,0.06155789299943315,4.029062087186258,5.786511687486186,5.002729898745041,9,9,1.8208955223880665,FALSE,TRUE,FALSE,FALSE,FALSE,train
108,Lentils,1912,Kandy,Central,Kandy,2023-10-01,341.1,1.8208955223880665,1.8208955223880665,5.8321756894246,0.01804515759953418,6.349206349206349,2.2643861537127847,4.066387986260224,10,10,1.2547639988273154,FALSE,TRUE,FALSE,FALSE,FALSE,train
108,Lentils,1912,Kandy,Central,Kandy,2023-11-01,345.38,1.2547639988273154,1.2547639988273154,5.844645260156524,0.01246957073192334,1.8208955223880665,2.792234669805541,3.1416219568072434,11,11,1.8472407203659724,FALSE,TRUE,FALSE,FALSE,FALSE,train
108,Lentils,1912,Kandy,Central,Kandy,2023-12-01,339,-1.8472407203659724,1.8472407203659724,5.82600010738045,-0.018645152776073814,1.2547639988273154,1.974764191630331,1.6409667471937848,12,12,0.41297935103244166,FALSE,TRUE,FALSE,FALSE,FALSE,train
108,Lentils,1912,Kandy,Central,Kandy,2024-01-01,340.4,0.41297935103244166,0.41297935103244166,5.830121396699219,0.004121289318769428,-1.8472407203659724,1.604142005471711,1.1716613567419099,1,1,0.1175088131609804,FALSE,TRUE,FALSE,FALSE,FALSE,train
108,Lentils,1912,Kandy,Central,Kandy,2024-02-01,340,-0.1175088131609804,0.1175088131609804,5.8289456176102075,-0.0011757790890118969,0.41297935103244166,1.1819464831585071,0.7925762948531315,2,2,0,FALSE,TRUE,FALSE,FALSE,FALSE,train
108,Lentils,1912,Kandy,Central,Kandy,2024-03-01,340,0,0,5.8289456176102075,0,-0.1175088131609804,0.27862099642674276,0.176829388064474,3,3,0.5882352941176471,FALSE,TRUE,FALSE,FALSE,FALSE,train
108,Lentils,1912,Kandy,Central,Kandy,2024-04-01,338,-0.5882352941176471,0.5882352941176471,5.823045895483019,-0.005899722127188589,0,0.3112909952359753,0.2352480357595425,4,4,7.6923076923076925,FALSE,TRUE,FALSE,FALSE,FALSE,train
108,Lentils,1912,Kandy,Central,Kandy,2024-05-01,312,-7.6923076923076925,7.6923076923076925,5.7430031878094825,-0.08004270767353638,-0.5882352941176471,4.2814612582058835,2.760180995475113,5,5,0.8012820512820513,FALSE,TRUE,FALSE,FALSE,FALSE,train
108,Lentils,1912,Kandy,Central,Kandy,2024-06-01,314.5,0.8012820512820513,0.8012820512820513,5.750984076140496,0.00798088833101307,-7.6923076923076925,4.555942453256428,3.02727501256913,6,6,1.1128775834658187,FALSE,TRUE,FALSE,FALSE,FALSE,train
108,Lentils,1912,Kandy,Central,Kandy,2024-07-01,318,1.1128775834658187,1.1128775834658187,5.762051382780177,0.011067306639681362,0.8012820512820513,4.9961559598153125,3.2021557756851875,7,7,3.4276729559748356,FALSE,TRUE,FALSE,FALSE,FALSE,train
108,Lentils,1912,Kandy,Central,Kandy,2024-08-01,307.1,-3.4276729559748356,3.4276729559748356,5.727173427446777,-0.03487795533339977,1.1128775834658187,2.536327772926007,1.7806108635742353,8,8,0.7489417127971382,FALSE,TRUE,FALSE,FALSE,FALSE,train
108,Lentils,1912,Kandy,Central,Kandy,2024-09-01,304.8,-0.7489417127971382,0.7489417127971382,5.7196558238124915,-0.007517603634285663,-3.4276729559748356,2.2824902835254393,1.7631640840792642,9,9,0.7217847769028833,FALSE,TRUE,FALSE,FALSE,FALSE,train
108,Lentils,1912,Kandy,Central,Kandy,2024-10-01,307,0.7217847769028833,0.7217847769028833,5.726847747587197,0.007191923774705344,-0.7489417127971382,2.103831304929983,1.6327998152249523,10,10,0.39087947882735785,FALSE,TRUE,FALSE,FALSE,FALSE,train
108,Lentils,1912,Kandy,Central,Kandy,2024-11-01,308.2,0.39087947882735785,0.39087947882735785,5.730748922886015,0.0039011752988180604,0.7217847769028833,0.7715489909565136,0.6205353228424598,11,11,0.58403634003893945,FALSE,TRUE,FALSE,FALSE,FALSE,train
108,Lentils,1912,Kandy,Central,Kandy,2024-12-01,306.4,-0.58403634003893945,0.58403634003893945,5.724891437866436,-0.005857485019578945,0.39087947882735785,0.6788627695910989,0.5655668652563935,12,12,0,FALSE,TRUE,FALSE,FALSE,FALSE,train
108,Lentils,1912,Kandy,Central,Kandy,2025-01-01,306.4,0,0,5.724891437866436,0,-0.58403634003893945,0.49063667265607885,0.3249719396220991,1,1,0.946475195822447,FALSE,TRUE,FALSE,FALSE,FALSE,validation
108,Lentils,1912,Kandy,Central,Kandy,2025-02-01,303.5,-0.946475195822447,0.946475195822447,5.715381610499553,-0.009509827366882995,0,0.4775415631081894,0.5101705119537955,2,2,1.2850082372322824,FALSE,TRUE,FALSE,FALSE,FALSE,validation
108,Lentils,1912,Kandy,Central,Kandy,2025-03-01,299.6,-1.2850082372322824,1.2850082372322824,5.702448251643064,-0.01293335885648883,-0.946475195822447,0.666041300794997,0.7438278110182431,3,3,2.202937249666229,FALSE,TRUE,FALSE,FALSE,FALSE,validation
108,Lentils,1912,Kandy,Central,Kandy,2025-04-01,293,-2.202937249666229,2.202937249666229,5.680172609017068,-0.02227564262599646,-1.2850082372322824,0.6501147571446506,1.4781402275736528,4,4,1.023890784982935,FALSE,TRUE,FALSE,FALSE,FALSE,test
108,Lentils,1912,Kandy,Central,Kandy,2025-05-01,290,-1.023890784982935,1.023890784982935,5.66988092298052,-0.010291686036548064,-2.202937249666229,0.6192638858111196,1.5039454239604821,5,5,2.0689655172413794,FALSE,TRUE,FALSE,FALSE,FALSE,test
108,Lentils,1912,Kandy,Central,Kandy,2025-06-01,284,-2.0689655172413794,2.0689655172413794,5.648974238161206,-0.020906684819313348,-1.023890784982935,0.6455333953375493,1.7652645172968477,6,6,1.056338028169014,FALSE,TRUE,FALSE,FALSE,FALSE,test
108,Lentils,1912,Kandy,Central,Kandy,2025-07-01,281,-1.056338028169014,1.056338028169014,5.638354669333745,-0.010619568827460846,-2.0689655172413794,0.5942289753987149,1.3830647767977762,7,7,3.9145907473309607,FALSE,TRUE,FALSE,FALSE,FALSE,test
108,Lentils,1912,Kandy,Central,Kandy,2025-08-01,270,-3.9145907473309607,3.9145907473309607,5.598421958998375,-0.03993271033537038,-1.056338028169014,1.4492156227976616,2.3466314309137846,8,8,0,FALSE,TRUE,FALSE,FALSE,FALSE,test
108,Lentils,1912,Kandy,Central,Kandy,2025-09-01,270,0,0,5.598421958998375,0,-3.9145907473309607,2.0252357622197072,1.6569762584999916,9,9,NA,FALSE,TRUE,TRUE,FALSE,FALSE,inference
108,Lentils,1913,Kegalle,Sabaragamuwa,Kegalle,2023-06-01,320.62,NA,NA,5.770256621261527,NA,NA,NA,NA,6,6,3.0940053646060806,FALSE,TRUE,FALSE,FALSE,FALSE,train
108,Lentils,1913,Kegalle,Sabaragamuwa,Kegalle,2023-07-01,310.7,-3.0940053646060806,3.0940053646060806,5.738827816399001,-0.03142880486252597,NA,NA,NA,7,7,3.9974251689732916,FALSE,TRUE,FALSE,FALSE,FALSE,train
108,Lentils,1913,Kegalle,Sabaragamuwa,Kegalle,2023-08-01,323.12,3.9974251689732916,3.9974251689732916,5.778023771255158,0.039195954856156234,-3.0940053646060806,5.014398618607311,3.545715266789686,8,8,3.484773458776922,FALSE,TRUE,FALSE,FALSE,FALSE,train
108,Lentils,1913,Kegalle,Sabaragamuwa,Kegalle,2023-09-01,334.38,3.484773458776922,3.484773458776922,5.8122780708095,0.034254299554342005,3.9974251689732916,3.954565496476651,3.5254013307854315,9,9,2.1562294395597763,FALSE,TRUE,FALSE,FALSE,FALSE,train
108,Lentils,1913,Kegalle,Sabaragamuwa,Kegalle,2023-10-01,327.17,-2.1562294395597763,2.1562294395597763,5.790479913483513,-0.021798157325986445,3.484773458776922,3.4144592181908435,3.2128093557699966,10,10,0.7702417703334602,FALSE,TRUE,FALSE,FALSE,FALSE,train
108,Lentils,1913,Kegalle,Sabaragamuwa,Kegalle,2023-11-01,329.69,0.7702417703334602,0.7702417703334602,5.798152819014124,0.007672905530610841,-2.1562294395597763,2.82116494049712,2.1370815562233862,11,11,5.213988898662379,FALSE,TRUE,FALSE,FALSE,FALSE,train
108,Lentils,1913,Kegalle,Sabaragamuwa,Kegalle,2023-12-01,346.88,5.213988898662379,5.213988898662379,5.848978898811227,0.05082607979710296,0.7702417703334602,3.711047485457703,2.713486702851872,12,12,0.9253920664206583,FALSE,TRUE,FALSE,FALSE,FALSE,train
108,Lentils,1913,Kegalle,Sabaragamuwa,Kegalle,2024-01-01,343.67,-0.9253920664206583,0.9253920664206583,5.83968189462286,-0.009297004188367097,5.213988898662379,3.170543099725475,2.3032075784721657,1,1,0.5092094160095441,FALSE,TRUE,FALSE,FALSE,FALSE,train
108,Lentils,1913,Kegalle,Sabaragamuwa,Kegalle,2024-02-01,345.42,0.5092094160095441,0.5092094160095441,5.8447610679157735,0.00507917329291363,-0.9253920664206583,3.211568412998181,2.216196793697527,2,2,1.569104278848942,FALSE,TRUE,FALSE,FALSE,FALSE,train
108,Lentils,1913,Kegalle,Sabaragamuwa,Kegalle,2024-03-01,340,-1.569104278848942,1.569104278848942,5.8289456176102075,-0.01581545030556608,0.5092094160095441,1.063941934510258,1.001235253759715,3,3,2.7647058823529345,FALSE,TRUE,FALSE,FALSE,FALSE,train
108,Lentils,1913,Kegalle,Sabaragamuwa,Kegalle,2024-04-01,330.6,-2.7647058823529345,2.7647058823529345,5.8009091853869235,-0.028036432223284002,-1.569104278848942,1.6566719847025404,1.6143398590704736,4,4,2.45009074410164,FALSE,TRUE,FALSE,FALSE,FALSE,train
108,Lentils,1913,Kegalle,Sabaragamuwa,Kegalle,2024-05-01,322.5,-2.45009074410164,2.45009074410164,5.776103136235827,-0.02480604915109641,-2.7647058823529345,0.6197557356836432,2.261300301767839,5,5,0,FALSE,TRUE,FALSE,FALSE,FALSE,train
108,Lentils,1913,Kegalle,Sabaragamuwa,Kegalle,2024-06-01,322.5,0,0,5.776103136235827,0,-2.45009074410164,1.5135788689651164,1.738265542151525,6,6,1.550387596899225,FALSE,TRUE,FALSE,FALSE,FALSE,train
108,Lentils,1913,Kegalle,Sabaragamuwa,Kegalle,2024-07-01,317.5,-1.550387596899225,1.550387596899225,5.760477818332746,-0.01562531790308075,0,1.2393622088287597,1.3334927803336216,7,7,2.7559055118110236,FALSE,TRUE,FALSE,FALSE,FALSE,train
108,Lentils,1913,Kegalle,Sabaragamuwa,Kegalle,2024-08-01,308.75,-2.7559055118110236,2.7559055118110236,5.732531887942187,-0.02794593039055915,-1.550387596899225,1.3815444457696988,1.4354310362367495,8,8,0.4048582995951417,FALSE,TRUE,FALSE,FALSE,FALSE,train
108,Lentils,1913,Kegalle,Sabaragamuwa,Kegalle,2024-09-01,307.5,-0.4048582995951417,0.4048582995951417,5.728475087246572,-0.004056800695614982,-2.7559055118110236,1.175651153490648,1.5703838027684633,9,9,0.4065040650406504,FALSE,TRUE,FALSE,FALSE,FALSE,train
108,Lentils,1913,Kegalle,Sabaragamuwa,Kegalle,2024-10-01,308.75,0.4065040650406504,0.4065040650406504,5.732531887942187,0.004056800695614982,-0.4048582995951417,1.6424862359940107,1.1890892921489387,10,10,0.4048582995951417,FALSE,TRUE,FALSE,FALSE,FALSE,train
108,Lentils,1913,Kegalle,Sabaragamuwa,Kegalle,2024-11-01,307.5,-0.4048582995951417,0.4048582995951417,5.728475087246572,-0.004056800695614982,0.4065040650406504,0.4684402796328059,0.40540688807697794,11,11,2.6569105691056962,FALSE,TRUE,FALSE,FALSE,FALSE,train
108,Lentils,1913,Kegalle,Sabaragamuwa,Kegalle,2024-12-01,299.33,-2.6569105691056962,2.6569105691056962,5.701546643714624,-0.0269284435319479,-0.4048582995951417,1.5871650582121266,1.1560909779138295,12,12,1.3363177763672203,FALSE,TRUE,FALSE,FALSE,FALSE,train
108,Lentils,1913,Kegalle,Sabaragamuwa,Kegalle,2025-01-01,303.33,1.3363177763672203,1.3363177763672203,5.714821321771417,0.013274678056792943,-2.6569105691056962,2.0020533697181873,1.4660288816893527,1,1,2.4725546434576207,FALSE,TRUE,FALSE,FALSE,FALSE,validation
108,Lentils,1913,Kegalle,Sabaragamuwa,Kegalle,2025-02-01,295.83,-2.4725546434576207,2.4725546434576207,5.689784965012348,-0.025036356759069456,1.3363177763672203,2.2541579668438008,2.155260996310179,2,2,2.758340939052824,FALSE,TRUE,FALSE,FALSE,FALSE,validation
108,Lentils,1913,Kegalle,Sabaragamuwa,Kegalle,2025-03-01,287.67,-2.758340939052824,2.758340939052824,5.6618139898337,-0.027970975178647883,-2.4725546434576207,2.2860232177669624,2.189071119625888,3,3,1.1228143358709695,FALSE,TRUE,FALSE,FALSE,FALSE,validation
108,Lentils,1913,Kegalle,Sabaragamuwa,Kegalle,2025-04-01,284.44,-1.1228143358709695,1.1228143358709695,5.650522335015317,-0.011291654818382568,-2.758340939052824,0.8735387774630379,2.117903306127138,4,4,0.5343833497398333,FALSE,TRUE,FALSE,FALSE,FALSE,test
108,Lentils,1913,Kegalle,Sabaragamuwa,Kegalle,2025-05-01,282.92,-0.5343833497398333,0.5343833497398333,5.64516417216779,-0.005358162847527659,-1.1228143358709695,1.1523299335272637,1.471846208221209,5,5,0.32518026297187047,FALSE,TRUE,FALSE,FALSE,FALSE,test
108,Lentils,1913,Kegalle,Sabaragamuwa,Kegalle,2025-06-01,282,-0.32518026297187047,0.32518026297187047,5.641907070938114,-0.0032571012296758184,-0.5343833497398333,0.4135692346718,0.6607926495275578,6,6,3.1312056737588594,FALSE,TRUE,FALSE,FALSE,FALSE,test
108,Lentils,1913,Kegalle,Sabaragamuwa,Kegalle,2025-07-01,290.83,3.1312056737588594,3.1312056737588594,5.672738904024739,0.030831833086625515,-0.32518026297187047,2.058596308342868,1.330256428823521,7,7,2.2899975930956122,FALSE,TRUE,FALSE,FALSE,FALSE,test
108,Lentils,1913,Kegalle,Sabaragamuwa,Kegalle,2025-08-01,284.17,-2.2899975930956122,2.2899975930956122,5.649572650626043,-0.02316625339869649,3.1312056737588594,2.744587271489654,1.9154611766087808,8,8,1.935461167610937,FALSE,TRUE,FALSE,FALSE,FALSE,test
108,Lentils,1913,Kegalle,Sabaragamuwa,Kegalle,2025-09-01,278.67,-1.935461167610937,1.935461167610937,5.630028286067539,-0.019544364558504057,-2.2899975930956122,3.0327724889663044,2.452221478155136,9,9,NA,FALSE,TRUE,TRUE,FALSE,FALSE,inference
108,Lentils,1914,Kurunegala,North Western,Kurunegala,2023-06-01,321.17,NA,NA,5.771970577959644,NA,NA,NA,NA,6,6,2.0238502973503127,FALSE,TRUE,FALSE,FALSE,FALSE,train
108,Lentils,1914,Kurunegala,North Western,Kurunegala,2023-07-01,314.67,-2.0238502973503127,2.0238502973503127,5.751524470641622,-0.020446107318021767,NA,NA,NA,7,7,0.2129214732894829,FALSE,TRUE,FALSE,FALSE,FALSE,train
108,Lentils,1914,Kurunegala,North Western,Kurunegala,2023-08-01,314,-0.2129214732894829,0.2129214732894829,5.749392985908253,-0.0021314847333693265,-2.0238502973503127,1.280520051739593,1.1183858853198978,8,8,8.9171974522293,FALSE,TRUE,FALSE,FALSE,FALSE,train
108,Lentils,1914,Kurunegala,North Western,Kurunegala,2023-09-01,342,8.9171974522293,8.9171974522293,5.834810737062605,0.08541775115435168,-0.2129214732894829,5.864370677496885,3.717989740956365,9,9,1.1695906432748537,FALSE,TRUE,FALSE,FALSE,FALSE,train
108,Lentils,1914,Kurunegala,North Western,Kurunegala,2023-10-01,346,1.1695906432748537,1.1695906432748537,5.846438775057725,0.011628037995119911,8.9171974522293,4.920972509113768,3.433236522931212,10,10,0.7225433526011561,FALSE,TRUE,FALSE,FALSE,FALSE,train
108,Lentils,1914,Kurunegala,North Western,Kurunegala,2023-11-01,343.5,-0.7225433526011561,0.7225433526011561,5.839187111662404,-0.0072516633953210174,1.1695906432748537,5.107676985166876,3.6031104827017697,11,11,0.3260553129548776,FALSE,TRUE,FALSE,FALSE,FALSE,train
108,Lentils,1914,Kurunegala,North Western,Kurunegala,2023-12-01,342.38,-0.3260553129548776,0.3260553129548776,5.835921231346632,-0.0032658803157712413,-0.7225433526011561,0.9978585947182608,0.7393964362769625,12,12,1.4077925112448137,FALSE,TRUE,FALSE,FALSE,FALSE,train
108,Lentils,1914,Kurunegala,North Western,Kurunegala,2024-01-01,347.2,1.4077925112448137,1.4077925112448137,5.849900982786195,0.013979751439562982,-0.3260553129548776,1.132972633962894,0.8187970589336158,1,1,0.5529953917050737,FALSE,TRUE,FALSE,FALSE,FALSE,train
108,Lentils,1914,Kurunegala,North Western,Kurunegala,2024-02-01,349.12,0.5529953917050737,0.5529953917050737,5.855415702644706,0.005514719858510375,1.4077925112448137,0.8669521838427805,0.762281071968255,2,2,2.0394133822181497,FALSE,TRUE,FALSE,FALSE,FALSE,train
108,Lentils,1914,Kurunegala,North Western,Kurunegala,2024-03-01,342,-2.0394133822181497,2.0394133822181497,5.834810737062605,-0.02060496558210101,0.5529953917050737,1.7951086243183787,1.3334004283893457,3,3,2.5146198830409423,FALSE,TRUE,FALSE,FALSE,FALSE,train
108,Lentils,1914,Kurunegala,North Western,Kurunegala,2024-04-01,333.4,-2.5146198830409423,2.5146198830409423,5.809342970316694,-0.025467766745911113,-2.0394133822181497,1.6510939779124945,1.7023428856547218,4,4,1.1337732453509217,FALSE,TRUE,FALSE,FALSE,FALSE,train
108,Lentils,1914,Kurunegala,North Western,Kurunegala,2024-05-01,329.62,-1.1337732453509217,1.1337732453509217,5.797940475806034,-0.011402494510659444,-2.5146198830409423,0.7015153494102332,1.8959355035366712,5,5,3.755840058248891,FALSE,TRUE,FALSE,FALSE,FALSE,train
108,Lentils,1914,Kurunegala,North Western,Kurunegala,2024-06-01,342,3.755840058248891,3.755840058248891,5.834810737062605,0.03687026125657056,-1.1337732453509217,3.294786881597468,2.468077728880252,6,6,8.552631578947368,FALSE,TRUE,FALSE,FALSE,FALSE,train
108,Lentils,1914,Kurunegala,North Western,Kurunegala,2024-09-01,312.75,-8.552631578947368,8.552631578947368,5.745404149347021,-0.08940658771558407,3.755840058248891,6.197395303356329,4.480748294182393,9,9,3.7442046362909607,FALSE,TRUE,FALSE,FALSE,FALSE,train
108,Lentils,1914,Kurunegala,North Western,Kurunegala,2024-10-01,301.04,-3.7442046362909607,3.7442046362909607,5.707243146285182,-0.03816100306183845,-8.552631578947368,6.203092160724147,5.3508920911624065,10,10,0.3454690406590365,FALSE,TRUE,FALSE,FALSE,FALSE,train
108,Lentils,1914,Kurunegala,North Western,Kurunegala,2024-11-01,302.08,0.3454690406590365,0.3454690406590365,5.710691882957136,0.003448736671953334,-3.7442046362909607,4.453885851767376,4.214101751965789,11,11,4.71729343220339,FALSE,TRUE,FALSE,FALSE,FALSE,train
108,Lentils,1914,Kurunegala,North Western,Kurunegala,2024-12-01,316.33,4.71729343220339,4.71729343220339,5.756785972478502,0.0460940895213664,0.3454690406590365,4.231532993639805,2.935655703051129,12,12,4.372016564979605,FALSE,TRUE,FALSE,FALSE,FALSE,train
108,Lentils,1914,Kurunegala,North Western,Kurunegala,2025-01-01,302.5,-4.372016564979605,4.372016564979605,5.7120812774708964,-0.044704695007605544,4.71729343220339,4.545750307976316,3.144926345947344,1,1,0.31074380165289184,FALSE,TRUE,FALSE,FALSE,FALSE,validation
108,Lentils,1914,Kurunegala,North Western,Kurunegala,2025-02-01,301.56,-0.31074380165289184,0.31074380165289184,5.708969001343501,-0.003112276127395397,-4.372016564979605,4.553215916764678,3.1333512662786287,2,2,0.019896538002388338,FALSE,TRUE,FALSE,FALSE,FALSE,validation
108,Lentils,1914,Kurunegala,North Western,Kurunegala,2025-03-01,301.5,-0.019896538002388338,0.019896538002388338,5.70877001616724,-1.989851762607131e-4,-0.31074380165289184,2.4330871103096077,1.5675523015449617,3,3,4.7827529021558925,FALSE,TRUE,FALSE,FALSE,FALSE,validation
108,Lentils,1914,Kurunegala,North Western,Kurunegala,2025-04-01,287.08,-4.7827529021558925,4.7827529021558925,5.659760922561871,-0.049009093605369536,-0.019896538002388338,2.6698395167535254,1.7044644139370575,4,4,1.2679392503831637,FALSE,TRUE,FALSE,FALSE,FALSE,test
108,Lentils,1914,Kurunegala,North Western,Kurunegala,2025-05-01,283.44,-1.2679392503831637,1.2679392503831637,5.647000460557217,-0.012760462004654194,-4.7827529021558925,2.4696938529627595,2.023529563513815,5,5,1.9333897826700601,FALSE,TRUE,FALSE,FALSE,FALSE,test
108,Lentils,1914,Kurunegala,North Western,Kurunegala,2025-06-01,288.92,1.9333897826700601,1.9333897826700601,5.666149833182646,0.019149372625429706,-1.2679392503831637,3.359290479339811,2.6613606450697054,6,6,1.7444275231898174,FALSE,TRUE,FALSE,FALSE,FALSE,test
108,Lentils,1914,Kurunegala,North Western,Kurunegala,2025-07-01,283.88,-1.7444275231898174,1.7444275231898174,5.648551613656782,-0.0175982195258646,1.9333897826700601,2.000078697921416,1.6485855187476803,7,7,1.955051430181771,FALSE,TRUE,FALSE,FALSE,FALSE,test
108,Lentils,1914,Kurunegala,North Western,Kurunegala,2025-08-01,278.33,-1.955051430181771,1.955051430181771,5.628807460063128,-0.019744153593653557,-1.7444275231898174,2.1867280592734732,1.8776229120138828,8,8,3.5928573994898145,FALSE,TRUE,FALSE,FALSE,FALSE,test
108,Lentils,1914,Kurunegala,North Western,Kurunegala,2025-09-01,268.33,-3.5928573994898145,3.5928573994898145,5.592217566313047,-0.03658989375008126,-1.955051430181771,1.01188469623899,2.4307787842871345,9,9,NA,FALSE,TRUE,TRUE,FALSE,FALSE,inference
108,Lentils,1915,Matale,Central,Matale,2023-06-01,286,NA,NA,5.655991810819852,NA,NA,NA,NA,6,6,2.3076923076923155,FALSE,TRUE,FALSE,FALSE,FALSE,train
108,Lentils,1915,Matale,Central,Matale,2023-07-01,279.4,-2.3076923076923155,2.3076923076923155,5.632644446822861,-0.023347363996991,NA,NA,NA,7,7,5.368647100930566,FALSE,TRUE,FALSE,FALSE,FALSE,train
108,Lentils,1915,Matale,Central,Matale,2023-08-01,294.4,5.368647100930566,5.368647100930566,5.684939386854721,0.052294940031859305,-2.3076923076923155,5.427991650526772,3.838169704311441,8,8,8.695652173913052,FALSE,TRUE,FALSE,FALSE,FALSE,train
108,Lentils,1915,Matale,Central,Matale,2023-09-01,320,8.695652173913052,8.695652173913052,5.768320995793772,0.08338160893905133,5.368647100930566,5.643118807493234,5.457330527511978,9,9,2.2499999999999964,FALSE,TRUE,FALSE,FALSE,FALSE,train
108,Lentils,1915,Matale,Central,Matale,2023-10-01,312.8,-2.2499999999999964,2.2499999999999964,5.745564008671156,-0.022756987122615868,8.695652173913052,5.611298838303189,5.438099758281205,10,10,0.25575447570332843,FALSE,TRUE,FALSE,FALSE,FALSE,train
108,Lentils,1915,Matale,Central,Matale,2023-11-01,312,-0.25575447570332843,0.25575447570332843,5.7430031878094825,-0.0025608208616736405,-2.2499999999999964,5.82969407045031,3.733802216538792,11,11,2.5641025641025643,FALSE,TRUE,FALSE,FALSE,FALSE,train
108,Lentils,1915,Matale,Central,Matale,2023-12-01,320,2.5641025641025643,2.5641025641025643,5.768320995793772,0.02531780798428951,-0.25575447570332843,2.418821766681008,1.689952346601963,12,12,1.3124999999999964,FALSE,TRUE,FALSE,FALSE,FALSE,train
108,Lentils,1915,Matale,Central,Matale,2024-01-01,315.8,-1.3124999999999964,1.3124999999999964,5.7551091018215415,-0.013211893972230548,2.5641025641025643,2.0040106564948883,1.377452346601963,1,1,0.9974667511083072,FALSE,TRUE,FALSE,FALSE,FALSE,train
108,Lentils,1915,Matale,Central,Matale,2024-02-01,312.65,-0.9974667511083072,0.9974667511083072,5.745084354013307,-0.01002474780823448,-1.3124999999999964,2.1529851127742554,1.624689771736956,2,2,1.3273628658243972,FALSE,TRUE,FALSE,FALSE,FALSE,train
108,Lentils,1915,Matale,Central,Matale,2024-03-01,308.5,-1.3273628658243972,1.3273628658243972,5.731721843345443,-0.013362510667864314,-0.9974667511083072,0.18632332972216997,1.2124432056442336,3,3,1.264181523500803,FALSE,TRUE,FALSE,FALSE,FALSE,train
108,Lentils,1915,Matale,Central,Matale,2024-04-01,304.6,-1.264181523500803,1.264181523500803,5.718999440461062,-0.01272240288438109,-1.3273628658243972,0.1751000182443183,1.1963370468111691,4,4,1.073539067629691,FALSE,TRUE,FALSE,FALSE,FALSE,train
108,Lentils,1915,Matale,Central,Matale,2024-05-01,301.33,-1.073539067629691,1.073539067629691,5.708206009715981,-0.01079343074508099,-1.264181523500803,0.1321381527848581,1.2216944856516303,5,5,0,FALSE,TRUE,FALSE,FALSE,FALSE,train
108,Lentils,1915,Matale,Central,Matale,2024-06-01,301.33,0,0,5.708206009715981,0,-1.073539067629691,0.6815406077494094,0.779240197043498,6,6,0.0896027610925028,FALSE,TRUE,FALSE,FALSE,FALSE,train
108,Lentils,1915,Matale,Central,Matale,2024-07-01,301.6,0.0896027610925028,0.0896027610925028,5.709101636133801,8.956264178205942e-4,0,0.6472266087244657,0.3877139429073979,7,7,2.4370026525199013,FALSE,TRUE,FALSE,FALSE,FALSE,train
108,Lentils,1915,Matale,Central,Matale,2024-08-01,294.25,-2.4370026525199013,2.4370026525199013,5.6844297461403865,-0.02467188999341463,0.0896027610925028,1.4335704551503532,0.8422018045374681,8,8,3.5514018691588745,FALSE,TRUE,FALSE,FALSE,FALSE,train
108,Lentils,1915,Matale,Central,Matale,2024-09-01,283.8,-3.5514018691588745,3.5514018691588745,5.648269764725942,-0.03615998141444443,-2.4370026525199013,1.86558906012967,2.0260024275904263,9,9,3.646934460887937,FALSE,TRUE,FALSE,FALSE,FALSE,train
108,Lentils,1915,Matale,Central,Matale,2024-10-01,294.15,3.646934460887937,3.646934460887937,5.684089841310465,0.03582007658452291,-3.5514018691588745,3.874537011790756,3.211779660855571,10,10,0.33996260411354756,FALSE,TRUE,FALSE,FALSE,FALSE,train
108,Lentils,1915,Matale,Central,Matale,2024-11-01,295.15,0.33996260411354756,0.33996260411354756,5.687483701686698,0.0033938603762333486,3.646934460887937,3.603119626236326,2.512766311386786,11,11,0.813145858038278,FALSE,TRUE,FALSE,FALSE,FALSE,train
108,Lentils,1915,Matale,Central,Matale,2024-12-01,292.75,-0.813145858038278,0.813145858038278,5.679319002477826,-0.008164699208871973,0.33996260411354756,2.315096774012445,1.600014307679921,12,12,2.0051238257899247,FALSE,TRUE,FALSE,FALSE,FALSE,train
108,Lentils,1915,Matale,Central,Matale,2025-01-01,286.88,-2.0051238257899247,2.0051238257899247,5.659064009856823,-0.02025499262100361,-0.813145858038278,1.1725969018101736,1.0527440959805834,1,1,0.6971556051310652,FALSE,TRUE,FALSE,FALSE,FALSE,validation
108,Lentils,1915,Matale,Central,Matale,2025-02-01,284.88,-0.6971556051310652,0.6971556051310652,5.652068038969523,-0.006995970887300196,-2.0051238257899247,0.7239988582666329,1.1718084296530893,2,2,2.2746419545071674,FALSE,TRUE,FALSE,FALSE,FALSE,validation
108,Lentils,1915,Matale,Central,Matale,2025-03-01,278.4,-2.2746419545071674,2.2746419545071674,5.629058928460265,-0.023009110509257802,-0.6971556051310652,0.843789475168292,1.658973795142719,3,3,0.7938218390804525,FALSE,TRUE,FALSE,FALSE,FALSE,validation
108,Lentils,1915,Matale,Central,Matale,2025-04-01,276.19,-0.7938218390804525,0.7938218390804525,5.62108903467167,-0.007969893788594362,-2.2746419545071674,0.8841790691093339,1.2552064662395617,4,4,0.7458633549368197,FALSE,TRUE,FALSE,FALSE,FALSE,test
108,Lentils,1915,Matale,Central,Matale,2025-05-01,278.25,0.7458633549368197,0.7458633549368197,5.628519990155654,0.007430955483983759,-0.7938218390804525,1.5103482509732489,1.2714423828414798,5,5,2.533692722371972,FALSE,TRUE,FALSE,FALSE,FALSE,test
108,Lentils,1915,Matale,Central,Matale,2025-06-01,271.2,-2.533692722371972,2.533692722371972,5.60285655606624,-0.02566343408941396,0.7458633549368197,1.640796008619731,1.3577926387964148,6,6,1.618731563421824,FALSE,TRUE,FALSE,FALSE,FALSE,test
108,Lentils,1915,Matale,Central,Matale,2025-07-01,266.81,-1.618731563421824,1.618731563421824,5.586536794598434,-0.016319761467806337,-2.533692722371972,1.6923332569034164,1.6327625469102052,7,7,1.8964806416551112,FALSE,TRUE,FALSE,FALSE,FALSE,test
108,Lentils,1915,Matale,Central,Matale,2025-08-01,261.75,-1.8964806416551112,1.8964806416551112,5.567389849750646,-0.019146944847787672,-1.618731563421824,0.46910157191848284,2.016301642482969,8,8,2.292263610315186,FALSE,TRUE,FALSE,FALSE,FALSE,test
108,Lentils,1915,Matale,Central,Matale,2025-09-01,255.75,-2.292263610315186,2.292263610315186,5.544200404831736,-0.023189444918910063,-1.8964806416551112,0.3384853829766717,1.9358252717973738,9,9,NA,FALSE,TRUE,TRUE,FALSE,FALSE,inference
108,Lentils,1916,Matara,Southern,Matara,2023-06-01,311.05,NA,NA,5.739953670961029,NA,NA,NA,NA,6,6,3.6425012055939505,FALSE,TRUE,FALSE,FALSE,FALSE,train
108,Lentils,1916,Matara,Southern,Matara,2023-07-01,299.72,-3.6425012055939505,3.6425012055939505,5.70284870549611,-0.037104965464918926,NA,NA,NA,7,7,4.4308020819431375,FALSE,TRUE,FALSE,FALSE,FALSE,train
108,Lentils,1916,Matara,Southern,Matara,2023-08-01,313,4.4308020819431375,4.4308020819431375,5.746203190540153,0.043354485044043045,-3.6425012055939505,5.708687501193123,4.036651643768544,8,8,5.5111821086261985,FALSE,TRUE,FALSE,FALSE,FALSE,train
108,Lentils,1916,Matara,Southern,Matara,2023-09-01,330.25,5.5111821086261985,5.5111821086261985,5.799849943402434,0.05364675286228149,4.4308020819431375,5.002255577764315,4.528161798721095,9,9,0.6813020439061317,FALSE,TRUE,FALSE,FALSE,FALSE,train
108,Lentils,1916,Matara,Southern,Matara,2023-10-01,328,-0.6813020439061317,0.6813020439061317,5.793013608384144,-0.006836335018290285,5.5111821086261985,3.307760812970633,3.5410954114918227,10,10,0,FALSE,TRUE,FALSE,FALSE,FALSE,train
108,Lentils,1916,Matara,Southern,Matara,2023-11-01,328,0,0,5.793013608384144,0,-0.6813020439061317,3.3956874779842994,2.0641613841774435,11,11,0.4573170731707317,FALSE,TRUE,FALSE,FALSE,FALSE,train
108,Lentils,1916,Matara,Southern,Matara,2023-12-01,329.5,0.4573170731707317,0.4573170731707317,5.797576353942562,0.004562745558417625,0,0.5729695853209273,0.3795397056922878,12,12,0.5766312594840599,FALSE,TRUE,FALSE,FALSE,FALSE,train
108,Lentils,1916,Matara,Southern,Matara,2024-01-01,327.6,-0.5766312594840599,0.5766312594840599,5.791793351978915,-0.005783001963647116,0.4573170731707317,0.518120267477742,0.3446494442182639,1,1,0.27472527472526775,FALSE,TRUE,FALSE,FALSE,FALSE,train
108,Lentils,1916,Matara,Southern,Matara,2024-02-01,328.5,0.27472527472526775,0.27472527472526775,5.794536837924666,0.002743485945750912,-0.5766312594840599,0.5518449159863803,0.43622453579335313,2,2,1.06544901065449,FALSE,TRUE,FALSE,FALSE,FALSE,train
108,Lentils,1916,Matara,Southern,Matara,2024-03-01,325,-1.06544901065449,1.06544901065449,5.783825182329737,-0.01071165559492826,0.27472527472526775,0.6782106183914378,0.6389351816212726,3,3,0.06153846153845804,FALSE,TRUE,FALSE,FALSE,FALSE,train
108,Lentils,1916,Matara,Southern,Matara,2024-04-01,324.8,-0.06153846153845804,0.06153846153845804,5.783209608287523,-6.155740422144618e-4,-1.06544901065449,0.6972537565508508,0.46723758230607193,4,4,1.6317733990147818,FALSE,TRUE,FALSE,FALSE,FALSE,train
108,Lentils,1916,Matara,Southern,Matara,2024-05-01,319.5,-1.6317733990147818,1.6317733990147818,5.766757273817589,-0.01645233446993366,-0.06153846153845804,0.7952145897334238,0.9195869570692433,5,5,1.6431924882629108,FALSE,TRUE,FALSE,FALSE,FALSE,train
108,Lentils,1916,Matara,Southern,Matara,2024-06-01,314.25,-1.6431924882629108,1.6431924882629108,5.750188847470357,-0.016568426347232545,-1.6317733990147818,0.909889884795976,1.1121681162720503,6,6,1.5751789976133614,FALSE,TRUE,FALSE,FALSE,FALSE,train
108,Lentils,1916,Matara,Southern,Matara,2024-07-01,319.2,1.5751789976133614,1.5751789976133614,5.765817865575654,0.015629018105297376,-1.6431924882629108,1.8548400241413316,1.6167149616303513,7,7,1.9423558897243074,FALSE,TRUE,FALSE,FALSE,FALSE,train
108,Lentils,1916,Matara,Southern,Matara,2024-08-01,313,-1.9423558897243074,1.9423558897243074,5.746203190540153,-0.019614675035501072,1.5751789976133614,1.9502335520612664,1.7202424585335265,8,8,3.130990415335467,FALSE,TRUE,FALSE,FALSE,FALSE,train
108,Lentils,1916,Matara,Southern,Matara,2024-09-01,303.2,-3.130990415335467,3.130990415335467,5.714392653768217,-0.03181053677193635,-1.9423558897243074,2.44724110862578,2.2161751008910455,9,9,2.325197889182062,FALSE,TRUE,FALSE,FALSE,FALSE,train
108,Lentils,1916,Matara,Southern,Matara,2024-10-01,310.25,2.325197889182062,2.325197889182062,5.737378424084716,0.022985770316499732,-3.130990415335467,2.86922922593295,2.466181398080612,10,10,0.8058017727639001,FALSE,TRUE,FALSE,FALSE,FALSE,train
108,Lentils,1916,Matara,Southern,Matara,2024-11-01,312.75,0.8058017727639001,0.8058017727639001,5.745404149347021,0.008025725262304384,2.325197889182062,2.815933477706835,2.0873300257604765,11,11,0.07993605115907274,FALSE,TRUE,FALSE,FALSE,FALSE,train
108,Lentils,1916,Matara,Southern,Matara,2024-12-01,313,0.07993605115907274,0.07993605115907274,5.746203190540153,7.990411931322328e-4,0.8058017727639001,1.1457636700522684,1.070311904368345,12,12,1.1980830670926517,FALSE,TRUE,FALSE,FALSE,FALSE,train
108,Lentils,1916,Matara,Southern,Matara,2025-01-01,316.75,1.1980830670926517,1.1980830670926517,5.758112819201249,0.011909628661095795,0.07993605115907274,0.5673062678016618,0.6946069636718748,1,1,2.7624309392265194,FALSE,TRUE,FALSE,FALSE,FALSE,validation
108,Lentils,1916,Matara,Southern,Matara,2025-02-01,308,-2.7624309392265194,2.7624309392265194,5.730099782973574,-0.028013036227674704,1.1980830670926517,2.041852673902027,1.3468166858260813,2,2,1.2337662337662374,FALSE,TRUE,FALSE,FALSE,FALSE,validation
108,Lentils,1916,Matara,Southern,Matara,2025-03-01,304.2,-1.2337662337662374,1.2337662337662374,5.717685379825192,-0.012414403148381936,-2.7624309392265194,1.9973473240800397,1.731426746695136,3,3,2.0118343195266286,FALSE,TRUE,FALSE,FALSE,FALSE,validation
108,Lentils,1916,Matara,Southern,Matara,2025-04-01,298.08,-2.0118343195266286,2.0118343195266286,5.697361906853279,-0.020323472971913503,-1.2337662337662374,0.7643734921820737,2.0026771641731287,4,4,0.6977992485238809,FALSE,TRUE,FALSE,FALSE,FALSE,test
108,Lentils,1916,Matara,Southern,Matara,2025-05-01,296,-0.6977992485238809,0.6977992485238809,5.69035945432406,-0.007002452529218495,-2.0118343195266286,0.6607241889489915,1.3144666006055823,5,5,2.364864864864865,FALSE,TRUE,FALSE,FALSE,FALSE,test
108,Lentils,1916,Matara,Southern,Matara,2025-06-01,289,-2.364864864864865,2.364864864864865,5.666426688112432,-0.023932766211627765,-0.6977992485238809,0.8784860559463796,1.6914994776384582,6,6,1.2110726643598615,FALSE,TRUE,FALSE,FALSE,FALSE,test
108,Lentils,1916,Matara,Southern,Matara,2025-07-01,285.5,-1.2110726643598615,1.2110726643598615,5.654242029096065,-0.012184659016367227,-2.364864864864865,0.8537948436769864,1.4245789259162025,7,7,1.4010507880910683,FALSE,TRUE,FALSE,FALSE,FALSE,test
108,Lentils,1916,Matara,Southern,Matara,2025-08-01,281.5,-1.4010507880910683,1.4010507880910683,5.640132447579745,-0.014109581516319913,-1.2110726643598615,0.6186363638452363,1.6589961057719316,8,8,0.39076376554174874,FALSE,TRUE,FALSE,FALSE,FALSE,test
108,Lentils,1916,Matara,Southern,Matara,2025-09-01,282.6,0.39076376554174874,0.39076376554174874,5.644032470250427,0.003900022670682013,-1.4010507880910683,0.9842569981350346,1.0009624059975595,9,9,NA,FALSE,TRUE,TRUE,FALSE,FALSE,inference
108,Lentils,1917,Nuwara Eliya,Central,Nuwara Eliya,2023-06-01,309.6,NA,NA,5.735281141715572,NA,NA,NA,NA,6,6,5.103359173126618,FALSE,TRUE,FALSE,FALSE,FALSE,train
108,Lentils,1917,Nuwara Eliya,Central,Nuwara Eliya,2023-07-01,293.8,-5.103359173126618,5.103359173126618,5.682899263739777,-0.05238187797579563,NA,NA,NA,7,7,3.529611980939416,FALSE,TRUE,FALSE,FALSE,FALSE,train
108,Lentils,1917,Nuwara Eliya,Central,Nuwara Eliya,2023-08-01,304.17,3.529611980939416,3.529611980939416,5.717586755632598,0.0346874918928215,-5.103359173126618,6.104432444827948,4.316485577033017,8,8,4.961041522832618,FALSE,TRUE,FALSE,FALSE,FALSE,train
108,Lentils,1917,Nuwara Eliya,Central,Nuwara Eliya,2023-09-01,319.26,4.961041522832618,4.961041522832618,5.766005817836333,0.0484190622037346,3.529611980939416,5.444712157209133,4.531337558966217,9,9,3.226210612040347,FALSE,TRUE,FALSE,FALSE,FALSE,train
108,Lentils,1917,Nuwara Eliya,Central,Nuwara Eliya,2023-10-01,329.56,3.226210612040347,3.226210612040347,5.797758431447389,0.03175261361105619,4.961041522832618,0.9265240789364976,3.9056213719374604,10,10,3.8870008496176727,FALSE,TRUE,FALSE,FALSE,FALSE,train
108,Lentils,1917,Nuwara Eliya,Central,Nuwara Eliya,2023-11-01,316.75,-3.8870008496176727,3.8870008496176727,5.758112819201249,-0.03964561224614016,3.226210612040347,4.6885546708976875,4.024750994830212,11,11,2.0520915548539858,FALSE,TRUE,FALSE,FALSE,FALSE,train
108,Lentils,1917,Nuwara Eliya,Central,Nuwara Eliya,2023-12-01,323.25,2.0520915548539858,2.0520915548539858,5.778426017651967,0.020313198450717884,-3.8870008496176727,3.8133351860622864,3.0551010055040018,12,12,2.2675947409126014,FALSE,TRUE,FALSE,FALSE,FALSE,train
108,Lentils,1917,Nuwara Eliya,Central,Nuwara Eliya,2024-01-01,315.92,-2.2675947409126014,2.2675947409126014,5.755489016978394,-0.02293700067357296,2.0520915548539858,3.0701515822403596,2.7355623817947534,1,1,0.02532286654848825,FALSE,TRUE,FALSE,FALSE,FALSE,train
108,Lentils,1917,Nuwara Eliya,Central,Nuwara Eliya,2024-02-01,316,0.02532286654848825,0.02532286654848825,5.755742213586912,2.5319660851863546e-4,-2.2675947409126014,2.161209235757239,1.4483363874383584,2,2,0.9493670886075949,FALSE,TRUE,FALSE,FALSE,FALSE,train
108,Lentils,1917,Nuwara Eliya,Central,Nuwara Eliya,2024-03-01,319,0.9493670886075949,0.9493670886075949,5.765191102784844,0.009448889197932075,0.02532286654848825,1.6563097683060293,1.0807615653562281,3,3,1.379310344827579,FALSE,TRUE,FALSE,FALSE,FALSE,train
108,Lentils,1917,Nuwara Eliya,Central,Nuwara Eliya,2024-04-01,314.6,-1.379310344827579,1.379310344827579,5.751301990624177,-0.013889112160667239,0.9493670886075949,1.172574857014233,0.7846667666612207,4,4,3.099173553719008,FALSE,TRUE,FALSE,FALSE,FALSE,train
108,Lentils,1917,Nuwara Eliya,Central,Nuwara Eliya,2024-05-01,304.85,-3.099173553719008,3.099173553719008,5.719819852353825,-0.03148213827035207,-1.379310344827579,2.0318853879610947,1.8092836623847273,5,5,1.0332950631458204,FALSE,TRUE,FALSE,FALSE,FALSE,train
108,Lentils,1917,Nuwara Eliya,Central,Nuwara Eliya,2024-06-01,301.7,-1.0332950631458204,1.0332950631458204,5.709433146165015,-0.010386706188810102,-3.099173553719008,1.106459064634309,1.837259653897469,6,6,0.8021213125621531,FALSE,TRUE,FALSE,FALSE,FALSE,train
108,Lentils,1917,Nuwara Eliya,Central,Nuwara Eliya,2024-07-01,304.12,0.8021213125621531,0.8021213125621531,5.717422360360236,0.007989214195220917,-1.0332950631458204,1.9517816153325867,1.6448633098089938,7,7,0.3518348020518194,FALSE,TRUE,FALSE,FALSE,FALSE,train
108,Lentils,1917,Nuwara Eliya,Central,Nuwara Eliya,2024-08-01,303.05,-0.3518348020518194,0.3518348020518194,5.713897808397294,-0.0035245519629416577,0.8021213125621531,0.9277891349980225,0.729083725919931,8,8,2.986305890117146,FALSE,TRUE,FALSE,FALSE,FALSE,train
108,Lentils,1917,Nuwara Eliya,Central,Nuwara Eliya,2024-09-01,294,-2.986305890117146,2.986305890117146,5.683579767338681,-0.0303180410586128,-0.3518348020518194,1.941830463690878,1.3800873349103728,9,9,0.935374149659864,FALSE,TRUE,FALSE,FALSE,FALSE,train
108,Lentils,1917,Nuwara Eliya,Central,Nuwara Eliya,2024-10-01,296.75,0.935374149659864,0.935374149659864,5.692890033489777,0.00931026615109598,-2.986305890117146,1.9990380659042075,1.4245049472762765,10,10,0.5560235888795205,FALSE,TRUE,FALSE,FALSE,FALSE,train
108,Lentils,1917,Nuwara Eliya,Central,Nuwara Eliya,2024-11-01,298.4,0.5560235888795205,0.5560235888795205,5.698434868329605,0.005544834839827928,0.935374149659864,2.1630063692354433,1.4925678762188435,11,11,2.680965147453083,FALSE,TRUE,FALSE,FALSE,FALSE,train
108,Lentils,1917,Nuwara Eliya,Central,Nuwara Eliya,2024-12-01,290.4,-2.680965147453083,2.680965147453083,5.671259282950641,-0.027175585378964584,0.5560235888795205,1.987457036808254,1.3907876286641558,12,12,0.6646005509641701,FALSE,TRUE,FALSE,FALSE,FALSE,train
108,Lentils,1917,Nuwara Eliya,Central,Nuwara Eliya,2025-01-01,288.47,-0.6646005509641701,0.6646005509641701,5.664591094406039,-0.006668188544601605,-2.680965147453083,1.6347143254958032,1.3005297624322578,1,1,0.4055881027489915,FALSE,TRUE,FALSE,FALSE,FALSE,validation
108,Lentils,1917,Nuwara Eliya,Central,Nuwara Eliya,2025-02-01,287.3,-0.4055881027489915,0.4055881027489915,5.660526965985244,-0.004064128420795399,-0.6646005509641701,1.2456694538728057,1.2503846003887482,2,2,0.6613296206056506,FALSE,TRUE,FALSE,FALSE,FALSE,validation
108,Lentils,1917,Nuwara Eliya,Central,Nuwara Eliya,2025-03-01,285.4,-0.6613296206056506,0.6613296206056506,5.653891705042736,-0.00663526094250777,-0.4055881027489915,0.14860567018761361,0.5771727581062708,3,3,0.9915907498248018,FALSE,TRUE,FALSE,FALSE,FALSE,validation
108,Lentils,1917,Nuwara Eliya,Central,Nuwara Eliya,2025-04-01,282.57,-0.9915907498248018,0.9915907498248018,5.643926307502835,-0.009965397539900778,-0.6613296206056506,0.2937899589300133,0.6861694910598146,4,4,3.4752450720175507,FALSE,TRUE,FALSE,FALSE,FALSE,test
108,Lentils,1917,Nuwara Eliya,Central,Nuwara Eliya,2025-05-01,272.75,-3.4752450720175507,3.4752450720175507,5.60855562471318,-0.03537068278965538,-0.9915907498248018,1.538166190268706,1.709388480816001,5,5,2.973418881759858,FALSE,TRUE,FALSE,FALSE,FALSE,test
108,Lentils,1917,Nuwara Eliya,Central,Nuwara Eliya,2025-06-01,264.64,-2.973418881759858,2.973418881759858,5.578370411835326,-0.030185212877853473,-3.4752450720175507,1.3132663516276548,2.480084901200737,6,6,2.025392986698917,FALSE,TRUE,FALSE,FALSE,FALSE,test
108,Lentils,1917,Nuwara Eliya,Central,Nuwara Eliya,2025-07-01,270,2.025392986698917,2.025392986698917,5.598421958998375,0.02005154716304869,-2.973418881759858,3.041298206207149,2.8246856468254418,7,7,2.100000000000006,FALSE,TRUE,FALSE,FALSE,FALSE,test
108,Lentils,1917,Nuwara Eliya,Central,Nuwara Eliya,2025-08-01,275.67,2.100000000000006,2.100000000000006,5.6192044981809035,0.02078253918252848,2.025392986698917,2.907841853003573,2.3662706228195938,8,8,3.145064751333121,FALSE,TRUE,FALSE,FALSE,FALSE,test
108,Lentils,1917,Nuwara Eliya,Central,Nuwara Eliya,2025-09-01,267,-3.145064751333121,3.145064751333121,5.58724865840025,-0.03195583978065386,2.100000000000006,3.0069337558628924,2.423485912677348,9,9,NA,FALSE,TRUE,TRUE,FALSE,FALSE,inference
108,Lentils,1918,Puttalam,North Western,Puttalam,2023-06-01,295.75,NA,NA,5.689514502858496,NA,NA,NA,NA,6,6,1.606086221470837,FALSE,TRUE,FALSE,FALSE,FALSE,train
108,Lentils,1918,Puttalam,North Western,Puttalam,2023-07-01,291,-1.606086221470837,1.606086221470837,5.673323267171493,-0.016191235687003314,NA,NA,NA,7,7,6.443298969072165,FALSE,TRUE,FALSE,FALSE,FALSE,train
108,Lentils,1918,Puttalam,North Western,Puttalam,2023-08-01,309.75,6.443298969072165,6.443298969072165,5.7357655205092515,0.06244225333775866,-1.606086221470837,5.691774852615526,4.024692595271501,8,8,4.761904761904762,FALSE,TRUE,FALSE,FALSE,FALSE,train
108,Lentils,1918,Puttalam,North Western,Puttalam,2023-09-01,324.5,4.761904761904762,4.761904761904762,5.782285536144145,0.0465200156348935,6.443298969072165,4.245998068573552,4.270429984149255,9,9,3.445300462249617,FALSE,TRUE,FALSE,FALSE,FALSE,train
108,Lentils,1918,Puttalam,North Western,Puttalam,2023-10-01,313.32,-3.445300462249617,3.445300462249617,5.7472250324990375,-0.03506050364510749,4.761904761904762,5.29102546431881,4.883501397742181,10,10,4.126771351972427,FALSE,TRUE,FALSE,FALSE,FALSE,train
108,Lentils,1918,Puttalam,North Western,Puttalam,2023-11-01,326.25,4.126771351972427,4.126771351972427,5.787663958636903,0.04043892613786593,-3.445300462249617,4.566141398006548,4.111325525375602,11,11,2.5900383141762418,FALSE,TRUE,FALSE,FALSE,FALSE,train
108,Lentils,1918,Puttalam,North Western,Puttalam,2023-12-01,317.8,-2.5900383141762418,2.5900383141762418,5.761422254102616,-0.026241704534287535,4.126771351972427,4.146952234129928,3.3873700427994287,12,12,0.18879798615480362,FALSE,TRUE,FALSE,FALSE,FALSE,train
108,Lentils,1918,Puttalam,North Western,Puttalam,2024-01-01,318.4,0.18879798615480362,0.18879798615480362,5.763308453970228,0.0018861998676120706,-2.5900383141762418,3.375033271569203,2.301869217434491,1,1,1.366206030150761,FALSE,TRUE,FALSE,FALSE,FALSE,train
108,Lentils,1918,Puttalam,North Western,Puttalam,2024-02-01,322.75,1.366206030150761,1.366206030150761,5.776878029726752,0.013569575756523733,0.18879798615480362,2.0314235648153782,1.3816807768272688,2,2,2.1533694810224597,FALSE,TRUE,FALSE,FALSE,FALSE,train
108,Lentils,1918,Puttalam,North Western,Puttalam,2024-03-01,315.8,-2.1533694810224597,2.1533694810224597,5.7551091018215415,-0.021768927905210234,1.366206030150761,1.7916217013839808,1.2361244991093414,3,3,0.037998733375555586,FALSE,TRUE,FALSE,FALSE,FALSE,train
108,Lentils,1918,Puttalam,North Western,Puttalam,2024-04-01,315.68,-0.037998733375555586,0.037998733375555586,5.754729042274305,-3.800595472363e-4,-2.1533694810224597,1.7717221469877107,1.1858580815162587,4,4,2.14774455144451,FALSE,TRUE,FALSE,FALSE,FALSE,train
108,Lentils,1918,Puttalam,North Western,Puttalam,2024-05-01,308.9,-2.14774455144451,2.14774455144451,5.733017599924536,-0.021711442349769072,-0.037998733375555586,1.21968933590296,1.4463709219475085,5,5,0,FALSE,TRUE,FALSE,FALSE,FALSE,train
108,Lentils,1918,Puttalam,North Western,Puttalam,2024-06-01,308.9,0,0,5.733017599924536,0,-2.14774455144451,1.2291784504875038,0.7285810949400219,6,6,0.22013596633214855,FALSE,TRUE,FALSE,FALSE,FALSE,train
108,Lentils,1918,Puttalam,North Western,Puttalam,2024-07-01,309.58,0.22013596633214855,0.22013596633214855,5.735216540145731,0.002198940221195045,0,1.3081873367627705,0.7892935059255528,7,7,0.47160669293881374,FALSE,TRUE,FALSE,FALSE,FALSE,train
108,Lentils,1918,Puttalam,North Western,Puttalam,2024-08-01,308.12,-0.47160669293881374,0.47160669293881374,5.730489317484765,-0.004727222660966035,0.22013596633214855,0.3534073719172951,0.2305808864236541,8,8,5.475139556017138,FALSE,TRUE,FALSE,FALSE,FALSE,train
108,Lentils,1918,Puttalam,North Western,Puttalam,2024-09-01,291.25,-5.475139556017138,5.475139556017138,5.674182004879911,-0.05630731260485433,-0.47160669293881374,3.1077862510698018,2.0556274050960335,9,9,0.4291845493562232,FALSE,TRUE,FALSE,FALSE,FALSE,train
108,Lentils,1918,Puttalam,North Western,Puttalam,2024-10-01,292.5,0.4291845493562232,0.4291845493562232,5.678464666671911,0.004282661792000653,-5.475139556017138,3.1808753804415,2.125310266104058,10,10,1.7094017094017093,FALSE,TRUE,FALSE,FALSE,FALSE,train
108,Lentils,1918,Puttalam,North Western,Puttalam,2024-11-01,297.5,1.7094017094017093,1.7094017094017093,5.695414224985685,0.016949558313773316,0.4291845493562232,3.832267220864478,2.5379086049250232,11,11,1.1193277310924317,FALSE,TRUE,FALSE,FALSE,FALSE,train
108,Lentils,1918,Puttalam,North Western,Puttalam,2024-12-01,300.83,1.1193277310924317,1.1193277310924317,5.706545321145129,0.011131096159444631,1.7094017094017093,0.6407600809519952,1.0859713299501215,12,12,0.8310341388824254,FALSE,TRUE,FALSE,FALSE,FALSE,train
108,Lentils,1918,Puttalam,North Western,Puttalam,2025-01-01,298.33,-0.8310341388824254,0.8310341388824254,5.698200256359968,-0.008345064785161505,1.1193277310924317,1.3295308084042712,1.219921193125522,1,1,2.7922099688264623,FALSE,TRUE,FALSE,FALSE,FALSE,validation
108,Lentils,1918,Puttalam,North Western,Puttalam,2025-02-01,290,-2.7922099688264623,2.7922099688264623,5.66988092298052,-0.028319333379448253,-0.8310341388824254,1.955771341342306,1.5808572796004399,2,2,0.6896551724137931,FALSE,TRUE,FALSE,FALSE,FALSE,validation
108,Lentils,1918,Puttalam,North Western,Puttalam,2025-03-01,288,-0.6896551724137931,0.6896551724137931,5.662960480135946,-0.006920442844573493,-2.7922099688264623,1.1752258875094568,1.437633093374227,3,3,1.0416666666666667,FALSE,TRUE,FALSE,FALSE,FALSE,validation
108,Lentils,1918,Puttalam,North Western,Puttalam,2025-04-01,285,-1.0416666666666667,1.0416666666666667,5.652489180268651,-0.010471299867295336,-0.6896551724137931,1.1261328086820388,1.5078439359689741,4,4,0,FALSE,TRUE,FALSE,FALSE,FALSE,test
108,Lentils,1918,Puttalam,North Western,Puttalam,2025-05-01,285,0,0,5.652489180268651,0,-1.0416666666666667,0.5298751100287193,0.5771072796934866,5,5,0,FALSE,TRUE,FALSE,FALSE,FALSE,test
108,Lentils,1918,Puttalam,North Western,Puttalam,2025-06-01,285,0,0,5.652489180268651,0,0,0.6014065304058602,0.34722222222222227,6,6,0,FALSE,TRUE,FALSE,FALSE,FALSE,test
108,Lentils,1918,Puttalam,North Western,Puttalam,2025-07-01,285,0,0,5.652489180268651,0,0,0,0,7,7,2.729824561403499,FALSE,TRUE,FALSE,FALSE,FALSE,test
108,Lentils,1918,Puttalam,North Western,Puttalam,2025-09-01,277.22,-2.729824561403499,2.729824561403499,5.624811414785207,-0.027677765483443473,0,1.5760649453667623,0.909941520467833,9,9,NA,FALSE,TRUE,TRUE,FALSE,FALSE,inference
108,Lentils,1919,Rathnapura,Sabaragamuwa,Ratnapura,2023-06-01,297.25,NA,NA,5.694573535570891,NA,NA,NA,NA,6,6,1.5643397813288402,FALSE,TRUE,FALSE,FALSE,FALSE,train
108,Lentils,1919,Rathnapura,Sabaragamuwa,Ratnapura,2023-07-01,292.6,-1.5643397813288402,1.5643397813288402,5.678806488586024,-0.015767046984866973,NA,NA,NA,7,7,5.177717019822275,FALSE,TRUE,FALSE,FALSE,FALSE,train
108,Lentils,1919,Rathnapura,Sabaragamuwa,Ratnapura,2023-08-01,307.75,5.177717019822275,5.177717019822275,5.729287765064563,0.05048127647853917,-1.5643397813288402,4.767354083238836,3.3710284005755575,8,8,4.54914703493095,FALSE,TRUE,FALSE,FALSE,FALSE,train
108,Lentils,1919,Rathnapura,Sabaragamuwa,Ratnapura,2023-09-01,321.75,4.54914703493095,4.54914703493095,5.773774846476236,0.044487081411673124,5.177717019822275,3.7243601506038715,3.763734612027355,9,9,1.7871017871017871,FALSE,TRUE,FALSE,FALSE,FALSE,train
108,Lentils,1919,Rathnapura,Sabaragamuwa,Ratnapura,2023-10-01,316,-1.7871017871017871,1.7871017871017871,5.755742213586912,-0.018032632889323885,4.54914703493095,3.8525283986385843,3.8379886139516706,10,10,4.113924050632911,FALSE,TRUE,FALSE,FALSE,FALSE,train
108,Lentils,1919,Rathnapura,Sabaragamuwa,Ratnapura,2024-01-01,329,4.113924050632911,4.113924050632911,5.796057750765372,0.04031553717845959,-1.7871017871017871,3.539293105465766,3.483390957555216,1,1,0,FALSE,TRUE,FALSE,FALSE,FALSE,train
108,Lentils,1919,Rathnapura,Sabaragamuwa,Ratnapura,2024-02-01,329,0,0,5.796057750765372,0,4.113924050632911,3.0260042363225135,1.9670086125782327,2,2,0.1519756838905775,FALSE,TRUE,FALSE,FALSE,FALSE,train
108,Lentils,1919,Rathnapura,Sabaragamuwa,Ratnapura,2024-03-01,328.5,-0.1519756838905775,0.1519756838905775,5.794536837924666,-0.0015209128407063233,0,2.4202399415442772,1.4219665781744961,3,3,0.27397260273971913,FALSE,TRUE,FALSE,FALSE,FALSE,train
108,Lentils,1919,Rathnapura,Sabaragamuwa,Ratnapura,2024-04-01,327.6,-0.27397260273971913,0.27397260273971913,5.791793351978915,-0.002743485945750912,-0.1519756838905775,0.1372593917580073,0.14198276221009887,4,4,1.0378510378510308,FALSE,TRUE,FALSE,FALSE,FALSE,train
108,Lentils,1919,Rathnapura,Sabaragamuwa,Ratnapura,2024-05-01,331,1.0378510378510308,1.0378510378510308,5.802118375377063,0.010325023398148225,-0.27397260273971913,0.7247358300318625,0.4879331081604425,5,5,4.531722054380665,FALSE,TRUE,FALSE,FALSE,FALSE,train
108,Lentils,1919,Rathnapura,Sabaragamuwa,Ratnapura,2024-06-01,316,-4.531722054380665,4.531722054380665,5.755742213586912,-0.04637616179015058,1.0378510378510308,2.9117422071866437,1.9478485649904715,6,6,1.5189873417721556,FALSE,TRUE,FALSE,FALSE,FALSE,train
108,Lentils,1919,Rathnapura,Sabaragamuwa,Ratnapura,2024-07-01,320.8,1.5189873417721556,1.5189873417721556,5.77081787599236,0.015075662405447332,-4.531722054380665,3.3631017619987413,2.3628534780012838,7,7,4.067955112219455,FALSE,TRUE,FALSE,FALSE,FALSE,train
108,Lentils,1919,Rathnapura,Sabaragamuwa,Ratnapura,2024-08-01,307.75,-4.067955112219455,4.067955112219455,5.729287765064563,-0.04153011092779657,1.5189873417721556,3.3674938742222773,3.372888169457425,8,8,0.08123476848090982,FALSE,TRUE,FALSE,FALSE,FALSE,train
108,Lentils,1919,Rathnapura,Sabaragamuwa,Ratnapura,2024-09-01,308,0.08123476848090982,0.08123476848090982,5.730099782973574,8.120179090109758e-4,-4.067955112219455,2.90105828714068,1.88939240749084,9,9,1.6233766233766234,FALSE,TRUE,FALSE,FALSE,FALSE,train
108,Lentils,1919,Rathnapura,Sabaragamuwa,Ratnapura,2024-10-01,313,1.6233766233766234,1.6233766233766234,5.746203190540153,0.01610340756657891,0.08123476848090982,2.9435023099286153,1.9241888346923293,10,10,0.9584664536741214,FALSE,TRUE,FALSE,FALSE,FALSE,train
108,Lentils,1919,Rathnapura,Sabaragamuwa,Ratnapura,2024-11-01,310,-0.9584664536741214,0.9584664536741214,5.736572297479192,-0.009630893060960766,1.6233766233766234,1.2990441233516483,0.8876926151772182,11,11,0,FALSE,TRUE,FALSE,FALSE,FALSE,train
108,Lentils,1919,Rathnapura,Sabaragamuwa,Ratnapura,2024-12-01,310,0,0,5.736572297479192,0,-0.9584664536741214,1.30511323127275,0.860614359016915,12,12,0,FALSE,TRUE,FALSE,FALSE,FALSE,train
108,Lentils,1919,Rathnapura,Sabaragamuwa,Ratnapura,2025-01-01,310,0,0,5.736572297479192,0,0,0.5533708650379799,0.3194888178913738,1,1,0,FALSE,TRUE,FALSE,FALSE,FALSE,validation
108,Lentils,1919,Rathnapura,Sabaragamuwa,Ratnapura,2025-02-01,310,0,0,5.736572297479192,0,0,0,0,2,2,1.935483870967742,FALSE,TRUE,FALSE,FALSE,FALSE,validation
108,Lentils,1919,Rathnapura,Sabaragamuwa,Ratnapura,2025-03-01,304,-1.935483870967742,1.935483870967742,5.717027701406222,-0.01954459607297032,0,1.1174521339154049,0.6451612903225806,3,3,6.578947368421052,FALSE,TRUE,FALSE,FALSE,FALSE,validation
108,Lentils,1919,Rathnapura,Sabaragamuwa,Ratnapura,2025-04-01,284,-6.578947368421052,6.578947368421052,5.648974238161206,-0.0680534632450156,-1.935483870967742,3.3810846273400665,2.8381437464629315,4,4,1.056338028169014,FALSE,TRUE,FALSE,FALSE,FALSE,test
108,Lentils,1919,Rathnapura,Sabaragamuwa,Ratnapura,2025-05-01,287,1.056338028169014,1.056338028169014,5.659482215759621,0.010507977598415152,-6.578947368421052,3.8473006687745177,3.1902564225192696,5,5,0.41811846689895077,FALSE,TRUE,FALSE,FALSE,FALSE,test
108,Lentils,1919,Rathnapura,Sabaragamuwa,Ratnapura,2025-06-01,288.2,0.41811846689895077,0.41811846689895077,5.663654683565421,0.00417246780579994,1.056338028169014,4.236032687935959,2.684467954496339,6,6,1.83900069396253,FALSE,TRUE,FALSE,FALSE,FALSE,test
108,Lentils,1919,Rathnapura,Sabaragamuwa,Ratnapura,2025-07-01,293.5,1.83900069396253,1.83900069396253,5.681877639268151,0.018222955702730026,0.41811846689895077,0.7116637033505738,1.1044857296768316,7,7,0.35775127768313847,FALSE,TRUE,FALSE,FALSE,FALSE,test
108,Lentils,1919,Rathnapura,Sabaragamuwa,Ratnapura,2025-08-01,292.45,-0.35775127768313847,0.35775127768313847,5.678293711889035,-0.0035839273791165027,1.83900069396253,1.1140466319288558,0.8716234795148731,8,8,3.0227389297315694,FALSE,TRUE,FALSE,FALSE,FALSE,test
108,Lentils,1919,Rathnapura,Sabaragamuwa,Ratnapura,2025-09-01,283.61,-3.0227389297315694,3.0227389297315694,5.647600054967209,-0.030693656921825685,-0.35775127768313847,2.434624905370332,1.7398303004590794,9,9,NA,FALSE,TRUE,TRUE,FALSE,FALSE,inference
108,Lentils,5287,Dammbagalla,Uva,Moneragala,2023-06-01,290,NA,NA,5.66988092298052,NA,NA,NA,NA,6,6,1.0344827586206897,FALSE,TRUE,FALSE,FALSE,FALSE,train
108,Lentils,5287,Dammbagalla,Uva,Moneragala,2023-07-01,287,-1.0344827586206897,1.0344827586206897,5.659482215759621,-0.010398707220898196,NA,NA,NA,7,7,5.139372822299651,FALSE,TRUE,FALSE,FALSE,FALSE,train
108,Lentils,5287,Dammbagalla,Uva,Moneragala,2023-08-01,301.75,5.139372822299651,5.139372822299651,5.709598859977641,0.050116644218019424,-1.0344827586206897,4.365575147335185,3.0869277904601704,8,8,6.545153272576636,FALSE,TRUE,FALSE,FALSE,FALSE,train
108,Lentils,5287,Dammbagalla,Uva,Moneragala,2023-09-01,321.5,6.545153272576636,6.545153272576636,5.772997543677674,0.06339868370003288,5.139372822299651,4.032029963799602,4.239669617832326,9,9,1.9595645412130673,FALSE,TRUE,FALSE,FALSE,FALSE,train
108,Lentils,5287,Dammbagalla,Uva,Moneragala,2023-10-01,315.2,-1.9595645412130673,1.9595645412130673,5.753207357983724,-0.019790185693949525,6.545153272576636,4.558898906856965,4.548030212029785,10,10,1.9987309644670088,FALSE,TRUE,FALSE,FALSE,FALSE,train
108,Lentils,5287,Dammbagalla,Uva,Moneragala,2023-11-01,321.5,1.9987309644670088,1.9987309644670088,5.772997543677674,0.019790185693949525,-1.9595645412130673,4.2557467853510715,3.5011495927522374,11,11,0.2332814930015552,FALSE,TRUE,FALSE,FALSE,FALSE,train
108,Lentils,5287,Dammbagalla,Uva,Moneragala,2023-12-01,320.75,-0.2332814930015552,0.2332814930015552,5.770662003495746,-0.002335540181928053,1.9987309644670088,1.984524967640215,1.3971923328938771,12,12,0.4832424006235421,FALSE,TRUE,FALSE,FALSE,FALSE,train
108,Lentils,5287,Dammbagalla,Uva,Moneragala,2024-01-01,319.2,-0.4832424006235421,0.4832424006235421,5.765817865575654,-0.00484413792009164,-0.2332814930015552,1.3665377083864767,0.9050849526973688,1,1,0.8458646616541318,FALSE,TRUE,FALSE,FALSE,FALSE,train
108,Lentils,5287,Dammbagalla,Uva,Moneragala,2024-02-01,316.5,-0.8458646616541318,0.8458646616541318,5.757323241584231,-0.008494623991422756,-0.4832424006235421,0.308013392038554,0.5207961850930763,2,2,2.0537124802527646,FALSE,TRUE,FALSE,FALSE,FALSE,train
108,Lentils,5287,Dammbagalla,Uva,Moneragala,2024-03-01,310,-2.0537124802527646,2.0537124802527646,5.736572297479192,-0.020750944105039082,-0.8458646616541318,0.8222699808152054,1.1276065141768128,3,3,2.1612903225806415,FALSE,TRUE,FALSE,FALSE,FALSE,train
108,Lentils,5287,Dammbagalla,Uva,Moneragala,2024-04-01,303.3,-2.1612903225806415,2.1612903225806415,5.714722414694536,-0.021849882784656494,-2.0537124802527646,0.7303896237029182,1.686955821495846,4,4,1.9122980547312929,FALSE,TRUE,FALSE,FALSE,FALSE,train
108,Lentils,5287,Dammbagalla,Uva,Moneragala,2024-05-01,297.5,-1.9122980547312929,1.9122980547312929,5.695414224985685,-0.019308189708850954,-2.1612903225806415,0.12487872874262931,2.042433619188233,5,5,0,FALSE,TRUE,FALSE,FALSE,FALSE,train
108,Lentils,5287,Dammbagalla,Uva,Moneragala,2024-06-01,297.5,0,0,5.695414224985685,0,-1.9122980547312929,1.1825154585359257,1.3578627924373114,6,6,0.16806722689075632,FALSE,TRUE,FALSE,FALSE,FALSE,train
108,Lentils,5287,Dammbagalla,Uva,Moneragala,2024-07-01,297,-0.16806722689075632,0.16806722689075632,5.6937321388027,-0.001682086182984932,0,1.0588886960451445,0.6934550938740164,7,7,1.6835016835016836,FALSE,TRUE,FALSE,FALSE,FALSE,train
108,Lentils,5287,Dammbagalla,Uva,Moneragala,2024-08-01,292,-1.6835016835016836,1.6835016835016836,5.676753802268282,-0.016978336534418048,-0.16806722689075632,0.927268938279811,0.61718963679748,8,8,3.5616438356164304,FALSE,TRUE,FALSE,FALSE,FALSE,train
108,Lentils,5287,Dammbagalla,Uva,Moneragala,2024-09-01,281.6,-3.5616438356164304,3.5616438356164304,5.640487624283887,-0.03626617798439469,-1.6835016835016836,1.7000157712564472,1.8044042486696235,9,9,3.959517045454537,FALSE,TRUE,FALSE,FALSE,FALSE,train
108,Lentils,5287,Dammbagalla,Uva,Moneragala,2024-10-01,292.75,3.959517045454537,3.959517045454537,5.679319002477826,0.03883137819393934,-3.5616438356164304,3.9144803681939084,3.0682208548575503,10,10,1.1101622544833476,FALSE,TRUE,FALSE,FALSE,FALSE,train
108,Lentils,5287,Dammbagalla,Uva,Moneragala,2024-11-01,296,1.1101622544833476,1.1101622544833476,5.69035945432406,0.011040451846233701,3.959517045454537,3.797201949402482,2.8771077118514383,11,11,1.148648648648641,FALSE,TRUE,FALSE,FALSE,FALSE,train
108,Lentils,5287,Dammbagalla,Uva,Moneragala,2024-12-01,292.6,-1.148648648648641,1.148648648648641,5.678806488586024,-0.011552965738036214,1.1101622544833476,2.5597658154393415,2.0727759828621752,12,12,0.3759398496240679,FALSE,TRUE,FALSE,FALSE,FALSE,train
108,Lentils,5287,Dammbagalla,Uva,Moneragala,2025-01-01,291.5,-0.3759398496240679,0.3759398496240679,5.675040005790547,-0.0037664827954770885,-1.148648648648641,1.148027659947735,0.8782502509186855,1,1,1.0874785591766778,FALSE,TRUE,FALSE,FALSE,FALSE,validation
108,Lentils,5287,Dammbagalla,Uva,Moneragala,2025-02-01,288.33,-1.0874785591766778,1.0874785591766778,5.664105657503303,-0.010934348287244156,-0.3759398496240679,0.42955558490293183,0.8706890191497956,2,2,1.1549266465508217,FALSE,TRUE,FALSE,FALSE,FALSE,validation
108,Lentils,5287,Dammbagalla,Uva,Moneragala,2025-03-01,285,-1.1549266465508217,1.1549266465508217,5.652489180268651,-0.011616477234651867,-1.0874785591766778,0.4315972291902925,0.8727816851171891,3,3,2.1052631578947367,FALSE,TRUE,FALSE,FALSE,FALSE,validation
108,Lentils,5287,Dammbagalla,Uva,Moneragala,2025-04-01,279,-2.1052631578947367,2.1052631578947367,5.631211781821365,-0.02127739844728538,-1.1549266465508217,0.5691476402878597,1.4492227878740787,4,4,0.5376344086021505,FALSE,TRUE,FALSE,FALSE,FALSE,test
108,Lentils,5287,Dammbagalla,Uva,Moneragala,2025-05-01,277.5,-0.5376344086021505,0.5376344086021505,5.625820933186489,-0.005390848634876377,-2.1052631578947367,0.7896886609537584,1.2659414043492363,5,5,1.0810810810810811,FALSE,TRUE,FALSE,FALSE,FALSE,test
108,Lentils,5287,Dammbagalla,Uva,Moneragala,2025-06-01,274.5,-1.0810810810810811,1.0810810810810811,5.614951260949585,-0.010869672236903938,-0.5376344086021505,0.7960049317166522,1.2413262158593228,6,6,1.5482695810564664,FALSE,TRUE,FALSE,FALSE,FALSE,test
108,Lentils,5287,Dammbagalla,Uva,Moneragala,2025-07-01,270.25,-1.5482695810564664,1.5482695810564664,5.599347456519317,-0.015603804430267765,-1.0810810810810811,0.5057968683406804,1.055661690246566,7,7,2.4051803885291396,FALSE,TRUE,FALSE,FALSE,FALSE,test
108,Lentils,5287,Dammbagalla,Uva,Moneragala,2025-08-01,263.75,-2.4051803885291396,2.4051803885291396,5.575001684790276,-0.024345771729040955,-1.5482695810564664,0.6715405426402226,1.6781770168888956,8,8,0.3601895734597113,FALSE,TRUE,FALSE,FALSE,FALSE,test
108,Lentils,5287,Dammbagalla,Uva,Moneragala,2025-09-01,262.8,-0.3601895734597113,0.3601895734597113,5.571393286610456,-0.0036083981798205045,-2.4051803885291396,1.0269548570192768,1.4378798476817725,9,9,NA,FALSE,TRUE,TRUE,FALSE,FALSE,inference
108,Lentils,5346,Thambuttegama,North Central,Anuradhapura,2023-06-01,296.4,NA,NA,5.6917098934219315,NA,NA,NA,NA,6,6,2.4055330634277987,FALSE,TRUE,FALSE,FALSE,FALSE,train
108,Lentils,5346,Thambuttegama,North Central,Anuradhapura,2023-07-01,289.27,-2.4055330634277987,2.4055330634277987,5.667360508022234,-0.024349385399697887,NA,NA,NA,7,7,1.4484737442527735,FALSE,TRUE,FALSE,FALSE,FALSE,train
108,Lentils,5346,Thambuttegama,North Central,Anuradhapura,2023-08-01,293.46,1.4484737442527735,1.4484737442527735,5.681741343779321,0.014380835757087596,-2.4055330634277987,2.725194348450051,1.9270034038402861,8,8,7.0128808014721065,FALSE,TRUE,FALSE,FALSE,FALSE,train
108,Lentils,5346,Thambuttegama,North Central,Anuradhapura,2023-09-01,314.04,7.0128808014721065,7.0128808014721065,5.749520366330055,0.06777902255073354,1.4484737442527735,4.7350204875061745,3.6222958697175596,9,9,2.8817984970067543,FALSE,TRUE,FALSE,FALSE,FALSE,train
108,Lentils,5346,Thambuttegama,North Central,Anuradhapura,2023-10-01,304.99,-2.8817984970067543,2.8817984970067543,5.720278989184664,-0.029241377145390324,7.0128808014721065,4.960150568978077,3.7810510142438782,10,10,0.8131414144726116,FALSE,TRUE,FALSE,FALSE,FALSE,train
108,Lentils,5346,Thambuttegama,North Central,Anuradhapura,2023-11-01,307.47,0.8131414144726116,0.8131414144726116,5.7283775215115815,0.008098532326917152,-2.8817984970067543,4.999900462940939,3.569273570983824,11,11,2.1172797346082515,FALSE,TRUE,FALSE,FALSE,FALSE,train
108,Lentils,5346,Thambuttegama,North Central,Anuradhapura,2023-12-01,313.98,2.1172797346082515,2.1172797346082515,5.749329289612172,0.020951768100590407,0.8131414144726116,2.5930722085747493,1.9374065486958725,12,12,1.28033632715459,FALSE,TRUE,FALSE,FALSE,FALSE,train
108,Lentils,5346,Thambuttegama,North Central,Anuradhapura,2024-01-01,318,1.28033632715459,1.28033632715459,5.762051382780177,0.012722093168004989,2.1172797346082515,0.660747318289712,1.4035858254118176,1,1,0.05974842767295526,FALSE,TRUE,FALSE,FALSE,FALSE,train
108,Lentils,5346,Thambuttegama,North Central,Anuradhapura,2024-02-01,318.19,0.05974842767295526,0.05974842767295526,5.7626486886342425,5.973058540655884e-4,1.28033632715459,1.0347096345239408,1.1524548298119321,2,2,0.3394198434897338,FALSE,TRUE,FALSE,FALSE,FALSE,train
108,Lentils,5346,Thambuttegama,North Central,Anuradhapura,2024-03-01,317.11,-0.3394198434897338,0.3394198434897338,5.759248716840184,-0.0033999717940584873,0.05974842767295526,0.8438779711747786,0.5598348661057597,3,3,2.7719088013623097,FALSE,TRUE,FALSE,FALSE,FALSE,train
108,Lentils,5346,Thambuttegama,North Central,Anuradhapura,2024-04-01,308.32,-2.7719088013623097,2.7719088013623097,5.731138204666056,-0.028110512174127855,-0.3394198434897338,1.532678510626777,1.0570256908416662,4,4,0.46380384016606346,FALSE,TRUE,FALSE,FALSE,FALSE,train
108,Lentils,5346,Thambuttegama,North Central,Anuradhapura,2024-05-01,309.75,0.46380384016606346,0.46380384016606346,5.7357655205092515,0.004627315843195312,-2.7719088013623097,1.6848346662063571,1.191710828339369,5,5,4.358353510895884,FALSE,TRUE,FALSE,FALSE,FALSE,train
108,Lentils,5346,Thambuttegama,North Central,Anuradhapura,2024-07-01,296.25,-4.358353510895884,4.358353510895884,5.691203692449341,-0.04456182805991027,0.46380384016606346,2.4576358773339595,2.531355384141419,7,7,1.8295358649789084,FALSE,TRUE,FALSE,FALSE,FALSE,train
108,Lentils,5346,Thambuttegama,North Central,Anuradhapura,2024-08-01,290.83,-1.8295358649789084,1.8295358649789084,5.672738904024739,-0.018464788424601863,-4.358353510895884,2.4120367329947623,2.2172310720136186,8,8,3.4109273458721647,FALSE,TRUE,FALSE,FALSE,FALSE,train
108,Lentils,5346,Thambuttegama,North Central,Anuradhapura,2024-09-01,300.75,3.4109273458721647,3.4109273458721647,5.7062793548547885,0.033540450830049195,-1.8295358649789084,3.9627241972731984,3.1996055739156524,9,9,0.9310058187863712,FALSE,TRUE,FALSE,FALSE,FALSE,train
108,Lentils,5346,Thambuttegama,North Central,Anuradhapura,2024-10-01,303.55,0.9310058187863712,0.9310058187863712,5.715546341576443,0.009266986721654824,3.4109273458721647,2.6214835441213027,2.0571563432124815,10,10,2.1577993740734676,FALSE,TRUE,FALSE,FALSE,FALSE,train
108,Lentils,5346,Thambuttegama,North Central,Anuradhapura,2024-11-01,310.1,2.1577993740734676,2.1577993740734676,5.736894826106403,0.021348484529959855,0.9310058187863712,1.2399840672028684,2.166577512910668,11,11,4.030957755562722,FALSE,TRUE,FALSE,FALSE,FALSE,train
108,Lentils,5346,Thambuttegama,North Central,Anuradhapura,2024-12-01,297.6,-4.030957755562722,4.030957755562722,5.6957503029589365,-0.04114452314746675,2.1577993740734676,3.276858753697,2.3732543161408532,12,12,0.9744623655913901,FALSE,TRUE,FALSE,FALSE,FALSE,train
108,Lentils,5346,Thambuttegama,North Central,Anuradhapura,2025-01-01,300.5,0.9744623655913901,0.9744623655913901,5.705447753975262,0.009697451016325687,-4.030957755562722,3.285199939996563,2.3877398317425262,1,1,1.9966722129783694,FALSE,TRUE,FALSE,FALSE,FALSE,validation
108,Lentils,5346,Thambuttegama,North Central,Anuradhapura,2025-02-01,294.5,-1.9966722129783694,1.9966722129783694,5.685279003091641,-0.020168750883621023,0.9744623655913901,2.5172799123258374,2.3340307780441605,2,2,0.645161290322573,FALSE,TRUE,FALSE,FALSE,FALSE,validation
108,Lentils,5346,Thambuttegama,North Central,Anuradhapura,2025-03-01,292.6,-0.645161290322573,0.645161290322573,5.678806488586024,-0.006472514505617255,-1.9966722129783694,1.4875821122897686,1.2054319562974443,3,3,2.368421052631581,FALSE,TRUE,FALSE,FALSE,FALSE,validation
108,Lentils,5346,Thambuttegama,North Central,Anuradhapura,2025-04-01,285.67,-2.368421052631581,2.368421052631581,5.654837298473027,-0.023969190112996586,-0.645161290322573,0.9068630163219001,1.6700848519775078,4,4,0.5320824727832949,FALSE,TRUE,FALSE,FALSE,FALSE,test
108,Lentils,5346,Thambuttegama,North Central,Anuradhapura,2025-05-01,284.15,-0.5320824727832949,0.5320824727832949,5.649502267743131,-0.005335030729896495,-2.368421052631581,1.0291218268673379,1.181888271912483,5,5,1.0663382016540464,FALSE,TRUE,FALSE,FALSE,FALSE,test
108,Lentils,5346,Thambuttegama,North Central,Anuradhapura,2025-06-01,281.12,-1.0663382016540464,1.0663382016540464,5.638781624438787,-0.01072064330434408,-0.5320824727832949,0.944544715235884,1.3222805756896407,6,6,4.8271200910643115,FALSE,TRUE,FALSE,FALSE,FALSE,test
108,Lentils,5346,Thambuttegama,North Central,Anuradhapura,2025-07-01,267.55,-4.8271200910643115,4.8271200910643115,5.589306464757314,-0.04947515968147265,-1.0663382016540464,2.340806760712943,2.141846921833884,7,7,2.8219024481405386,FALSE,TRUE,FALSE,FALSE,FALSE,test
108,Lentils,5346,Thambuttegama,North Central,Anuradhapura,2025-08-01,260,-2.8219024481405386,2.8219024481405386,5.560681631015528,-0.028624833741786482,-4.8271200910643115,1.8817715075052153,2.9051202469529653,8,8,0,FALSE,TRUE,FALSE,FALSE,FALSE,test
108,Lentils,5346,Thambuttegama,North Central,Anuradhapura,2025-09-01,260,0,0,5.560681631015528,0,-2.8219024481405386,2.42504706469349,2.54967417973495,9,9,NA,FALSE,TRUE,TRUE,FALSE,FALSE,inference
108,Lentils,7833,Embilipitiya,Sabaragamuwa,Ratnapura,2023-06-01,308.22,NA,NA,5.730813813707232,NA,NA,NA,NA,6,6,4.960742326909356,FALSE,TRUE,FALSE,FALSE,FALSE,train
108,Lentils,7833,Embilipitiya,Sabaragamuwa,Ratnapura,2023-07-01,292.93,-4.960742326909356,4.960742326909356,5.679933672624212,-0.05088014108302019,NA,NA,NA,7,7,8.387669409073837,FALSE,TRUE,FALSE,FALSE,FALSE,train
108,Lentils,7833,Embilipitiya,Sabaragamuwa,Ratnapura,2023-08-01,317.5,8.387669409073837,8.387669409073837,5.760477818332746,0.08054414570853474,-4.960742326909356,9.43875245658381,6.6742058679915965,8,8,13.0236220472441,TRUE,TRUE,FALSE,FALSE,FALSE,train
108,Lentils,7833,Embilipitiya,Sabaragamuwa,Ratnapura,2023-09-01,358.85,13.0236220472441,13.0236220472441,5.882904473876081,0.1224266555433351,8.387669409073837,9.337286496256212,8.790677927742431,9,9,2.2711439320050255,FALSE,TRUE,FALSE,FALSE,FALSE,train
108,Lentils,7833,Embilipitiya,Sabaragamuwa,Ratnapura,2023-10-01,350.7,-2.2711439320050255,2.2711439320050255,5.859931157146132,-0.02297331672994929,13.0236220472441,7.8425359957022724,7.894145129440988,10,10,1.5654405474764783,FALSE,TRUE,FALSE,FALSE,FALSE,train
108,Lentils,7833,Embilipitiya,Sabaragamuwa,Ratnapura,2023-11-01,345.21,-1.5654405474764783,1.5654405474764783,5.844152927503477,-0.015778229642655184,-2.2711439320050255,8.633931424131251,5.620068842241868,11,11,0.7473711653776082,FALSE,TRUE,FALSE,FALSE,FALSE,train
108,Lentils,7833,Embilipitiya,Sabaragamuwa,Ratnapura,2023-12-01,347.79,0.7473711653776082,0.7473711653776082,5.851598849350419,0.007445921846942483,-1.5654405474764783,1.5789526422693931,1.5279852149530373,12,12,1.1098651485091617,FALSE,TRUE,FALSE,FALSE,FALSE,train
108,Lentils,7833,Embilipitiya,Sabaragamuwa,Ratnapura,2024-01-01,343.93,-1.1098651485091617,1.1098651485091617,5.840438148294737,-0.011160701055682232,0.7473711653776082,1.225151262013457,1.1408922871210827,1,1,0.5524379961038517,FALSE,TRUE,FALSE,FALSE,FALSE,train
108,Lentils,7833,Embilipitiya,Sabaragamuwa,Ratnapura,2024-02-01,345.83,0.5524379961038517,0.5524379961038517,5.845947324836075,0.005509176541337979,-1.1098651485091617,1.020667870456492,0.8032247699968739,2,2,0.7951883873579505,FALSE,TRUE,FALSE,FALSE,FALSE,train
108,Lentils,7833,Embilipitiya,Sabaragamuwa,Ratnapura,2024-03-01,348.58,0.7951883873579505,0.7951883873579505,5.853867759093536,0.007920434257460585,0.5524379961038517,1.0369352657040296,0.8191638439903213,3,3,9.398129554191287,FALSE,TRUE,FALSE,FALSE,FALSE,train
108,Lentils,7833,Embilipitiya,Sabaragamuwa,Ratnapura,2024-04-01,315.82,-9.398129554191287,9.398129554191287,5.755172431038497,-0.09869532805503844,0.7951883873579505,5.8163054278890565,3.5819186458843633,4,4,3.1568615033879963,FALSE,TRUE,FALSE,FALSE,FALSE,train
108,Lentils,7833,Embilipitiya,Sabaragamuwa,Ratnapura,2024-05-01,305.85,-3.1568615033879963,3.1568615033879963,5.723094785688574,-0.03207764534992297,-9.398129554191287,5.139323170068742,4.450059814979078,5,5,0.08173941474579041,FALSE,TRUE,FALSE,FALSE,FALSE,train
108,Lentils,7833,Embilipitiya,Sabaragamuwa,Ratnapura,2024-06-01,305.6,-0.08173941474579041,0.08173941474579041,5.722277057292366,-8.1772839620875e-4,-3.1568615033879963,4.747015342514185,4.212243490775025,6,6,0.261780104712027,FALSE,TRUE,FALSE,FALSE,FALSE,train
108,Lentils,7833,Embilipitiya,Sabaragamuwa,Ratnapura,2024-07-01,306.4,0.261780104712027,0.261780104712027,5.724891437866436,0.002614380574070374,-0.08173941474579041,1.8824404357525033,1.1667936742819378,7,7,1.6318537859007833,FALSE,TRUE,FALSE,FALSE,FALSE,train
108,Lentils,7833,Embilipitiya,Sabaragamuwa,Ratnapura,2024-08-01,301.4,-1.6318537859007833,1.6318537859007833,5.708438286192395,-0.01645315167404071,0.261780104712027,1.008853271094396,0.658457768452867,8,8,3.782349037823483,FALSE,TRUE,FALSE,FALSE,FALSE,train
108,Lentils,7833,Embilipitiya,Sabaragamuwa,Ratnapura,2024-09-01,290,-3.782349037823483,3.782349037823483,5.66988092298052,-0.03855736321187564,-1.6318537859007833,2.0234236523659797,1.8919943094787643,9,9,1.5517241379310345,FALSE,TRUE,FALSE,FALSE,FALSE,train
108,Lentils,7833,Embilipitiya,Sabaragamuwa,Ratnapura,2024-10-01,294.5,1.5517241379310345,1.5517241379310345,5.685279003091641,0.015398080111121537,-3.782349037823483,2.6836584131230037,2.3219756538851004,10,10,0.5942275042444821,FALSE,TRUE,FALSE,FALSE,FALSE,train
108,Lentils,7833,Embilipitiya,Sabaragamuwa,Ratnapura,2024-11-01,296.25,0.5942275042444821,0.5942275042444821,5.691203692449341,0.005924689357700075,1.5517241379310345,2.843810784739512,1.9761002266663332,11,11,0.793248945147687,FALSE,TRUE,FALSE,FALSE,FALSE,train
108,Lentils,7833,Embilipitiya,Sabaragamuwa,Ratnapura,2024-12-01,298.6,0.793248945147687,0.793248945147687,5.69910488510509,0.007901192655748623,0.5942275042444821,0.5052547139031303,0.9797335291077345,12,12,3.4829202947086326,FALSE,TRUE,FALSE,FALSE,FALSE,train
108,Lentils,7833,Embilipitiya,Sabaragamuwa,Ratnapura,2025-01-01,309,3.4829202947086326,3.4829202947086326,5.733341276897746,0.03423639179265603,0.793248945147687,1.6134067238955252,1.6234655813669339,1,1,0.889967637540453,FALSE,TRUE,FALSE,FALSE,FALSE,validation
108,Lentils,7833,Embilipitiya,Sabaragamuwa,Ratnapura,2025-02-01,306.25,-0.889967637540453,0.889967637540453,5.724401761858937,-0.008939515038808743,3.4829202947086326,2.205663124054949,1.7220456257989243,2,2,4.718367346938772,FALSE,TRUE,FALSE,FALSE,FALSE,validation
108,Lentils,7833,Embilipitiya,Sabaragamuwa,Ratnapura,2025-03-01,291.8,-4.718367346938772,4.718367346938772,5.676068636088686,-0.048333125770251506,-0.889967637540453,4.103655122448142,3.0304184263959524,3,3,2.8238519533927375,FALSE,TRUE,FALSE,FALSE,FALSE,validation
108,Lentils,7833,Embilipitiya,Sabaragamuwa,Ratnapura,2025-04-01,283.56,-2.8238519533927375,2.8238519533927375,5.647423740986817,-0.02864489510186896,-4.718367346938772,1.9142335915627553,2.810728979290654,4,4,0.3738185921850763,FALSE,TRUE,FALSE,FALSE,FALSE,test
108,Lentils,7833,Embilipitiya,Sabaragamuwa,Ratnapura,2025-05-01,282.5,-0.3738185921850763,0.3738185921850763,5.643678550586496,-0.0037451904003207304,-2.8238519533927375,2.17818563372689,2.6386792975055284,5,5,0.4424778761061947,FALSE,TRUE,FALSE,FALSE,FALSE,test
108,Lentils,7833,Embilipitiya,Sabaragamuwa,Ratnapura,2025-06-01,281.25,-0.4424778761061947,0.4424778761061947,5.63924395351863,-0.004434597067866086,-0.3738185921850763,1.3951296274463414,1.2133828072280028,6,6,0.5546666666666675,FALSE,TRUE,FALSE,FALSE,FALSE,test
108,Lentils,7833,Embilipitiya,Sabaragamuwa,Ratnapura,2025-07-01,279.69,-0.5546666666666675,0.5546666666666675,5.633681846976712,-0.0055621065419177995,-0.4424778761061947,0.09129297895574223,0.4569877116526462,7,7,3.6325932282169635,FALSE,TRUE,FALSE,FALSE,FALSE,test
108,Lentils,7833,Embilipitiya,Sabaragamuwa,Ratnapura,2025-08-01,289.85,3.6325932282169635,3.6325932282169635,5.669363547785742,0.03568170080902977,-0.5546666666666675,2.3857890468814804,1.5432459236632752,8,8,3.2499568742453047,FALSE,TRUE,FALSE,FALSE,FALSE,test
108,Lentils,7833,Embilipitiya,Sabaragamuwa,Ratnapura,2025-09-01,280.43,-3.2499568742453047,3.2499568742453047,5.636324139451677,-0.033039408334064824,3.6325932282169635,3.4681222259140356,2.4790722563763117,9,9,NA,FALSE,TRUE,TRUE,FALSE,FALSE,inference
108,Lentils,7834,Tissamaharama,Southern,Hambantota,2023-06-01,305.62,NA,NA,5.7223425001771115,NA,NA,NA,NA,6,6,2.166088606766574,FALSE,TRUE,FALSE,FALSE,FALSE,train
108,Lentils,7834,Tissamaharama,Southern,Hambantota,2023-07-01,299,-2.166088606766574,2.166088606766574,5.700443573390687,-0.02189892678642469,NA,NA,NA,7,7,0.12709030100334295,FALSE,TRUE,FALSE,FALSE,FALSE,train
108,Lentils,7834,Tissamaharama,Southern,Hambantota,2023-08-01,299.38,0.12709030100334295,0.12709030100334295,5.70171366948709,0.0012700960964027175,-2.166088606766574,1.6215223561580687,1.1465894538849586,8,8,11.480392811811077,TRUE,TRUE,FALSE,FALSE,FALSE,train
108,Lentils,7834,Tissamaharama,Southern,Hambantota,2023-09-01,333.75,11.480392811811077,11.480392811811077,5.810392209714459,0.10867854022736978,0.12709030100334295,7.307331963087247,4.591190573193665,9,9,3.8202247191011236,FALSE,TRUE,FALSE,FALSE,FALSE,train
108,Lentils,7834,Tissamaharama,Southern,Hambantota,2023-10-01,321,-3.8202247191011236,3.8202247191011236,5.771441123130016,-0.03895108658444357,11.480392811811077,7.943421498291456,5.142569277305181,10,10,0.9345794392523364,FALSE,TRUE,FALSE,FALSE,FALSE,train
108,Lentils,7834,Tissamaharama,Southern,Hambantota,2023-11-01,318,-0.9345794392523364,0.9345794392523364,5.762051382780177,-0.00938974034983886,-3.8202247191011236,8.129856307699477,5.411732323388179,11,11,1.3364779874213837,FALSE,TRUE,FALSE,FALSE,FALSE,train
108,Lentils,7834,Tissamaharama,Southern,Hambantota,2023-12-01,322.25,1.3364779874213837,1.3364779874213837,5.775327641819297,0.01327625903912022,-0.9345794392523364,2.5844481461174644,2.030427381924948,12,12,0.8533747090768037,FALSE,TRUE,FALSE,FALSE,FALSE,train
108,Lentils,7834,Tissamaharama,Southern,Hambantota,2024-01-01,325,0.8533747090768037,0.8533747090768037,5.783825182329737,0.00849754051044016,1.3364779874213837,1.196374429218303,1.0414773785835079,1,1,0,FALSE,TRUE,FALSE,FALSE,FALSE,train
108,Lentils,7834,Tissamaharama,Southern,Hambantota,2024-02-01,325,0,0,5.783825182329737,0,0.8533747090768037,0.6767336480601892,0.7299508988327291,2,2,0,FALSE,TRUE,FALSE,FALSE,FALSE,train
108,Lentils,7834,Tissamaharama,Southern,Hambantota,2024-03-01,325,0,0,5.783825182329737,0,0,0.49269611800511115,0.2844582363589346,3,3,2.4000000000000035,FALSE,TRUE,FALSE,FALSE,FALSE,train
108,Lentils,7834,Tissamaharama,Southern,Hambantota,2024-04-01,332.8,2.4000000000000035,2.4000000000000035,5.807541708947054,0.02371652661731627,0,1.3856406460551038,0.8000000000000012,4,4,2.6442307692307727,FALSE,TRUE,FALSE,FALSE,FALSE,train
108,Lentils,7834,Tissamaharama,Southern,Hambantota,2024-05-01,324,-2.6442307692307727,2.6442307692307727,5.780743515792329,-0.026798193154724537,2.4000000000000035,2.523100619416557,1.6814102564102587,5,5,4.058641975308635,FALSE,TRUE,FALSE,FALSE,FALSE,train
108,Lentils,7834,Tissamaharama,Southern,Hambantota,2024-09-01,310.85,-4.058641975308635,4.058641975308635,5.739310480715346,-0.041433035076982705,-2.6442307692307727,3.3950669919348133,3.0342909148464705,9,9,2.908155058709995,FALSE,TRUE,FALSE,FALSE,FALSE,train
108,Lentils,7834,Tissamaharama,Southern,Hambantota,2024-10-01,301.81,-2.908155058709995,2.908155058709995,5.709797680310989,-0.029512800404357442,-4.058641975308635,0.7520898922026534,3.203675934416468,10,10,1.0138829064643327,FALSE,TRUE,FALSE,FALSE,FALSE,train
108,Lentils,7834,Tissamaharama,Southern,Hambantota,2024-11-01,298.75,-1.0138829064643327,1.0138829064643327,5.699607103245721,-0.010190577065268158,-2.908155058709995,1.5374462006494019,2.6602266468276543,11,11,0.8870292887029213,FALSE,TRUE,FALSE,FALSE,FALSE,train
108,Lentils,7834,Tissamaharama,Southern,Hambantota,2024-12-01,301.4,0.8870292887029213,0.8870292887029213,5.708438286192395,0.00883118294667451,-1.0138829064643327,1.897593141822776,1.603022417959083,12,12,0.006635700066350966,FALSE,TRUE,FALSE,FALSE,FALSE,train
108,Lentils,7834,Tissamaharama,Southern,Hambantota,2025-01-01,301.38,-0.006635700066350966,0.006635700066350966,5.708371926990008,-6.635920238728943e-5,0.8870292887029213,0.9510214877246561,0.6358492984112016,1,1,2.5316875705089905,FALSE,TRUE,FALSE,FALSE,FALSE,validation
108,Lentils,7834,Tissamaharama,Southern,Hambantota,2025-02-01,293.75,-2.5316875705089905,2.5316875705089905,5.682729065458369,-0.025642861531639305,-0.006635700066350966,1.7730458268206915,1.1417841864260876,2,2,2.076595744680859,FALSE,TRUE,FALSE,FALSE,FALSE,validation
108,Lentils,7834,Tissamaharama,Southern,Hambantota,2025-03-01,287.65,-2.076595744680859,2.076595744680859,5.661744463309303,-0.020984602149066056,-2.5316875705089905,1.3458411313290257,1.5383063384187334,3,3,0.9212584738397279,FALSE,TRUE,FALSE,FALSE,FALSE,validation
108,Lentils,7834,Tissamaharama,Southern,Hambantota,2025-04-01,285,-0.9212584738397279,0.9212584738397279,5.652489180268651,-0.009255283040651818,-2.076595744680859,0.8302002423842487,1.8431805963431924,4,4,2.7403508771929834,FALSE,TRUE,FALSE,FALSE,FALSE,test
108,Lentils,7834,Tissamaharama,Southern,Hambantota,2025-06-01,277.19,-2.7403508771929834,2.7403508771929834,5.624703191628953,-0.027785988639697834,-0.9212584738397279,0.9205498589854095,1.9127350319045235,6,6,2.817561961109709,FALSE,TRUE,FALSE,FALSE,FALSE,test
108,Lentils,7834,Tissamaharama,Southern,Hambantota,2025-07-01,269.38,-2.817561961109709,2.817561961109709,5.596123022170668,-0.028580169458284566,-2.7403508771929834,1.0732369759477953,2.15972377071414,7,7,0.6978988789071183,FALSE,TRUE,FALSE,FALSE,FALSE,test
108,Lentils,7834,Tissamaharama,Southern,Hambantota,2025-08-01,267.5,-0.6978988789071183,0.6978988789071183,5.589119566336061,-0.007003455834607486,-2.817561961109709,1.2021191911810094,2.08527057240327,8,8,0,FALSE,TRUE,FALSE,FALSE,FALSE,test
108,Lentils,7834,Tissamaharama,Southern,Hambantota,2025-09-01,267.5,0,0,5.589119566336061,0,-0.6978988789071183,1.467349642037461,1.1718202800056092,9,9,NA,FALSE,TRUE,TRUE,FALSE,FALSE,inference
108,Lentils,7835,Galenbindunuwewa,North Central,Anuradhapura,2023-06-01,293,NA,NA,5.680172609017068,NA,NA,NA,NA,6,6,0.7508532423208152,FALSE,TRUE,FALSE,FALSE,FALSE,train
108,Lentils,7835,Galenbindunuwewa,North Central,Anuradhapura,2023-07-01,290.8,-0.7508532423208152,0.7508532423208152,5.672635745659364,-0.007536863357703538,NA,NA,NA,7,7,3.3356258596973825,FALSE,TRUE,FALSE,FALSE,FALSE,train
108,Lentils,7835,Galenbindunuwewa,North Central,Anuradhapura,2023-08-01,300.5,3.3356258596973825,3.3356258596973825,5.705447753975262,0.032812008315898034,-0.7508532423208152,2.889577084214181,2.0432395510090986,8,8,8.319467554076539,FALSE,TRUE,FALSE,FALSE,FALSE,train
108,Lentils,7835,Galenbindunuwewa,North Central,Anuradhapura,2023-09-01,325.5,8.319467554076539,8.319467554076539,5.785362461648624,0.07991470767336217,3.3356258596973825,4.542552675082992,4.135315552031579,9,9,3.1643625192012323,FALSE,TRUE,FALSE,FALSE,FALSE,train
108,Lentils,7835,Galenbindunuwewa,North Central,Anuradhapura,2023-10-01,315.2,-3.1643625192012323,3.1643625192012323,5.753207357983724,-0.03215510366490015,8.319467554076539,5.75857158376925,4.939818644325051,10,10,0.22208121827410807,FALSE,TRUE,FALSE,FALSE,FALSE,train
108,Lentils,7835,Galenbindunuwewa,North Central,Anuradhapura,2023-11-01,314.5,-0.22208121827410807,0.22208121827410807,5.750984076140496,-0.0022232818432286194,-3.1643625192012323,5.965084909093209,3.901970430517293,11,11,3.8155802861685215,FALSE,TRUE,FALSE,FALSE,FALSE,train
108,Lentils,7835,Galenbindunuwewa,North Central,Anuradhapura,2023-12-01,326.5,3.8155802861685215,3.8155802861685215,5.788429948716486,0.03744587257599008,-0.22208121827410807,3.504267190261903,2.400674674547954,12,12,1.3782542113323124,FALSE,TRUE,FALSE,FALSE,FALSE,train
108,Lentils,7835,Galenbindunuwewa,North Central,Anuradhapura,2024-01-01,322,-1.3782542113323124,1.3782542113323124,5.7745515455444085,-0.013878403172077114,3.8155802861685215,2.7268835448109634,1.8053052385916473,1,1,0.15527950310559005,FALSE,TRUE,FALSE,FALSE,FALSE,train
108,Lentils,7835,Galenbindunuwewa,North Central,Anuradhapura,2024-02-01,321.5,-0.15527950310559005,0.15527950310559005,5.772997543677674,-0.001554001866734822,-1.3782542113323124,2.7153671142366127,1.7830380002021413,2,2,3.7325038880248833,FALSE,TRUE,FALSE,FALSE,FALSE,train
108,Lentils,7835,Galenbindunuwewa,North Central,Anuradhapura,2024-03-01,309.5,-3.7325038880248833,3.7325038880248833,5.734958092124651,-0.03803945155302291,-0.15527950310559005,1.8181810038804593,1.7553458674875952,3,3,1.32471728594508,FALSE,TRUE,FALSE,FALSE,FALSE,train
108,Lentils,7835,Galenbindunuwewa,North Central,Anuradhapura,2024-04-01,305.4,-1.32471728594508,1.32471728594508,5.721622392784532,-0.0133356993401188,-3.7325038880248833,1.8239862640724007,1.737500225691851,4,4,1.9318925998690168,FALSE,TRUE,FALSE,FALSE,FALSE,train
108,Lentils,7835,Galenbindunuwewa,North Central,Anuradhapura,2024-05-01,299.5,-1.9318925998690168,1.9318925998690168,5.702114417555504,-0.01950797522902814,-1.32471728594508,1.2522179784970855,2.32970459127966,5,5,0.1669449081803005,FALSE,TRUE,FALSE,FALSE,FALSE,train
108,Lentils,7835,Galenbindunuwewa,North Central,Anuradhapura,2024-06-01,299,-0.1669449081803005,0.1669449081803005,5.700443573390687,-0.001670844164816998,-1.9318925998690168,0.8966733978945985,1.1411849313314657,6,6,5.016722408026756,FALSE,TRUE,FALSE,FALSE,FALSE,train
108,Lentils,7835,Galenbindunuwewa,North Central,Anuradhapura,2024-07-01,314,5.016722408026756,5.016722408026756,5.749392985908253,0.04894941251756624,-0.1669449081803005,3.611756214721239,2.371853305358691,7,7,6.474522292993625,FALSE,TRUE,FALSE,FALSE,FALSE,train
108,Lentils,7835,Galenbindunuwewa,North Central,Anuradhapura,2024-12-01,293.67,-6.474522292993625,6.474522292993625,5.682456687941449,-0.06693629796680423,5.016722408026756,5.754775467517546,3.886063203066894,12,12,2.8365171791466555,FALSE,TRUE,FALSE,FALSE,FALSE,train
108,Lentils,7835,Galenbindunuwewa,North Central,Anuradhapura,2025-01-01,302,2.8365171791466555,2.8365171791466555,5.71042701737487,0.027970329433420815,-6.474522292993625,6.1032430678358685,4.775920626722345,1,1,0.45695364238410446,FALSE,TRUE,FALSE,FALSE,FALSE,validation
108,Lentils,7835,Galenbindunuwewa,North Central,Anuradhapura,2025-02-01,300.62,-0.45695364238410446,0.45695364238410446,5.70584700870508,-0.0045800086697900255,2.8365171791466555,4.721467613797419,3.255997704841462,2,2,4.946444015700886,FALSE,TRUE,FALSE,FALSE,FALSE,validation
108,Lentils,7835,Galenbindunuwewa,North Central,Anuradhapura,2025-03-01,285.75,-4.946444015700886,4.946444015700886,5.65511730267492,-0.05072970603015925,-0.45695364238410446,3.906766754083681,2.7466382790772155,3,3,0.26246719160104987,FALSE,TRUE,FALSE,FALSE,FALSE,validation
108,Lentils,7835,Galenbindunuwewa,North Central,Anuradhapura,2025-04-01,285,-0.26246719160104987,0.26246719160104987,5.652489180268651,-0.0026281224062696396,-4.946444015700886,2.649936718752187,1.8886216165620135,4,4,3.1578947368421053,FALSE,TRUE,FALSE,FALSE,FALSE,test
108,Lentils,7835,Galenbindunuwewa,North Central,Anuradhapura,2025-06-01,276,-3.1578947368421053,3.1578947368421053,5.62040086571715,-0.032088314551501185,-0.26246719160104987,2.363685261103633,2.7889353147146805,6,6,0.09057971014492754,FALSE,TRUE,FALSE,FALSE,FALSE,test
108,Lentils,7835,Galenbindunuwewa,North Central,Anuradhapura,2025-07-01,276.25,0.09057971014492754,0.09057971014492754,5.621306252831962,9.053871148125836e-4,-3.1578947368421053,1.7823546699661466,1.1703138795293608,7,7,1.6289592760180995,FALSE,TRUE,FALSE,FALSE,FALSE,test
108,Lentils,7835,Galenbindunuwewa,North Central,Anuradhapura,2025-08-01,271.75,-1.6289592760180995,1.6289592760180995,5.604882526001319,-0.016423726830643304,0.09057971014492754,1.6251689246058594,1.6258112410017107,8,8,1.7479300827966882,FALSE,TRUE,FALSE,FALSE,FALSE,test
108,Lentils,7835,Galenbindunuwewa,North Central,Anuradhapura,2025-09-01,267,-1.7479300827966882,1.7479300827966882,5.58724865840025,-0.01763386760106922,-1.6289592760180995,1.0288413091549753,1.1558230229865718,9,9,NA,FALSE,TRUE,TRUE,FALSE,FALSE,inference
108,Lentils,7836,Bandarawela,Uva,Badulla,2023-06-01,298,NA,NA,5.697093486505405,NA,NA,NA,NA,6,6,1.0067114093959733,FALSE,TRUE,FALSE,FALSE,FALSE,train
108,Lentils,7836,Bandarawela,Uva,Badulla,2023-07-01,301,1.0067114093959733,1.0067114093959733,5.707110264748875,0.010016778243470803,NA,NA,NA,7,7,2.3255813953488373,FALSE,TRUE,FALSE,FALSE,FALSE,train
108,Lentils,7836,Bandarawela,Uva,Badulla,2023-08-01,308,2.3255813953488373,2.3255813953488373,5.730099782973574,0.022989518224698635,1.0067114093959733,0.9325819105706769,1.6661464023724053,8,8,6.98051948051948,FALSE,TRUE,FALSE,FALSE,FALSE,train
108,Lentils,7836,Bandarawela,Uva,Badulla,2023-09-01,329.5,6.98051948051948,6.98051948051948,5.797576353942562,0.06747657096898774,2.3255813953488373,3.138318272770726,3.437604095088097,9,9,0.4552352048558422,FALSE,TRUE,FALSE,FALSE,FALSE,train
108,Lentils,7836,Bandarawela,Uva,Badulla,2023-10-01,328,-0.4552352048558422,0.4552352048558422,5.793013608384144,-0.004562745558417625,6.98051948051948,3.757034231097429,3.25377869357472,10,10,0,FALSE,TRUE,FALSE,FALSE,FALSE,train
108,Lentils,7836,Bandarawela,Uva,Badulla,2023-11-01,328,0,0,5.793013608384144,0,-0.4552352048558422,4.16783994915698,2.4785848951251075,11,11,0,FALSE,TRUE,FALSE,FALSE,FALSE,train
108,Lentils,7836,Bandarawela,Uva,Badulla,2023-12-01,328,0,0,5.793013608384144,0,0,0.26283016806811493,0.15174506828528073,12,12,0,FALSE,TRUE,FALSE,FALSE,FALSE,train
108,Lentils,7836,Bandarawela,Uva,Badulla,2024-01-01,328,0,0,5.793013608384144,0,0,0,0,1,1,0,FALSE,TRUE,FALSE,FALSE,FALSE,train
108,Lentils,7836,Bandarawela,Uva,Badulla,2024-02-01,328,0,0,5.793013608384144,0,0,0,0,2,2,0.4054878048780439,FALSE,TRUE,FALSE,FALSE,FALSE,train
108,Lentils,7836,Bandarawela,Uva,Badulla,2024-05-01,326.67,-0.4054878048780439,0.4054878048780439,5.78895048702608,-0.004063121358064414,0,0.2341084932994491,0.13516260162601465,5,5,5.381577739002658,FALSE,TRUE,FALSE,FALSE,FALSE,train
108,Lentils,7836,Bandarawela,Uva,Badulla,2024-06-01,344.25,5.381577739002658,5.381577739002658,5.8413681376087645,0.05241765058268477,-0.4054878048780439,3.2304779556077308,1.9290218479602341,6,6,2.5127087872185845,FALSE,TRUE,FALSE,FALSE,FALSE,train
108,Lentils,7836,Bandarawela,Uva,Badulla,2024-07-01,335.6,-2.5127087872185845,2.5127087872185845,5.815919974593051,-0.025448163015713732,5.381577739002658,4.087588279080664,2.7665914436997623,7,7,8.0750893921335,FALSE,TRUE,FALSE,FALSE,FALSE,train
108,Lentils,7836,Bandarawela,Uva,Badulla,2024-08-01,308.5,-8.0750893921335,8.0750893921335,5.731721843345443,-0.08419813124760811,-2.5127087872185845,6.76192438129625,5.323125306118247,8,8,3.7925445705024274,FALSE,TRUE,FALSE,FALSE,FALSE,train
108,Lentils,7836,Bandarawela,Uva,Badulla,2024-09-01,296.8,-3.7925445705024274,3.7925445705024274,5.693058511293225,-0.03866333205221739,-8.0750893921335,2.9131382784260484,4.793447583284837,9,9,0.23584905660376976,FALSE,TRUE,FALSE,FALSE,FALSE,train
108,Lentils,7836,Bandarawela,Uva,Badulla,2024-10-01,297.5,0.23584905660376976,0.23584905660376976,5.695414224985685,0.00235571369245946,-3.7925445705024274,4.156116842736907,4.034494339746566,10,10,1.5126050420168067,FALSE,TRUE,FALSE,FALSE,FALSE,train
108,Lentils,7836,Bandarawela,Uva,Badulla,2024-11-01,302,1.5126050420168067,1.5126050420168067,5.71042701737487,0.015012792389184959,0.23584905660376976,2.768955081867852,1.8469995563743347,11,11,0.26490066225165937,FALSE,TRUE,FALSE,FALSE,FALSE,train
108,Lentils,7836,Bandarawela,Uva,Badulla,2024-12-01,301.2,-0.26490066225165937,0.26490066225165937,5.707774495925738,-0.0026525214491313065,1.5126050420168067,0.9165499309847356,0.6711182536240786,12,12,0.26560424966799845,FALSE,TRUE,FALSE,FALSE,FALSE,train
108,Lentils,7836,Bandarawela,Uva,Badulla,2025-01-01,302,0.26560424966799845,0.26560424966799845,5.71042701737487,0.0026525214491313065,-0.26490066225165937,0.9125032389345599,0.6810366513121549,1,1,0,FALSE,TRUE,FALSE,FALSE,FALSE,validation
108,Lentils,7836,Bandarawela,Uva,Badulla,2025-02-01,302,0,0,5.71042701737487,0,0.26560424966799845,0.2652525337214683,0.17683497063988593,2,2,0,FALSE,TRUE,FALSE,FALSE,FALSE,validation
108,Lentils,7836,Bandarawela,Uva,Badulla,2025-03-01,302,0,0,5.71042701737487,0,0,0.15334668504372748,0.08853474988933281,3,3,1.8211920529801324,FALSE,TRUE,FALSE,FALSE,FALSE,validation
108,Lentils,7836,Bandarawela,Uva,Badulla,2025-04-01,296.5,-1.8211920529801324,1.8211920529801324,5.69204721843778,-0.018379798937089298,0,1.0514657220340866,0.6070640176600441,4,4,1.854974704890388,FALSE,TRUE,FALSE,FALSE,FALSE,test
108,Lentils,7836,Bandarawela,Uva,Badulla,2025-05-01,291,-1.854974704890388,1.854974704890388,5.673323267171493,-0.018723951266287564,-1.8211920529801324,1.0613523540897607,1.2253889192901735,5,5,4.3298969072165026,FALSE,TRUE,FALSE,FALSE,FALSE,test
108,Lentils,7836,Bandarawela,Uva,Badulla,2025-06-01,278.4,-4.3298969072165026,4.3298969072165026,5.629058928460265,-0.044264338711228035,-1.854974704890388,1.4387483692898932,2.668687888362341,6,6,1.8318965517241463,FALSE,TRUE,FALSE,FALSE,FALSE,test
108,Lentils,7836,Bandarawela,Uva,Badulla,2025-07-01,283.5,1.8318965517241463,1.8318965517241463,5.647212123167807,0.018153194707542397,-4.3298969072165026,3.100697722584949,2.6722560546103455,7,7,3.0864197530864197,FALSE,TRUE,FALSE,FALSE,FALSE,test
108,Lentils,7836,Bandarawela,Uva,Badulla,2025-08-01,274.75,-3.0864197530864197,3.0864197530864197,5.61586159328373,-0.03135052988407683,1.8318965517241463,3.258419078266143,3.0827377373423563,8,8,2.8935395814376665,FALSE,TRUE,FALSE,FALSE,FALSE,test
108,Lentils,7836,Bandarawela,Uva,Badulla,2025-09-01,266.8,-2.8935395814376665,2.8935395814376665,5.586499314041468,-0.02936227924226209,-3.0864197530864197,2.785581467825942,2.603951962082744,9,9,NA,FALSE,TRUE,TRUE,FALSE,FALSE,inference
108,Lentils,7837,Dehiattakandiya,Eastern,Ampara,2023-06-01,295.1,NA,NA,5.687314281948894,NA,NA,NA,NA,6,6,3.3107421213148216,FALSE,TRUE,FALSE,FALSE,FALSE,train
108,Lentils,7837,Dehiattakandiya,Eastern,Ampara,2023-07-01,285.33,-3.3107421213148216,3.3107421213148216,5.653646405162403,-0.03366787678649086,NA,NA,NA,7,7,3.2418603021063332,FALSE,TRUE,FALSE,FALSE,FALSE,train
108,Lentils,7837,Dehiattakandiya,Eastern,Ampara,2023-08-01,294.58,3.2418603021063332,3.2418603021063332,5.685550613061397,0.03190420789899395,-3.3107421213148216,4.6333896080205035,3.276301211710577,8,8,8.347477764953505,FALSE,TRUE,FALSE,FALSE,FALSE,train
108,Lentils,7837,Dehiattakandiya,Eastern,Ampara,2023-09-01,319.17,8.347477764953505,8.347477764953505,5.765723876196384,0.08017326313498696,3.2418603021063332,5.844057082668641,4.966693396124887,9,9,2.2464517341855488,FALSE,TRUE,FALSE,FALSE,FALSE,train
108,Lentils,7837,Dehiattakandiya,Eastern,Ampara,2023-10-01,312,-2.2464517341855488,2.2464517341855488,5.7430031878094825,-0.022720688386901777,8.347477764953505,5.298116660936617,4.6119299337484625,10,10,0.5608974358974359,FALSE,TRUE,FALSE,FALSE,FALSE,train
108,Lentils,7837,Dehiattakandiya,Eastern,Ampara,2023-11-01,313.75,0.5608974358974359,0.5608974358974359,5.748596490445994,0.005593302636511588,-2.2464517341855488,5.4885241613196465,3.718275645012163,11,11,2.9227091633466187,FALSE,TRUE,FALSE,FALSE,FALSE,train
108,Lentils,7837,Dehiattakandiya,Eastern,Ampara,2023-12-01,322.92,2.9227091633466187,2.9227091633466187,5.777404614526815,0.028808124080820896,0.5608974358974359,2.587778596378809,1.9100194444765344,12,12,0.12696643131424754,FALSE,TRUE,FALSE,FALSE,FALSE,train
108,Lentils,7837,Dehiattakandiya,Eastern,Ampara,2024-01-01,323.33,0.12696643131424754,0.12696643131424754,5.778673473497827,0.0012688589710121434,2.9227091633466187,1.5045834515665177,1.203524343519434,1,1,0.773203847462345,FALSE,TRUE,FALSE,FALSE,FALSE,train
108,Lentils,7837,Dehiattakandiya,Eastern,Ampara,2024-02-01,320.83,-0.773203847462345,0.773203847462345,5.770911387829468,-0.00776208566835912,0.12696643131424754,1.9272716872118962,1.2742931473744037,2,2,3.8961443755259797,FALSE,TRUE,FALSE,FALSE,FALSE,train
108,Lentils,7837,Dehiattakandiya,Eastern,Ampara,2024-03-01,308.33,-3.8961443755259797,3.8961443755259797,5.731170637975067,-0.0397407498544009,-0.773203847462345,2.1114167690885397,1.5987715514341907,3,3,2.487594460480659,FALSE,TRUE,FALSE,FALSE,FALSE,train
108,Lentils,7837,Dehiattakandiya,Eastern,Ampara,2024-04-01,316,2.487594460480659,2.487594460480659,5.755742213586912,0.024571575611845198,-3.8961443755259797,3.1921174966168806,2.385647561156328,4,4,3.8765822784810124,FALSE,TRUE,FALSE,FALSE,FALSE,train
108,Lentils,7837,Dehiattakandiya,Eastern,Ampara,2024-05-01,303.75,-3.8765822784810124,3.8765822784810124,5.716204994654758,-0.03953721893215434,2.487594460480659,3.680019242855509,3.4201070381625502,5,5,0.6847736625514351,FALSE,TRUE,FALSE,FALSE,FALSE,train
108,Lentils,7837,Dehiattakandiya,Eastern,Ampara,2024-06-01,305.83,0.6847736625514351,0.6847736625514351,5.723029392018658,0.006824397363899948,-3.8765822784810124,3.280215349002231,2.3496501338377023,6,6,1.2555995160710303,FALSE,TRUE,FALSE,FALSE,FALSE,train
108,Lentils,7837,Dehiattakandiya,Eastern,Ampara,2024-07-01,309.67,1.2555995160710303,1.2555995160710303,5.735507214350442,0.012477822331784516,0.6847736625514351,2.812801099383845,1.9389851523678259,7,7,3.3907062356702293,FALSE,TRUE,FALSE,FALSE,FALSE,train
108,Lentils,7837,Dehiattakandiya,Eastern,Ampara,2024-08-01,299.17,-3.3907062356702293,3.3907062356702293,5.701011973693533,-0.03449524065690923,1.2555995160710303,2.5338881748056403,1.7770264714308983,8,8,2.9548417287829767,FALSE,TRUE,FALSE,FALSE,FALSE,train
108,Lentils,7837,Dehiattakandiya,Eastern,Ampara,2024-09-01,290.33,-2.9548417287829767,2.9548417287829767,5.671018207062228,-0.029993766631305263,-3.3907062356702293,2.5659939751616636,2.533715826841412,9,9,1.7531774187993083,FALSE,TRUE,FALSE,FALSE,FALSE,train
108,Lentils,7837,Dehiattakandiya,Eastern,Ampara,2024-10-01,295.42,1.7531774187993083,1.7531774187993083,5.688398072612454,0.017379865550226192,-2.9548417287829767,2.8523370889232917,2.699575127750838,10,10,0.4231263963171078,FALSE,TRUE,FALSE,FALSE,FALSE,train
108,Lentils,7837,Dehiattakandiya,Eastern,Ampara,2024-11-01,296.67,0.4231263963171078,0.4231263963171078,5.692620409950009,0.004222337337554727,1.7531774187993083,2.427109002860521,1.7103818479664643,11,11,1.7966090268648611,FALSE,TRUE,FALSE,FALSE,FALSE,train
108,Lentils,7837,Dehiattakandiya,Eastern,Ampara,2024-12-01,302,1.7966090268648611,1.7966090268648611,5.71042701737487,0.017806607424860843,0.4231263963171078,0.780745003549119,1.3243042806604257,12,12,0.6622516556291391,FALSE,TRUE,FALSE,FALSE,FALSE,train
108,Lentils,7837,Dehiattakandiya,Eastern,Ampara,2025-01-01,300,-0.6622516556291391,0.6622516556291391,5.703782474656201,-0.006644542718668767,1.7966090268648611,1.2322402300943505,0.9606623596037027,1,1,3.193333333333328,FALSE,TRUE,FALSE,FALSE,FALSE,validation
108,Lentils,7837,Dehiattakandiya,Eastern,Ampara,2025-02-01,290.42,-3.193333333333328,3.193333333333328,5.671328151102592,-0.03245432355360922,-0.6622516556291391,2.4950582849980676,1.8840646719424428,2,2,2.26912747055989,FALSE,TRUE,FALSE,FALSE,FALSE,validation
108,Lentils,7837,Dehiattakandiya,Eastern,Ampara,2025-03-01,283.83,-2.26912747055989,2.26912747055989,5.648375467384462,-0.022952683718129308,-3.193333333333328,1.2807927766689406,2.0415708198407856,3,3,2.082232322164665,FALSE,TRUE,FALSE,FALSE,FALSE,validation
108,Lentils,7837,Dehiattakandiya,Eastern,Ampara,2025-04-01,277.92,-2.082232322164665,2.082232322164665,5.6273333024927945,-0.02104216489166788,-2.26912747055989,0.5949274087789329,2.514897708685961,4,4,2.6266551525618924,FALSE,TRUE,FALSE,FALSE,FALSE,test
108,Lentils,7837,Dehiattakandiya,Eastern,Ampara,2025-05-01,270.62,-2.6266551525618924,2.6266551525618924,5.600715622835498,-0.026617679657296556,-2.082232322164665,0.2766321438749561,2.326004981762149,5,5,1.0753085507353366,FALSE,TRUE,FALSE,FALSE,FALSE,test
108,Lentils,7837,Dehiattakandiya,Eastern,Ampara,2025-06-01,273.53,1.0753085507353366,1.0753085507353366,5.611411305060508,0.01069568222500994,-2.6266551525618924,1.9987911281081026,1.9280653418206313,6,6,2.570101999780636,FALSE,TRUE,FALSE,FALSE,FALSE,test
108,Lentils,7837,Dehiattakandiya,Eastern,Ampara,2025-07-01,266.5,-2.570101999780636,2.570101999780636,5.585374243605899,-0.026037061454609045,1.0753085507353366,2.1211927305737213,2.0906885676926215,7,7,2.4390243902439024,FALSE,TRUE,FALSE,FALSE,FALSE,test
108,Lentils,7837,Dehiattakandiya,Eastern,Ampara,2025-08-01,260,-2.4390243902439024,2.4390243902439024,5.560681631015528,-0.024692612590371255,-2.570101999780636,2.0678787618228016,2.0281449802532916,8,8,1.4115384615384676,FALSE,TRUE,FALSE,FALSE,FALSE,test
108,Lentils,7837,Dehiattakandiya,Eastern,Ampara,2025-09-01,256.33,-1.4115384615384676,1.4115384615384676,5.546465676851812,-0.014215954163715239,-2.4390243902439024,0.6344522763184197,2.1402216171876685,9,9,NA,FALSE,TRUE,TRUE,FALSE,FALSE,inference
108,Lentils,7839,Keppetipola (DEC},Uva,Badulla,2023-06-01,303.5,NA,NA,5.715381610499553,NA,NA,NA,NA,6,6,2.576606260296538,FALSE,TRUE,FALSE,FALSE,FALSE,train
108,Lentils,7839,Keppetipola (DEC},Uva,Badulla,2023-07-01,295.68,-2.576606260296538,2.576606260296538,5.689277788453319,-0.026103822046233738,NA,NA,NA,7,7,2.462121212121203,FALSE,TRUE,FALSE,FALSE,FALSE,train
108,Lentils,7839,Keppetipola (DEC},Uva,Badulla,2023-08-01,302.96,2.462121212121203,2.462121212121203,5.713600783593539,0.02432299514021974,-2.576606260296538,3.5629183642975373,2.5193637362088706,8,8,4.304198574069191,FALSE,TRUE,FALSE,FALSE,FALSE,train
108,Lentils,7839,Keppetipola (DEC},Uva,Badulla,2023-09-01,316,4.304198574069191,4.304198574069191,5.755742213586912,0.042141429993373336,2.462121212121203,3.562010170239302,3.1143086821623105,9,9,4.556962025316449,FALSE,TRUE,FALSE,FALSE,FALSE,train
108,Lentils,7839,Keppetipola (DEC},Uva,Badulla,2023-10-01,330.4,4.556962025316449,4.556962025316449,5.800304041646823,0.04456182805991027,4.304198574069191,1.143495838960233,3.7744272705022808,10,10,5.069612590799032,FALSE,TRUE,FALSE,FALSE,FALSE,train
108,Lentils,7839,Keppetipola (DEC},Uva,Badulla,2023-11-01,313.65,-5.069612590799032,5.069612590799032,5.748277714542752,-0.052026327104070624,4.556962025316449,5.486394747563186,4.643591063394891,11,11,2.9810298102981103,FALSE,TRUE,FALSE,FALSE,FALSE,train
108,Lentils,7839,Keppetipola (DEC},Uva,Badulla,2023-12-01,323,2.9810298102981103,2.9810298102981103,5.777652323222656,0.02937460867990449,-5.069612590799032,5.163450788253832,4.202534808804531,12,12,2.5386996904024732,FALSE,TRUE,FALSE,FALSE,FALSE,train
108,Lentils,7839,Keppetipola (DEC},Uva,Badulla,2024-01-01,314.8,-2.5386996904024732,2.5386996904024732,5.751937516543248,-0.025714806679408397,2.9810298102981103,4.116749869752456,3.5297806971665384,1,1,0.8576874205844944,FALSE,TRUE,FALSE,FALSE,FALSE,train
108,Lentils,7839,Keppetipola (DEC},Uva,Badulla,2024-02-01,317.5,0.8576874205844944,0.8576874205844944,5.760477818332746,0.008540301789498272,-2.5386996904024732,2.7842246698299284,2.1258056404283594,2,2,1.1811023622047243,FALSE,TRUE,FALSE,FALSE,FALSE,train
108,Lentils,7839,Keppetipola (DEC},Uva,Badulla,2024-03-01,321.25,1.1811023622047243,1.1811023622047243,5.77221963620943,0.011741817876683491,0.8576874205844944,2.060621667633433,1.5258298243972306,3,3,0.8809338521400729,FALSE,TRUE,FALSE,FALSE,FALSE,train
108,Lentils,7839,Keppetipola (DEC},Uva,Badulla,2024-04-01,318.42,-0.8809338521400729,0.8809338521400729,5.763371266067859,-0.008848370141571138,1.1811023622047243,1.1090081532389677,0.9732412116430972,4,4,3.0776961246152914,FALSE,TRUE,FALSE,FALSE,FALSE,train
108,Lentils,7839,Keppetipola (DEC},Uva,Badulla,2024-05-01,308.62,-3.0776961246152914,3.0776961246152914,5.732110746643059,-0.03126051942479968,-0.8809338521400729,2.129754382645268,1.7132441129866962,5,5,1.2863715896571923,FALSE,TRUE,FALSE,FALSE,FALSE,train
108,Lentils,7839,Keppetipola (DEC},Uva,Badulla,2024-06-01,304.65,-1.2863715896571923,1.2863715896571923,5.719163576694504,-0.01294716994855527,-3.0776961246152914,1.1689730414852986,1.7483338554708523,6,6,1.2965698342360235,FALSE,TRUE,FALSE,FALSE,FALSE,train
108,Lentils,7839,Keppetipola (DEC},Uva,Badulla,2024-07-01,308.6,1.2965698342360235,1.2965698342360235,5.73204593992906,0.012882363234556493,-1.2863715896571923,2.1990389062638167,1.886879182836169,7,7,1.247569669475056,FALSE,TRUE,FALSE,FALSE,FALSE,train
108,Lentils,7839,Keppetipola (DEC},Uva,Badulla,2024-08-01,304.75,-1.247569669475056,1.247569669475056,5.719491768361381,-0.012554171567678907,1.2965698342360235,1.480187927405199,1.2768370311227573,8,8,3.671862182116488,FALSE,TRUE,FALSE,FALSE,FALSE,train
108,Lentils,7839,Keppetipola (DEC},Uva,Badulla,2024-09-01,293.56,-3.671862182116488,3.671862182116488,5.682082047676862,-0.03740972068451942,-1.247569669475056,2.4844569058551893,2.0720005619425224,9,9,0.7119498569287284,FALSE,TRUE,FALSE,FALSE,FALSE,train
108,Lentils,7839,Keppetipola (DEC},Uva,Badulla,2024-10-01,295.65,0.7119498569287284,0.7119498569287284,5.689176322266839,0.007094274589976912,-3.671862182116488,2.1960084606274783,1.8771272361734241,10,10,0.13529511246405457,FALSE,TRUE,FALSE,FALSE,FALSE,train
108,Lentils,7839,Keppetipola (DEC},Uva,Badulla,2024-11-01,295.25,-0.13529511246405457,0.13529511246405457,5.687822455077471,-0.0013538671893673637,0.7119498569287284,2.3253293196874703,1.5063690505030904,11,11,0.3285351397121176,FALSE,TRUE,FALSE,FALSE,FALSE,train
108,Lentils,7839,Keppetipola (DEC},Uva,Badulla,2024-12-01,294.28,-0.3285351397121176,0.3285351397121176,5.684531695064064,-0.0032907600134075565,-0.13529511246405457,0.5534399658088357,0.39192670303496685,12,12,1.913143944542611,FALSE,TRUE,FALSE,FALSE,FALSE,train
108,Lentils,7839,Keppetipola (DEC},Uva,Badulla,2025-01-01,288.65,-1.913143944542611,1.913143944542611,5.665214881506943,-0.019316813557121115,-0.3285351397121176,0.9754548718589569,0.7923247322395944,1,1,0.5543045210462381,FALSE,TRUE,FALSE,FALSE,FALSE,validation
108,Lentils,7839,Keppetipola (DEC},Uva,Badulla,2025-02-01,287.05,-0.5543045210462381,0.5543045210462381,5.659656416613646,-0.005558464893296922,-1.913143944542611,0.8571660143307782,0.9319945351003223,2,2,0.39365964117749364,FALSE,TRUE,FALSE,FALSE,FALSE,validation
108,Lentils,7839,Keppetipola (DEC},Uva,Badulla,2025-03-01,285.92,-0.39365964117749364,0.39365964117749364,5.655712051411118,-0.0039443652025275,-0.5543045210462381,0.8347738121240762,0.9537027022554476,3,3,1.1087017347509849,FALSE,TRUE,FALSE,FALSE,FALSE,validation
108,Lentils,7839,Keppetipola (DEC},Uva,Badulla,2025-04-01,282.75,-1.1087017347509849,1.1087017347509849,5.64456311499623,-0.011148936414888233,-0.39365964117749364,0.3751551331501835,0.6855552989915722,4,4,2.5641025641025643,FALSE,TRUE,FALSE,FALSE,FALSE,test
108,Lentils,7839,Keppetipola (DEC},Uva,Badulla,2025-05-01,275.5,-2.5641025641025643,2.5641025641025643,5.6185876285929695,-0.02597548640326064,-1.1087017347509849,1.1060665479779197,1.3554879800103476,5,5,2.9401088929219683,FALSE,TRUE,FALSE,FALSE,FALSE,test
108,Lentils,7839,Keppetipola (DEC},Uva,Badulla,2025-06-01,267.4,-2.9401088929219683,2.9401088929219683,5.588745664667843,-0.029841963925126613,-2.5641025641025643,0.9672662949768477,2.2043043972585057,6,6,8.567688855646981,FALSE,TRUE,FALSE,FALSE,FALSE,test
108,Lentils,7839,Keppetipola (DEC},Uva,Badulla,2025-07-01,290.31,8.567688855646981,8.567688855646981,5.670949317560961,0.08220365289311804,-2.9401088929219683,6.538189989006774,4.690633437557171,7,7,2.021976507870898,FALSE,TRUE,FALSE,FALSE,FALSE,test
108,Lentils,7839,Keppetipola (DEC},Uva,Badulla,2025-08-01,284.44,-2.021976507870898,2.021976507870898,5.650522335015317,-0.02042698254564357,8.567688855646981,6.395485238428465,4.509924752146616,8,8,5.70946421037829,FALSE,TRUE,FALSE,FALSE,FALSE,test
108,Lentils,7839,Keppetipola (DEC},Uva,Badulla,2025-09-01,268.2,-5.70946421037829,5.70946421037829,5.591732970847578,-0.0587893641677395,-2.021976507870898,7.41142898657369,5.433043191298723,9,9,NA,FALSE,TRUE,TRUE,FALSE,FALSE,inference
108,Lentils,7840,Hanguranketha,Central,Nuwara Eliya,2023-06-01,283.14,NA,NA,5.645941474966351,NA,NA,NA,NA,6,6,1.2679239951967136,FALSE,TRUE,FALSE,FALSE,FALSE,train
108,Lentils,7840,Hanguranketha,Central,Nuwara Eliya,2023-07-01,279.55,-1.2679239951967136,1.2679239951967136,5.633181167472654,-0.012760307493697276,NA,NA,NA,7,7,3.952781255589344,FALSE,TRUE,FALSE,FALSE,FALSE,train
108,Lentils,7840,Hanguranketha,Central,Nuwara Eliya,2023-08-01,290.6,3.952781255589344,3.952781255589344,5.671947751136183,0.03876658366352892,-1.2679239951967136,3.691596085407036,2.6103526253930287,8,8,8.79215416379902,FALSE,TRUE,FALSE,FALSE,FALSE,train
108,Lentils,7840,Hanguranketha,Central,Nuwara Eliya,2023-09-01,316.15,8.79215416379902,8.79215416379902,5.756216784504622,0.0842690333684395,3.952781255589344,5.0312434848885665,4.670953138195026,9,9,4.450419104855288,FALSE,TRUE,FALSE,FALSE,FALSE,train
108,Lentils,7840,Hanguranketha,Central,Nuwara Eliya,2023-10-01,302.08,-4.450419104855288,4.450419104855288,5.710691882957136,-0.045524901547486785,8.79215416379902,6.700734452508026,5.731784841414551,10,10,1.8769862288135646,FALSE,TRUE,FALSE,FALSE,FALSE,train
108,Lentils,7840,Hanguranketha,Central,Nuwara Eliya,2023-11-01,307.75,1.8769862288135646,1.8769862288135646,5.729287765064563,0.018595882107427464,-4.450419104855288,6.623460231143911,5.039853165822624,11,11,3.057676685621454,FALSE,TRUE,FALSE,FALSE,FALSE,train
108,Lentils,7840,Hanguranketha,Central,Nuwara Eliya,2023-12-01,317.16,3.057676685621454,3.057676685621454,5.759406378404198,0.030118613339634948,1.8769862288135646,4.037358678854135,3.128360673096769,12,12,0.8386934039601541,FALSE,TRUE,FALSE,FALSE,FALSE,train
108,Lentils,7840,Hanguranketha,Central,Nuwara Eliya,2024-01-01,314.5,-0.8386934039601541,0.8386934039601541,5.750984076140496,-0.008422302263702441,3.057676685621454,1.9979425124214416,1.9244521061317243,1,1,0.5310015898251242,FALSE,TRUE,FALSE,FALSE,FALSE,train
108,Lentils,7840,Hanguranketha,Central,Nuwara Eliya,2024-02-01,312.83,-0.5310015898251242,0.5310015898251242,5.745659912000673,-0.005324164139822507,-0.8386934039601541,2.166217359520743,1.475790559802244,2,2,2.73311383179363,FALSE,TRUE,FALSE,FALSE,FALSE,train
108,Lentils,7840,Hanguranketha,Central,Nuwara Eliya,2024-03-01,304.28,-2.73311383179363,2.73311383179363,5.717948330129101,-0.0277115818715723,-0.5310015898251242,1.1925324129840966,1.367602941859636,3,3,2.274221112133548,FALSE,TRUE,FALSE,FALSE,FALSE,train
108,Lentils,7840,Hanguranketha,Central,Nuwara Eliya,2024-04-01,297.36,-2.274221112133548,2.274221112133548,5.694943525988997,-0.023004804140104085,-2.73311383179363,1.1618014142802686,1.846112177917434,4,4,0.21522733387139706,FALSE,TRUE,FALSE,FALSE,FALSE,train
108,Lentils,7840,Hanguranketha,Central,Nuwara Eliya,2024-05-01,296.72,-0.21522733387139706,0.21522733387139706,5.692788933181335,-0.002154592807661615,-2.274221112133548,1.341006482926062,1.740854092599525,5,5,0.4313831221353372,FALSE,TRUE,FALSE,FALSE,FALSE,train
108,Lentils,7840,Hanguranketha,Central,Nuwara Eliya,2024-06-01,298,0.4313831221353372,0.4313831221353372,5.697093486505405,0.004304553324069538,-0.21522733387139706,1.4129080374198224,0.9736105227134274,6,6,0.38926174496645133,FALSE,TRUE,FALSE,FALSE,FALSE,train
108,Lentils,7840,Hanguranketha,Central,Nuwara Eliya,2024-07-01,296.84,-0.38926174496645133,0.38926174496645133,5.693193273101933,-0.003900213403471575,0.4313831221353372,0.43240626266721116,0.34529073365772855,7,7,2.8668643040021533,FALSE,TRUE,FALSE,FALSE,FALSE,train
108,Lentils,7840,Hanguranketha,Central,Nuwara Eliya,2024-08-01,288.33,-2.8668643040021533,2.8668643040021533,5.664105657503303,-0.02908761559863038,-0.38926174496645133,1.7170909761601332,1.229169723701314,8,8,3.6208511081052954,FALSE,TRUE,FALSE,FALSE,FALSE,train
108,Lentils,7840,Hanguranketha,Central,Nuwara Eliya,2024-09-01,277.89,-3.6208511081052954,3.6208511081052954,5.627225351934046,-0.03688030556925703,-2.8668643040021533,1.690669510048906,2.2923257190246336,9,9,3.188311921983524,FALSE,TRUE,FALSE,FALSE,FALSE,train
108,Lentils,7840,Hanguranketha,Central,Nuwara Eliya,2024-10-01,286.75,3.188311921983524,3.188311921983524,5.65861075600948,0.031385404075434664,-3.6208511081052954,3.732701354221278,3.2253424446969907,10,10,0.08020924149957043,FALSE,TRUE,FALSE,FALSE,FALSE,train
108,Lentils,7840,Hanguranketha,Central,Nuwara Eliya,2024-11-01,286.52,-0.08020924149957043,0.08020924149957043,5.65780834174625,-8.024142632301334e-4,3.188311921983524,3.405487644817467,2.2964574238627966,11,11,0.673600446740195,FALSE,TRUE,FALSE,FALSE,FALSE,train
108,Lentils,7840,Hanguranketha,Central,Nuwara Eliya,2024-12-01,284.59,-0.673600446740195,0.673600446740195,5.651049548003997,-0.0067587937422528555,-0.08020924149957043,2.0796518483588806,1.3140405367410963,12,12,1.1279384377525692,FALSE,TRUE,FALSE,FALSE,FALSE,train
108,Lentils,7840,Hanguranketha,Central,Nuwara Eliya,2025-01-01,287.8,1.1279384377525692,1.1279384377525692,5.662265794453267,0.011216246449269995,-0.673600446740195,0.9180846266075443,0.6272493753307782,1,1,1.7963863794301653,FALSE,TRUE,FALSE,FALSE,FALSE,validation
108,Lentils,7840,Hanguranketha,Central,Nuwara Eliya,2025-02-01,282.63,-1.7963863794301653,1.7963863794301653,5.644138621728686,-0.018127172724581087,1.1279384377525692,1.475232537566917,1.1993084213076433,2,2,1.7797119909422117,FALSE,TRUE,FALSE,FALSE,FALSE,validation
108,Lentils,7840,Hanguranketha,Central,Nuwara Eliya,2025-03-01,277.6,-1.7797119909422117,1.7797119909422117,5.62618122863265,-0.01795739309603661,-1.7963863794301653,1.6835668825003272,1.568012269374982,3,3,1.318443804034591,FALSE,TRUE,FALSE,FALSE,FALSE,validation
108,Lentils,7840,Hanguranketha,Central,Nuwara Eliya,2025-04-01,273.94,-1.318443804034591,1.318443804034591,5.6129091043066754,-0.013272124325974133,-1.7797119909422117,0.27125494799181243,1.631514058135656,4,4,2.3508797546908076,FALSE,TRUE,FALSE,FALSE,FALSE,test
108,Lentils,7840,Hanguranketha,Central,Nuwara Eliya,2025-05-01,267.5,-2.3508797546908076,2.3508797546908076,5.589119566336061,-0.02378953797061456,-1.318443804034591,0.5171919287211827,1.8163451832225368,5,5,5.981308411214953,FALSE,TRUE,FALSE,FALSE,FALSE,test
108,Lentils,7840,Hanguranketha,Central,Nuwara Eliya,2025-08-01,251.5,-5.981308411214953,5.981308411214953,5.527442989539794,-0.061676576796267035,-2.3508797546908076,2.4490897141323886,3.2168773233134504,8,8,0.1988071570576541,FALSE,TRUE,FALSE,FALSE,FALSE,test
108,Lentils,7840,Hanguranketha,Central,Nuwara Eliya,2025-09-01,251,-0.1988071570576541,0.1988071570576541,5.5254529391317835,-0.0019900504080103687,-5.981308411214953,2.9225773286013026,2.8436651076544717,9,9,NA,FALSE,TRUE,TRUE,FALSE,FALSE,inference
108,Lentils,7841,Meegoda(DEC),Western,Colombo,2023-06-01,299,NA,NA,5.700443573390687,NA,NA,NA,NA,6,6,3.234113712374587,FALSE,TRUE,FALSE,FALSE,FALSE,train
108,Lentils,7841,Meegoda(DEC),Western,Colombo,2023-07-01,308.67,3.234113712374587,3.234113712374587,5.732272745055829,0.031829171665141764,NA,NA,NA,7,7,1.8887485016360461,FALSE,TRUE,FALSE,FALSE,FALSE,train
108,Lentils,7841,Meegoda(DEC),Western,Colombo,2023-08-01,314.5,1.8887485016360461,1.8887485016360461,5.750984076140496,0.018711331084666938,3.234113712374587,0.9513168636856909,2.5614311070053164,8,8,5.087440381558029,FALSE,TRUE,FALSE,FALSE,FALSE,train
108,Lentils,7841,Meegoda(DEC),Western,Colombo,2023-09-01,330.5,5.087440381558029,5.087440381558029,5.800606659291741,0.04962258315124579,1.8887485016360461,1.6060540171307531,3.4034341985228873,9,9,1.6036308623298068,FALSE,TRUE,FALSE,FALSE,FALSE,train
108,Lentils,7841,Meegoda(DEC),Western,Colombo,2023-10-01,325.2,-1.6036308623298068,1.6036308623298068,5.784440377673656,-0.01616628161808542,5.087440381558029,3.346609671376792,2.8599399151746274,10,10,0.12915129151292004,FALSE,TRUE,FALSE,FALSE,FALSE,train
108,Lentils,7841,Meegoda(DEC),Western,Colombo,2023-11-01,325.62,0.12915129151292004,0.12915129151292004,5.7857310573033685,0.0012906796297125211,-1.6036308623298068,3.4726934571481856,2.2734075118002517,11,11,0.4975124378109467,FALSE,TRUE,FALSE,FALSE,FALSE,train
108,Lentils,7841,Meegoda(DEC),Western,Colombo,2023-12-01,324,-0.4975124378109467,0.4975124378109467,5.780743515792329,-0.004987541511039417,0.12915129151292004,0.8773767141680573,0.7434315305512245,12,12,0.7407407407407337,FALSE,TRUE,FALSE,FALSE,FALSE,train
108,Lentils,7841,Meegoda(DEC),Western,Colombo,2024-01-01,321.6,-0.7407407407407337,0.7407407407407337,5.773308537304811,-0.007434978487517618,-0.4975124378109467,0.44880945934301053,0.4558014900215335,1,1,2.7300995024875534,FALSE,TRUE,FALSE,FALSE,FALSE,train
108,Lentils,7841,Meegoda(DEC),Western,Colombo,2024-02-01,330.38,2.7300995024875534,2.7300995024875534,5.800243507126995,0.02693496982218324,-0.7407407407407337,1.9374971328372999,1.3227842270130779,2,2,1.419577456262485,FALSE,TRUE,FALSE,FALSE,FALSE,train
108,Lentils,7841,Meegoda(DEC),Western,Colombo,2024-03-01,325.69,-1.419577456262485,1.419577456262485,5.785946008709825,-0.014297498417169763,2.7300995024875534,2.2258844737292756,1.6301392331635907,3,3,2.959869814854612,FALSE,TRUE,FALSE,FALSE,FALSE,train
108,Lentils,7841,Meegoda(DEC),Western,Colombo,2024-04-01,316.05,-2.959869814854612,2.959869814854612,5.7559004289183076,-0.03004557979151734,-1.419577456262485,2.9430163167577335,2.3698489245348835,4,4,0.4587881664293588,FALSE,TRUE,FALSE,FALSE,FALSE,train
108,Lentils,7841,Meegoda(DEC),Western,Colombo,2024-05-01,317.5,0.4587881664293588,0.4587881664293588,5.760477818332746,0.004577389414438748,-2.959869814854612,1.7121127472338775,1.6127451458488187,5,5,1.4173228346456692,FALSE,TRUE,FALSE,FALSE,FALSE,train
108,Lentils,7841,Meegoda(DEC),Western,Colombo,2024-06-01,322,1.4173228346456692,1.4173228346456692,5.7745515455444085,0.014073727211662224,0.4587881664293588,2.3009355558847666,1.61199360530988,6,6,2.7329192546583885,FALSE,TRUE,FALSE,FALSE,FALSE,train
108,Lentils,7841,Meegoda(DEC),Western,Colombo,2024-07-01,313.2,-2.7329192546583885,2.7329192546583885,5.746841964116648,-0.02770958142776081,1.4173228346456692,2.1729509264220264,1.5363434185778055,7,7,5.4118773946360115,FALSE,TRUE,FALSE,FALSE,FALSE,train
108,Lentils,7841,Meegoda(DEC),Western,Colombo,2024-08-01,296.25,-5.4118773946360115,5.4118773946360115,5.691203692449341,-0.055638271667306505,-2.7329192546583885,3.440913199699663,3.1873731613133565,8,8,0.5232067510548561,FALSE,TRUE,FALSE,FALSE,FALSE,train
108,Lentils,7841,Meegoda(DEC),Western,Colombo,2024-09-01,297.8,0.5232067510548561,0.5232067510548561,5.696422120249909,0.005218427800567582,-5.4118773946360115,2.972215702616079,2.8893344667830854,9,9,2.1658831430490224,FALSE,TRUE,FALSE,FALSE,FALSE,train
108,Lentils,7841,Meegoda(DEC),Western,Colombo,2024-10-01,304.25,2.1658831430490224,2.1658831430490224,5.717849731867637,0.021427611617728104,0.5232067510548561,3.9863530599564023,2.7003224295799635,10,10,1.2325390304026294,FALSE,TRUE,FALSE,FALSE,FALSE,train
108,Lentils,7841,Meegoda(DEC),Western,Colombo,2024-11-01,300.5,-1.2325390304026294,1.2325390304026294,5.705447753975262,-0.012401977892374738,2.1658831430490224,1.6995245534623586,1.3072096415021692,11,11,0.2329450915141393,FALSE,TRUE,FALSE,FALSE,FALSE,train
108,Lentils,7841,Meegoda(DEC),Western,Colombo,2024-12-01,301.2,0.2329450915141393,0.2329450915141393,5.707774495925738,0.002326741950476219,-1.2325390304026294,1.70456086679578,1.210455754988597,12,12,0.2324037184594916,FALSE,TRUE,FALSE,FALSE,FALSE,train
108,Lentils,7841,Meegoda(DEC),Western,Colombo,2025-01-01,300.5,-0.2324037184594916,0.2324037184594916,5.705447753975262,-0.002326741950476219,0.2329450915141393,0.7488284036557412,0.5659626134587534,1,1,1.663893510815308,FALSE,TRUE,FALSE,FALSE,FALSE,validation
108,Lentils,7841,Meegoda(DEC),Western,Colombo,2025-02-01,295.5,-1.663893510815308,1.663893510815308,5.688668836846153,-0.01677891712910906,-0.2324037184594916,0.9885771950847595,0.7097474402629796,2,2,0.6598984771573566,FALSE,TRUE,FALSE,FALSE,FALSE,validation
108,Lentils,7841,Meegoda(DEC),Western,Colombo,2025-03-01,293.55,-0.6598984771573566,0.6598984771573566,5.682047982510195,-0.0066208543359582706,-1.663893510815308,0.7348379438060788,0.8520652354773853,3,3,2.1188894566513463,FALSE,TRUE,FALSE,FALSE,FALSE,validation
108,Lentils,7841,Meegoda(DEC),Western,Colombo,2025-04-01,287.33,-2.1188894566513463,2.1188894566513463,5.660631381000218,-0.021416601509977262,-0.6598984771573566,0.7465121138313713,1.4808938148746702,4,4,0.8109142797480194,FALSE,TRUE,FALSE,FALSE,FALSE,test
108,Lentils,7841,Meegoda(DEC),Western,Colombo,2025-05-01,285,-0.8109142797480194,0.8109142797480194,5.652489180268651,-0.008142200731566795,-2.1188894566513463,0.8023153488780895,1.1965674045189074,5,5,0.7719298245613995,FALSE,TRUE,FALSE,FALSE,FALSE,test
108,Lentils,7841,Meegoda(DEC),Western,Colombo,2025-06-01,282.8,-0.7719298245613995,0.7719298245613995,5.644739934022418,-0.007749246246232744,-0.8109142797480194,0.7666614965356149,1.2339111869869217,6,6,3.642149929278646,FALSE,TRUE,FALSE,FALSE,FALSE,test
108,Lentils,7841,Meegoda(DEC),Western,Colombo,2025-07-01,272.5,-3.642149929278646,3.642149929278646,5.607638614103299,-0.03710131991911947,-0.7719298245613995,1.6459839276474515,1.7416646778626883,7,7,0.1834862385321101,FALSE,TRUE,FALSE,FALSE,FALSE,test
108,Lentils,7841,Meegoda(DEC),Western,Colombo,2025-08-01,272,-0.1834862385321101,0.1834862385321101,5.605802066295998,-0.0018365478073008035,-3.642149929278646,1.8505307269875553,1.5325219974573852,8,8,0.4411764705882311,FALSE,TRUE,FALSE,FALSE,FALSE,test
108,Lentils,7841,Meegoda(DEC),Western,Colombo,2025-09-01,270.8,-0.4411764705882311,0.4411764705882311,5.60138054103812,-0.0044215252578778674,-0.1834862385321101,1.926784448445391,1.422270879466329,9,9,NA,FALSE,TRUE,TRUE,FALSE,FALSE,inference
108,Lentils,7842,Nikaweratiya,North Western,Kurunegala,2023-06-01,307.19,NA,NA,5.727466448660353,NA,NA,NA,NA,6,6,2.9916338422474684,FALSE,TRUE,FALSE,FALSE,FALSE,train
108,Lentils,7842,Nikaweratiya,North Western,Kurunegala,2023-07-01,298,-2.9916338422474684,2.9916338422474684,5.697093486505405,-0.030372962154948446,NA,NA,NA,7,7,5.704697986577181,FALSE,TRUE,FALSE,FALSE,FALSE,train
108,Lentils,7842,Nikaweratiya,North Western,Kurunegala,2023-08-01,315,5.704697986577181,5.704697986577181,5.752572638825633,0.055479152320228486,-2.9916338422474684,6.14923520761032,4.348165914412325,8,8,4.761904761904762,FALSE,TRUE,FALSE,FALSE,FALSE,train
108,Lentils,7842,Nikaweratiya,North Western,Kurunegala,2023-09-01,330,4.761904761904762,4.761904761904762,5.799092654460526,0.04652001563489261,5.704697986577181,4.772008787844587,4.486078863576471,9,9,0.15151515151515152,FALSE,TRUE,FALSE,FALSE,FALSE,train
108,Lentils,7842,Nikaweratiya,North Western,Kurunegala,2023-10-01,329.5,-0.15151515151515152,0.15151515151515152,5.797576353942562,-0.00151630051796392,4.761904761904762,3.1444603837236476,3.539372633332365,10,10,1.5751138088012133,FALSE,TRUE,FALSE,FALSE,FALSE,train
108,Lentils,7842,Nikaweratiya,North Western,Kurunegala,2023-11-01,334.69,1.5751138088012133,1.5751138088012133,5.813204730268699,0.015628376326136895,-0.15151515151515152,2.492608385840595,2.162844574073709,11,11,0.09262302429113577,FALSE,TRUE,FALSE,FALSE,FALSE,train
108,Lentils,7842,Nikaweratiya,North Western,Kurunegala,2023-12-01,335,0.09262302429113577,0.09262302429113577,5.814130531825066,9.25801556367567e-4,1.5751138088012133,0.9344008723638995,0.6064173282025002,12,12,0.07462686567164178,FALSE,TRUE,FALSE,FALSE,FALSE,train
108,Lentils,7842,Nikaweratiya,North Western,Kurunegala,2024-01-01,334.75,-0.07462686567164178,0.07462686567164178,5.813383984571282,-7.465472537839801e-4,0.09262302429113577,0.9080561422492937,0.5807878995879969,1,1,4.29275578790142,FALSE,TRUE,FALSE,FALSE,FALSE,train
108,Lentils,7842,Nikaweratiya,North Western,Kurunegala,2024-02-01,349.12,4.29275578790142,4.29275578790142,5.855415702644706,0.04203171807342354,-0.07462686567164178,2.4746420279970462,1.486668559288066,2,2,5.83467002749771,FALSE,TRUE,FALSE,FALSE,FALSE,train
108,Lentils,7842,Nikaweratiya,North Western,Kurunegala,2024-03-01,328.75,-5.83467002749771,5.83467002749771,5.795297583491974,-0.06011811915273135,4.29275578790142,5.07964700406178,3.4006842270235906,3,3,2.661596958174905,FALSE,TRUE,FALSE,FALSE,FALSE,train
108,Lentils,7842,Nikaweratiya,North Western,Kurunegala,2024-04-01,320,-2.661596958174905,2.661596958174905,5.768320995793772,-0.026976587698202437,-5.83467002749771,5.180028450155683,4.263007591191345,4,4,1.171875,FALSE,TRUE,FALSE,FALSE,FALSE,train
108,Lentils,7842,Nikaweratiya,North Western,Kurunegala,2024-05-01,316.25,-1.171875,1.171875,5.75653304004173,-0.011787955752041945,-2.661596958174905,2.381502385903609,3.222713995224205,5,5,0.5217391304347754,FALSE,TRUE,FALSE,FALSE,FALSE,train
108,Lentils,7842,Nikaweratiya,North Western,Kurunegala,2024-07-01,314.6,-0.5217391304347754,0.5217391304347754,5.751301990624177,-0.005231049417552924,-1.171875,1.097036894282694,1.4517370295365601,7,7,4.866497139224412,FALSE,TRUE,FALSE,FALSE,FALSE,train
108,Lentils,7842,Nikaweratiya,North Western,Kurunegala,2024-08-01,299.29,-4.866497139224412,4.866497139224412,5.701413003007467,-0.049888987616710345,-0.5217391304347754,2.343424543820581,2.1867037565530625,8,8,2.5560493167162397,FALSE,TRUE,FALSE,FALSE,FALSE,train
108,Lentils,7842,Nikaweratiya,North Western,Kurunegala,2024-09-01,291.64,-2.5560493167162397,2.5560493167162397,5.67552016493823,-0.025892838069236923,-4.866497139224412,2.1738410410102427,2.6480951954584757,9,9,4.66671238513236,FALSE,TRUE,FALSE,FALSE,FALSE,train
108,Lentils,7842,Nikaweratiya,North Western,Kurunegala,2024-10-01,305.25,4.66671238513236,4.66671238513236,5.721131112990814,0.04561094805258392,-2.5560493167162397,4.973069802739389,4.029752947024337,10,10,0.5733005733005733,FALSE,TRUE,FALSE,FALSE,FALSE,train
108,Lentils,7842,Nikaweratiya,North Western,Kurunegala,2024-11-01,307,0.5733005733005733,0.5733005733005733,5.726847747587197,0.005716634596383052,4.66671238513236,3.6220882005891553,2.5986874250497243,11,11,4.5602605863192185,FALSE,TRUE,FALSE,FALSE,FALSE,train
108,Lentils,7842,Nikaweratiya,North Western,Kurunegala,2024-12-01,293,-4.5602605863192185,4.5602605863192185,5.680172609017068,-0.04667513857012917,0.5733005733005733,4.623247427524994,3.2667578482507174,12,12,3.9249146757679183,FALSE,TRUE,FALSE,FALSE,FALSE,train
108,Lentils,7842,Nikaweratiya,North Western,Kurunegala,2025-03-01,281.5,-3.9249146757679183,3.9249146757679183,5.640132447579745,-0.040040161437322475,-4.5602605863192185,2.7985429254215926,3.0194919451292366,3,3,1.1083481349911206,FALSE,TRUE,FALSE,FALSE,FALSE,validation
108,Lentils,7842,Nikaweratiya,North Western,Kurunegala,2025-04-01,278.38,-1.1083481349911206,1.1083481349911206,5.628987086799254,-0.011145360780490776,-3.9249146757679183,1.837226672474557,3.197841132359419,4,4,3.9945398376320154,FALSE,TRUE,FALSE,FALSE,FALSE,test
108,Lentils,7842,Nikaweratiya,North Western,Kurunegala,2025-05-01,289.5,3.9945398376320154,3.9945398376320154,5.66815529701305,0.039168210213795795,-1.1083481349911206,4.014354919734424,3.0092675494636847,5,5,2.176165803108812,FALSE,TRUE,FALSE,FALSE,FALSE,test
108,Lentils,7842,Nikaweratiya,North Western,Kurunegala,2025-06-01,283.2,-2.176165803108812,2.176165803108812,5.6461533618195645,-0.0220019351934857,3.9945398376320154,3.2979111656258224,2.426351258577316,6,6,0.423728813559318,FALSE,TRUE,FALSE,FALSE,FALSE,test
108,Lentils,7842,Nikaweratiya,North Western,Kurunegala,2025-07-01,282,-0.423728813559318,0.423728813559318,5.641907070938114,-0.004246290881450676,-2.176165803108812,3.179877916448786,2.1981448181000482,7,7,0,FALSE,TRUE,FALSE,FALSE,FALSE,test
108,Lentils,7842,Nikaweratiya,North Western,Kurunegala,2025-08-01,282,0,0,5.641907070938114,0,-0.423728813559318,1.153709893662029,0.8666315388893767,8,8,0.851063829787226,FALSE,TRUE,FALSE,FALSE,FALSE,test
108,Lentils,7842,Nikaweratiya,North Western,Kurunegala,2025-09-01,279.6,-0.851063829787226,0.851063829787226,5.633360010359655,-0.008547060578458776,0,0.42553318826835623,0.42493088111551464,9,9,NA,FALSE,TRUE,TRUE,FALSE,FALSE,inference
108,Lentils,7843,Mullativu,Northern,Mullattivu,2023-06-01,309.5,NA,NA,5.734958092124651,NA,NA,NA,NA,6,6,2.4232633279483036,FALSE,TRUE,FALSE,FALSE,FALSE,train
108,Lentils,7843,Mullativu,Northern,Mullattivu,2023-07-01,302,-2.4232633279483036,2.4232633279483036,5.71042701737487,-0.024531074749781112,NA,NA,NA,7,7,3.3112582781456954,FALSE,TRUE,FALSE,FALSE,FALSE,train
108,Lentils,7843,Mullativu,Northern,Mullattivu,2023-08-01,312,3.3112582781456954,3.3112582781456954,5.7430031878094825,0.032576170434612806,-2.4232633279483036,4.054919114529838,2.8672608030469995,8,8,8.173076923076923,FALSE,TRUE,FALSE,FALSE,FALSE,train
108,Lentils,7843,Mullativu,Northern,Mullattivu,2023-09-01,337.5,8.173076923076923,8.173076923076923,5.821565510312585,0.07856232250310224,3.3112582781456954,5.30415631529428,4.635866176390308,9,9,10.0237037037037,TRUE,TRUE,FALSE,FALSE,FALSE,train
108,Lentils,7843,Mullativu,Northern,Mullattivu,2024-05-01,303.67,-10.0237037037037,10.0237037037037,5.715941585480011,-0.10562392483257366,8.173076923076923,9.421441120946309,7.169346301642106,5,5,0.9615701254651483,FALSE,TRUE,FALSE,FALSE,FALSE,train
108,Lentils,7843,Mullativu,Northern,Mullattivu,2024-06-01,300.75,-0.9615701254651483,0.9615701254651483,5.7062793548547885,-0.009662230625222534,-10.0237037037037,9.098414393640756,6.386116917415257,6,6,2.277639235245228,FALSE,TRUE,FALSE,FALSE,FALSE,train
108,Lentils,7843,Mullativu,Northern,Mullattivu,2024-07-01,307.6,2.277639235245228,2.277639235245228,5.728800237631489,0.022520882776700724,-0.9615701254651483,6.3762290367423935,4.420971021471359,7,7,3.1827048114434393,FALSE,TRUE,FALSE,FALSE,FALSE,train
108,Lentils,7843,Mullativu,Northern,Mullattivu,2024-08-01,297.81,-3.1827048114434393,3.1827048114434393,5.69645569926974,-0.03234453836174911,2.277639235245228,2.7459446973060104,2.140638057384605,8,8,0.6077700547328841,FALSE,TRUE,FALSE,FALSE,FALSE,train
108,Lentils,7843,Mullativu,Northern,Mullattivu,2024-09-01,296,-0.6077700547328841,0.6077700547328841,5.69035945432406,-0.006096244945680063,-3.1827048114434393,2.731642756054081,2.0227047004738505,9,9,1.0135135135135136,FALSE,TRUE,FALSE,FALSE,FALSE,train
108,Lentils,7843,Mullativu,Northern,Mullattivu,2024-10-01,293,-1.0135135135135136,1.0135135135135136,5.680172609017068,-0.010186845306992431,-0.6077700547328841,1.3844558282753932,1.6013294598966124,10,10,0.17064846416382254,FALSE,TRUE,FALSE,FALSE,FALSE,train
108,Lentils,7843,Mullativu,Northern,Mullattivu,2024-11-01,292.5,-0.17064846416382254,0.17064846416382254,5.678464666671911,-0.0017079423451562548,-1.0135135135135136,0.42152985870915316,0.5973106774700734,11,11,1.0256410256410255,FALSE,TRUE,FALSE,FALSE,FALSE,train
108,Lentils,7843,Mullativu,Northern,Mullattivu,2024-12-01,295.5,1.0256410256410255,1.0256410256410255,5.688668836846153,0.010204170174241689,-0.17064846416382254,1.024669155499094,0.7366010011061206,12,12,1.015228426395939,FALSE,TRUE,FALSE,FALSE,FALSE,train
108,Lentils,7843,Mullativu,Northern,Mullattivu,2025-01-01,298.5,1.015228426395939,1.015228426395939,5.698769932832657,0.010101095986503772,1.0256410256410255,0.687691908391671,0.7371726387335957,1,1,1.256281407035176,FALSE,TRUE,FALSE,FALSE,FALSE,validation
108,Lentils,7843,Mullativu,Northern,Mullattivu,2025-02-01,294.75,-1.256281407035176,1.256281407035176,5.68612753941748,-0.012642393415176478,1.015228426395939,1.3144729827544424,1.0990502863573801,2,2,0.5258693808312167,FALSE,TRUE,FALSE,FALSE,FALSE,validation
108,Lentils,7843,Mullativu,Northern,Mullattivu,2025-03-01,293.2,-0.5258693808312167,0.5258693808312167,5.680854970012496,-0.0052725694049842176,-1.256281407035176,1.1596149578515256,0.9324597380874439,3,3,1.9440654843110468,FALSE,TRUE,FALSE,FALSE,FALSE,validation
108,Lentils,7843,Mullativu,Northern,Mullattivu,2025-04-01,287.5,-1.9440654843110468,1.9440654843110468,5.661222860237405,-0.01963210977509089,-0.5258693808312167,0.7092048191346614,1.2420720907258131,4,4,1.2173913043478262,FALSE,TRUE,FALSE,FALSE,FALSE,test
108,Lentils,7843,Mullativu,Northern,Mullattivu,2025-05-01,284,-1.2173913043478262,1.2173913043478262,5.648974238161206,-0.012248622076199034,-1.9440654843110468,0.7091706567597937,1.2291087231633633,5,5,0.3943661971831002,FALSE,TRUE,FALSE,FALSE,FALSE,test
108,Lentils,7843,Mullativu,Northern,Mullattivu,2025-06-01,282.88,-0.3943661971831002,0.3943661971831002,5.645022779449278,-0.003951458711927813,-1.2173913043478262,0.7753486926724855,1.185274328613991,6,6,0.2050339366515781,FALSE,TRUE,FALSE,FALSE,FALSE,test
108,Lentils,7843,Mullativu,Northern,Mullattivu,2025-07-01,282.3,-0.2050339366515781,0.2050339366515781,5.642970335259443,-0.0020524441898350787,-0.3943661971831002,0.5382199785450743,0.6055971460608348,7,7,0.05313496280551798,FALSE,TRUE,FALSE,FALSE,FALSE,test
108,Lentils,7843,Mullativu,Northern,Mullattivu,2025-08-01,282.45,0.05313496280551798,0.05313496280551798,5.643501543771271,5.312085118278631e-4,-0.2050339366515781,0.2246312436401873,0.2175116988800654,8,8,1.7171180739953855,FALSE,TRUE,FALSE,FALSE,FALSE,test
108,Lentils,7843,Mullativu,Northern,Mullattivu,2025-09-01,277.6,-1.7171180739953855,1.7171180739953855,5.62618122863265,-0.017320315138621645,0.05313496280551798,0.9562814642628737,0.6584289911508272,9,9,NA,FALSE,TRUE,TRUE,FALSE,FALSE,inference
114,Tomatoes,360,Ampara,Eastern,Ampara,2023-06-01,314.17,NA,NA,5.749934240677345,NA,NA,NA,NA,6,6,40.68816245981474,TRUE,TRUE,FALSE,FALSE,FALSE,train
114,Tomatoes,360,Ampara,Eastern,Ampara,2023-07-01,442,40.68816245981474,40.68816245981474,6.091309882077698,0.3413756414003526,NA,NA,NA,7,7,36.65158371040724,TRUE,TRUE,FALSE,FALSE,FALSE,train
114,Tomatoes,360,Ampara,Eastern,Ampara,2023-08-01,280,-36.65158371040724,36.65158371040724,5.634789603169249,-0.4565202789084486,40.68816245981474,54.68745897221028,38.66987308511099,8,8,22.617857142857147,TRUE,TRUE,FALSE,FALSE,FALSE,train
114,Tomatoes,360,Ampara,Eastern,Ampara,2023-09-01,216.67,-22.617857142857147,22.617857142857147,5.378375458718616,-0.25641414445063315,-36.65158371040724,41.20281935535683,33.319201104359706,9,9,18.15202843033185,TRUE,TRUE,FALSE,FALSE,FALSE,train
114,Tomatoes,360,Ampara,Eastern,Ampara,2023-10-01,256,18.15202843033185,18.15202843033185,5.545177444479562,0.16680198576094618,-22.617857142857147,28.46800822764696,25.80715642786541,10,10,21.09375,TRUE,TRUE,FALSE,FALSE,FALSE,train
114,Tomatoes,360,Ampara,Eastern,Ampara,2023-11-01,310,21.09375,21.09375,5.736572297479192,0.19139485299962988,18.15202843033185,24.432020978133917,20.621211857729666,11,11,126.88064516129035,TRUE,TRUE,FALSE,FALSE,FALSE,train
114,Tomatoes,360,Ampara,Eastern,Ampara,2023-12-01,703.33,126.88064516129035,126.88064516129035,6.555826198454279,0.8192539009750872,21.09375,61.942759880778844,55.37547453054073,12,12,7.015199124166453,FALSE,TRUE,FALSE,TRUE,FALSE,train
114,Tomatoes,360,Ampara,Eastern,Ampara,2024-01-01,752.67,7.015199124166453,7.015199124166453,6.623626884729654,0.06780068627537439,126.88064516129035,65.51946013247759,51.66319809515227,1,1,22.453399232067177,TRUE,TRUE,FALSE,FALSE,FALSE,train
114,Tomatoes,360,Ampara,Eastern,Ampara,2024-02-01,921.67,22.453399232067177,22.453399232067177,6.826187241918314,0.20256035718866006,7.015199124166453,65.2062278066197,52.11641450584133,2,2,55.69672442414313,TRUE,TRUE,FALSE,FALSE,FALSE,train
114,Tomatoes,360,Ampara,Eastern,Ampara,2024-03-01,408.33,-55.69672442414313,55.69672442414313,6.0120756710120915,-0.8141115709062223,22.453399232067177,41.38954216784229,28.388440926792253,3,3,51.345725271226705,TRUE,TRUE,FALSE,TRUE,FALSE,train
114,Tomatoes,360,Ampara,Eastern,Ampara,2024-04-01,198.67,-51.345725271226705,51.345725271226705,5.291645156779972,-0.7204305142321195,-55.69672442414313,43.91788511635913,43.16528297581234,4,4,7.721346957265806,FALSE,TRUE,FALSE,TRUE,FALSE,train
114,Tomatoes,360,Ampara,Eastern,Ampara,2024-05-01,183.33,-7.721346957265806,7.721346957265806,5.211287807574934,-0.08035734920503845,-51.345725271226705,26.531912922609575,38.25459888421188,5,5,0,FALSE,TRUE,FALSE,FALSE,FALSE,train
114,Tomatoes,360,Ampara,Eastern,Ampara,2024-06-01,183.33,0,0,5.211287807574934,0,-7.721346957265806,27.686004544240845,19.68902407616417,6,6,119.09671084928816,TRUE,TRUE,FALSE,FALSE,FALSE,train
114,Tomatoes,360,Ampara,Eastern,Ampara,2024-07-01,401.67,119.09671084928816,119.09671084928816,5.995630855977398,0.784343048402464,0,71.09438036837592,42.27268593551799,7,7,26.86782682301392,TRUE,TRUE,FALSE,TRUE,FALSE,train
114,Tomatoes,360,Ampara,Eastern,Ampara,2024-08-01,293.75,-26.86782682301392,26.86782682301392,5.682729065458369,-0.312901790519029,119.09671084928816,77.6869282346343,48.65484589076736,8,8,12.738723404255325,TRUE,TRUE,FALSE,FALSE,FALSE,train
114,Tomatoes,360,Ampara,Eastern,Ampara,2024-09-01,256.33,-12.738723404255325,12.738723404255325,5.546465676851812,-0.1362633886065563,-26.86782682301392,80.504512861213,52.90108702551913,9,9,33.29302071548396,TRUE,TRUE,FALSE,FALSE,FALSE,train
114,Tomatoes,360,Ampara,Eastern,Ampara,2024-10-01,341.67,33.29302071548396,33.29302071548396,5.8338453589543695,0.28737968210255715,-12.738723404255325,31.458651715846297,24.299856980917735,10,10,5.853601428278748,FALSE,TRUE,FALSE,FALSE,FALSE,train
114,Tomatoes,360,Ampara,Eastern,Ampara,2024-11-01,321.67,-5.853601428278748,5.853601428278748,5.773526175311485,-0.06031918364288469,33.29302071548396,24.828694409881756,17.295115182672678,11,11,38.65141293872602,TRUE,TRUE,FALSE,FALSE,FALSE,train
114,Tomatoes,360,Ampara,Eastern,Ampara,2024-12-01,446,38.65141293872602,38.65141293872602,6.100318952020064,0.3267927767085794,-5.853601428278748,24.296318981455933,25.932678360829577,12,12,7.885650224215251,FALSE,TRUE,FALSE,FALSE,FALSE,train
114,Tomatoes,360,Ampara,Eastern,Ampara,2025-01-01,410.83,-7.885650224215251,7.885650224215251,6.018179503625556,-0.08213944839450793,38.65141293872602,26.301215985666115,17.463554863740004,1,1,28.802667770123893,TRUE,TRUE,FALSE,FALSE,FALSE,validation
114,Tomatoes,360,Ampara,Eastern,Ampara,2025-02-01,292.5,-28.802667770123893,28.802667770123893,5.678464666671911,-0.3397148369536449,-7.885650224215251,34.52842518641579,25.113243644355055,2,2,8.034188034188034,FALSE,TRUE,FALSE,FALSE,FALSE,validation
114,Tomatoes,360,Ampara,Eastern,Ampara,2025-03-01,316,8.034188034188034,8.034188034188034,5.755742213586912,0.07727754691500088,-28.802667770123893,18.474833417098516,14.90750200950906,3,3,69.83227848101265,TRUE,TRUE,FALSE,FALSE,FALSE,validation
114,Tomatoes,360,Ampara,Eastern,Ampara,2025-04-01,536.67,69.83227848101265,69.83227848101265,6.285383380471234,0.5296411668843213,8.034188034188034,49.84109842018964,35.556378095108194,4,4,62.7312873833082,TRUE,TRUE,FALSE,TRUE,FALSE,test
114,Tomatoes,360,Ampara,Eastern,Ampara,2025-05-01,873.33,62.7312873833082,62.7312873833082,6.772313491285856,0.48693011081462245,69.83227848101265,33.81617151268289,46.865917966169626,5,5,42.67115523341692,TRUE,TRUE,FALSE,TRUE,FALSE,test
114,Tomatoes,360,Ampara,Eastern,Ampara,2025-06-01,500.67,-42.67115523341692,42.67115523341692,6.215947201423421,-0.5563662898624351,62.7312873833082,63.00412894099185,58.41157369924592,6,6,62.050851858509596,TRUE,TRUE,FALSE,FALSE,FALSE,test
114,Tomatoes,360,Ampara,Eastern,Ampara,2025-07-01,190,-62.050851858509596,62.050851858509596,5.247024072160486,-0.9689231292629348,-42.67115523341692,67.15135866659371,55.817764825078235,7,7,17.5421052631579,TRUE,TRUE,FALSE,TRUE,FALSE,test
114,Tomatoes,360,Ampara,Eastern,Ampara,2025-08-01,223.33,17.5421052631579,17.5421052631579,5.408650498232383,0.16162642607189692,-62.050851858509596,41.505518115628526,40.754704118361474,8,8,8.659830743742432,FALSE,TRUE,FALSE,FALSE,FALSE,test
114,Tomatoes,360,Ampara,Eastern,Ampara,2025-09-01,242.67,8.659830743742432,8.659830743742432,5.491702495697971,0.08305199746558767,17.5421052631579,43.61562078370219,29.417595955136644,9,9,NA,FALSE,TRUE,TRUE,FALSE,FALSE,inference
114,Tomatoes,361,Batticaloa,Eastern,Batticaloa,2023-06-01,376.5,NA,NA,5.930918047239948,NA,NA,NA,NA,6,6,26.640106241699872,TRUE,TRUE,FALSE,FALSE,FALSE,train
114,Tomatoes,361,Batticaloa,Eastern,Batticaloa,2023-07-01,476.8,26.640106241699872,26.640106241699872,6.16709711575114,0.2361790685111922,NA,NA,NA,7,7,43.68708053691275,TRUE,TRUE,FALSE,FALSE,FALSE,train
114,Tomatoes,361,Batticaloa,Eastern,Batticaloa,2023-08-01,268.5,-43.68708053691275,43.68708053691275,5.5928509139489195,-0.5742462018022207,26.640106241699872,49.728830672929895,35.163593389306314,8,8,9.124767225325884,FALSE,TRUE,FALSE,FALSE,FALSE,train
114,Tomatoes,361,Batticaloa,Eastern,Batticaloa,2023-09-01,244,-9.124767225325884,9.124767225325884,5.497168225293202,-0.09568268865571739,-43.68708053691275,35.165306946275244,26.483984667979502,9,9,17.54098360655738,TRUE,TRUE,FALSE,FALSE,FALSE,train
114,Tomatoes,361,Batticaloa,Eastern,Batticaloa,2023-10-01,286.8,17.54098360655738,17.54098360655738,5.658785108725465,0.16161688343226288,-9.124767225325884,30.698782841325784,23.45094378959867,10,10,25.52301255230125,TRUE,TRUE,FALSE,FALSE,FALSE,train
114,Tomatoes,361,Batticaloa,Eastern,Batticaloa,2023-11-01,360,25.52301255230125,25.52301255230125,5.886104031450156,0.2273189227246908,17.54098360655738,18.144070183936698,17.39625446139484,11,11,110.83333333333333,TRUE,TRUE,FALSE,FALSE,FALSE,train
114,Tomatoes,361,Batticaloa,Eastern,Batticaloa,2023-12-01,759,110.83333333333333,110.83333333333333,6.63200177739563,0.7458977459454745,25.52301255230125,51.71238751562395,51.29910983073065,12,12,2.2397891963109355,FALSE,TRUE,FALSE,TRUE,FALSE,train
114,Tomatoes,361,Batticaloa,Eastern,Batticaloa,2024-01-01,776,2.2397891963109355,2.2397891963109355,6.654152520183219,0.022150742787588662,110.83333333333333,57.173008127155825,46.198711693981835,1,1,17.65463917525773,TRUE,TRUE,FALSE,FALSE,FALSE,train
114,Tomatoes,361,Batticaloa,Eastern,Batticaloa,2024-02-01,913,17.65463917525773,17.65463917525773,6.816735880594968,0.16258336041174903,2.2397891963109355,58.75435370126066,43.57592056830067,2,2,49.72617743702081,TRUE,TRUE,FALSE,FALSE,FALSE,train
114,Tomatoes,361,Batticaloa,Eastern,Batticaloa,2024-03-01,459,-49.72617743702081,49.72617743702081,6.129050210060545,-0.6876856705344228,17.65463917525773,35.30404541349215,23.20686860286316,3,3,57.12418300653595,TRUE,TRUE,FALSE,FALSE,FALSE,train
114,Tomatoes,361,Batticaloa,Eastern,Batticaloa,2024-04-01,196.8,-57.12418300653595,57.12418300653595,5.282187984618153,-0.8468622254423925,-49.72617743702081,41.20432254962338,41.50166653960483,4,4,34.40040650406503,TRUE,TRUE,FALSE,TRUE,FALSE,train
114,Tomatoes,361,Batticaloa,Eastern,Batticaloa,2024-05-01,264.5,34.40040650406503,34.40040650406503,5.577841251298354,0.2956532666802012,-57.12418300653595,50.84086790677875,47.0835889825406,5,5,0,FALSE,TRUE,FALSE,FALSE,FALSE,train
114,Tomatoes,361,Batticaloa,Eastern,Batticaloa,2024-06-01,264.5,0,0,5.577841251298354,0,34.40040650406503,46.230060092421006,30.50819650353366,6,6,86.91871455576558,TRUE,TRUE,FALSE,FALSE,FALSE,train
114,Tomatoes,361,Batticaloa,Eastern,Batticaloa,2024-07-01,494.4,86.91871455576558,86.91871455576558,6.203344906143481,0.6255036548451267,0,43.772943675831094,40.43970701994353,7,7,22.33009708737864,TRUE,TRUE,FALSE,TRUE,FALSE,train
114,Tomatoes,361,Batticaloa,Eastern,Batticaloa,2024-08-01,384,-22.33009708737864,22.33009708737864,5.950642552587727,-0.25270235355575377,86.91871455576558,57.71885743469173,36.41627054771474,8,8,24.82552083333333,TRUE,TRUE,FALSE,FALSE,FALSE,train
114,Tomatoes,361,Batticaloa,Eastern,Batticaloa,2024-12-01,479.33,24.82552083333333,24.82552083333333,6.1723892954857815,0.22174674289805463,-22.33009708737864,54.79434255099528,44.691444158825846,12,12,19.418772035966867,TRUE,TRUE,FALSE,FALSE,FALSE,train
114,Tomatoes,361,Batticaloa,Eastern,Batticaloa,2025-01-01,386.25,-19.418772035966867,19.418772035966867,5.956484828211956,-0.21590446727382595,24.82552083333333,26.425005728613563,22.191463318892946,1,1,33.980582524271846,TRUE,TRUE,FALSE,FALSE,FALSE,validation
114,Tomatoes,361,Batticaloa,Eastern,Batticaloa,2025-02-01,255,-33.980582524271846,33.980582524271846,5.541263545158426,-0.4152212830535298,-19.418772035966867,30.62613689946073,26.074958464524013,2,2,23.92156862745098,TRUE,TRUE,FALSE,FALSE,FALSE,validation
114,Tomatoes,361,Batticaloa,Eastern,Batticaloa,2025-03-01,316,23.92156862745098,23.92156862745098,5.755742213586912,0.2144786684284865,-33.980582524271846,30.119458166649725,25.773641062563232,3,3,32.120253164556964,TRUE,TRUE,FALSE,FALSE,FALSE,validation
114,Tomatoes,361,Batticaloa,Eastern,Batticaloa,2025-04-01,417.5,32.120253164556964,32.120253164556964,6.0342845442909105,0.27854233070399825,23.92156862745098,36.03053800805062,30.007468105426597,4,4,28.263473053892216,TRUE,TRUE,FALSE,FALSE,FALSE,test
114,Tomatoes,361,Batticaloa,Eastern,Batticaloa,2025-06-01,535.5,28.263473053892216,28.263473053892216,6.283200889887803,0.2489163455968928,32.120253164556964,4.101733678363941,28.101764948633388,6,6,66.96918767507003,TRUE,TRUE,FALSE,FALSE,FALSE,test
114,Tomatoes,361,Batticaloa,Eastern,Batticaloa,2025-07-01,176.88,-66.96918767507003,66.96918767507003,5.175471536549191,-1.1077293533386126,28.263473053892216,56.12909481461699,42.450971297839736,7,7,4.240162822252374,FALSE,TRUE,FALSE,TRUE,FALSE,test
114,Tomatoes,361,Batticaloa,Eastern,Batticaloa,2025-08-01,169.38,-4.240162822252374,4.240162822252374,5.132144711493453,-0.04332682505573793,-66.96918767507003,48.40915301481741,33.15760785040487,8,8,62.35683079466289,TRUE,TRUE,FALSE,FALSE,FALSE,test
114,Tomatoes,361,Batticaloa,Eastern,Batticaloa,2025-09-01,275,62.35683079466289,62.35683079466289,5.616771097666572,0.4846263861731188,-4.240162822252374,64.6726489986694,44.52206043066177,9,9,NA,FALSE,TRUE,TRUE,TRUE,FALSE,inference
114,Tomatoes,362,Jaffna,Northern,Jaffna,2023-06-01,285.83,NA,NA,5.655397228496406,NA,NA,NA,NA,6,6,55.33708847916595,TRUE,TRUE,FALSE,FALSE,FALSE,train
114,Tomatoes,362,Jaffna,Northern,Jaffna,2023-07-01,444,55.33708847916595,55.33708847916595,6.095824562432225,0.4404273339358191,NA,NA,NA,7,7,50.91891891891892,TRUE,TRUE,FALSE,TRUE,FALSE,train
114,Tomatoes,362,Jaffna,Northern,Jaffna,2023-08-01,217.92,-50.91891891891892,50.91891891891892,5.384128022961147,-0.7116965394710775,55.33708847916595,75.13434337299377,53.12800369904244,8,8,12.812041116005869,TRUE,TRUE,FALSE,TRUE,FALSE,train
114,Tomatoes,362,Jaffna,Northern,Jaffna,2023-09-01,190,-12.812041116005869,12.812041116005869,5.247024072160486,-0.13710395080066107,-50.91891891891892,53.83118227175203,39.689349504696914,9,9,6.315789473684211,FALSE,TRUE,FALSE,FALSE,FALSE,train
114,Tomatoes,362,Jaffna,Northern,Jaffna,2023-10-01,202,6.315789473684211,6.315789473684211,5.308267697401205,0.06124362524071891,-12.812041116005869,29.137089432944244,23.348916502869667,10,10,50.24752475247525,TRUE,TRUE,FALSE,FALSE,FALSE,train
114,Tomatoes,362,Jaffna,Northern,Jaffna,2023-11-01,303.5,50.24752475247525,50.24752475247525,5.715381610499553,0.4071139130983479,6.315789473684211,32.33259479017772,23.125118447388445,11,11,118.5831960461285,TRUE,TRUE,FALSE,TRUE,FALSE,train
114,Tomatoes,362,Jaffna,Northern,Jaffna,2024-01-01,663.4,118.5831960461285,118.5831960461285,6.497378126512952,0.7819965160133995,50.24752475247525,56.57403985672596,58.382170090762656,1,1,7.6273741332529426,FALSE,TRUE,FALSE,FALSE,FALSE,train
114,Tomatoes,362,Jaffna,Northern,Jaffna,2024-02-01,714,7.6273741332529426,7.6273741332529426,6.570882962339584,0.0735048358266317,118.5831960461285,55.97236762653691,58.81936497728557,2,2,63.16526610644258,TRUE,TRUE,FALSE,FALSE,FALSE,train
114,Tomatoes,362,Jaffna,Northern,Jaffna,2024-03-01,263,-63.16526610644258,63.16526610644258,5.572154032177765,-0.9987289301618194,7.6273741332529426,91.61085800210701,63.125278761941345,3,3,63.19391634980989,TRUE,TRUE,FALSE,TRUE,FALSE,train
114,Tomatoes,362,Jaffna,Northern,Jaffna,2024-04-01,96.8,-63.19391634980989,63.19391634980989,4.572646994282532,-0.9995070378952331,-63.16526610644258,40.88042302176305,44.662185529835135,4,4,92.66528925619835,TRUE,TRUE,FALSE,TRUE,FALSE,train
114,Tomatoes,362,Jaffna,Northern,Jaffna,2024-05-01,186.5,92.66528925619835,92.66528925619835,5.2284312390838705,0.6557842448013389,-63.19391634980989,89.97708483979082,73.0081572374836,5,5,217.42627345844505,TRUE,TRUE,FALSE,TRUE,FALSE,train
114,Tomatoes,362,Jaffna,Northern,Jaffna,2024-06-01,592,217.42627345844505,217.42627345844505,6.3835066348840055,1.155075395800135,92.66528925619835,140.5969926653662,124.42849302148443,6,6,42.567567567567565,TRUE,TRUE,FALSE,TRUE,FALSE,train
114,Tomatoes,362,Jaffna,Northern,Jaffna,2024-07-01,340,-42.567567567567565,42.567567567567565,5.8289456176102075,-0.554561017273798,217.42627345844505,130.03206406837376,117.55304342740365,7,7,18.38235294117647,TRUE,TRUE,FALSE,FALSE,FALSE,train
114,Tomatoes,362,Jaffna,Northern,Jaffna,2024-08-01,277.5,-18.38235294117647,18.38235294117647,5.625820933186489,-0.20312468442371845,-42.567567567567565,143.6357837625316,92.79206465572969,8,8,20.288288288288292,TRUE,TRUE,FALSE,FALSE,FALSE,train
114,Tomatoes,362,Jaffna,Northern,Jaffna,2024-09-01,221.2,-20.288288288288292,20.288288288288292,5.39906726964818,-0.22675366353830917,-18.38235294117647,13.446954309905363,27.07940293234411,9,9,43.98734177215191,TRUE,TRUE,FALSE,FALSE,FALSE,train
114,Tomatoes,362,Jaffna,Northern,Jaffna,2024-10-01,318.5,43.98734177215191,43.98734177215191,5.763622475012218,0.36455520536403796,-20.288288288288292,36.57177424336906,27.55266100053889,10,10,40.408163265306115,TRUE,TRUE,FALSE,FALSE,FALSE,train
114,Tomatoes,362,Jaffna,Northern,Jaffna,2024-12-01,447.2,40.408163265306115,40.408163265306115,6.103005921840889,0.3393834468286716,43.98734177215191,36.12069206066486,34.89459777524877,12,12,18.492844364937383,TRUE,TRUE,FALSE,FALSE,FALSE,train
114,Tomatoes,362,Jaffna,Northern,Jaffna,2025-01-01,364.5,-18.492844364937383,18.492844364937383,5.898526551448713,-0.20447937039217656,40.408163265306115,35.085402658767734,34.29611646746513,1,1,40.98216735253772,TRUE,TRUE,FALSE,FALSE,FALSE,validation
114,Tomatoes,362,Jaffna,Northern,Jaffna,2025-02-01,215.12,-40.98216735253772,40.98216735253772,5.371196011960609,-0.527330539488104,-18.492844364937383,42.03071152221222,33.294391660927076,2,2,19.812197843064336,TRUE,TRUE,FALSE,FALSE,FALSE,validation
114,Tomatoes,362,Jaffna,Northern,Jaffna,2025-03-01,172.5,-19.812197843064336,19.812197843064336,5.150397236471415,-0.22079877548919402,-40.98216735253772,12.620604522452478,26.42906985351315,3,3,95.94202898550725,TRUE,TRUE,FALSE,FALSE,FALSE,validation
114,Tomatoes,362,Jaffna,Northern,Jaffna,2025-06-01,338,95.94202898550725,95.94202898550725,5.823045895483019,0.6726486590116041,-19.812197843064336,73.7059972464158,52.245464727036435,6,6,52.9585798816568,TRUE,TRUE,FALSE,FALSE,FALSE,test
114,Tomatoes,362,Jaffna,Northern,Jaffna,2025-07-01,159,-52.9585798816568,52.9585798816568,5.0689042022202315,-0.7541416932627873,95.94202898550725,78.17620587700252,56.237602236742795,7,7,19.49685534591195,TRUE,TRUE,FALSE,TRUE,FALSE,test
114,Tomatoes,362,Jaffna,Northern,Jaffna,2025-08-01,190,19.49685534591195,19.49685534591195,5.247024072160486,0.17811986994025464,-52.9585798816568,74.45921253480152,56.132488071025335,8,8,4.4210526315789505,FALSE,TRUE,FALSE,FALSE,FALSE,test
114,Tomatoes,362,Jaffna,Northern,Jaffna,2025-09-01,181.6,-4.4210526315789505,4.4210526315789505,5.201806466167193,-0.04521760599329294,19.49685534591195,36.91826099097885,25.625495953049235,9,9,NA,FALSE,TRUE,TRUE,FALSE,FALSE,inference
114,Tomatoes,363,Kilinochchi,Northern,Kilinochchi,2023-06-01,379,NA,NA,5.937536205082426,NA,NA,NA,NA,6,6,28.86543535620052,TRUE,TRUE,FALSE,FALSE,FALSE,train
114,Tomatoes,363,Kilinochchi,Northern,Kilinochchi,2023-07-01,488.4,28.86543535620052,28.86543535620052,6.1911347422365495,0.25359853715412317,NA,NA,NA,7,7,34.275184275184266,TRUE,TRUE,FALSE,FALSE,FALSE,train
114,Tomatoes,363,Kilinochchi,Northern,Kilinochchi,2023-08-01,321,-34.275184275184266,34.275184275184266,5.771441123130016,-0.4196936191065337,28.86543535620052,44.64716030967263,31.570309815692394,8,8,24.45482866043614,TRUE,TRUE,FALSE,FALSE,FALSE,train
114,Tomatoes,363,Kilinochchi,Northern,Kilinochchi,2023-09-01,242.5,-24.45482866043614,24.45482866043614,5.491001710377538,-0.28043941275247786,-34.275184275184266,33.97604005432644,29.19848276394031,9,9,17.11340206185567,TRUE,TRUE,FALSE,FALSE,FALSE,train
114,Tomatoes,363,Kilinochchi,Northern,Kilinochchi,2023-10-01,284,17.11340206185567,17.11340206185567,5.648974238161206,0.15797252778366833,-24.45482866043614,27.279858245908606,25.281138332492024,10,10,26.232394366197184,TRUE,TRUE,FALSE,FALSE,FALSE,train
114,Tomatoes,363,Kilinochchi,Northern,Kilinochchi,2023-11-01,358.5,26.232394366197184,26.232394366197184,5.881928660039675,0.2329544218784685,17.11340206185567,27.019339999896346,22.600208362829665,11,11,96.79218967921896,TRUE,TRUE,FALSE,FALSE,FALSE,train
114,Tomatoes,363,Kilinochchi,Northern,Kilinochchi,2023-12-01,705.5,96.79218967921896,96.79218967921896,6.558906771292869,0.6769781112531943,26.232394366197184,43.609154106745095,46.712662035757276,12,12,3.557760453579025,FALSE,TRUE,FALSE,TRUE,FALSE,train
114,Tomatoes,363,Kilinochchi,Northern,Kilinochchi,2024-01-01,680.4,-3.557760453579025,3.557760453579025,6.522680860521707,-0.03622591077116244,96.79218967921896,51.53680000811202,42.194114832998395,1,1,64.87360376249265,TRUE,TRUE,FALSE,FALSE,FALSE,train
114,Tomatoes,363,Kilinochchi,Northern,Kilinochchi,2024-05-01,239,-64.87360376249265,64.87360376249265,5.476463551931511,-1.0462173085901956,-3.557760453579025,81.61451453987465,55.07451796509688,5,5,0,FALSE,TRUE,FALSE,FALSE,FALSE,train
114,Tomatoes,363,Kilinochchi,Northern,Kilinochchi,2024-06-01,239,0,0,5.476463551931511,0,-64.87360376249265,36.47116387243763,22.81045473869056,6,6,120.0836820083682,TRUE,TRUE,FALSE,FALSE,FALSE,train
114,Tomatoes,363,Kilinochchi,Northern,Kilinochchi,2024-07-01,526,120.0836820083682,120.0836820083682,6.26530121273771,0.7888376608061991,0,93.84195286894492,61.65242859028695,7,7,41.444866920152094,TRUE,TRUE,FALSE,TRUE,FALSE,train
114,Tomatoes,363,Kilinochchi,Northern,Kilinochchi,2024-08-01,308,-41.444866920152094,41.444866920152094,5.730099782973574,-0.5352014297641361,120.0836820083682,83.8940202454555,53.8428496428401,8,8,5.194805194805195,FALSE,TRUE,FALSE,FALSE,FALSE,train
114,Tomatoes,363,Kilinochchi,Northern,Kilinochchi,2024-09-01,292,-5.194805194805195,5.194805194805195,5.676753802268282,-0.053345980705292284,-41.444866920152094,84.75478201844082,55.57445137444183,9,9,33.04794520547945,TRUE,TRUE,FALSE,FALSE,FALSE,train
114,Tomatoes,363,Kilinochchi,Northern,Kilinochchi,2024-10-01,388.5,33.04794520547945,33.04794520547945,5.962293169807702,0.2855393675394202,-5.194805194805195,37.250847846401584,26.562539106812245,10,10,3.346203346203346,FALSE,TRUE,FALSE,FALSE,FALSE,train
114,Tomatoes,363,Kilinochchi,Northern,Kilinochchi,2024-11-01,401.5,3.346203346203346,3.346203346203346,5.995207533386816,0.03291436357911426,33.04794520547945,20.073408008902085,13.862984582162664,11,11,30.759651307596513,TRUE,TRUE,FALSE,FALSE,FALSE,train
114,Tomatoes,363,Kilinochchi,Northern,Kilinochchi,2024-12-01,525,30.759651307596513,30.759651307596513,6.263398262591624,0.26819072920480735,3.346203346203346,16.527385796359194,22.384599953093105,12,12,46.666666666666664,TRUE,TRUE,FALSE,FALSE,FALSE,train
114,Tomatoes,363,Kilinochchi,Northern,Kilinochchi,2025-03-01,280,-46.666666666666664,46.666666666666664,5.634789603169249,-0.6286086594223743,30.759651307596513,39.25900960524423,26.924173773488842,3,3,250.71428571428572,TRUE,TRUE,FALSE,FALSE,FALSE,validation
114,Tomatoes,363,Kilinochchi,Northern,Kilinochchi,2025-05-01,982,250.71428571428572,250.71428571428572,6.889591308354466,1.2548017051852165,-46.666666666666664,154.2780535002923,109.3802012295163,5,5,32.53564154786151,TRUE,TRUE,FALSE,FALSE,FALSE,test
114,Tomatoes,363,Kilinochchi,Northern,Kilinochchi,2025-06-01,662.5,-32.53564154786151,32.53564154786151,6.496020557860377,-0.39357075049408863,250.71428571428572,167.76254945801733,109.9721979762713,6,6,63.532075471698114,TRUE,TRUE,FALSE,FALSE,FALSE,test
114,Tomatoes,363,Kilinochchi,Northern,Kilinochchi,2025-09-01,241.6,-63.532075471698114,63.532075471698114,5.48728346606066,-1.0087370917997172,-32.53564154786151,173.17720968641643,115.59400091128178,9,9,NA,FALSE,TRUE,TRUE,FALSE,FALSE,inference
114,Tomatoes,364,Mannar,Northern,Mannar,2023-06-01,388,NA,NA,5.961005339623274,NA,NA,NA,NA,6,6,31.64948453608248,TRUE,TRUE,FALSE,FALSE,FALSE,train
114,Tomatoes,364,Mannar,Northern,Mannar,2023-07-01,510.8,31.64948453608248,31.64948453608248,6.235978124158384,0.27497278453511065,NA,NA,NA,7,7,40.77916992952232,TRUE,TRUE,FALSE,FALSE,FALSE,train
114,Tomatoes,364,Mannar,Northern,Mannar,2023-08-01,302.5,-40.77916992952232,40.77916992952232,5.7120812774708964,-0.5238968466874878,31.64948453608248,51.21479272484647,36.2143272328024,8,8,16.694214876033058,TRUE,TRUE,FALSE,FALSE,FALSE,train
114,Tomatoes,364,Mannar,Northern,Mannar,2023-09-01,252,-16.694214876033058,16.694214876033058,5.529429087511423,-0.18265218995947308,-40.77916992952232,36.885201008163044,29.707623113879286,9,9,11.26984126984126,TRUE,TRUE,FALSE,FALSE,FALSE,train
114,Tomatoes,364,Mannar,Northern,Mannar,2023-10-01,280.4,11.26984126984126,11.26984126984126,5.636217155160435,0.10678806764901161,-16.694214876033058,26.048586215281382,22.91440869179888,10,10,34.27246790299573,TRUE,TRUE,FALSE,FALSE,FALSE,train
114,Tomatoes,364,Mannar,Northern,Mannar,2023-11-01,376.5,34.27246790299573,34.27246790299573,5.930918047239948,0.2947008920795131,11.26984126984126,25.523557816430646,20.745508016290017,11,11,82.20451527224435,TRUE,TRUE,FALSE,FALSE,FALSE,train
114,Tomatoes,364,Mannar,Northern,Mannar,2023-12-01,686,82.20451527224435,82.20451527224435,6.530877627725885,0.5999595804859368,34.27246790299573,36.19007684632949,42.58227481502711,12,12,20.29154518950438,TRUE,TRUE,FALSE,TRUE,FALSE,train
114,Tomatoes,364,Mannar,Northern,Mannar,2024-01-01,825.2,20.29154518950438,20.29154518950438,6.7156257811970965,0.18474815347121165,82.20451527224435,32.47091834599787,45.58950945491482,1,1,6.03490063015026,FALSE,TRUE,FALSE,FALSE,FALSE,train
114,Tomatoes,364,Mannar,Northern,Mannar,2024-02-01,875,6.03490063015026,6.03490063015026,6.774223886357614,0.058598105160517555,20.29154518950438,40.4933697726824,36.17698703063299,2,2,26.4,TRUE,TRUE,FALSE,FALSE,FALSE,train
114,Tomatoes,364,Mannar,Northern,Mannar,2024-03-01,644,-26.4,26.4,6.467698726104354,-0.30652516025326015,6.03490063015026,23.928278546394335,17.57548193988488,3,3,77.84627329192547,TRUE,TRUE,FALSE,FALSE,FALSE,train
114,Tomatoes,364,Mannar,Northern,Mannar,2024-04-01,142.67,-77.84627329192547,77.84627329192547,4.960534271126723,-1.507164454977631,-26.4,42.29813461816948,36.760391307358574,4,4,58.87712903904115,TRUE,TRUE,FALSE,TRUE,FALSE,train
114,Tomatoes,364,Mannar,Northern,Mannar,2024-05-01,226.67,58.87712903904115,58.87712903904115,5.423495215276265,0.46296094414954236,-77.84627329192547,69.05577035715906,54.37446744365554,5,5,0,FALSE,TRUE,FALSE,TRUE,FALSE,train
114,Tomatoes,364,Mannar,Northern,Mannar,2024-06-01,226.67,0,0,5.423495215276265,0,58.87712903904115,68.58066702100578,45.57446744365554,6,6,162.2755547712534,TRUE,TRUE,FALSE,FALSE,FALSE,train
114,Tomatoes,364,Mannar,Northern,Mannar,2024-07-01,594.5,162.2755547712534,162.2755547712534,6.387720716130836,0.964225500854571,0,82.14936238756187,73.71756127009819,7,7,41.37931034482759,TRUE,TRUE,FALSE,TRUE,FALSE,train
114,Tomatoes,364,Mannar,Northern,Mannar,2024-08-01,348.5,-41.37931034482759,41.37931034482759,5.853638230200579,-0.5340824859302575,162.2755547712534,107.64208214137317,67.88495503869366,8,8,11.850789096126258,TRUE,TRUE,FALSE,FALSE,FALSE,train
114,Tomatoes,364,Mannar,Northern,Mannar,2024-09-01,307.2,-11.850789096126258,11.850789096126258,5.727499001273517,-0.12613922892706153,-41.37931034482759,110.05091343040964,71.83521807073575,9,9,6.770833333333337,FALSE,TRUE,FALSE,FALSE,FALSE,train
114,Tomatoes,364,Mannar,Northern,Mannar,2024-10-01,328,6.770833333333337,6.770833333333337,5.793013608384144,0.06551460711062695,-11.850789096126258,24.280083488557374,20.000310924762395,10,10,9.146341463414634,FALSE,TRUE,FALSE,FALSE,FALSE,train
114,Tomatoes,364,Mannar,Northern,Mannar,2024-11-01,358,9.146341463414634,9.146341463414634,5.8805329864007,0.08751937801655618,6.770833333333337,11.498458972951122,9.25598796429141,11,11,49.94413407821228,TRUE,TRUE,FALSE,FALSE,FALSE,train
114,Tomatoes,364,Mannar,Northern,Mannar,2024-12-01,536.8,49.94413407821228,49.94413407821228,6.285625585657472,0.405092599256772,9.146341463414634,24.26944862141112,21.95376962498675,12,12,21.665424739195227,TRUE,TRUE,FALSE,FALSE,FALSE,train
114,Tomatoes,364,Mannar,Northern,Mannar,2025-01-01,420.5,-21.665424739195227,21.665424739195227,6.041444479413003,-0.24418110624446943,49.94413407821228,35.9206387582127,26.918633426940715,1,1,35.55291319857313,TRUE,TRUE,FALSE,FALSE,FALSE,validation
114,Tomatoes,364,Mannar,Northern,Mannar,2025-06-01,570,35.55291319857313,35.55291319857313,6.345636360828596,0.3041918814155933,-21.665424739195227,37.87913750512052,35.720824005326875,6,6,51.75438596491228,TRUE,TRUE,FALSE,FALSE,FALSE,test
114,Tomatoes,364,Mannar,Northern,Mannar,2025-07-01,275,-51.75438596491228,51.75438596491228,5.616771097666572,-0.7288652631620245,35.55291319857313,44.35058863049002,36.32424130089355,7,7,14.770909090909093,TRUE,TRUE,FALSE,TRUE,FALSE,test
114,Tomatoes,364,Mannar,Northern,Mannar,2025-08-01,234.38,-14.770909090909093,14.770909090909093,5.456943729830456,-0.15982736783611529,-51.75438596491228,43.823184766999866,34.0260694181315,8,8,15.624200017066304,TRUE,TRUE,FALSE,FALSE,FALSE,test
114,Tomatoes,364,Mannar,Northern,Mannar,2025-09-01,271,15.624200017066304,15.624200017066304,5.602118820879701,0.14517509104924464,-14.770909090909093,33.74293523170576,27.38316502429589,9,9,NA,FALSE,TRUE,TRUE,FALSE,FALSE,inference
114,Tomatoes,366,Trincomalee,Eastern,Trincomalee,2023-06-01,352.75,NA,NA,5.865759590732924,NA,NA,NA,NA,6,6,46.05244507441532,TRUE,TRUE,FALSE,FALSE,FALSE,train
114,Tomatoes,366,Trincomalee,Eastern,Trincomalee,2023-07-01,515.2,46.05244507441532,46.05244507441532,6.244555174790144,0.3787955840572206,NA,NA,NA,7,7,42.54658385093168,TRUE,TRUE,FALSE,FALSE,FALSE,train
114,Tomatoes,366,Trincomalee,Eastern,Trincomalee,2023-08-01,296,-42.54658385093168,42.54658385093168,5.69035945432406,-0.5541957204660841,46.05244507441532,62.648974159655936,44.2995144626735,8,8,31.25,TRUE,TRUE,FALSE,FALSE,FALSE,train
114,Tomatoes,366,Trincomalee,Eastern,Trincomalee,2023-09-01,203.5,-31.25,31.25,5.31566600488265,-0.37469344944141003,-42.54658385093168,48.223557085202316,39.949676308449,9,9,35.23341523341523,TRUE,TRUE,FALSE,FALSE,FALSE,train
114,Tomatoes,366,Trincomalee,Eastern,Trincomalee,2023-10-01,275.2,35.23341523341523,35.23341523341523,5.617498106059188,0.30183210117653836,-31.25,42.026550269563415,36.34333302811564,10,10,25.36337209302326,TRUE,TRUE,FALSE,FALSE,FALSE,train
114,Tomatoes,366,Trincomalee,Eastern,Trincomalee,2023-11-01,345,25.36337209302326,25.36337209302326,5.84354441703136,0.22604631097217176,35.23341523341523,35.87602763321448,30.615595775479495,11,11,114.20289855072464,TRUE,TRUE,FALSE,FALSE,FALSE,train
114,Tomatoes,366,Trincomalee,Eastern,Trincomalee,2023-12-01,739,114.20289855072464,114.20289855072464,6.6052979209482015,0.7617535039168413,25.36337209302326,48.693015426966234,58.26656195905438,12,12,0.4059539918809202,FALSE,TRUE,FALSE,TRUE,FALSE,train
114,Tomatoes,366,Trincomalee,Eastern,Trincomalee,2024-01-01,742,0.4059539918809202,0.4059539918809202,6.60934924316738,0.004051322219178921,114.20289855072464,59.812315858904846,46.65740821187627,1,1,19.878706199460918,TRUE,TRUE,FALSE,FALSE,FALSE,train
114,Tomatoes,366,Trincomalee,Eastern,Trincomalee,2024-02-01,889.5,19.878706199460918,19.878706199460918,6.7906595071058895,0.18131026393850913,0.4059539918809202,60.8632153989372,44.829186247355494,2,2,50.15964024732996,TRUE,TRUE,FALSE,FALSE,FALSE,train
114,Tomatoes,366,Trincomalee,Eastern,Trincomalee,2024-03-01,443.33,-50.15964024732996,50.15964024732996,6.094314413722431,-0.6963450933834583,19.878706199460918,36.1511580549942,23.481433479557268,3,3,52.02896262377913,TRUE,TRUE,FALSE,TRUE,FALSE,train
114,Tomatoes,366,Trincomalee,Eastern,Trincomalee,2024-04-01,212.67,-52.02896262377913,52.02896262377913,5.359741668535036,-0.7345727451873953,-50.15964024732996,40.986943398153365,40.68910302352334,4,4,1.5658061785865485,FALSE,TRUE,FALSE,TRUE,FALSE,train
114,Tomatoes,366,Trincomalee,Eastern,Trincomalee,2024-05-01,216,1.5658061785865485,1.5658061785865485,5.375278407684165,0.015536739149129453,-52.02896262377913,30.417690623184182,34.58480301656521,5,5,0,FALSE,TRUE,FALSE,FALSE,FALSE,train
114,Tomatoes,366,Trincomalee,Eastern,Trincomalee,2024-06-01,216,0,0,5.375278407684165,0,1.5658061785865485,30.50099436541519,17.864922934121893,6,6,138.14814814814812,TRUE,TRUE,FALSE,FALSE,FALSE,train
114,Tomatoes,366,Trincomalee,Eastern,Trincomalee,2024-07-01,514.4,138.14814814814812,138.14814814814812,6.243001172923409,0.8677227652392441,0,79.31172540850211,46.571318108911555,7,7,36.625194401244165,TRUE,TRUE,FALSE,TRUE,FALSE,train
114,Tomatoes,366,Trincomalee,Eastern,Trincomalee,2024-08-01,326,-36.625194401244165,36.625194401244165,5.786897381366708,-0.45610379155670167,138.14814814814812,92.17016596815084,58.25778084979743,8,8,3.926380368098163,FALSE,TRUE,FALSE,FALSE,FALSE,train
114,Tomatoes,366,Trincomalee,Eastern,Trincomalee,2024-09-01,313.2,-3.926380368098163,3.926380368098163,5.746841964116648,-0.04005541725006001,-36.625194401244165,92.91582692431464,59.56657430583015,9,9,31.331417624521073,TRUE,TRUE,FALSE,FALSE,FALSE,train
114,Tomatoes,366,Trincomalee,Eastern,Trincomalee,2024-10-01,411.33,31.331417624521073,31.331417624521073,6.019395812036673,0.2725538479200251,-3.926380368098163,33.98633518656921,23.960997464621133,10,10,1.235018111978213,FALSE,TRUE,FALSE,FALSE,FALSE,train
114,Tomatoes,366,Trincomalee,Eastern,Trincomalee,2024-11-01,406.25,-1.235018111978213,1.235018111978213,6.006968733643947,-0.012427078392725832,31.331417624521073,19.625359812674134,12.164272034865817,11,11,15.74153846153846,TRUE,TRUE,FALSE,FALSE,FALSE,train
114,Tomatoes,366,Trincomalee,Eastern,Trincomalee,2024-12-01,470.2,15.74153846153846,15.74153846153846,6.1531581361059695,0.1461894024620225,-1.235018111978213,16.28813751369254,16.10265806601258,12,12,0.6805614632071435,FALSE,TRUE,FALSE,FALSE,FALSE,train
114,Tomatoes,366,Trincomalee,Eastern,Trincomalee,2025-01-01,467,-0.6805614632071435,0.6805614632071435,6.1463292576688975,-0.006828878437072028,15.74153846153846,9.645346556824764,5.885706012241272,1,1,23.126338329764454,TRUE,TRUE,FALSE,FALSE,FALSE,validation
114,Tomatoes,366,Trincomalee,Eastern,Trincomalee,2025-02-01,359,-23.126338329764454,23.126338329764454,5.883322388488279,-0.2630068691806189,-0.6805614632071435,19.51157823509549,13.182812751503352,2,2,6.796657381615592,FALSE,TRUE,FALSE,FALSE,FALSE,validation
114,Tomatoes,366,Trincomalee,Eastern,Trincomalee,2025-03-01,334.6,-6.796657381615592,6.796657381615592,5.812935788552724,-0.07038659993555463,-23.126338329764454,11.603720727240809,10.201185724862396,3,3,40.863717872086056,TRUE,TRUE,FALSE,FALSE,FALSE,validation
114,Tomatoes,366,Trincomalee,Eastern,Trincomalee,2025-04-01,471.33,40.863717872086056,40.863717872086056,6.1555584856276155,0.34262269707489157,-6.796657381615592,33.24880233910183,23.595571194488702,4,4,121.21867905713623,TRUE,TRUE,FALSE,FALSE,FALSE,test
114,Tomatoes,366,Trincomalee,Eastern,Trincomalee,2025-05-01,1042.67,121.21867905713623,121.21867905713623,6.949540009922928,0.7939815242953125,40.863717872086056,64.69976496595821,56.293018103612624,5,5,34.11146383803121,TRUE,TRUE,FALSE,TRUE,FALSE,test
114,Tomatoes,366,Trincomalee,Eastern,Trincomalee,2025-06-01,687,-34.11146383803121,34.11146383803121,6.532334292222349,-0.417205717700579,121.21867905713623,77.68059705330664,65.3979535890845,6,6,64.70160116448326,TRUE,TRUE,FALSE,FALSE,FALSE,test
114,Tomatoes,366,Trincomalee,Eastern,Trincomalee,2025-07-01,242.5,-64.70160116448326,64.70160116448326,5.491001710377538,-1.0413325818448111,-34.11146383803121,99.69082237194642,73.34391468655024,7,7,12.577319587628866,TRUE,TRUE,FALSE,TRUE,FALSE,test
114,Tomatoes,366,Trincomalee,Eastern,Trincomalee,2025-08-01,212,-12.577319587628866,12.577319587628866,5.356586274672012,-0.1344154357055256,-64.70160116448326,26.19292716285427,37.130128196714445,8,8,19.10377358490566,TRUE,TRUE,FALSE,FALSE,FALSE,test
114,Tomatoes,366,Trincomalee,Eastern,Trincomalee,2025-09-01,252.5,19.10377358490566,19.10377358490566,5.531411248715415,0.17482497404340247,-12.577319587628866,42.316216811437535,32.12756477900593,9,9,NA,FALSE,TRUE,TRUE,FALSE,FALSE,inference
114,Tomatoes,367,Vavuniya,Northern,Vavuniya,2023-06-01,325.5,NA,NA,5.785362461648624,NA,NA,NA,NA,6,6,53.24116743471582,TRUE,TRUE,FALSE,FALSE,FALSE,train
114,Tomatoes,367,Vavuniya,Northern,Vavuniya,2023-07-01,498.8,53.24116743471582,53.24116743471582,6.212205213805881,0.4268427521572571,NA,NA,NA,7,7,44.065757818765036,TRUE,TRUE,FALSE,TRUE,FALSE,train
114,Tomatoes,367,Vavuniya,Northern,Vavuniya,2023-08-01,279,-44.065757818765036,44.065757818765036,5.631211781821365,-0.580993431984516,53.24116743471582,68.80638670314883,48.65346262674043,8,8,18.100358422939067,TRUE,TRUE,FALSE,FALSE,FALSE,train
114,Tomatoes,367,Vavuniya,Northern,Vavuniya,2023-09-01,228.5,-18.100358422939067,18.100358422939067,5.43153621033426,-0.19967557148710569,-44.065757818765036,50.38593219634774,38.46909455880664,9,9,7.87746170678337,FALSE,TRUE,FALSE,FALSE,FALSE,train
114,Tomatoes,367,Vavuniya,Northern,Vavuniya,2023-10-01,246.5,7.87746170678337,7.87746170678337,5.5073619934827445,0.07582578314848476,-18.100358422939067,25.971610010279445,23.34785931616249,10,10,49.49290060851927,TRUE,TRUE,FALSE,FALSE,FALSE,train
114,Tomatoes,367,Vavuniya,Northern,Vavuniya,2023-11-01,368.5,49.49290060851927,49.49290060851927,5.909440711629391,0.40207871814664653,7.87746170678337,34.09677541002509,25.156906912747235,11,11,107.00949796472186,TRUE,TRUE,FALSE,FALSE,FALSE,train
114,Tomatoes,367,Vavuniya,Northern,Vavuniya,2023-12-01,762.83,107.00949796472186,107.00949796472186,6.637035201741581,0.7275944901121898,49.49290060851927,49.778114901806795,54.793286760008165,12,12,10.548877207241445,TRUE,TRUE,FALSE,TRUE,FALSE,train
114,Tomatoes,367,Vavuniya,Northern,Vavuniya,2024-01-01,843.3,10.548877207241445,10.548877207241445,6.737322766580596,0.10028756483901535,107.00949796472186,48.52739310093023,55.68375859349419,1,1,8.917348511798892,FALSE,TRUE,FALSE,FALSE,FALSE,train
114,Tomatoes,367,Vavuniya,Northern,Vavuniya,2024-02-01,918.5,8.917348511798892,8.917348511798892,6.822741904655181,0.08541913807458457,10.548877207241445,56.16847132674031,42.15857456125406,2,2,57.43059335873707,TRUE,TRUE,FALSE,FALSE,FALSE,train
114,Tomatoes,367,Vavuniya,Northern,Vavuniya,2024-03-01,391,-57.43059335873707,57.43059335873707,5.968707559985366,-0.8540343446698149,8.917348511798892,38.785563669082705,25.6322730259258,3,3,59.948849104859335,TRUE,TRUE,FALSE,TRUE,FALSE,train
114,Tomatoes,367,Vavuniya,Northern,Vavuniya,2024-04-01,156.6,-59.948849104859335,59.948849104859335,5.053694783556702,-0.9150127764286635,-57.43059335873707,39.05326315140115,42.09893032513177,4,4,41.44316730523628,TRUE,TRUE,FALSE,TRUE,FALSE,train
114,Tomatoes,367,Vavuniya,Northern,Vavuniya,2024-05-01,221.5,41.44316730523628,41.44316730523628,5.40042258948519,0.34672780592848795,-59.948849104859335,57.82546029726678,52.94086992294423,5,5,180.81264108352144,TRUE,TRUE,FALSE,FALSE,FALSE,train
114,Tomatoes,367,Vavuniya,Northern,Vavuniya,2024-06-01,622,180.81264108352144,180.81264108352144,6.432940092739179,1.032517503253989,41.44316730523628,120.87892452827263,94.06821916453902,6,6,17.073954983922835,TRUE,TRUE,FALSE,TRUE,FALSE,train
114,Tomatoes,367,Vavuniya,Northern,Vavuniya,2024-07-01,515.8,-17.073954983922835,17.073954983922835,6.245719093447244,-0.18722099929193536,180.81264108352144,101.65891396019695,79.77658779089352,7,7,41.64404808065141,TRUE,TRUE,FALSE,FALSE,FALSE,train
114,Tomatoes,367,Vavuniya,Northern,Vavuniya,2024-08-01,301,-41.64404808065141,41.64404808065141,5.707110264748875,-0.5386088286983686,-17.073954983922835,121.96295402828078,79.84354804936522,8,8,3.853820598006652,FALSE,TRUE,FALSE,FALSE,FALSE,train
114,Tomatoes,367,Vavuniya,Northern,Vavuniya,2024-09-01,289.4,-3.853820598006652,3.853820598006652,5.667809814197383,-0.039300450551492006,-41.64404808065141,19.17708146527008,20.857274554193634,9,9,42.709053213545275,TRUE,TRUE,FALSE,FALSE,FALSE,train
114,Tomatoes,367,Vavuniya,Northern,Vavuniya,2024-10-01,413,42.709053213545275,42.709053213545275,6.023447592961033,0.35563777876364977,-3.853820598006652,42.25251118519378,29.402307297401112,10,10,8.958837772397095,FALSE,TRUE,FALSE,FALSE,FALSE,train
114,Tomatoes,367,Vavuniya,Northern,Vavuniya,2024-11-01,376,-8.958837772397095,8.958837772397095,5.929589143389895,-0.09385844957113854,42.709053213545275,28.471428300656534,18.507237194649672,11,11,37.63297872340426,TRUE,TRUE,FALSE,FALSE,FALSE,train
114,Tomatoes,367,Vavuniya,Northern,Vavuniya,2024-12-01,517.5,37.63297872340426,37.63297872340426,6.249009525139524,0.3194203817496293,-8.958837772397095,28.478456347278584,29.76695656978221,12,12,16.89275362318841,TRUE,TRUE,FALSE,FALSE,FALSE,train
114,Tomatoes,367,Vavuniya,Northern,Vavuniya,2025-01-01,430.08,-16.89275362318841,16.89275362318841,6.06397123789473,-0.18503828724479376,37.63297872340426,29.4584449494485,21.161523372996587,1,1,30.187406994047617,TRUE,TRUE,FALSE,FALSE,FALSE,validation
114,Tomatoes,367,Vavuniya,Northern,Vavuniya,2025-02-01,300.25,-30.187406994047617,30.187406994047617,5.704615460960093,-0.3593557769346374,-16.89275362318841,35.938391762958986,28.23771311354676,2,2,1.6819317235637008,FALSE,TRUE,FALSE,FALSE,FALSE,validation
114,Tomatoes,367,Vavuniya,Northern,Vavuniya,2025-03-01,295.2,-1.6819317235637008,1.6819317235637008,5.687653092726317,-0.016962368233775393,-30.187406994047617,14.26346750448835,16.254030780266575,3,3,147.45934959349594,TRUE,TRUE,FALSE,FALSE,FALSE,validation
114,Tomatoes,367,Vavuniya,Northern,Vavuniya,2025-04-01,730.5,147.45934959349594,147.45934959349594,6.593729231190754,0.9060761384644369,-1.6819317235637008,95.40619654872567,59.77622943703575,4,4,33.880903490759756,TRUE,TRUE,FALSE,TRUE,FALSE,test
114,Tomatoes,367,Vavuniya,Northern,Vavuniya,2025-05-01,978,33.880903490759756,33.880903490759756,6.885509670034818,0.29178043884406346,147.45934959349594,77.89726189078321,61.0073949359398,5,5,43.22597137014315,TRUE,TRUE,FALSE,FALSE,FALSE,test
114,Tomatoes,367,Vavuniya,Northern,Vavuniya,2025-06-01,555.25,-43.22597137014315,43.22597137014315,6.319418462774537,-0.5660912072602811,33.880903490759756,95.92221258302057,74.85540815146628,6,6,62.224223322827555,TRUE,TRUE,FALSE,FALSE,FALSE,test
114,Tomatoes,367,Vavuniya,Northern,Vavuniya,2025-07-01,209.75,-62.224223322827555,62.224223322827555,5.345916345347316,-0.9735021174272207,-43.22597137014315,50.89629837216114,46.44369939457682,7,7,4.328963051251496,FALSE,TRUE,FALSE,TRUE,FALSE,test
114,Tomatoes,367,Vavuniya,Northern,Vavuniya,2025-08-01,200.67,-4.328963051251496,4.328963051251496,5.301661767798426,-0.04425457754889006,-62.224223322827555,29.512065316101754,36.5930525814074,8,8,19.20067772960582,TRUE,TRUE,FALSE,FALSE,FALSE,test
114,Tomatoes,367,Vavuniya,Northern,Vavuniya,2025-09-01,239.2,19.20067772960582,19.20067772960582,5.477300022076476,0.17563825427805035,-4.328963051251496,41.90369846164791,28.584621367894957,9,9,NA,FALSE,TRUE,TRUE,FALSE,FALSE,inference
114,Tomatoes,368,Colombo City,Western,Colombo,2023-06-01,360.2,NA,NA,5.8866594327418555,NA,NA,NA,NA,6,6,37.41254858411993,TRUE,TRUE,FALSE,FALSE,FALSE,train
114,Tomatoes,368,Colombo City,Western,Colombo,2023-07-01,494.96,37.41254858411993,37.41254858411993,6.204476951222733,0.3178175184808776,NA,NA,NA,7,7,45.20365282042993,TRUE,TRUE,FALSE,FALSE,FALSE,train
114,Tomatoes,368,Colombo City,Western,Colombo,2023-08-01,271.22,-45.20365282042993,45.20365282042993,5.602930299659799,-0.6015466515629342,37.41254858411993,58.41847624903078,41.30810070227493,8,8,14.036575473785126,TRUE,TRUE,FALSE,FALSE,FALSE,train
114,Tomatoes,368,Colombo City,Western,Colombo,2023-09-01,233.15,-14.036575473785126,14.036575473785126,5.45168202325433,-0.151248276405469,-45.20365282042993,41.72096957001877,32.21759229277833,9,9,13.377653870898548,TRUE,TRUE,FALSE,FALSE,FALSE,train
114,Tomatoes,368,Colombo City,Western,Colombo,2023-10-01,264.34,13.377653870898548,13.377653870898548,5.57723615332966,0.12555413007533023,-14.036575473785126,29.310681143450484,24.205960721704535,10,10,31.183324506317625,TRUE,TRUE,FALSE,FALSE,FALSE,train
114,Tomatoes,368,Colombo City,Western,Colombo,2023-11-01,346.77,31.183324506317625,31.183324506317625,5.848661735974286,0.2714255826446257,13.377653870898548,22.779454308471472,19.532517950333766,11,11,93.794157510742,TRUE,TRUE,FALSE,FALSE,FALSE,train
114,Tomatoes,368,Colombo City,Western,Colombo,2023-12-01,672.02,93.794157510742,93.794157510742,6.510288101985035,0.6616263660107489,31.183324506317625,42.237369658360386,46.11837862931939,12,12,5.8510163387994485,FALSE,TRUE,FALSE,TRUE,FALSE,train
114,Tomatoes,368,Colombo City,Western,Colombo,2024-01-01,711.34,5.8510163387994485,5.8510163387994485,6.5671505152208995,0.05686241323586483,93.794157510742,45.269265375436646,43.60949945195302,1,1,32.23212528467399,TRUE,TRUE,FALSE,FALSE,FALSE,train
114,Tomatoes,368,Colombo City,Western,Colombo,2024-02-01,940.62,32.23212528467399,32.23212528467399,6.846539232308495,0.2793887170875955,5.8510163387994485,45.129153179524195,43.959099711405145,2,2,54.02394165550382,TRUE,TRUE,FALSE,FALSE,FALSE,train
114,Tomatoes,368,Colombo City,Western,Colombo,2024-03-01,432.46,-54.02394165550382,54.02394165550382,6.069489836545749,-0.777049395762746,32.23212528467399,44.198571975464915,30.70236109299242,3,3,52.14123849604587,TRUE,TRUE,FALSE,TRUE,FALSE,train
114,Tomatoes,368,Colombo City,Western,Colombo,2024-04-01,206.97,-52.14123849604587,52.14123849604587,5.332573855226127,-0.7369159813196218,-54.02394165550382,49.26546824915122,46.1324351454079,4,4,3.565734164371646,FALSE,TRUE,FALSE,TRUE,FALSE,train
114,Tomatoes,368,Colombo City,Western,Colombo,2024-05-01,214.35,3.565734164371646,3.565734164371646,5.367610193043986,0.035036337817858865,-52.14123849604587,32.71946957397457,36.57697143864045,5,5,154.16375087473756,TRUE,TRUE,FALSE,FALSE,FALSE,train
114,Tomatoes,368,Colombo City,Western,Colombo,2024-06-01,544.8,154.16375087473756,154.16375087473756,6.300418754835302,0.9328085617913162,3.565734164371646,106.72767376159071,69.95690784505169,6,6,10.712187958883987,TRUE,TRUE,FALSE,TRUE,FALSE,train
114,Tomatoes,368,Colombo City,Western,Colombo,2024-07-01,486.44,-10.712187958883987,10.712187958883987,6.187113564112799,-0.11330519072250311,154.16375087473756,91.34887054904904,56.1472243326644,7,7,35.08757503494778,TRUE,TRUE,FALSE,FALSE,FALSE,train
114,Tomatoes,368,Colombo City,Western,Colombo,2024-08-01,315.76,-35.08757503494778,35.08757503494778,5.754982431354592,-0.43213113275820714,-10.712187958883987,102.95168693773307,66.65450462285645,8,8,8.962503166962254,FALSE,TRUE,FALSE,FALSE,FALSE,train
114,Tomatoes,368,Colombo City,Western,Colombo,2024-09-01,287.46,-8.962503166962254,8.962503166962254,5.661083720123085,-0.09389871123150684,-35.08757503494778,14.604452928738487,18.254088720264676,9,9,26.949836498991175,TRUE,TRUE,FALSE,FALSE,FALSE,train
114,Tomatoes,368,Colombo City,Western,Colombo,2024-10-01,364.93,26.949836498991175,26.949836498991175,5.89970555436828,0.2386218342451949,-8.962503166962254,31.14711316270344,23.666638233633737,10,10,7.823418189789825,FALSE,TRUE,FALSE,FALSE,FALSE,train
114,Tomatoes,368,Colombo City,Western,Colombo,2024-11-01,336.38,-7.823418189789825,7.823418189789825,5.818241473299286,-0.08146408106899372,26.949836498991175,20.413120358072245,14.578585951914418,11,11,35.00208097984422,TRUE,TRUE,FALSE,FALSE,FALSE,train
114,Tomatoes,368,Colombo City,Western,Colombo,2024-12-01,454.12,35.00208097984422,35.00208097984422,6.118361480296333,0.3001200069970462,-7.823418189789825,22.759764431845454,23.258445222875075,12,12,7.409935699815022,FALSE,TRUE,FALSE,FALSE,FALSE,train
114,Tomatoes,368,Colombo City,Western,Colombo,2025-01-01,420.47,-7.409935699815022,7.409935699815022,6.041373133229399,-0.07698834706693347,35.00208097984422,24.606819873541617,16.745144956483024,1,1,29.402811139914867,TRUE,TRUE,FALSE,FALSE,FALSE,validation
114,Tomatoes,368,Colombo City,Western,Colombo,2025-02-01,296.84,-29.402811139914867,29.402811139914867,5.693193273101933,-0.34817986012746616,-7.409935699815022,32.73748070616015,23.938275939858038,2,2,17.150653550734415,TRUE,TRUE,FALSE,FALSE,FALSE,validation
114,Tomatoes,368,Colombo City,Western,Colombo,2025-03-01,347.75,17.150653550734415,17.150653550734415,5.851483830803552,0.15829055770161915,-29.402811139914867,23.28853147352963,17.987800130154767,3,3,97.90941768511863,TRUE,TRUE,FALSE,FALSE,FALSE,validation
114,Tomatoes,368,Colombo City,Western,Colombo,2025-04-01,688.23,97.90941768511863,97.90941768511863,6.534123084392353,0.6826392535888006,17.150653550734415,64.41739758224523,48.15429412525597,4,4,28.297226217979453,TRUE,TRUE,FALSE,TRUE,FALSE,test
114,Tomatoes,368,Colombo City,Western,Colombo,2025-05-01,882.98,28.297226217979453,28.297226217979453,6.783302550290818,0.2491794658984654,97.90941768511863,43.76467614335584,47.78576581794417,5,5,38.66678746970487,TRUE,TRUE,FALSE,FALSE,FALSE,test
114,Tomatoes,368,Colombo City,Western,Colombo,2025-06-01,541.56,-38.66678746970487,38.66678746970487,6.29445386362691,-0.4888486866639079,28.297226217979453,68.2923814009958,54.957810457600985,6,6,60.61562892384963,TRUE,TRUE,FALSE,FALSE,FALSE,test
114,Tomatoes,368,Colombo City,Western,Colombo,2025-07-01,213.29,-60.61562892384963,60.61562892384963,5.362652742052931,-0.9318011215739794,-38.66678746970487,46.31671149059023,42.52654753717798,7,7,10.549017769234377,TRUE,TRUE,FALSE,TRUE,FALSE,test
114,Tomatoes,368,Colombo City,Western,Colombo,2025-08-01,235.79,10.549017769234377,10.549017769234377,5.4629415783829565,0.10028883633002561,-60.61562892384963,36.44254396866354,36.610478054262956,8,8,3.3377157640273145,FALSE,TRUE,FALSE,FALSE,FALSE,test
114,Tomatoes,368,Colombo City,Western,Colombo,2025-09-01,243.66,3.3377157640273145,3.3377157640273145,5.495773810926261,0.032832232543304585,10.549017769234377,39.171503486438056,24.834120819037107,9,9,NA,FALSE,TRUE,TRUE,FALSE,FALSE,inference
114,Tomatoes,1888,Polonnaruwa,North Central,Polonnaruwa,2023-06-01,362,NA,NA,5.8916442118257715,NA,NA,NA,NA,6,6,16.574585635359117,TRUE,TRUE,FALSE,FALSE,FALSE,train
114,Tomatoes,1888,Polonnaruwa,North Central,Polonnaruwa,2023-07-01,422,16.574585635359117,16.574585635359117,6.045005314036012,0.15336110221024057,NA,NA,NA,7,7,52.132701421800945,TRUE,TRUE,FALSE,FALSE,FALSE,train
114,Tomatoes,1888,Polonnaruwa,North Central,Polonnaruwa,2023-08-01,202,-52.132701421800945,52.132701421800945,5.308267697401205,-0.736737616634807,16.574585635359117,48.58338859504859,34.35364352858003,8,8,6.930693069306931,FALSE,TRUE,FALSE,TRUE,FALSE,train
114,Tomatoes,1888,Polonnaruwa,North Central,Polonnaruwa,2023-09-01,188,-6.930693069306931,6.930693069306931,5.236441962829949,-0.07182573457125585,-52.132701421800945,34.919934566657766,25.212660042155665,9,9,21.27659574468085,TRUE,TRUE,FALSE,FALSE,FALSE,train
114,Tomatoes,1888,Polonnaruwa,North Central,Polonnaruwa,2023-10-01,228,21.27659574468085,21.27659574468085,5.429345628954441,0.19290366612449183,-6.930693069306931,37.03106266323695,26.77999674526291,10,10,21.710526315789473,TRUE,TRUE,FALSE,FALSE,FALSE,train
114,Tomatoes,1888,Polonnaruwa,North Central,Polonnaruwa,2023-11-01,277.5,21.710526315789473,21.710526315789473,5.625820933186489,0.19647530423204795,21.27659574468085,16.412184933972508,16.63927170992575,11,11,153.2144144144144,TRUE,TRUE,FALSE,FALSE,FALSE,train
114,Tomatoes,1888,Polonnaruwa,North Central,Polonnaruwa,2023-12-01,702.67,153.2144144144144,153.2144144144144,6.554887364814908,0.929066431628419,21.710526315789473,76.0493796557251,65.4005121582949,12,12,11.309718644598448,TRUE,TRUE,FALSE,TRUE,FALSE,train
114,Tomatoes,1888,Polonnaruwa,North Central,Polonnaruwa,2024-01-01,623.2,-11.309718644598448,11.309718644598448,6.4348674945565385,-0.12001987025836947,153.2144144144144,87.03619890704428,62.07821979160077,1,1,28.610397946084717,TRUE,TRUE,FALSE,FALSE,FALSE,train
114,Tomatoes,1888,Polonnaruwa,North Central,Polonnaruwa,2024-02-01,801.5,28.610397946084717,28.610397946084717,6.686484972049608,0.2516174774930695,-11.309718644598448,85.81760404823056,64.37817700169919,2,2,53.54585152838428,TRUE,TRUE,FALSE,FALSE,FALSE,train
114,Tomatoes,1888,Polonnaruwa,North Central,Polonnaruwa,2024-03-01,372.33,-53.54585152838428,53.54585152838428,5.919780557809539,-0.7667044142400687,28.610397946084717,41.08356515952525,31.155322706355815,3,3,45.31732602798593,TRUE,TRUE,FALSE,TRUE,FALSE,train
114,Tomatoes,1888,Polonnaruwa,North Central,Polonnaruwa,2024-04-01,203.6,-45.31732602798593,45.31732602798593,5.316157284676367,-0.6036232731331719,-53.54585152838428,45.245011385433926,42.49119183415164,4,4,19.778978388998027,TRUE,TRUE,FALSE,FALSE,FALSE,train
114,Tomatoes,1888,Polonnaruwa,North Central,Polonnaruwa,2024-05-01,163.33,-19.778978388998027,19.778978388998027,5.095772694065048,-0.2203845906113191,-45.31732602798593,17.60737323609965,39.547385315122746,5,5,129.08834874181105,TRUE,TRUE,FALSE,FALSE,FALSE,train
114,Tomatoes,1888,Polonnaruwa,North Central,Polonnaruwa,2024-08-01,374.17,129.08834874181105,129.08834874181105,5.924710239594586,0.8289375455295378,-19.778978388998027,94.19043447462285,64.72821771959833,8,8,28.21444797819173,TRUE,TRUE,FALSE,FALSE,FALSE,train
114,Tomatoes,1888,Polonnaruwa,North Central,Polonnaruwa,2024-09-01,268.6,-28.21444797819173,28.21444797819173,5.593223284089137,-0.33148695550544893,129.08834874181105,88.4842811748656,59.02725836966693,9,9,30.86373790022337,TRUE,TRUE,FALSE,FALSE,FALSE,train
114,Tomatoes,1888,Polonnaruwa,North Central,Polonnaruwa,2024-10-01,351.5,30.86373790022337,30.86373790022337,5.86220971125072,0.2689864271615825,-28.21444797819173,79.45908389185848,62.72217820674205,10,10,0.5689900426742532,FALSE,TRUE,FALSE,FALSE,FALSE,train
114,Tomatoes,1888,Polonnaruwa,North Central,Polonnaruwa,2024-11-01,349.5,-0.5689900426742532,0.5689900426742532,5.856503561673865,-0.005706149576854891,30.86373790022337,29.55931826311642,19.88239197369645,11,11,45.9513590844063,TRUE,TRUE,FALSE,FALSE,FALSE,train
114,Tomatoes,1888,Polonnaruwa,North Central,Polonnaruwa,2024-12-01,510.1,45.9513590844063,45.9513590844063,6.234606784928881,0.37810322325501655,-0.5689900426742532,23.73392642693537,25.794695675767976,12,12,17.56518329739267,TRUE,TRUE,FALSE,FALSE,FALSE,train
114,Tomatoes,1888,Polonnaruwa,North Central,Polonnaruwa,2025-01-01,420.5,-17.56518329739267,17.56518329739267,6.041444479413003,-0.19316230551587843,45.9513590844063,32.88202301206559,21.361844141491076,1,1,24.137931034482758,TRUE,TRUE,FALSE,FALSE,FALSE,validation
114,Tomatoes,1888,Polonnaruwa,North Central,Polonnaruwa,2025-02-01,319,-24.137931034482758,24.137931034482758,5.765191102784844,-0.2762533766281585,-17.56518329739267,38.70844171134613,29.218157805427243,2,2,7.836990595611285,FALSE,TRUE,FALSE,FALSE,FALSE,validation
114,Tomatoes,1888,Polonnaruwa,North Central,Polonnaruwa,2025-03-01,344,7.836990595611285,7.836990595611285,5.840641657373398,0.07545055458855376,-24.137931034482758,16.886222513025672,16.51336830916224,3,3,62.5,TRUE,TRUE,FALSE,FALSE,FALSE,validation
114,Tomatoes,1888,Polonnaruwa,North Central,Polonnaruwa,2025-04-01,559,62.5,62.5,6.326149473155099,0.485507815781701,7.836990595611285,43.811283372229454,31.49164054336468,4,4,58.318425760286225,TRUE,TRUE,FALSE,TRUE,FALSE,test
114,Tomatoes,1888,Polonnaruwa,North Central,Polonnaruwa,2025-05-01,885,58.318425760286225,58.318425760286225,6.785587645007929,0.4594381718528302,62.5,30.42451165467247,42.88513878529917,5,5,39.163841807909606,TRUE,TRUE,FALSE,TRUE,FALSE,test
114,Tomatoes,1888,Polonnaruwa,North Central,Polonnaruwa,2025-06-01,538.4,-39.163841807909606,39.163841807909606,6.288601778330518,-0.4969858666774112,58.318425760286225,57.52653704234135,53.32742252273194,6,6,61.181277860326894,TRUE,TRUE,FALSE,FALSE,FALSE,test
114,Tomatoes,1888,Polonnaruwa,North Central,Polonnaruwa,2025-07-01,209,-61.181277860326894,61.181277860326894,5.342334251964811,-0.9462675263657072,-39.163841807909606,63.59735207534716,52.88784847617424,7,7,15.789473684210526,TRUE,TRUE,FALSE,TRUE,FALSE,test
114,Tomatoes,1888,Polonnaruwa,North Central,Polonnaruwa,2025-08-01,242,15.789473684210526,15.789473684210526,5.488937726156687,0.1466034741918758,-61.181277860326894,39.64242459627834,38.711531117482345,8,8,0.8264462809917356,FALSE,TRUE,FALSE,FALSE,FALSE,test
114,Tomatoes,1888,Polonnaruwa,North Central,Polonnaruwa,2025-09-01,240,-0.8264462809917356,0.8264462809917356,5.480638923341991,-0.008298802814695527,15.789473684210526,40.50368519157821,25.932399275176387,9,9,NA,FALSE,TRUE,TRUE,FALSE,FALSE,inference
114,Tomatoes,1889,Monaragala,Uva,Moneragala,2023-06-01,326,NA,NA,5.786897381366708,NA,NA,NA,NA,6,6,36.932515337423304,TRUE,TRUE,FALSE,FALSE,FALSE,train
114,Tomatoes,1889,Monaragala,Uva,Moneragala,2023-07-01,446.4,36.932515337423304,36.932515337423304,6.101215411067101,0.31431802970039335,NA,NA,NA,7,7,42.8763440860215,TRUE,TRUE,FALSE,FALSE,FALSE,train
114,Tomatoes,1889,Monaragala,Uva,Moneragala,2023-08-01,255,-42.8763440860215,42.8763440860215,5.541263545158426,-0.5599518659086753,36.932515337423304,56.43338569708171,39.9044297117224,8,8,16.470588235294116,TRUE,TRUE,FALSE,FALSE,FALSE,train
114,Tomatoes,1889,Monaragala,Uva,Moneragala,2023-09-01,213,-16.470588235294116,16.470588235294116,5.3612921657094255,-0.17997137944900032,-42.8763440860215,40.65835185977124,32.09314921957964,9,9,2.347417840375587,FALSE,TRUE,FALSE,FALSE,FALSE,train
114,Tomatoes,1889,Monaragala,Uva,Moneragala,2023-10-01,208,-2.347417840375587,2.347417840375587,5.337538079701318,-0.023754086008107578,-16.470588235294116,20.572318564344066,20.5647833872304,10,10,40.06249999999999,TRUE,TRUE,FALSE,FALSE,FALSE,train
114,Tomatoes,1889,Monaragala,Uva,Moneragala,2023-11-01,291.33,40.06249999999999,40.06249999999999,5.674456645274372,0.336918565573054,-2.347417840375587,29.422370000423314,19.626835358556566,11,11,112.81708028695981,TRUE,TRUE,FALSE,FALSE,FALSE,train
114,Tomatoes,1889,Monaragala,Uva,Moneragala,2023-12-01,620,112.81708028695981,112.81708028695981,6.429719478039138,0.7552628327647657,40.06249999999999,58.244730395232786,51.74233270911179,12,12,8.129032258064512,FALSE,TRUE,FALSE,TRUE,FALSE,train
114,Tomatoes,1889,Monaragala,Uva,Moneragala,2024-01-01,670.4,8.129032258064512,8.129032258064512,6.507874549167873,0.07815507112873554,112.81708028695981,53.65408141489518,53.6695375150081,1,1,21.71837708830549,TRUE,TRUE,FALSE,FALSE,FALSE,train
114,Tomatoes,1889,Monaragala,Uva,Moneragala,2024-02-01,816,21.71837708830549,21.71837708830549,6.704414354964107,0.19653980579623376,8.129032258064512,56.9257285379994,47.554829877776605,2,2,49.509803921568626,TRUE,TRUE,FALSE,FALSE,FALSE,train
114,Tomatoes,1889,Monaragala,Uva,Moneragala,2024-03-01,412,-49.509803921568626,49.509803921568626,6.021023349349527,-0.6833910056145802,21.71837708830549,37.8161330189316,26.45240442264621,3,3,59.41747572815534,TRUE,TRUE,FALSE,FALSE,FALSE,train
114,Tomatoes,1889,Monaragala,Uva,Moneragala,2024-04-01,167.2,-59.41747572815534,59.41747572815534,5.119190700650601,-0.9018326486989254,-49.509803921568626,44.26180133187988,43.54855224600982,4,4,15.430622009569385,TRUE,TRUE,FALSE,TRUE,FALSE,train
114,Tomatoes,1889,Monaragala,Uva,Moneragala,2024-05-01,193,15.430622009569385,15.430622009569385,5.262690188904886,0.14349948825428438,-59.41747572815534,40.65640297194004,41.452633886431116,5,5,153.8860103626943,TRUE,TRUE,FALSE,FALSE,FALSE,train
114,Tomatoes,1889,Monaragala,Uva,Moneragala,2024-06-01,490,153.8860103626943,153.8860103626943,6.194405391104672,0.9317152021997863,15.430622009569385,108.22084632629696,76.24470270013967,6,6,18.367346938775512,TRUE,TRUE,FALSE,TRUE,FALSE,train
114,Tomatoes,1889,Monaragala,Uva,Moneragala,2024-07-01,400,-18.367346938775512,18.367346938775512,5.991464547107982,-0.2029408439966902,153.8860103626943,91.27195294893511,62.561326437013065,7,7,24.75,TRUE,TRUE,FALSE,FALSE,FALSE,train
114,Tomatoes,1889,Monaragala,Uva,Moneragala,2024-08-01,301,-24.75,24.75,5.707110264748875,-0.2843542823591063,-18.367346938775512,101.34329574933936,65.6677857671566,8,8,1.6611295681063123,FALSE,TRUE,FALSE,FALSE,FALSE,train
114,Tomatoes,1889,Monaragala,Uva,Moneragala,2024-09-01,296,-1.6611295681063123,1.6611295681063123,5.69035945432406,-0.0167508104248153,-24.75,11.922890426659569,14.926158835627275,9,9,9.45945945945946,FALSE,TRUE,FALSE,FALSE,FALSE,train
114,Tomatoes,1889,Monaragala,Uva,Moneragala,2024-10-01,324,9.45945945945946,9.45945945945946,5.780743515792329,0.09038406146826894,-1.6611295681063123,17.450169792150025,11.956863009188591,10,10,12.345679012345679,TRUE,TRUE,FALSE,FALSE,FALSE,train
114,Tomatoes,1889,Monaragala,Uva,Moneragala,2024-11-01,284,-12.345679012345679,12.345679012345679,5.648974238161206,-0.13176927763112278,9.45945945945946,10.903295839034243,7.82208934663715,11,11,67.32394366197182,TRUE,TRUE,FALSE,FALSE,FALSE,train
114,Tomatoes,1889,Monaragala,Uva,Moneragala,2024-12-01,475.2,67.32394366197182,67.32394366197182,6.1637357680484355,0.5147615298872292,-12.345679012345679,41.172424778536595,29.70969404459232,12,12,20.664983164983163,TRUE,TRUE,FALSE,TRUE,FALSE,train
114,Tomatoes,1889,Monaragala,Uva,Moneragala,2025-01-01,377,-20.664983164983163,20.664983164983163,5.932245187448011,-0.2314905806004246,67.32394366197182,48.57727665416458,33.44486861310022,1,1,39.52254641909814,TRUE,TRUE,FALSE,FALSE,FALSE,validation
114,Tomatoes,1889,Monaragala,Uva,Moneragala,2025-02-01,228,-39.52254641909814,39.52254641909814,5.429345628954441,-0.5028995584935698,-20.664983164983163,57.02898587368586,42.50382441535104,2,2,34.73684210526315,TRUE,TRUE,FALSE,FALSE,FALSE,validation
114,Tomatoes,1889,Monaragala,Uva,Moneragala,2025-03-01,307.2,34.73684210526315,34.73684210526315,5.727499001273517,0.2981533723190761,-39.52254641909814,38.59928047509412,31.641457229781484,3,3,87.17447916666667,TRUE,TRUE,FALSE,FALSE,FALSE,validation
114,Tomatoes,1889,Monaragala,Uva,Moneragala,2025-04-01,575,87.17447916666667,87.17447916666667,6.354370040797351,0.6268710395238335,34.73684210526315,63.66094938143721,53.81128923034265,4,4,34.26086956521739,TRUE,TRUE,FALSE,TRUE,FALSE,test
114,Tomatoes,1889,Monaragala,Uva,Moneragala,2025-05-01,772,34.26086956521739,34.26086956521739,6.648984550024776,0.2946145092274257,87.17447916666667,30.413216456821704,52.05739694571574,5,5,40.725388601036265,TRUE,TRUE,FALSE,FALSE,FALSE,test
114,Tomatoes,1889,Monaragala,Uva,Moneragala,2025-06-01,457.6,-40.725388601036265,40.725388601036265,6.125995440065588,-0.5229891099591883,34.26086956521739,64.2665869248639,54.053579110973445,6,6,62.521853146853154,TRUE,TRUE,FALSE,FALSE,FALSE,test
114,Tomatoes,1889,Monaragala,Uva,Moneragala,2025-07-01,171.5,-62.521853146853154,62.521853146853154,5.144583266605995,-0.9814121734595931,-40.725388601036265,50.768954089473866,45.836037104368934,7,7,29.44606413994169,TRUE,TRUE,FALSE,TRUE,FALSE,test
114,Tomatoes,1889,Monaragala,Uva,Moneragala,2025-08-01,222,29.44606413994169,29.44606413994169,5.402677381872279,0.25809411526628434,-62.521853146853154,48.05763285984009,44.23110196261037,8,8,12.792792792792795,TRUE,TRUE,FALSE,FALSE,FALSE,test
114,Tomatoes,1889,Monaragala,Uva,Moneragala,2025-09-01,250.4,12.792792792792795,12.792792792792795,5.523059639225943,0.12038225735366392,29.44606413994169,49.002933840139846,34.92023669319588,9,9,NA,FALSE,TRUE,TRUE,FALSE,FALSE,inference
114,Tomatoes,1906,Anuradhapura,North Central,Anuradhapura,2023-06-01,331,NA,NA,5.802118375377063,NA,NA,NA,NA,6,6,35.83081570996979,TRUE,TRUE,FALSE,FALSE,FALSE,train
114,Tomatoes,1906,Anuradhapura,North Central,Anuradhapura,2023-07-01,449.6,35.83081570996979,35.83081570996979,6.108358298579481,0.3062399232024182,NA,NA,NA,7,7,45.951957295373674,TRUE,TRUE,FALSE,FALSE,FALSE,train
114,Tomatoes,1906,Anuradhapura,North Central,Anuradhapura,2023-08-01,243,-45.951957295373674,45.951957295373674,5.493061443340548,-0.6152968552389328,35.83081570996979,57.82915337631849,40.891386502671736,8,8,17.28395061728395,TRUE,TRUE,FALSE,FALSE,FALSE,train
114,Tomatoes,1906,Anuradhapura,North Central,Anuradhapura,2023-09-01,201,-17.28395061728395,17.28395061728395,5.303304908059076,-0.18975653528147252,-45.951957295373674,41.495893309533855,33.02224120754247,9,9,11.840796019900502,TRUE,TRUE,FALSE,FALSE,FALSE,train
114,Tomatoes,1906,Anuradhapura,North Central,Anuradhapura,2023-10-01,224.8,11.840796019900502,11.840796019900502,5.415211118019536,0.11190620996045997,-17.28395061728395,28.896677459918347,25.025567977519376,10,10,34.34163701067615,TRUE,TRUE,FALSE,FALSE,FALSE,train
114,Tomatoes,1906,Anuradhapura,North Central,Anuradhapura,2023-11-01,302,34.34163701067615,34.34163701067615,5.71042701737487,0.295215899355334,11.840796019900502,25.883521173082766,21.155461215953533,11,11,119.20529801324503,TRUE,TRUE,FALSE,FALSE,FALSE,train
114,Tomatoes,1906,Anuradhapura,North Central,Anuradhapura,2023-12-01,662,119.20529801324503,119.20529801324503,6.495265555937008,0.7848385385621386,34.34163701067615,56.62046904952599,55.12924368127389,12,12,1.9939577039274994,FALSE,TRUE,FALSE,TRUE,FALSE,train
114,Tomatoes,1906,Anuradhapura,North Central,Anuradhapura,2024-01-01,675.2,1.9939577039274994,1.9939577039274994,6.515008943281748,0.01974338734473946,119.20529801324503,60.534716778057515,51.846964242616224,1,1,25.148104265402836,TRUE,TRUE,FALSE,FALSE,FALSE,train
114,Tomatoes,1906,Anuradhapura,North Central,Anuradhapura,2024-02-01,845,25.148104265402836,25.148104265402836,6.739336627357174,0.22432768407542625,1.9939577039274994,62.077060303862176,48.78245332752512,2,2,53.6094674556213,TRUE,TRUE,FALSE,FALSE,FALSE,train
114,Tomatoes,1906,Anuradhapura,North Central,Anuradhapura,2024-03-01,392,-53.6094674556213,53.6094674556213,5.971261839790462,-0.7680747875667118,25.148104265402836,40.477587411340124,26.91717647498388,3,3,50.61224489795919,TRUE,TRUE,FALSE,TRUE,FALSE,train
114,Tomatoes,1906,Anuradhapura,North Central,Anuradhapura,2024-04-01,193.6,-50.61224489795919,50.61224489795919,5.265794174842477,-0.7054676649479852,-53.6094674556213,44.63064894555263,43.123272206327776,4,4,6.9214876033057875,FALSE,TRUE,FALSE,TRUE,FALSE,train
114,Tomatoes,1906,Anuradhapura,North Central,Anuradhapura,2024-05-01,207,6.9214876033057875,6.9214876033057875,5.332718793265369,0.06692461842289177,-50.61224489795919,34.11527086934609,37.04773331896209,5,5,162.31884057971016,TRUE,TRUE,FALSE,FALSE,FALSE,train
114,Tomatoes,1906,Anuradhapura,North Central,Anuradhapura,2024-06-01,543,162.31884057971016,162.31884057971016,6.297109319933935,0.9643905266685664,6.9214876033057875,110.1499847558613,73.2841910269917,6,6,15.285451197053407,TRUE,TRUE,FALSE,TRUE,FALSE,train
114,Tomatoes,1906,Anuradhapura,North Central,Anuradhapura,2024-07-01,460,-15.285451197053407,15.285451197053407,6.131226489483141,-0.16588283045079422,162.31884057971016,96.76842623886667,61.50859312668978,7,7,33.69565217391305,TRUE,TRUE,FALSE,FALSE,FALSE,train
114,Tomatoes,1906,Anuradhapura,North Central,Anuradhapura,2024-08-01,305,-33.69565217391305,33.69565217391305,5.720311776607412,-0.4109147128757291,-15.285451197053407,108.24655600910538,70.43331465022554,8,8,11.86885245901639,TRUE,TRUE,FALSE,FALSE,FALSE,train
114,Tomatoes,1906,Anuradhapura,North Central,Anuradhapura,2024-09-01,268.8,-11.86885245901639,11.86885245901639,5.5939676086489944,-0.1263441679584174,-33.69565217391305,11.740370754646355,20.283318609994282,9,9,31.696428571428562,TRUE,TRUE,FALSE,FALSE,FALSE,train
114,Tomatoes,1906,Anuradhapura,North Central,Anuradhapura,2024-10-01,354,31.696428571428562,31.696428571428562,5.869296913133774,0.27532930448477977,-11.86885245901639,33.29280983751381,25.753644401452668,10,10,4.80225988700565,FALSE,TRUE,FALSE,FALSE,FALSE,train
114,Tomatoes,1906,Anuradhapura,North Central,Anuradhapura,2024-11-01,337,-4.80225988700565,4.80225988700565,5.820082930352362,-0.049213982781412646,31.696428571428562,23.380991927298133,16.1225136391502,11,11,44.33234421364985,TRUE,TRUE,FALSE,FALSE,FALSE,train
114,Tomatoes,1906,Anuradhapura,North Central,Anuradhapura,2024-12-01,486.4,44.33234421364985,44.33234421364985,6.1870313306519575,0.36694840029959597,-4.80225988700565,25.51479944212549,26.943677557361355,12,12,14.884868421052628,TRUE,TRUE,FALSE,FALSE,FALSE,train
114,Tomatoes,1906,Anuradhapura,North Central,Anuradhapura,2025-01-01,414,-14.884868421052628,14.884868421052628,6.025865973825314,-0.16116535682664335,44.33234421364985,31.682136363158328,21.33982417390271,1,1,35.7487922705314,TRUE,TRUE,FALSE,FALSE,FALSE,validation
114,Tomatoes,1906,Anuradhapura,North Central,Anuradhapura,2025-02-01,266,-35.7487922705314,35.7487922705314,5.583496308781699,-0.4423696650436151,-14.884868421052628,41.54309010176157,31.655334968411292,2,2,20.902255639097753,TRUE,TRUE,FALSE,FALSE,FALSE,validation
114,Tomatoes,1906,Anuradhapura,North Central,Anuradhapura,2025-03-01,321.6,20.902255639097753,20.902255639097753,5.773308537304811,0.1898122285231123,-35.7487922705314,28.651244289886556,23.845305443560594,3,3,66.66666666666666,TRUE,TRUE,FALSE,FALSE,FALSE,validation
114,Tomatoes,1906,Anuradhapura,North Central,Anuradhapura,2025-04-01,536,66.66666666666666,66.66666666666666,6.284134161070802,0.5108256237659905,20.902255639097753,51.3040751715954,41.10590485876527,4,4,64.36567164179104,TRUE,TRUE,FALSE,TRUE,FALSE,test
114,Tomatoes,1906,Anuradhapura,North Central,Anuradhapura,2025-05-01,881,64.36567164179104,64.36567164179104,6.78105762593618,0.496923464865378,66.66666666666666,25.783536172746448,50.64486464918515,5,5,41.70261066969353,TRUE,TRUE,FALSE,TRUE,FALSE,test
114,Tomatoes,1906,Anuradhapura,North Central,Anuradhapura,2025-06-01,513.6,-41.70261066969353,41.70261066969353,6.2414447523757515,-0.5396128735604284,64.36567164179104,61.91348178576597,57.578316326050405,6,6,61.253894080996886,TRUE,TRUE,FALSE,FALSE,FALSE,test
114,Tomatoes,1906,Anuradhapura,North Central,Anuradhapura,2025-07-01,199,-61.253894080996886,61.253894080996886,5.293304824724492,-0.9481399276512592,-41.70261066969353,67.59315607357465,55.774058797493815,7,7,11.557788944723619,TRUE,TRUE,FALSE,TRUE,FALSE,test
114,Tomatoes,1906,Anuradhapura,North Central,Anuradhapura,2025-08-01,222,11.557788944723619,11.557788944723619,5.402677381872279,0.10937255714778704,-61.253894080996886,37.68391353339536,38.171431231804675,8,8,10.990990990990992,TRUE,TRUE,FALSE,FALSE,FALSE,test
114,Tomatoes,1906,Anuradhapura,North Central,Anuradhapura,2025-09-01,246.4,10.990990990990992,10.990990990990992,5.506956231659364,0.10427884978708502,11.557788944723619,41.875183311087504,27.934224672237164,9,9,NA,FALSE,TRUE,TRUE,FALSE,FALSE,inference
114,Tomatoes,1907,Badulla,Uva,Badulla,2023-06-01,263,NA,NA,5.572154032177765,NA,NA,NA,NA,6,6,51.17870722433461,TRUE,TRUE,FALSE,FALSE,FALSE,train
114,Tomatoes,1907,Badulla,Uva,Badulla,2023-07-01,397.6,51.17870722433461,51.17870722433461,5.985446474782419,0.4132924426046545,NA,NA,NA,7,7,47.1830985915493,TRUE,TRUE,FALSE,TRUE,FALSE,train
114,Tomatoes,1907,Badulla,Uva,Badulla,2023-08-01,210,-47.1830985915493,47.1830985915493,5.3471075307174685,-0.6383389440649507,51.17870722433461,69.5522999021659,49.180902907941956,8,8,3.8095238095238093,FALSE,TRUE,FALSE,FALSE,FALSE,train
114,Tomatoes,1907,Badulla,Uva,Badulla,2023-09-01,202,-3.8095238095238093,3.8095238095238093,5.308267697401205,-0.038839833316263395,-47.1830985915493,49.295059564772146,34.05710987513591,9,9,2.9702970297029703,FALSE,TRUE,FALSE,FALSE,FALSE,train
114,Tomatoes,1907,Badulla,Uva,Badulla,2023-10-01,196,-2.9702970297029703,2.9702970297029703,5.278114659230517,-0.030153038170688262,-3.8095238095238093,25.287490691733755,17.987639810258695,10,10,42.857142857142854,TRUE,TRUE,FALSE,FALSE,FALSE,train
114,Tomatoes,1907,Badulla,Uva,Badulla,2023-11-01,280,42.857142857142854,42.857142857142854,5.634789603169249,0.35667494393873245,-2.9702970297029703,26.7040456546326,16.545654565456545,11,11,107.14285714285714,TRUE,TRUE,FALSE,FALSE,FALSE,train
114,Tomatoes,1907,Badulla,Uva,Badulla,2023-12-01,580,107.14285714285714,107.14285714285714,6.363028103540465,0.7282385003712157,42.857142857142854,55.313822910186666,50.99009900990099,12,12,18.103448275862068,TRUE,TRUE,FALSE,TRUE,FALSE,train
114,Tomatoes,1907,Badulla,Uva,Badulla,2024-01-01,685,18.103448275862068,18.103448275862068,6.529418838262226,0.16639073472176058,107.14285714285714,45.95906654845472,56.03448275862068,1,1,29.927007299270073,TRUE,TRUE,FALSE,FALSE,FALSE,train
114,Tomatoes,1907,Badulla,Uva,Badulla,2024-02-01,890,29.927007299270073,29.927007299270073,6.7912214627261855,0.26180262446395997,18.103448275862068,48.35648930328331,51.72443757266309,2,2,57.41573033707865,TRUE,TRUE,FALSE,FALSE,FALSE,train
114,Tomatoes,1907,Badulla,Uva,Badulla,2024-03-01,379,-57.41573033707865,57.41573033707865,5.937536205082426,-0.8536852576437592,29.927007299270073,47.38441499087596,35.14872863740359,3,3,62.849604221635886,TRUE,TRUE,FALSE,TRUE,FALSE,train
114,Tomatoes,1907,Badulla,Uva,Badulla,2024-04-01,140.8,-62.849604221635886,62.849604221635886,4.9473404437239425,-0.9901957613584838,-57.41573033707865,52.06691279579003,50.064113952661536,4,4,8.203125000000007,FALSE,TRUE,FALSE,TRUE,FALSE,train
114,Tomatoes,1907,Badulla,Uva,Badulla,2024-05-01,129.25,-8.203125000000007,8.203125000000007,4.861748513388538,-0.08559193033540424,-62.849604221635886,30.104388386570864,42.82281985290485,5,5,242.8394584139265,TRUE,TRUE,FALSE,FALSE,FALSE,train
114,Tomatoes,1907,Badulla,Uva,Badulla,2024-06-01,443.12,242.8394584139265,242.8394584139265,6.093840613724849,1.2320921003363106,-8.203125000000007,163.02066300189665,104.63072921185413,6,6,6.007402058133238,FALSE,TRUE,FALSE,TRUE,FALSE,train
114,Tomatoes,1907,Badulla,Uva,Badulla,2024-07-01,416.5,-6.007402058133238,6.007402058133238,6.031886461606898,-0.06195415211795119,242.8394584139265,144.30982864031154,85.68332849068659,7,7,35.17406962785114,TRUE,TRUE,FALSE,FALSE,FALSE,train
114,Tomatoes,1907,Badulla,Uva,Badulla,2024-08-01,270,-35.17406962785114,35.17406962785114,5.598421958998375,-0.43346450260852265,-6.007402058133238,152.7890573296833,94.67364336663697,8,8,1.3888888888888888,FALSE,TRUE,FALSE,FALSE,FALSE,train
114,Tomatoes,1907,Badulla,Uva,Badulla,2024-09-01,273.75,1.3888888888888888,1.3888888888888888,5.612215281130711,0.01379332213233564,-35.17406962785114,19.331535343372185,14.190120191624422,9,9,3.3789954337899544,FALSE,TRUE,FALSE,FALSE,FALSE,train
114,Tomatoes,1907,Badulla,Uva,Badulla,2024-10-01,283,3.3789954337899544,3.3789954337899544,5.645446897643238,0.03323161651252704,1.3888888888888888,21.70694698786559,13.31398465017666,10,10,9.187279151943462,FALSE,TRUE,FALSE,FALSE,FALSE,train
114,Tomatoes,1907,Badulla,Uva,Badulla,2024-11-01,257,-9.187279151943462,9.187279151943462,5.54907608489522,-0.09637081274801762,3.3789954337899544,6.7543456560946895,4.651721158207435,11,11,41.24513618677043,TRUE,TRUE,FALSE,FALSE,FALSE,train
114,Tomatoes,1907,Badulla,Uva,Badulla,2024-12-01,363,41.24513618677043,41.24513618677043,5.8944028342648505,0.34532674936963037,-9.187279151943462,26.252569364366106,17.937136924167948,12,12,4.683195592286501,FALSE,TRUE,FALSE,FALSE,FALSE,train
114,Tomatoes,1907,Badulla,Uva,Badulla,2025-01-01,380,4.683195592286501,4.683195592286501,5.940171252720432,0.045768418455581106,41.24513618677043,26.053131886465643,18.371870310333463,1,1,15.789473684210526,TRUE,TRUE,FALSE,FALSE,FALSE,validation
114,Tomatoes,1907,Badulla,Uva,Badulla,2025-02-01,320,-15.789473684210526,15.789473684210526,5.768320995793772,-0.17185025692665956,4.683195592286501,28.89305686629689,20.57260182108915,2,2,3.3187500000000014,FALSE,TRUE,FALSE,FALSE,FALSE,validation
114,Tomatoes,1907,Badulla,Uva,Badulla,2025-03-01,330.62,3.3187500000000014,3.3187500000000014,5.800969679624866,0.03264868383109398,-15.789473684210526,11.446368503044678,7.930473092165676,3,3,44.80370213538201,TRUE,TRUE,FALSE,FALSE,FALSE,validation
114,Tomatoes,1907,Badulla,Uva,Badulla,2025-04-01,478.75,44.80370213538201,44.80370213538201,6.171178540494855,0.3702088608699894,3.3187500000000014,30.97756828724299,21.303975273197512,4,4,42.47101827676241,TRUE,TRUE,FALSE,FALSE,FALSE,test
114,Tomatoes,1907,Badulla,Uva,Badulla,2025-05-01,682.08,42.47101827676241,42.47101827676241,6.5251469530169,0.35396841252204503,44.80370213538201,23.30716191386522,30.197823470714805,5,5,46.682207365704905,TRUE,TRUE,FALSE,FALSE,FALSE,test
114,Tomatoes,1907,Badulla,Uva,Badulla,2025-06-01,363.67,-46.682207365704905,46.682207365704905,5.896246863025796,-0.6289000899911041,42.47101827676241,52.159068712420506,44.65230925928311,6,6,62.8784337448786,TRUE,TRUE,FALSE,FALSE,FALSE,test
114,Tomatoes,1907,Badulla,Uva,Badulla,2025-07-01,135,-62.8784337448786,62.8784337448786,4.90527477843843,-0.9909720845873666,-46.682207365704905,56.7290672592722,50.67721979578197,7,7,47.22222222222222,TRUE,TRUE,FALSE,TRUE,FALSE,test
114,Tomatoes,1907,Badulla,Uva,Badulla,2025-08-01,198.75,47.22222222222222,47.22222222222222,5.292047753534441,0.3867729750960116,-62.8784337448786,59.445372807793454,52.26095444426858,8,8,8.427672955974844,FALSE,TRUE,FALSE,FALSE,FALSE,test
114,Tomatoes,1907,Badulla,Uva,Badulla,2025-09-01,182,-8.427672955974844,8.427672955974844,5.204006687076795,-0.08804106645764609,47.22222222222222,55.051416312723255,39.50944297435856,9,9,NA,FALSE,TRUE,TRUE,FALSE,FALSE,inference
114,Tomatoes,1908,Hambantota,Southern,Hambantota,2023-06-01,293.99,NA,NA,5.683545753154764,NA,NA,NA,NA,6,6,50.36225721963332,TRUE,TRUE,FALSE,FALSE,FALSE,train
114,Tomatoes,1908,Hambantota,Southern,Hambantota,2023-07-01,442.05,50.36225721963332,50.36225721963332,6.091422997851813,0.40787724469704933,NA,NA,NA,7,7,57.01843682841307,TRUE,TRUE,FALSE,TRUE,FALSE,train
114,Tomatoes,1908,Hambantota,Southern,Hambantota,2023-08-01,190,-57.01843682841307,57.01843682841307,5.247024072160486,-0.8443989256913271,50.36225721963332,75.92961692989155,53.6903470240232,8,8,7.673684210526323,FALSE,TRUE,FALSE,TRUE,FALSE,train
114,Tomatoes,1908,Hambantota,Southern,Hambantota,2023-09-01,175.42,-7.673684210526323,7.673684210526323,5.167183098523235,-0.07984097363725073,-57.01843682841307,53.74893574581347,38.35145941952424,9,9,16.67426747235207,TRUE,TRUE,FALSE,FALSE,FALSE,train
114,Tomatoes,1908,Hambantota,Southern,Hambantota,2023-10-01,204.67,16.67426747235207,16.67426747235207,5.321398925991358,0.15421582746812224,-7.673684210526323,37.54628705396454,27.122129503763823,10,10,41.4862950114819,TRUE,TRUE,FALSE,FALSE,FALSE,train
114,Tomatoes,1908,Hambantota,Southern,Hambantota,2023-11-01,289.58,41.4862950114819,41.4862950114819,5.668431597353275,0.3470326713619176,16.67426747235207,24.580354685746496,21.944748898120096,11,11,110.07320947579255,TRUE,TRUE,FALSE,FALSE,FALSE,train
114,Tomatoes,1908,Hambantota,Southern,Hambantota,2023-12-01,608.33,110.07320947579255,110.07320947579255,6.410717497881415,0.7422859005281399,41.4862950114819,48.37899667159162,56.077923986542174,12,12,5.861949928492772,FALSE,TRUE,FALSE,TRUE,FALSE,train
114,Tomatoes,1908,Hambantota,Southern,Hambantota,2024-01-01,572.67,-5.861949928492772,5.861949928492772,6.3503096345809205,-0.060407863300494746,110.07320947579255,58.29091169974892,52.473818138589074,1,1,39.333298409206,TRUE,TRUE,FALSE,FALSE,FALSE,train
114,Tomatoes,1908,Hambantota,Southern,Hambantota,2024-02-01,797.92,39.333298409206,39.333298409206,6.682008341797812,0.33169870721689154,-5.861949928492772,58.434730934196836,51.75615260449711,2,2,59.26909965911369,TRUE,TRUE,FALSE,FALSE,FALSE,train
114,Tomatoes,1908,Hambantota,Southern,Hambantota,2024-03-01,325,-59.26909965911369,59.26909965911369,5.783825182329737,-0.8981831594680747,39.333298409206,49.35815876407635,34.821449332270824,3,3,52.30769230769231,TRUE,TRUE,FALSE,TRUE,FALSE,train
114,Tomatoes,1908,Hambantota,Southern,Hambantota,2024-04-01,155,-52.30769230769231,52.30769230769231,5.043425116919247,-0.7404000654104905,-59.26909965911369,55.02872776515681,50.30336345867067,4,4,21.50322580645162,TRUE,TRUE,FALSE,TRUE,FALSE,train
114,Tomatoes,1908,Hambantota,Southern,Hambantota,2024-05-01,188.33,21.50322580645162,21.50322580645162,5.2381957432066555,0.1947706262874087,-52.30769230769231,44.7598804479348,44.360005924419205,5,5,146.6096745075134,TRUE,TRUE,FALSE,FALSE,FALSE,train
114,Tomatoes,1908,Hambantota,Southern,Hambantota,2024-06-01,464.44,146.6096745075134,146.6096745075134,6.140832378758805,0.9026366355521498,21.50322580645162,100.55495509101758,73.47353087388578,6,6,35.406080440961155,TRUE,TRUE,FALSE,TRUE,FALSE,train
114,Tomatoes,1908,Hambantota,Southern,Hambantota,2024-07-01,300,-35.406080440961155,35.406080440961155,5.703782474656201,-0.43704990410260436,146.6096745075134,93.1128595608723,67.83966025164206,7,7,7,FALSE,TRUE,FALSE,FALSE,FALSE,train
114,Tomatoes,1908,Hambantota,Southern,Hambantota,2024-08-01,279,-7,7,5.631211781821365,-0.07257069283483553,-35.406080440961155,97.92222471412853,63.00525164949152,8,8,6.236559139784938,FALSE,TRUE,FALSE,FALSE,FALSE,train
114,Tomatoes,1908,Hambantota,Southern,Hambantota,2024-09-01,261.6,-6.236559139784938,6.236559139784938,5.566816619583044,-0.06439516223832165,-7,16.625027423060967,16.21421319358203,9,9,36.27675840978592,TRUE,TRUE,FALSE,FALSE,FALSE,train
114,Tomatoes,1908,Hambantota,Southern,Hambantota,2024-10-01,356.5,36.27675840978592,36.27675840978592,5.8763342398543505,0.3095176202713068,-6.236559139784938,24.76840335816539,16.504439183190286,10,10,8.976157082748948,FALSE,TRUE,FALSE,FALSE,FALSE,train
114,Tomatoes,1908,Hambantota,Southern,Hambantota,2024-11-01,324.5,-8.976157082748948,8.976157082748948,5.782285536144145,-0.09404870371020557,36.27675840978592,25.372931529927204,17.16315821077327,11,11,24.00616332819722,TRUE,TRUE,FALSE,FALSE,FALSE,train
114,Tomatoes,1908,Hambantota,Southern,Hambantota,2024-12-01,402.4,24.00616332819722,24.00616332819722,5.9974466187855295,0.21516108264138456,-8.976157082748948,23.403088556574204,23.086359606910698,12,12,0.8001988071570645,FALSE,TRUE,FALSE,FALSE,FALSE,train
114,Tomatoes,1908,Hambantota,Southern,Hambantota,2025-01-01,405.62,0.8001988071570645,0.8001988071570645,6.0054167607259865,0.007970141940456976,24.00616332819722,16.9407171410982,11.260839739367745,1,1,38.284601351018196,TRUE,TRUE,FALSE,FALSE,FALSE,validation
114,Tomatoes,1908,Hambantota,Southern,Hambantota,2025-02-01,250.33,-38.284601351018196,38.284601351018196,5.522780047428144,-0.4826367132978424,0.8001988071570645,31.480887739170843,21.03032116212416,2,2,26.073582870610796,TRUE,TRUE,FALSE,FALSE,FALSE,validation
114,Tomatoes,1908,Hambantota,Southern,Hambantota,2025-03-01,315.6,26.073582870610796,26.073582870610796,5.75447558897172,0.23169554154357552,-38.284601351018196,32.42514821793024,21.719461009595353,3,3,146.55259822560203,TRUE,TRUE,FALSE,FALSE,FALSE,validation
114,Tomatoes,1908,Hambantota,Southern,Hambantota,2025-04-01,778.12,146.55259822560203,146.55259822560203,6.656880753929617,0.902405164957897,26.073582870610796,93.82782046967793,70.303594149077,4,4,20.161414691821314,TRUE,TRUE,FALSE,TRUE,FALSE,test
114,Tomatoes,1908,Hambantota,Southern,Hambantota,2025-05-01,935,20.161414691821314,20.161414691821314,6.840546529288687,0.1836657753590707,146.55259822560203,71.32657072525912,64.26253192934472,5,5,82.19251336898395,TRUE,TRUE,FALSE,FALSE,FALSE,test
114,Tomatoes,1908,Hambantota,Southern,Hambantota,2025-08-01,166.5,-82.19251336898395,82.19251336898395,5.1149953094204985,-1.7255512198681888,20.161414691821314,114.58285498782524,82.9688420954691,8,8,1.5615615615615581,FALSE,TRUE,FALSE,FALSE,FALSE,test
114,Tomatoes,1908,Hambantota,Southern,Hambantota,2025-09-01,169.1,1.5615615615615581,1.5615615615615581,5.130490255904535,0.015494946484036376,-82.19251336898395,54.52373518847115,34.63849654078894,9,9,NA,FALSE,TRUE,TRUE,FALSE,FALSE,inference
114,Tomatoes,1909,Gampaha,Western,Gampaha,2023-06-01,351,NA,NA,5.860786223465865,NA,NA,NA,NA,6,6,32.763532763532766,TRUE,TRUE,FALSE,FALSE,FALSE,train
114,Tomatoes,1909,Gampaha,Western,Gampaha,2023-07-01,466,32.763532763532766,32.763532763532766,6.1441856341256456,0.28339941065978014,NA,NA,NA,7,7,35.622317596566525,TRUE,TRUE,FALSE,FALSE,FALSE,train
114,Tomatoes,1909,Gampaha,Western,Gampaha,2023-08-01,300,-35.622317596566525,35.622317596566525,5.703782474656201,-0.44040315946944464,32.763532763532766,48.35609852683471,34.19292518004964,8,8,23.333333333333332,TRUE,TRUE,FALSE,FALSE,FALSE,train
114,Tomatoes,1909,Gampaha,Western,Gampaha,2023-09-01,230,-23.333333333333332,23.333333333333332,5.438079308923196,-0.26570316573300534,-35.622317596566525,36.45659988165291,30.57306123114421,9,9,11.304347826086957,TRUE,TRUE,FALSE,FALSE,FALSE,train
114,Tomatoes,1909,Gampaha,Western,Gampaha,2023-10-01,256,11.304347826086957,11.304347826086957,5.545177444479562,0.10709813555636671,-23.333333333333332,24.334132468658485,23.419999585328938,10,10,26.46484375,TRUE,TRUE,FALSE,FALSE,FALSE,train
114,Tomatoes,1909,Gampaha,Western,Gampaha,2023-11-01,323.75,26.46484375,26.46484375,5.779971613013747,0.23479416853418478,11.304347826086957,25.526026043966933,20.367508303140095,11,11,122.77992277992279,TRUE,TRUE,FALSE,FALSE,FALSE,train
114,Tomatoes,1909,Gampaha,Western,Gampaha,2023-12-01,721.25,122.77992277992279,122.77992277992279,6.5809858178223095,0.8010142048085624,26.46484375,60.461060328787276,53.51637145200325,12,12,0.7514731369150723,FALSE,TRUE,FALSE,TRUE,FALSE,train
114,Tomatoes,1909,Gampaha,Western,Gampaha,2024-01-01,726.67,0.7514731369150723,0.7514731369150723,6.588472454260467,0.00748663643815739,122.77992277992279,64.3282136120461,49.99874655561262,1,1,25.228783354204804,TRUE,TRUE,FALSE,FALSE,FALSE,train
114,Tomatoes,1909,Gampaha,Western,Gampaha,2024-02-01,910,25.228783354204804,25.228783354204804,6.813444599510896,0.22497214525042875,0.7514731369150723,64.55786298740763,49.58672642368089,2,2,54.67032967032967,TRUE,TRUE,FALSE,FALSE,FALSE,train
114,Tomatoes,1909,Gampaha,Western,Gampaha,2024-07-01,412.5,-54.67032967032967,54.67032967032967,6.022236205774735,-0.7912083937361603,25.228783354204804,40.93609492038758,26.883528720483184,7,7,18.606060606060606,TRUE,TRUE,FALSE,FALSE,FALSE,train
114,Tomatoes,1909,Gampaha,Western,Gampaha,2024-08-01,335.75,-18.606060606060606,18.606060606060606,5.816366835403347,-0.20586937037138853,-54.67032967032967,40.012484114894576,32.83505787686503,8,8,13.62620997766195,TRUE,TRUE,FALSE,FALSE,FALSE,train
114,Tomatoes,1909,Gampaha,Western,Gampaha,2024-09-01,290,-13.62620997766195,13.62620997766195,5.66988092298052,-0.14648591242282727,-18.606060606060606,22.398103255883044,28.96753341801741,9,9,33.189655172413794,TRUE,TRUE,FALSE,FALSE,FALSE,train
114,Tomatoes,1909,Gampaha,Western,Gampaha,2024-10-01,386.25,33.189655172413794,33.189655172413794,5.956484828211956,0.286603905231436,-13.62620997766195,28.575398262129088,21.807308585378784,10,10,7.119741100323624,FALSE,TRUE,FALSE,FALSE,FALSE,train
114,Tomatoes,1909,Gampaha,Western,Gampaha,2024-11-01,358.75,-7.119741100323624,7.119741100323624,5.882625767073831,-0.07385906113812446,33.189655172413794,25.360424532705895,17.97853541679979,11,11,41.045296167247386,TRUE,TRUE,FALSE,FALSE,FALSE,train
114,Tomatoes,1909,Gampaha,Western,Gampaha,2024-12-01,506,41.045296167247386,41.045296167247386,6.226536669287466,0.34391090221363463,-7.119741100323624,25.840631243253302,27.118230813328267,12,12,9.462450592885375,FALSE,TRUE,FALSE,FALSE,FALSE,train
114,Tomatoes,1909,Gampaha,Western,Gampaha,2025-01-01,458.12,-9.462450592885375,9.462450592885375,6.127131158529515,-0.09940551075795057,41.045296167247386,28.508453674710665,19.209162620152128,1,1,22.78224046101458,TRUE,TRUE,FALSE,FALSE,FALSE,validation
114,Tomatoes,1909,Gampaha,Western,Gampaha,2025-02-01,353.75,-22.78224046101458,22.78224046101458,5.868590448957447,-0.25854070957206776,-9.462450592885375,33.670966021556666,24.42999574038245,2,2,19.29328621908127,TRUE,TRUE,FALSE,FALSE,FALSE,validation
114,Tomatoes,1909,Gampaha,Western,Gampaha,2025-03-01,422,19.29328621908127,19.29328621908127,6.045005314036012,0.17641486507856463,-22.78224046101458,21.50449234903283,17.179325757660408,3,3,48.1042654028436,TRUE,TRUE,FALSE,FALSE,FALSE,validation
114,Tomatoes,1909,Gampaha,Western,Gampaha,2025-04-01,625,48.1042654028436,48.1042654028436,6.437751649736401,0.3927463357003891,19.29328621908127,35.649495509570784,30.059930694313152,4,4,41.96639999999999,TRUE,TRUE,FALSE,FALSE,FALSE,test
114,Tomatoes,1909,Gampaha,Western,Gampaha,2025-05-01,887.29,41.96639999999999,41.96639999999999,6.788171873632399,0.3504202238959975,48.1042654028436,15.17572624156253,36.45465054064162,5,5,36.49201501200284,TRUE,TRUE,FALSE,FALSE,FALSE,test
114,Tomatoes,1909,Gampaha,Western,Gampaha,2025-06-01,563.5,-36.49201501200284,36.49201501200284,6.334167333479831,-0.4540045401525674,41.96639999999999,47.16977658403459,42.187560138282144,6,6,51.641526175687666,TRUE,TRUE,FALSE,FALSE,FALSE,test
114,Tomatoes,1909,Gampaha,Western,Gampaha,2025-07-01,272.5,-51.641526175687666,51.641526175687666,5.607638614103299,-0.7265287193765326,-36.49201501200284,50.2455212226378,43.3666470625635,7,7,0.45871559633027525,FALSE,TRUE,FALSE,TRUE,FALSE,test
114,Tomatoes,1909,Gampaha,Western,Gampaha,2025-08-01,271.25,-0.45871559633027525,0.45871559633027525,5.603040904854669,-0.004597709248629123,-51.641526175687666,26.2919076716281,29.53075226134026,8,8,8.940092165898617,FALSE,TRUE,FALSE,FALSE,FALSE,test
114,Tomatoes,1909,Gampaha,Western,Gampaha,2025-09-01,247,-8.940092165898617,8.940092165898617,5.5093883366279774,-0.09365256822669199,-0.45871559633027525,27.43181338582866,20.346777979305518,9,9,NA,FALSE,TRUE,TRUE,FALSE,FALSE,inference
114,Tomatoes,1910,Galle,Southern,Galle,2023-06-01,348.25,NA,NA,5.852920612659915,NA,NA,NA,NA,6,6,31.477386934673365,TRUE,TRUE,FALSE,FALSE,FALSE,train
114,Tomatoes,1910,Galle,Southern,Galle,2023-07-01,457.87,31.477386934673365,31.477386934673365,6.126585301028435,0.27366468836851965,NA,NA,NA,7,7,41.46810229977941,TRUE,TRUE,FALSE,FALSE,FALSE,train
114,Tomatoes,1910,Galle,Southern,Galle,2023-08-01,268,-41.46810229977941,41.46810229977941,5.5909869805108565,-0.535598320517578,31.477386934673365,51.58025009465186,36.47274461722639,8,8,25.746268656716417,TRUE,TRUE,FALSE,FALSE,FALSE,train
114,Tomatoes,1910,Galle,Southern,Galle,2023-09-01,199,-25.746268656716417,25.746268656716417,5.293304824724492,-0.29768215578636426,-41.46810229977941,38.39003171830723,32.89725263038973,9,9,11.758793969849249,TRUE,TRUE,FALSE,FALSE,FALSE,train
114,Tomatoes,1910,Galle,Southern,Galle,2023-10-01,222.4,11.758793969849249,11.758793969849249,5.404477562376427,0.11117273765193492,-25.746268656716417,27.34626196948,26.324388308781693,10,10,40.51258992805755,TRUE,TRUE,FALSE,FALSE,FALSE,train
114,Tomatoes,1910,Galle,Southern,Galle,2023-11-01,312.5,40.51258992805755,40.51258992805755,5.744604469176457,0.34012690680002944,11.758793969849249,33.22560971496225,26.005884184874404,11,11,103.68,TRUE,TRUE,FALSE,FALSE,FALSE,train
114,Tomatoes,1910,Galle,Southern,Galle,2023-12-01,636.5,103.68,103.68,6.4559844179974615,0.7113799488210049,40.51258992805755,47.02199945281045,51.9837946326356,12,12,16.889238020424195,TRUE,TRUE,FALSE,TRUE,FALSE,train
114,Tomatoes,1910,Galle,Southern,Galle,2024-01-01,744,16.889238020424195,16.889238020424195,6.612041034833092,0.1560566168356301,103.68,44.871707521823076,53.69394264949392,1,1,12.231182795698924,TRUE,TRUE,FALSE,FALSE,FALSE,train
114,Tomatoes,1910,Galle,Southern,Galle,2024-02-01,835,12.231182795698924,12.231182795698924,6.727431724850855,0.11539069001776348,16.889238020424195,51.50601908440353,44.26680693870771,2,2,57.93413173652694,TRUE,TRUE,FALSE,FALSE,FALSE,train
114,Tomatoes,1910,Galle,Southern,Galle,2024-03-01,351.25,-57.93413173652694,57.93413173652694,5.861498220647955,-0.8659335042028999,12.231182795698924,41.91937798454752,29.018184184216686,3,3,37.36654804270463,TRUE,TRUE,FALSE,TRUE,FALSE,train
114,Tomatoes,1910,Galle,Southern,Galle,2024-04-01,220,-37.36654804270463,37.36654804270463,5.393627546352362,-0.46787067429559315,-57.93413173652694,36.06968202134885,35.8439541916435,4,4,26.990909090909092,TRUE,TRUE,FALSE,FALSE,FALSE,train
114,Tomatoes,1910,Galle,Southern,Galle,2024-05-01,160.62,-26.990909090909092,26.990909090909092,5.079041326760316,-0.31458621959204613,-37.36654804270463,15.7488751469043,40.76386295671355,5,5,203.5113933507658,TRUE,TRUE,FALSE,FALSE,FALSE,train
114,Tomatoes,1910,Galle,Southern,Galle,2024-06-01,487.5,203.5113933507658,203.5113933507658,6.189290290437902,1.110248963677586,-26.990909090909092,136.17461092565892,89.2896168281265,6,6,6.393846153846158,FALSE,TRUE,FALSE,TRUE,FALSE,train
114,Tomatoes,1910,Galle,Southern,Galle,2024-07-01,456.33,-6.393846153846158,6.393846153846158,6.123216231991761,-0.06607405844614078,203.5113933507658,127.55114007332848,78.96538286517368,7,7,31.792781539675232,TRUE,TRUE,FALSE,FALSE,FALSE,train
114,Tomatoes,1910,Galle,Southern,Galle,2024-08-01,311.25,-31.792781539675232,31.792781539675232,5.740596447778917,-0.38261978421284404,-6.393846153846158,129.1467964572959,80.56600701476239,8,8,15.395983935742978,TRUE,TRUE,FALSE,FALSE,FALSE,train
114,Tomatoes,1910,Galle,Southern,Galle,2024-09-01,263.33,-15.395983935742978,15.395983935742978,5.573407998484993,-0.16718844929392418,-31.792781539675232,12.877625137178136,17.860870543088122,9,9,33.38776440208105,TRUE,TRUE,FALSE,FALSE,FALSE,train
114,Tomatoes,1910,Galle,Southern,Galle,2024-10-01,351.25,33.38776440208105,33.38776440208105,5.861498220647955,0.2880902221629622,-15.395983935742978,33.90479966715103,26.858843292499753,10,10,3.487544483985765,FALSE,TRUE,FALSE,FALSE,FALSE,train
114,Tomatoes,1910,Galle,Southern,Galle,2024-11-01,339,-3.487544483985765,3.487544483985765,5.82600010738045,-0.03549811326750518,33.38776440208105,25.434403988519023,17.423764273936598,11,11,37.46312684365782,TRUE,TRUE,FALSE,FALSE,FALSE,train
114,Tomatoes,1910,Galle,Southern,Galle,2024-12-01,466,37.46312684365782,37.46312684365782,6.1441856341256456,0.3181855267451956,-3.487544483985765,22.55864382248241,24.779478576574878,12,12,8.083690987124468,FALSE,TRUE,FALSE,FALSE,FALSE,train
114,Tomatoes,1910,Galle,Southern,Galle,2025-01-01,428.33,-8.083690987124468,8.083690987124468,6.059893926529762,-0.08429170759588356,37.46312684365782,25.075202423155936,16.344787438256017,1,1,35.97226437559825,TRUE,TRUE,FALSE,FALSE,FALSE,validation
114,Tomatoes,1910,Galle,Southern,Galle,2025-02-01,274.25,-35.97226437559825,35.97226437559825,5.614040099155339,-0.4458538273744228,-8.083690987124468,37.06984808816986,27.173027402126845,2,2,37.83044667274385,TRUE,TRUE,FALSE,FALSE,FALSE,validation
114,Tomatoes,1910,Galle,Southern,Galle,2025-03-01,378,37.83044667274385,37.83044667274385,5.934894195619588,0.3208540964642488,-35.97226437559825,37.266429756504046,27.295467345155522,3,3,103.70370370370371,TRUE,TRUE,FALSE,FALSE,FALSE,validation
114,Tomatoes,1910,Galle,Southern,Galle,2025-04-01,770,103.70370370370371,103.70370370370371,6.646390514847729,0.7114963192281412,37.83044667274385,69.87548712870411,59.1688049173486,4,4,18.181818181818183,TRUE,TRUE,FALSE,TRUE,FALSE,test
114,Tomatoes,1910,Galle,Southern,Galle,2025-05-01,910,18.181818181818183,18.181818181818183,6.813444599510896,0.1670540846631665,103.70370370370371,44.79461927631452,53.238656186088576,5,5,42.637362637362635,TRUE,TRUE,FALSE,FALSE,FALSE,test
114,Tomatoes,1910,Galle,Southern,Galle,2025-06-01,522,-42.637362637362635,42.637362637362635,6.257667587882639,-0.5557770116282565,18.181818181818183,73.51720133929551,54.84096150762818,6,6,62.40421455938697,TRUE,TRUE,FALSE,FALSE,FALSE,test
114,Tomatoes,1910,Galle,Southern,Galle,2025-07-01,196.25,-62.40421455938697,62.40421455938697,5.279389356662517,-0.9782782312201217,-42.637362637362635,41.99962274312719,41.07446512618927,7,7,22.29299363057325,TRUE,TRUE,FALSE,TRUE,FALSE,test
114,Tomatoes,1910,Galle,Southern,Galle,2025-08-01,240,22.29299363057325,22.29299363057325,5.480638923341991,0.2012495666794738,-62.40421455938697,44.31007536885522,42.44485694244095,8,8,12.916666666666666,TRUE,TRUE,FALSE,FALSE,FALSE,test
114,Tomatoes,1910,Galle,Southern,Galle,2025-09-01,271,12.916666666666666,12.916666666666666,5.602118820879701,0.12147989753770982,22.29299363057325,46.430535446651966,32.537958285542295,9,9,NA,FALSE,TRUE,TRUE,FALSE,FALSE,inference
114,Tomatoes,1911,Kalutara,Western,Kalutara,2023-06-01,299,NA,NA,5.700443573390687,NA,NA,NA,NA,6,6,50.63545150501672,TRUE,TRUE,FALSE,FALSE,FALSE,train
114,Tomatoes,1911,Kalutara,Western,Kalutara,2023-07-01,450.4,50.63545150501672,50.63545150501672,6.110136076825481,0.409692503434794,NA,NA,NA,7,7,43.383658969804614,TRUE,TRUE,FALSE,TRUE,FALSE,train
114,Tomatoes,1911,Kalutara,Western,Kalutara,2023-08-01,255,-43.383658969804614,43.383658969804614,5.541263545158426,-0.5688725316670551,50.63545150501672,66.48155057787332,47.009555237410666,8,8,25.49019607843137,TRUE,TRUE,FALSE,FALSE,FALSE,train
114,Tomatoes,1911,Kalutara,Western,Kalutara,2023-09-01,190,-25.49019607843137,25.49019607843137,5.247024072160486,-0.2942394729979396,-43.383658969804614,49.92474898738591,39.8364355177509,9,9,10.947368421052637,TRUE,TRUE,FALSE,FALSE,FALSE,train
114,Tomatoes,1911,Kalutara,Western,Kalutara,2023-10-01,210.8,10.947368421052637,10.947368421052637,5.350909816667207,0.10388574450672117,-25.49019607843137,27.687941593905368,26.607074489762873,10,10,42.78937381404174,TRUE,TRUE,FALSE,FALSE,FALSE,train
114,Tomatoes,1911,Kalutara,Western,Kalutara,2023-11-01,301,42.78937381404174,42.78937381404174,5.707110264748875,0.35620044808166806,10.947368421052637,34.16555058047586,26.408979437841914,11,11,111.12956810631229,TRUE,TRUE,FALSE,FALSE,FALSE,train
114,Tomatoes,1911,Kalutara,Western,Kalutara,2023-12-01,635.5,111.12956810631229,111.12956810631229,6.454412090629509,0.7473018258806334,42.78937381404174,51.18718686860621,54.95543678046889,12,12,8.19826907946499,FALSE,TRUE,FALSE,TRUE,FALSE,train
114,Tomatoes,1911,Kalutara,Western,Kalutara,2024-01-01,687.6,8.19826907946499,8.19826907946499,6.533207273508694,0.07879518287918508,111.12956810631229,52.379670041626525,54.03907033327301,1,1,24.49098312972658,TRUE,TRUE,FALSE,FALSE,FALSE,train
114,Tomatoes,1911,Kalutara,Western,Kalutara,2024-02-01,856,24.49098312972658,24.49098312972658,6.752270376141742,0.21906310263304807,8.19826907946499,55.32713206800516,47.93960677183462,2,2,52.978971962616825,TRUE,TRUE,FALSE,FALSE,FALSE,train
114,Tomatoes,1911,Kalutara,Western,Kalutara,2024-03-01,402.5,-52.978971962616825,52.978971962616825,5.997695096858618,-0.7545752792831237,24.49098312972658,40.844626930712025,28.55607472393613,3,3,53.09316770186335,TRUE,TRUE,FALSE,TRUE,FALSE,train
114,Tomatoes,1911,Kalutara,Western,Kalutara,2024-04-01,188.8,-53.09316770186335,53.09316770186335,5.240688253711401,-0.7570068431472174,-52.978971962616825,44.760301315145064,43.521040931402254,4,4,4.872881355932197,FALSE,TRUE,FALSE,TRUE,FALSE,train
114,Tomatoes,1911,Kalutara,Western,Kalutara,2024-05-01,198,4.872881355932197,4.872881355932197,5.288267030694535,0.047578776983134397,-53.09316770186335,33.43379731257114,36.981673673470794,5,5,156.56565656565655,TRUE,TRUE,FALSE,FALSE,FALSE,train
114,Tomatoes,1911,Kalutara,Western,Kalutara,2024-06-01,508,156.56565656565655,156.56565656565655,6.230481447578482,0.9422144168839468,4.872881355932197,108.26478612445008,71.5105685411507,6,6,9.05511811023622,FALSE,TRUE,FALSE,TRUE,FALSE,train
114,Tomatoes,1911,Kalutara,Western,Kalutara,2024-07-01,462,-9.05511811023622,9.05511811023622,6.135564891081739,-0.09491655649674335,156.56565656565655,91.86487198071632,56.83121867727499,7,7,27.560606060606055,TRUE,TRUE,FALSE,FALSE,FALSE,train
114,Tomatoes,1911,Kalutara,Western,Kalutara,2024-09-01,334.67,-27.560606060606055,27.560606060606055,5.813144971693325,-0.3224199193884134,-9.05511811023622,101.38636880537702,64.39379357883294,9,9,22.90614635312396,TRUE,TRUE,FALSE,FALSE,FALSE,train
114,Tomatoes,1911,Kalutara,Western,Kalutara,2024-10-01,411.33,22.90614635312396,22.90614635312396,6.019395812036673,0.20625084034334762,-27.560606060606055,25.530598013517228,19.840623507988745,10,10,9.683222716553615,FALSE,TRUE,FALSE,FALSE,FALSE,train
114,Tomatoes,1911,Kalutara,Western,Kalutara,2024-11-01,371.5,-9.683222716553615,9.683222716553615,5.917548864157814,-0.10184694787885906,22.90614635312396,25.58828153269443,20.049991710094545,11,11,40.61911170928667,TRUE,TRUE,FALSE,FALSE,FALSE,train
114,Tomatoes,1911,Kalutara,Western,Kalutara,2024-12-01,522.4,40.61911170928667,40.61911170928667,6.258433577962221,0.34088471380440755,-9.683222716553615,25.515162050427175,24.402826926321417,12,12,12.23200612557427,TRUE,TRUE,FALSE,FALSE,FALSE,train
114,Tomatoes,1911,Kalutara,Western,Kalutara,2025-01-01,458.5,-12.23200612557427,12.23200612557427,6.127960291696519,-0.1304732862657021,40.61911170928667,29.80509408906899,20.84478018380485,1,1,13.849509269356597,TRUE,TRUE,FALSE,FALSE,FALSE,validation
114,Tomatoes,1911,Kalutara,Western,Kalutara,2025-02-01,395,-13.849509269356597,13.849509269356597,5.978885764901122,-0.14907452679539723,-12.23200612557427,30.99109453840355,22.233542368072513,2,2,6.455696202531645,FALSE,TRUE,FALSE,FALSE,FALSE,validation
114,Tomatoes,1911,Kalutara,Western,Kalutara,2025-03-01,369.5,-6.455696202531645,6.455696202531645,5.912150740388256,-0.06673502451286595,-13.849509269356597,3.886955629931515,10.84573719915417,3,3,45.06089309878214,TRUE,TRUE,FALSE,FALSE,FALSE,validation
114,Tomatoes,1911,Kalutara,Western,Kalutara,2025-04-01,536,45.06089309878214,45.06089309878214,6.284134161070802,0.37198342068254586,-6.455696202531645,32.09117986841918,21.788699523556794,4,4,101.39925373134328,TRUE,TRUE,FALSE,FALSE,FALSE,test
114,Tomatoes,1911,Kalutara,Western,Kalutara,2025-05-01,1079.5,101.39925373134328,101.39925373134328,6.984253249954862,0.70011908888406,45.06089309878214,53.94543551473009,50.97194767755236,5,5,52.40481704492821,TRUE,TRUE,FALSE,TRUE,FALSE,test
114,Tomatoes,1911,Kalutara,Western,Kalutara,2025-06-01,513.79,-52.40481704492821,52.40481704492821,6.241814621660377,-0.7424386282944848,101.39925373134328,77.81309628412453,66.28832129168454,6,6,57.570213511356776,TRUE,TRUE,FALSE,TRUE,FALSE,test
114,Tomatoes,1911,Kalutara,Western,Kalutara,2025-07-01,218,-57.570213511356776,57.570213511356776,5.384495062789089,-0.8573195588712883,-52.40481704492821,90.3268740219244,70.45809476254276,7,7,4.128440366972477,FALSE,TRUE,FALSE,TRUE,FALSE,test
114,Tomatoes,1911,Kalutara,Western,Kalutara,2025-08-01,227,4.128440366972477,4.128440366972477,5.424950017481403,0.04045495469231408,-57.570213511356776,34.228191121387766,38.034490307752485,8,8,14.09691629955947,TRUE,TRUE,FALSE,FALSE,FALSE,test
114,Tomatoes,1911,Kalutara,Western,Kalutara,2025-09-01,259,14.09691629955947,14.09691629955947,5.556828061699537,0.13187804421813443,4.128440366972477,38.82068155453388,25.26519005929624,9,9,NA,FALSE,TRUE,TRUE,FALSE,FALSE,inference
114,Tomatoes,1912,Kandy,Central,Kandy,2023-06-01,267,NA,NA,5.58724865840025,NA,NA,NA,NA,6,6,67.64044943820227,TRUE,TRUE,FALSE,FALSE,FALSE,train
114,Tomatoes,1912,Kandy,Central,Kandy,2023-07-01,447.6,67.64044943820227,67.64044943820227,6.10389997643777,0.5166513180375203,NA,NA,NA,7,7,55.093833780160864,TRUE,TRUE,FALSE,TRUE,FALSE,train
114,Tomatoes,1912,Kandy,Central,Kandy,2023-08-01,201,-55.093833780160864,55.093833780160864,5.303304908059076,-0.8005950683786942,67.64044943820227,86.78624394777485,61.367141609181566,8,8,17.412935323383085,TRUE,TRUE,FALSE,TRUE,FALSE,train
114,Tomatoes,1912,Kandy,Central,Kandy,2023-09-01,166,-17.412935323383085,17.412935323383085,5.111987788356544,-0.19131711970253207,-55.093833780160864,62.872400734924554,46.71573951391541,9,9,10.240963855421686,TRUE,TRUE,FALSE,FALSE,FALSE,train
114,Tomatoes,1912,Kandy,Central,Kandy,2023-10-01,183,10.240963855421686,10.240963855421686,5.209486152841421,0.0974983644848777,-17.412935323383085,32.79538593151995,27.582577652988544,10,10,90.57377049180327,TRUE,TRUE,FALSE,FALSE,FALSE,train
114,Tomatoes,1912,Kandy,Central,Kandy,2023-11-01,348.75,90.57377049180327,90.57377049180327,5.854355333135575,0.6448691802941537,10.240963855421686,56.094008287703026,39.40922322353602,11,11,108.31541218637993,TRUE,TRUE,FALSE,TRUE,FALSE,train
114,Tomatoes,1912,Kandy,Central,Kandy,2023-12-01,726.5,108.31541218637993,108.31541218637993,6.588238483010338,0.7338831498747629,90.57377049180327,52.260123560765415,69.71004884453497,12,12,1.9958706125258088,FALSE,TRUE,FALSE,TRUE,FALSE,train
114,Tomatoes,1912,Kandy,Central,Kandy,2024-01-01,712,-1.9958706125258088,1.9958706125258088,6.568077911411976,-0.020160571598362154,108.31541218637993,59.23467933699986,66.96168443023633,1,1,23.946629213483146,TRUE,TRUE,FALSE,FALSE,FALSE,train
114,Tomatoes,1912,Kandy,Central,Kandy,2024-02-01,882.5,23.946629213483146,23.946629213483146,6.782758788807452,0.2146808773954758,-1.9958706125258088,57.676806358492705,44.752637337462964,2,2,53.42776203966006,TRUE,TRUE,FALSE,FALSE,FALSE,train
114,Tomatoes,1912,Kandy,Central,Kandy,2024-03-01,411,-53.42776203966006,53.42776203966006,6.018593214496234,-0.7641655743112175,23.946629213483146,39.38072535050085,26.456753955223004,3,3,52.89537712895377,TRUE,TRUE,FALSE,TRUE,FALSE,train
114,Tomatoes,1912,Kandy,Central,Kandy,2024-04-01,193.6,-52.89537712895377,52.89537712895377,5.265794174842477,-0.7527990396537572,-53.42776203966006,44.519235157810805,43.42325612736566,4,4,20.971074380165287,TRUE,TRUE,FALSE,TRUE,FALSE,train
114,Tomatoes,1912,Kandy,Central,Kandy,2024-05-01,153,-20.971074380165287,20.971074380165287,5.030437921392435,-0.23535625345004174,-52.89537712895377,18.587097287793718,42.431404516259704,5,5,258.8235294117647,TRUE,TRUE,FALSE,FALSE,FALSE,train
114,Tomatoes,1912,Kandy,Central,Kandy,2024-06-01,549,258.8235294117647,258.8235294117647,6.3080984415095305,1.2776605201170952,-20.971074380165287,171.49968810079537,110.89666030696125,6,6,16.939890710382514,TRUE,TRUE,FALSE,TRUE,FALSE,train
114,Tomatoes,1912,Kandy,Central,Kandy,2024-07-01,456,-16.939890710382514,16.939890710382514,6.1224928095143865,-0.18560563199514402,258.8235294117647,160.38845273809795,98.9114981674375,7,7,41.666666666666664,TRUE,TRUE,FALSE,FALSE,FALSE,train
114,Tomatoes,1912,Kandy,Central,Kandy,2024-08-01,266,-41.666666666666664,41.666666666666664,5.583496308781699,-0.5389965007326873,-16.939890710382514,166.80889028361682,105.81002892960463,8,8,1.3533834586466251,FALSE,TRUE,FALSE,FALSE,FALSE,train
114,Tomatoes,1912,Kandy,Central,Kandy,2024-09-01,269.6,1.3533834586466251,1.3533834586466251,5.596939379038152,0.01344307025645275,-41.666666666666664,21.590051882753812,19.986646945231936,9,9,18.694362017804146,TRUE,TRUE,FALSE,FALSE,FALSE,train
114,Tomatoes,1912,Kandy,Central,Kandy,2024-10-01,320,18.694362017804146,18.694362017804146,5.768320995793772,0.17138161675562014,1.3533834586466251,31.07755898291975,20.571470714372477,10,10,16.25,TRUE,TRUE,FALSE,FALSE,FALSE,train
114,Tomatoes,1912,Kandy,Central,Kandy,2024-11-01,268,-16.25,16.25,5.5909869805108565,-0.17733401528291548,18.694362017804146,17.472345212805422,12.099248492150258,11,11,71.19402985074628,TRUE,TRUE,FALSE,FALSE,FALSE,train
114,Tomatoes,1912,Kandy,Central,Kandy,2024-12-01,458.8,71.19402985074628,71.19402985074628,6.128614385255216,0.5376274047443594,-16.25,44.01473600954347,35.37946395618347,12,12,19.572798605056672,TRUE,TRUE,FALSE,TRUE,FALSE,train
114,Tomatoes,1912,Kandy,Central,Kandy,2025-01-01,369,-19.572798605056672,19.572798605056672,5.910796644040527,-0.2178177412146889,71.19402985074628,51.471863665231595,35.67227615193431,1,1,44.986449864498645,TRUE,TRUE,FALSE,FALSE,FALSE,validation
114,Tomatoes,1912,Kandy,Central,Kandy,2025-02-01,203,-44.986449864498645,44.986449864498645,5.313205979041787,-0.5975906649987399,-19.572798605056672,61.07696604166218,45.25109277343387,2,2,56.45320197044336,TRUE,TRUE,FALSE,FALSE,FALSE,validation
114,Tomatoes,1912,Kandy,Central,Kandy,2025-03-01,317.6,56.45320197044336,56.45320197044336,5.760792729372981,0.4475867503311939,-44.986449864498645,52.78227195791645,40.33748347999956,3,3,96.1586901763224,TRUE,TRUE,FALSE,TRUE,FALSE,validation
114,Tomatoes,1912,Kandy,Central,Kandy,2025-04-01,623,96.1586901763224,96.1586901763224,6.434546518787453,0.6737537894144721,56.45320197044336,72.78791030018245,65.8661140037548,4,4,49.2776886035313,TRUE,TRUE,FALSE,TRUE,FALSE,test
114,Tomatoes,1912,Kandy,Central,Kandy,2025-05-01,930,49.2776886035313,49.2776886035313,6.835184586147301,0.4006380673598482,96.1586901763224,25.251541518007613,67.29652691676569,5,5,57.376344086021504,TRUE,TRUE,FALSE,FALSE,FALSE,test
114,Tomatoes,1912,Kandy,Central,Kandy,2025-06-01,396.4,-57.376344086021504,57.376344086021504,5.982423802455833,-0.8527607836914681,49.2776886035313,78.68282080961866,67.60424095529173,6,6,62.159434914228044,TRUE,TRUE,FALSE,TRUE,FALSE,test
114,Tomatoes,1912,Kandy,Central,Kandy,2025-07-01,150,-62.159434914228044,62.159434914228044,5.0106352940962555,-0.9717885083595776,-57.376344086021504,63.00290091830088,56.27115586792695,7,7,4,FALSE,TRUE,FALSE,TRUE,FALSE,test
114,Tomatoes,1912,Kandy,Central,Kandy,2025-08-01,156,4,4,5.049856007249537,0.03922071315328157,-62.159434914228044,36.89400222124313,41.17859300008318,8,8,21.538461538461537,TRUE,TRUE,FALSE,FALSE,FALSE,test
114,Tomatoes,1912,Kandy,Central,Kandy,2025-09-01,189.6,21.538461538461537,21.538461538461537,5.244916589820922,0.1950605825713847,4,44.139940967924616,29.232632150896528,9,9,NA,FALSE,TRUE,TRUE,FALSE,FALSE,inference
114,Tomatoes,1913,Kegalle,Sabaragamuwa,Kegalle,2023-06-01,357.5,NA,NA,5.879135362134062,NA,NA,NA,NA,6,6,33.48251748251748,TRUE,TRUE,FALSE,FALSE,FALSE,train
114,Tomatoes,1913,Kegalle,Sabaragamuwa,Kegalle,2023-07-01,477.2,33.48251748251748,33.48251748251748,6.167935690223761,0.2888003280896987,NA,NA,NA,7,7,41.53394803017603,TRUE,TRUE,FALSE,FALSE,FALSE,train
114,Tomatoes,1913,Kegalle,Sabaragamuwa,Kegalle,2023-08-01,279,-41.53394803017603,41.53394803017603,5.631211781821365,-0.5367239084023954,33.48251748251748,53.044651464672356,37.50823275634676,8,8,14.336917562724015,TRUE,TRUE,FALSE,FALSE,FALSE,train
114,Tomatoes,1913,Kegalle,Sabaragamuwa,Kegalle,2023-09-01,239,-14.336917562724015,14.336917562724015,5.476463551931511,-0.15474822988985437,-41.53394803017603,37.97772797379783,29.784461025139173,9,9,8.95397489539748,FALSE,TRUE,FALSE,FALSE,FALSE,train
114,Tomatoes,1913,Kegalle,Sabaragamuwa,Kegalle,2023-10-01,260.4,8.95397489539748,8.95397489539748,5.562218910334414,0.08575535840290271,-14.336917562724015,25.269133012043056,21.60828016276584,10,10,37.28878648233488,TRUE,TRUE,FALSE,FALSE,FALSE,train
114,Tomatoes,1913,Kegalle,Sabaragamuwa,Kegalle,2023-11-01,357.5,37.28878648233488,37.28878648233488,5.879135362134062,0.31691645179964834,8.95397489539748,25.8538860306371,20.193226313485457,11,11,86.57342657342657,TRUE,TRUE,FALSE,FALSE,FALSE,train
114,Tomatoes,1913,Kegalle,Sabaragamuwa,Kegalle,2023-12-01,667,86.57342657342657,86.57342657342657,6.502790045915623,0.6236546837815613,37.28878648233488,39.2781036867735,44.27206265038631,12,12,9.625187406296858,FALSE,TRUE,FALSE,TRUE,FALSE,train
114,Tomatoes,1913,Kegalle,Sabaragamuwa,Kegalle,2024-01-01,731.2,9.625187406296858,9.625187406296858,6.59468702013994,0.09189697422431653,86.57342657342657,38.977091506144156,44.495800154019435,1,1,16.110503282275705,TRUE,TRUE,FALSE,FALSE,FALSE,train
114,Tomatoes,1913,Kegalle,Sabaragamuwa,Kegalle,2024-02-01,849,16.110503282275705,16.110503282275705,6.744059186311348,0.1493721661714078,9.625187406296858,42.677305428193,37.43637242066638,2,2,49.64664310954063,TRUE,TRUE,FALSE,FALSE,FALSE,train
114,Tomatoes,1913,Kegalle,Sabaragamuwa,Kegalle,2024-03-01,427.5,-49.64664310954063,49.64664310954063,6.0579542883768145,-0.6861048979345332,16.110503282275705,36.238127978470764,25.127444599371067,3,3,48.91228070175438,TRUE,TRUE,FALSE,FALSE,FALSE,train
114,Tomatoes,1913,Kegalle,Sabaragamuwa,Kegalle,2024-04-01,218.4,-48.91228070175438,48.91228070175438,5.38632824387075,-0.6716260445060644,-49.64664310954063,37.75469954582823,38.223142364523575,4,4,9.43223443223443,FALSE,TRUE,FALSE,FALSE,FALSE,train
114,Tomatoes,1913,Kegalle,Sabaragamuwa,Kegalle,2024-05-01,239,9.43223443223443,9.43223443223443,5.476463551931511,0.09013530806076098,-48.91228070175438,33.89920231598937,35.99705274784315,5,5,0,FALSE,TRUE,FALSE,FALSE,FALSE,train
114,Tomatoes,1913,Kegalle,Sabaragamuwa,Kegalle,2024-06-01,239,0,0,5.476463551931511,0,9.43223443223443,31.319484606370555,19.448171711329604,6,6,92.13389121338912,TRUE,TRUE,FALSE,FALSE,FALSE,train
114,Tomatoes,1913,Kegalle,Sabaragamuwa,Kegalle,2024-07-01,459.2,92.13389121338912,92.13389121338912,6.129485845005356,0.6530222930738452,0,50.690539865036556,33.85537521520785,7,7,26.829268292682922,TRUE,TRUE,FALSE,TRUE,FALSE,train
114,Tomatoes,1913,Kegalle,Sabaragamuwa,Kegalle,2024-08-01,336,-26.829268292682922,26.829268292682922,5.817111159963204,-0.31237468504215204,92.13389121338912,62.39751179188227,39.65438650202401,8,8,19.047619047619047,TRUE,TRUE,FALSE,FALSE,FALSE,train
114,Tomatoes,1913,Kegalle,Sabaragamuwa,Kegalle,2024-09-01,272,-19.047619047619047,19.047619047619047,5.605802066295998,-0.2113090936672064,-26.829268292682922,66.55087729018429,46.003592851230366,9,9,40.0735294117647,TRUE,TRUE,FALSE,FALSE,FALSE,train
114,Tomatoes,1913,Kegalle,Sabaragamuwa,Kegalle,2024-10-01,381,40.0735294117647,40.0735294117647,5.942799375126701,0.33699730883070345,-19.047619047619047,36.587449124920646,28.65013891735556,10,10,3.937007874015748,FALSE,TRUE,FALSE,FALSE,FALSE,train
114,Tomatoes,1913,Kegalle,Sabaragamuwa,Kegalle,2024-11-01,366,-3.937007874015748,3.937007874015748,5.902633333401366,-0.04016604172533533,40.0735294117647,30.71527350081549,21.0193854444665,11,11,40.98360655737705,TRUE,TRUE,FALSE,FALSE,FALSE,train
114,Tomatoes,1913,Kegalle,Sabaragamuwa,Kegalle,2024-12-01,516,40.98360655737705,40.98360655737705,6.246106765481563,0.34347343208019687,-3.937007874015748,25.676244641976925,28.3313812810525,12,12,9.689922480620154,FALSE,TRUE,FALSE,FALSE,FALSE,train
114,Tomatoes,1913,Kegalle,Sabaragamuwa,Kegalle,2025-01-01,466,-9.689922480620154,9.689922480620154,6.1441856341256456,-0.10192113135591718,40.98360655737705,27.745162258579672,18.203512304004317,1,1,32.18884120171674,TRUE,TRUE,FALSE,FALSE,FALSE,validation
114,Tomatoes,1913,Kegalle,Sabaragamuwa,Kegalle,2025-02-01,316,-32.18884120171674,32.18884120171674,5.755742213586912,-0.38844342053873326,-9.689922480620154,37.47936098672745,27.620790079904648,2,2,27.721518987341778,TRUE,TRUE,FALSE,FALSE,FALSE,validation
114,Tomatoes,1913,Kegalle,Sabaragamuwa,Kegalle,2025-03-01,403.6,27.721518987341778,27.721518987341778,6.000424288479454,0.244682074892542,-32.18884120171674,30.26292713952166,23.200094223226223,3,3,42.71555996035678,TRUE,TRUE,FALSE,FALSE,FALSE,validation
114,Tomatoes,1913,Kegalle,Sabaragamuwa,Kegalle,2025-04-01,576,42.71555996035678,42.71555996035678,6.3561076606958915,0.3556833722164372,27.721518987341778,39.63319701994786,34.2086400498051,4,4,59.46180555555556,TRUE,TRUE,FALSE,FALSE,FALSE,test
114,Tomatoes,1913,Kegalle,Sabaragamuwa,Kegalle,2025-05-01,918.5,59.46180555555556,59.46180555555556,6.822741904655181,0.4666342439592892,42.71555996035678,15.878202027032213,43.29962816775137,5,5,42.51497005988024,TRUE,TRUE,FALSE,TRUE,FALSE,test
114,Tomatoes,1913,Kegalle,Sabaragamuwa,Kegalle,2025-06-01,528,-42.51497005988024,42.51497005988024,6.269096283706261,-0.5536456209489193,59.46180555555556,54.68690085993504,48.23077852526419,6,6,57.196969696969695,TRUE,TRUE,FALSE,FALSE,FALSE,test
114,Tomatoes,1913,Kegalle,Sabaragamuwa,Kegalle,2025-07-01,226,-57.196969696969695,57.196969696969695,5.420534999272286,-0.8485612844339752,-42.51497005988024,63.54013655646279,53.05791510413516,7,7,13.274336283185841,TRUE,TRUE,FALSE,TRUE,FALSE,test
114,Tomatoes,1913,Kegalle,Sabaragamuwa,Kegalle,2025-08-01,256,13.274336283185841,13.274336283185841,5.545177444479562,0.12464244520727608,-57.196969696969695,37.18022050798128,37.66209201334526,8,8,5.624999999999991,FALSE,TRUE,FALSE,FALSE,FALSE,test
114,Tomatoes,1913,Kegalle,Sabaragamuwa,Kegalle,2025-09-01,270.4,5.624999999999991,5.624999999999991,5.599902344168809,0.054724899689246875,13.274336283185841,38.668068628453945,25.365435326718508,9,9,NA,FALSE,TRUE,TRUE,FALSE,FALSE,inference
114,Tomatoes,1914,Kurunegala,North Western,Kurunegala,2023-06-01,342.5,NA,NA,5.83627165770228,NA,NA,NA,NA,6,6,43.59124087591241,TRUE,TRUE,FALSE,FALSE,FALSE,train
114,Tomatoes,1914,Kurunegala,North Western,Kurunegala,2023-07-01,491.8,43.59124087591241,43.59124087591241,6.198072129782092,0.36180047207981225,NA,NA,NA,7,7,46.52297681984547,TRUE,TRUE,FALSE,FALSE,FALSE,train
114,Tomatoes,1914,Kurunegala,North Western,Kurunegala,2023-08-01,263,-46.52297681984547,46.52297681984547,5.572154032177765,-0.6259180976043277,43.59124087591241,63.72037441399118,45.057108847878936,8,8,11.787072243346008,TRUE,TRUE,FALSE,FALSE,FALSE,train
114,Tomatoes,1914,Kurunegala,North Western,Kurunegala,2023-09-01,232,-11.787072243346008,11.787072243346008,5.44673737166631,-0.12541666051145484,-46.52297681984547,45.44944602082764,33.96709664636796,9,9,12.758620689655181,TRUE,TRUE,FALSE,FALSE,FALSE,train
114,Tomatoes,1914,Kurunegala,North Western,Kurunegala,2023-10-01,261.6,12.758620689655181,12.758620689655181,5.566816619583044,0.12007924791673386,-11.787072243346008,29.786411643531054,23.68955658428222,10,10,31.88073394495412,TRUE,TRUE,FALSE,FALSE,FALSE,train
114,Tomatoes,1914,Kurunegala,North Western,Kurunegala,2023-11-01,345,31.88073394495412,31.88073394495412,5.84354441703136,0.27672779744831644,12.758620689655181,21.889965563428856,18.808808959318437,11,11,100.3623188405797,TRUE,TRUE,FALSE,FALSE,FALSE,train
114,Tomatoes,1914,Kurunegala,North Western,Kurunegala,2023-12-01,691.25,100.3623188405797,100.3623188405797,6.538501552836545,0.6949571358051845,31.88073394495412,46.06117420504234,48.333891158396334,12,12,7.746835443037968,FALSE,TRUE,FALSE,TRUE,FALSE,train
114,Tomatoes,1914,Kurunegala,North Western,Kurunegala,2024-01-01,744.8,7.746835443037968,7.746835443037968,6.6131157259628575,0.0746141731263128,100.3623188405797,48.04477129316969,46.6632960761906,1,1,17.403329752953812,TRUE,TRUE,FALSE,FALSE,FALSE,train
114,Tomatoes,1914,Kurunegala,North Western,Kurunegala,2024-02-01,874.42,17.403329752953812,17.403329752953812,6.773560809427831,0.16044508346497377,7.746835443037968,50.91343882473238,41.83749467885716,2,2,47.479472107225355,TRUE,TRUE,FALSE,FALSE,FALSE,train
114,Tomatoes,1914,Kurunegala,North Western,Kurunegala,2024-03-01,459.25,-47.479472107225355,47.479472107225355,6.129594724095235,-0.6439660853325959,17.403329752953812,35.00707286920977,24.209879101072378,3,3,40.42460533478497,TRUE,TRUE,FALSE,FALSE,FALSE,train
114,Tomatoes,1914,Kurunegala,North Western,Kurunegala,2024-04-01,273.6,-40.42460533478497,40.42460533478497,5.611667185748395,-0.5179275383468402,-47.479472107225355,35.5987340573507,35.10246906498804,4,4,21.783625730994157,TRUE,TRUE,FALSE,FALSE,FALSE,train
114,Tomatoes,1914,Kurunegala,North Western,Kurunegala,2024-05-01,214,-21.783625730994157,21.783625730994157,5.365976015021851,-0.2456911707265439,-40.42460533478497,13.276130126136799,36.562567724334826,5,5,144.39252336448598,TRUE,TRUE,FALSE,FALSE,FALSE,train
114,Tomatoes,1914,Kurunegala,North Western,Kurunegala,2024-06-01,523,144.39252336448598,144.39252336448598,6.259581464064923,0.893605449043072,-21.783625730994157,101.75081466458067,68.8669181434217,6,6,46.94072657743786,TRUE,TRUE,FALSE,TRUE,FALSE,train
114,Tomatoes,1914,Kurunegala,North Western,Kurunegala,2024-09-01,277.5,-46.94072657743786,46.94072657743786,5.625820933186489,-0.6337605308784342,144.39252336448598,103.967787306566,71.03895855763933,9,9,15.614414414414409,TRUE,TRUE,FALSE,FALSE,FALSE,train
114,Tomatoes,1914,Kurunegala,North Western,Kurunegala,2024-10-01,320.83,15.614414414414409,15.614414414414409,5.770911387829468,0.14509045464297898,-46.94072657743786,97.55798236826969,68.98255478544608,10,10,25.714552878471466,TRUE,TRUE,FALSE,FALSE,FALSE,train
114,Tomatoes,1914,Kurunegala,North Western,Kurunegala,2024-11-01,403.33,25.714552878471466,25.714552878471466,5.999755085425717,0.22884369759624867,15.614414414414409,39.35722740556453,29.42323129010791,11,11,23.886147819403476,TRUE,TRUE,FALSE,FALSE,FALSE,train
114,Tomatoes,1914,Kurunegala,North Western,Kurunegala,2024-12-01,499.67,23.886147819403476,23.886147819403476,6.213947880526312,0.21419279510059575,25.714552878471466,5.381719607095275,21.73837170409645,12,12,1.226809694398302,FALSE,TRUE,FALSE,FALSE,FALSE,train
114,Tomatoes,1914,Kurunegala,North Western,Kurunegala,2025-01-01,493.54,-1.226809694398302,1.226809694398302,6.201603909286938,-0.012343971239374696,23.886147819403476,15.054571384537802,16.942503464091082,1,1,24.52486120679175,TRUE,TRUE,FALSE,FALSE,FALSE,validation
114,Tomatoes,1914,Kurunegala,North Western,Kurunegala,2025-02-01,372.5,-24.52486120679175,24.52486120679175,5.920237037819614,-0.2813668714673234,-1.226809694398302,24.21117384700195,16.545939573531175,2,2,9.173154362416112,FALSE,TRUE,FALSE,FALSE,FALSE,validation
114,Tomatoes,1914,Kurunegala,North Western,Kurunegala,2025-03-01,338.33,-9.173154362416112,9.173154362416112,5.824021750542496,-0.09621528727711848,-24.52486120679175,11.843553104908478,11.641608421202054,3,3,85.7151301983271,TRUE,TRUE,FALSE,FALSE,FALSE,validation
114,Tomatoes,1914,Kurunegala,North Western,Kurunegala,2025-04-01,628.33,85.7151301983271,85.7151301983271,6.443065506160142,0.6190437556176462,-9.173154362416112,59.71085489662789,39.80438192251165,4,4,36.87075262998742,TRUE,TRUE,FALSE,TRUE,FALSE,test
114,Tomatoes,1914,Kurunegala,North Western,Kurunegala,2025-05-01,860,36.87075262998742,36.87075262998742,6.756932389247553,0.3138668830874112,85.7151301983271,47.451029384767146,43.91967906357688,5,5,46.705813953488374,TRUE,TRUE,FALSE,FALSE,FALSE,test
114,Tomatoes,1914,Kurunegala,North Western,Kurunegala,2025-06-01,458.33,-46.705813953488374,46.705813953488374,6.127589448678843,-0.6293429405687103,36.87075262998742,66.96531708277418,56.4305655939343,6,6,50.81709685161347,TRUE,TRUE,FALSE,FALSE,FALSE,test
114,Tomatoes,1914,Kurunegala,North Western,Kurunegala,2025-07-01,225.42,-50.81709685161347,50.81709685161347,5.417965328813932,-0.7096241198649107,-46.705813953488374,49.48249534879056,44.79788781169642,7,7,16.081093070712463,TRUE,TRUE,FALSE,TRUE,FALSE,test
114,Tomatoes,1914,Kurunegala,North Western,Kurunegala,2025-08-01,261.67,16.081093070712463,16.081093070712463,5.567084167886663,0.14911883907273094,-50.81709685161347,37.49325751744716,37.8680012919381,8,8,1.5936102724806114,FALSE,TRUE,FALSE,FALSE,FALSE,test
114,Tomatoes,1914,Kurunegala,North Western,Kurunegala,2025-09-01,257.5,-1.5936102724806114,1.5936102724806114,5.551019720103791,-0.016064447782872193,16.081093070712463,34.66678185275626,22.830600064935513,9,9,NA,FALSE,TRUE,TRUE,FALSE,FALSE,inference
114,Tomatoes,1915,Matale,Central,Matale,2023-06-01,355,NA,NA,5.872117789475416,NA,NA,NA,NA,6,6,29.690140845070417,TRUE,TRUE,FALSE,FALSE,FALSE,train
114,Tomatoes,1915,Matale,Central,Matale,2023-07-01,460.4,29.690140845070417,29.690140845070417,6.132095676847728,0.25997788737231176,NA,NA,NA,7,7,55.25629887054735,TRUE,TRUE,FALSE,FALSE,FALSE,train
114,Tomatoes,1915,Matale,Central,Matale,2023-08-01,206,-55.25629887054735,55.25629887054735,5.327876168789581,-0.8042195080581465,29.690140845070417,60.06620356056758,42.473219857808886,8,8,5.825242718446602,FALSE,TRUE,FALSE,TRUE,FALSE,train
114,Tomatoes,1915,Matale,Central,Matale,2023-09-01,194,-5.825242718446602,5.825242718446602,5.267858159063328,-0.06001800972625304,-55.25629887054735,42.662765581427394,30.257227478021456,9,9,1.8556701030927805,FALSE,TRUE,FALSE,FALSE,FALSE,train
114,Tomatoes,1915,Matale,Central,Matale,2023-10-01,190.4,-1.8556701030927805,1.8556701030927805,5.249127122357265,-0.01873103670606291,-5.825242718446602,29.751229587531896,20.97907056402891,10,10,74.36974789915966,TRUE,TRUE,FALSE,FALSE,FALSE,train
114,Tomatoes,1915,Matale,Central,Matale,2023-11-01,332,74.36974789915966,74.36974789915966,5.805134968916488,0.5560078465592229,-1.8556701030927805,45.19828237246159,27.350220240233014,11,11,112.95180722891567,TRUE,TRUE,FALSE,TRUE,FALSE,train
114,Tomatoes,1915,Matale,Central,Matale,2023-12-01,707,112.95180722891567,112.95180722891567,6.561030665896573,0.755895696980085,74.36974789915966,58.42323525088649,63.059075077056036,12,12,7.666195190947673,FALSE,TRUE,FALSE,TRUE,FALSE,train
114,Tomatoes,1915,Matale,Central,Matale,2024-01-01,652.8,-7.666195190947673,7.666195190947673,6.481270803649897,-0.07975986224667597,112.95180722891567,61.599748063021465,64.99591677300766,1,1,37.867647058823536,TRUE,TRUE,FALSE,FALSE,FALSE,train
114,Tomatoes,1915,Matale,Central,Matale,2024-02-01,900,37.867647058823536,37.867647058823536,6.802394763324311,0.32112395967441376,-7.666195190947673,60.909310189046984,52.82854982622896,2,2,61.77777777777778,TRUE,TRUE,FALSE,FALSE,FALSE,train
114,Tomatoes,1915,Matale,Central,Matale,2024-03-01,344,-61.77777777777778,61.77777777777778,5.840641657373398,-0.9617531059509128,37.867647058823536,49.884207338838124,35.770540009182994,3,3,52.55813953488372,TRUE,TRUE,FALSE,TRUE,FALSE,train
114,Tomatoes,1915,Matale,Central,Matale,2024-04-01,163.2,-52.55813953488372,52.55813953488372,5.094976442530006,-0.7456652148433918,-61.77777777777778,55.06213959592574,50.73452145716168,4,4,14.381127450980394,TRUE,TRUE,FALSE,TRUE,FALSE,train
114,Tomatoes,1915,Matale,Central,Matale,2024-05-01,186.67,14.381127450980394,14.381127450980394,5.2293423520445055,0.13436590951449912,-52.55813953488372,41.56530211522106,42.90568158788063,5,5,0,FALSE,TRUE,FALSE,FALSE,FALSE,train
114,Tomatoes,1915,Matale,Central,Matale,2024-06-01,186.67,0,0,5.2293423520445055,0,14.381127450980394,35.23738621297567,22.313088995288037,6,6,131.70836235067233,TRUE,TRUE,FALSE,FALSE,FALSE,train
114,Tomatoes,1915,Matale,Central,Matale,2024-07-01,432.53,131.70836235067233,131.70836235067233,6.069651688128201,0.8403093360836955,0,72.24909409935512,48.69649660055091,7,7,37.11418861119459,TRUE,TRUE,FALSE,TRUE,FALSE,train
114,Tomatoes,1915,Matale,Central,Matale,2024-08-01,272,-37.11418861119459,37.11418861119459,5.605802066295998,-0.46384962183220324,131.70836235067233,88.71828956744253,56.27418365395564,8,8,13.529411764705886,TRUE,TRUE,FALSE,FALSE,FALSE,train
114,Tomatoes,1915,Matale,Central,Matale,2024-09-01,235.2,-13.529411764705886,13.529411764705886,5.460436216024472,-0.14536585027152604,-37.11418861119459,91.42511183309216,60.78398757552427,9,9,30.102040816326536,TRUE,TRUE,FALSE,FALSE,FALSE,train
114,Tomatoes,1915,Matale,Central,Matale,2024-10-01,306,30.102040816326536,30.102040816326536,5.723585101952381,0.26314888592790897,-13.529411764705886,34.10270480886305,26.915213730742337,10,10,2.6143790849673203,FALSE,TRUE,FALSE,FALSE,FALSE,train
114,Tomatoes,1915,Matale,Central,Matale,2024-11-01,314,2.6143790849673203,2.6143790849673203,5.749392985908253,0.025807883955872413,30.102040816326536,22.060134423836825,15.415277221999913,11,11,39.872611464968145,TRUE,TRUE,FALSE,FALSE,FALSE,train
114,Tomatoes,1915,Matale,Central,Matale,2024-12-01,439.2,39.872611464968145,39.872611464968145,6.084954890195321,0.33556190428706767,2.6143790849673203,19.318434539492188,24.196343788754,12,12,19.398907103825135,TRUE,TRUE,FALSE,FALSE,FALSE,train
114,Tomatoes,1915,Matale,Central,Matale,2025-01-01,354,-19.398907103825135,19.398907103825135,5.869296913133774,-0.21565797706154655,39.872611464968145,29.960734198732595,20.628632551253535,1,1,34.463276836158194,TRUE,TRUE,FALSE,FALSE,FALSE,validation
114,Tomatoes,1915,Matale,Central,Matale,2025-02-01,232,-34.463276836158194,34.463276836158194,5.44673737166631,-0.42255954146746433,-19.398907103825135,39.29773623336076,31.24493180165049,2,2,34.48275862068966,TRUE,TRUE,FALSE,FALSE,FALSE,validation
114,Tomatoes,1915,Matale,Central,Matale,2025-03-01,312,34.48275862068966,34.48275862068966,5.7430031878094825,0.2962658161431726,-34.463276836158194,36.24850558275404,29.448314186890997,3,3,83.25320512820512,TRUE,TRUE,FALSE,FALSE,FALSE,validation
114,Tomatoes,1915,Matale,Central,Matale,2025-04-01,571.75,83.25320512820512,83.25320512820512,6.348701832902891,0.6056986450934083,34.48275862068966,59.1456991727852,50.733080195017656,4,4,64.40752076956711,TRUE,TRUE,FALSE,TRUE,FALSE,test
114,Tomatoes,1915,Matale,Central,Matale,2025-05-01,940,64.40752076956711,64.40752076956711,6.84587987526405,0.4971780423611589,83.25320512820512,24.594063176421017,60.7144948394873,5,5,51.319148936170215,TRUE,TRUE,FALSE,TRUE,FALSE,test
114,Tomatoes,1915,Matale,Central,Matale,2025-06-01,457.6,-51.319148936170215,51.319148936170215,6.125995440065588,-0.7198844351984617,64.40752076956711,72.86693394875556,66.32662494464748,6,6,67.22027972027972,TRUE,TRUE,FALSE,TRUE,FALSE,test
114,Tomatoes,1915,Matale,Central,Matale,2025-07-01,150,-67.22027972027972,67.22027972027972,5.0106352940962555,-1.1153601459693325,-51.319148936170215,71.84634751002667,60.98231647533902,7,7,18.666666666666668,TRUE,TRUE,FALSE,TRUE,FALSE,test
114,Tomatoes,1915,Matale,Central,Matale,2025-08-01,178,18.666666666666668,18.666666666666668,5.181783550292085,0.17114825619582952,-67.22027972027972,45.69359529423834,45.73536510770553,8,8,12.359550561797754,TRUE,TRUE,FALSE,FALSE,FALSE,test
114,Tomatoes,1915,Matale,Central,Matale,2025-09-01,200,12.359550561797754,12.359550561797754,5.298317366548036,0.11653381625595127,18.666666666666668,47.87013101604304,32.74883231624805,9,9,NA,FALSE,TRUE,TRUE,FALSE,FALSE,inference
114,Tomatoes,1916,Matara,Southern,Matara,2023-06-01,305,NA,NA,5.720311776607412,NA,NA,NA,NA,6,6,52.950819672131146,TRUE,TRUE,FALSE,FALSE,FALSE,train
114,Tomatoes,1916,Matara,Southern,Matara,2023-07-01,466.5,52.950819672131146,52.950819672131146,6.1452580202873985,0.4249462436799867,NA,NA,NA,7,7,58.55734190782422,TRUE,TRUE,FALSE,TRUE,FALSE,train
114,Tomatoes,1916,Matara,Southern,Matara,2023-08-01,193.33,-58.55734190782422,58.55734190782422,5.264398573344411,-0.8808594469429876,52.950819672131146,78.84817721083168,55.75408078997768,8,8,6.8949464645942236,FALSE,TRUE,FALSE,TRUE,FALSE,train
114,Tomatoes,1916,Matara,Southern,Matara,2023-09-01,180,-6.8949464645942236,6.8949464645942236,5.19295685089021,-0.07144172245420055,-58.55734190782422,55.80410517510596,39.46770268151653,9,9,12.777777777777779,TRUE,TRUE,FALSE,FALSE,FALSE,train
114,Tomatoes,1916,Matara,Southern,Matara,2023-10-01,203,12.777777777777779,12.777777777777779,5.313205979041787,0.12024912815157673,-6.8949464645942236,36.843630120208125,26.076688716732072,10,10,57.01970443349754,TRUE,TRUE,FALSE,FALSE,FALSE,train
114,Tomatoes,1916,Matara,Southern,Matara,2023-11-01,318.75,57.01970443349754,57.01970443349754,5.7644070964726355,0.45120111743084834,12.777777777777779,32.73491192583091,25.564142891956514,11,11,116.7843137254902,TRUE,TRUE,FALSE,TRUE,FALSE,train
114,Tomatoes,1916,Matara,Southern,Matara,2023-12-01,691,116.7843137254902,116.7843137254902,6.53813982376767,0.7737327272950347,57.01970443349754,52.1959706584672,62.19393197892184,12,12,11.215629522431259,TRUE,TRUE,FALSE,TRUE,FALSE,train
114,Tomatoes,1916,Matara,Southern,Matara,2024-01-01,613.5,-11.215629522431259,11.215629522431259,6.419180264150966,-0.11895955961670435,116.7843137254902,64.04666891594594,61.67321589380633,1,1,39.36430317848411,TRUE,TRUE,FALSE,FALSE,FALSE,train
114,Tomatoes,1916,Matara,Southern,Matara,2024-02-01,855,39.36430317848411,39.36430317848411,6.75110146893676,0.331921204785794,-11.215629522431259,64.4672695980924,55.78808214213519,2,2,61.98830409356725,TRUE,TRUE,FALSE,FALSE,FALSE,train
114,Tomatoes,1916,Matara,Southern,Matara,2024-03-01,325,-61.98830409356725,61.98830409356725,5.783825182329737,-0.9672762866070226,39.36430317848411,50.67633418072366,37.522745598160874,3,3,49.02461538461539,TRUE,TRUE,FALSE,TRUE,FALSE,train
114,Tomatoes,1916,Matara,Southern,Matara,2024-04-01,165.67,-49.02461538461539,49.02461538461539,5.109997857950446,-0.6738273243792916,-61.98830409356725,55.15585364906055,50.12574088555558,4,4,23.73996499064406,TRUE,TRUE,FALSE,FALSE,FALSE,train
114,Tomatoes,1916,Matara,Southern,Matara,2024-05-01,205,23.73996499064406,23.73996499064406,5.3230099791384085,0.21301212118796276,-49.02461538461539,46.20980686374041,44.91762815627557,5,5,167.0731707317073,TRUE,TRUE,FALSE,FALSE,FALSE,train
114,Tomatoes,1916,Matara,Southern,Matara,2024-06-01,547.5,167.0731707317073,167.0731707317073,6.305362461690656,0.9823524825522476,23.73996499064406,109.95252398919992,79.94591703565558,6,6,21.27853881278539,TRUE,TRUE,FALSE,TRUE,FALSE,train
114,Tomatoes,1916,Matara,Southern,Matara,2024-07-01,431,-21.27853881278539,21.27853881278539,6.066108090103747,-0.23925437158690865,167.0731707317073,98.3594090068343,70.69722484504558,7,7,33.438515081206496,TRUE,TRUE,FALSE,FALSE,FALSE,train
114,Tomatoes,1916,Matara,Southern,Matara,2024-08-01,286.88,-33.438515081206496,33.438515081206496,5.659064009856823,-0.4070440802469246,-21.27853881278539,112.4197251810658,73.93007487523306,8,8,14.42414947016174,TRUE,TRUE,FALSE,FALSE,FALSE,train
114,Tomatoes,1916,Matara,Southern,Matara,2024-09-01,245.5,-14.42414947016174,14.42414947016174,5.503296947234575,-0.15576706262224782,-33.438515081206496,9.62976094977889,23.04706778805121,9,9,47.657841140529534,TRUE,TRUE,FALSE,FALSE,FALSE,train
114,Tomatoes,1916,Matara,Southern,Matara,2024-10-01,362.5,47.657841140529534,47.657841140529534,5.893024474294729,0.38972752706015434,-14.42414947016174,42.411355889311736,31.840168563965925,10,10,12.932413793103448,TRUE,TRUE,FALSE,FALSE,FALSE,train
114,Tomatoes,1916,Matara,Southern,Matara,2024-11-01,315.62,-12.932413793103448,12.932413793103448,5.754538958319987,-0.13848551597474223,47.657841140529534,35.42028097582609,25.004801467931575,11,11,25.308915784804512,TRUE,TRUE,FALSE,FALSE,FALSE,train
114,Tomatoes,1916,Matara,Southern,Matara,2024-12-01,395.5,25.308915784804512,25.308915784804512,5.980150787207709,0.2256118288877218,-12.932413793103448,30.640530743239918,28.633056906145832,12,12,12.13653603034134,TRUE,TRUE,FALSE,FALSE,FALSE,train
114,Tomatoes,1916,Matara,Southern,Matara,2025-01-01,347.5,-12.13653603034134,12.13653603034134,5.850764665004847,-0.12938612220286227,25.308915784804512,21.85251538130049,16.792621869416433,1,1,38.1294964028777,TRUE,TRUE,FALSE,FALSE,FALSE,validation
114,Tomatoes,1916,Matara,Southern,Matara,2025-02-01,215,-38.1294964028777,38.1294964028777,5.3706380281276624,-0.48012663687718415,-12.13653603034134,31.891033200214032,25.19164940600785,2,2,41.16279069767442,TRUE,TRUE,FALSE,FALSE,FALSE,validation
114,Tomatoes,1916,Matara,Southern,Matara,2025-03-01,303.5,41.16279069767442,41.16279069767442,5.715381610499553,0.3447435823718905,-38.1294964028777,40.4221865898428,30.476274376964486,3,3,116.0889621087315,TRUE,TRUE,FALSE,FALSE,FALSE,validation
114,Tomatoes,1916,Matara,Southern,Matara,2025-04-01,655.83,116.0889621087315,116.0889621087315,6.48590160901841,0.7705199985188571,41.16279069767442,77.11952941338575,65.1270830697612,4,4,43.616485979598366,TRUE,TRUE,FALSE,TRUE,FALSE,test
114,Tomatoes,1916,Matara,Southern,Matara,2025-05-01,941.88,43.616485979598366,43.616485979598366,6.847877877926723,0.3619762689083128,116.0889621087315,42.568007507875784,66.95607959533476,5,5,45.10978043912176,TRUE,TRUE,FALSE,FALSE,FALSE,test
114,Tomatoes,1916,Matara,Southern,Matara,2025-06-01,517,-45.10978043912176,45.10978043912176,6.248042874508429,-0.5998350034182938,43.616485979598366,80.73582924978491,68.27174284248387,6,6,68.08510638297872,TRUE,TRUE,FALSE,FALSE,FALSE,test
114,Tomatoes,1916,Matara,Southern,Matara,2025-07-01,165,-68.08510638297872,68.08510638297872,5.10594547390058,-1.1420974006078488,-45.10978043912176,58.98793900898656,52.27045760056628,7,7,17.424242424242426,TRUE,TRUE,FALSE,TRUE,FALSE,test
114,Tomatoes,1916,Matara,Southern,Matara,2025-08-01,193.75,17.424242424242426,17.424242424242426,5.2665686682334565,0.1606231943328762,-68.08510638297872,44.25347133490817,43.539709748780965,8,8,4,FALSE,TRUE,FALSE,FALSE,FALSE,test
114,Tomatoes,1916,Matara,Southern,Matara,2025-09-01,201.5,4,4,5.305789381386738,0.03922071315328157,17.424242424242426,45.9860877156436,29.83644960240705,9,9,NA,FALSE,TRUE,TRUE,FALSE,FALSE,inference
114,Tomatoes,1917,Nuwara Eliya,Central,Nuwara Eliya,2023-06-01,252,NA,NA,5.529429087511423,NA,NA,NA,NA,6,6,48.57142857142856,TRUE,TRUE,FALSE,FALSE,FALSE,train
114,Tomatoes,1917,Nuwara Eliya,Central,Nuwara Eliya,2023-07-01,374.4,48.57142857142856,48.57142857142856,5.9253247446034365,0.39589565709201313,NA,NA,NA,7,7,38.96901709401709,TRUE,TRUE,FALSE,FALSE,FALSE,train
114,Tomatoes,1917,Nuwara Eliya,Central,Nuwara Eliya,2023-08-01,228.5,-38.96901709401709,38.96901709401709,5.43153621033426,-0.4937885342691768,48.57142857142856,61.90044275812913,43.77022283272282,8,8,9.190371991247265,FALSE,TRUE,FALSE,FALSE,FALSE,train
114,Tomatoes,1917,Nuwara Eliya,Central,Nuwara Eliya,2023-09-01,207.5,-9.190371991247265,9.190371991247265,5.335131339670753,-0.09640487066350634,-38.96901709401709,44.50940525271765,32.24360588556431,9,9,5.253012048192773,FALSE,TRUE,FALSE,FALSE,FALSE,train
114,Tomatoes,1917,Nuwara Eliya,Central,Nuwara Eliya,2023-10-01,218.4,5.253012048192773,5.253012048192773,5.38632824387075,0.05119690419999667,-9.190371991247265,22.549822276172996,17.804133711152375,10,10,26.14468864468864,TRUE,TRUE,FALSE,FALSE,FALSE,train
114,Tomatoes,1917,Nuwara Eliya,Central,Nuwara Eliya,2023-11-01,275.5,26.14468864468864,26.14468864468864,5.6185876285929695,0.2322593847222194,5.253012048192773,17.76532204262277,13.529357561376226,11,11,100.36297640653358,TRUE,TRUE,FALSE,FALSE,FALSE,train
114,Tomatoes,1917,Nuwara Eliya,Central,Nuwara Eliya,2023-12-01,552,100.36297640653358,100.36297640653358,6.313548046277095,0.6949604176841255,26.14468864468864,49.98453379055941,43.920225699804995,12,12,13.695652173913047,TRUE,TRUE,FALSE,TRUE,FALSE,train
114,Tomatoes,1917,Nuwara Eliya,Central,Nuwara Eliya,2024-01-01,627.6,13.695652173913047,13.695652173913047,6.441903020858877,0.12835497458178224,100.36297640653358,46.85893340120767,46.73443907504509,1,1,26.406947100063732,TRUE,TRUE,FALSE,FALSE,FALSE,train
114,Tomatoes,1917,Nuwara Eliya,Central,Nuwara Eliya,2024-02-01,793.33,26.406947100063732,26.406947100063732,6.6762392763079115,0.23433625544903425,13.695652173913047,46.80152486675547,46.82185856017012,2,2,55.5670401976479,TRUE,TRUE,FALSE,FALSE,FALSE,train
114,Tomatoes,1917,Nuwara Eliya,Central,Nuwara Eliya,2024-03-01,352.5,-55.5670401976479,55.5670401976479,5.8650506222523235,-0.8111886540555879,26.406947100063732,44.11846205906408,31.889879823874892,3,3,54.95035460992908,TRUE,TRUE,FALSE,TRUE,FALSE,train
114,Tomatoes,1917,Nuwara Eliya,Central,Nuwara Eliya,2024-04-01,158.8,-54.95035460992908,54.95035460992908,5.067645548813036,-0.7974050734392879,-55.5670401976479,47.15069005527259,45.6414473025469,4,4,7.682619647355156,FALSE,TRUE,FALSE,TRUE,FALSE,train
114,Tomatoes,1917,Nuwara Eliya,Central,Nuwara Eliya,2024-05-01,171,7.682619647355156,7.682619647355156,5.14166355650266,0.07401800768962463,-54.95035460992908,36.34049448373977,39.40000481831071,5,5,164.03508771929825,TRUE,TRUE,FALSE,FALSE,FALSE,train
114,Tomatoes,1917,Nuwara Eliya,Central,Nuwara Eliya,2024-06-01,451.5,164.03508771929825,164.03508771929825,6.11257537285704,0.9709118163543797,7.682619647355156,112.78564306434644,75.55602065886083,6,6,21.59468438538206,TRUE,TRUE,FALSE,TRUE,FALSE,train
114,Tomatoes,1917,Nuwara Eliya,Central,Nuwara Eliya,2024-07-01,354,-21.59468438538206,21.59468438538206,5.869296913133774,-0.24327845972326578,164.03508771929825,99.80119162218527,64.43746391734516,7,7,12.429378531073446,TRUE,TRUE,FALSE,FALSE,FALSE,train
114,Tomatoes,1917,Nuwara Eliya,Central,Nuwara Eliya,2024-08-01,310,-12.429378531073446,12.429378531073446,5.736572297479192,-0.13272461565458205,-21.59468438538206,104.62801008976766,66.01971687858459,8,8,12.741935483870968,TRUE,TRUE,FALSE,FALSE,FALSE,train
114,Tomatoes,1917,Nuwara Eliya,Central,Nuwara Eliya,2024-09-01,270.5,-12.741935483870968,12.741935483870968,5.600272098286537,-0.13630019919265557,-12.429378531073446,5.203711597904129,15.588666133442159,9,9,12.014787430683919,TRUE,TRUE,FALSE,FALSE,FALSE,train
114,Tomatoes,1917,Nuwara Eliya,Central,Nuwara Eliya,2024-10-01,303,12.014787430683919,12.014787430683919,5.713732805509369,0.11346070722283219,-12.741935483870968,14.203932969913218,12.395367148542778,10,10,9.075907590759076,FALSE,TRUE,FALSE,FALSE,FALSE,train
114,Tomatoes,1917,Nuwara Eliya,Central,Nuwara Eliya,2024-11-01,330.5,9.075907590759076,9.075907590759076,5.800606659291741,0.08687385378237256,12.014787430683919,13.52498071847514,11.277543501771321,11,11,19.51588502269289,TRUE,TRUE,FALSE,FALSE,FALSE,train
114,Tomatoes,1917,Nuwara Eliya,Central,Nuwara Eliya,2024-12-01,395,19.51588502269289,19.51588502269289,5.978885764901122,0.17827910560938065,9.075907590759076,5.3835646272961615,13.535526681378627,12,12,13.417721518987342,TRUE,TRUE,FALSE,FALSE,FALSE,train
114,Tomatoes,1917,Nuwara Eliya,Central,Nuwara Eliya,2025-01-01,342,-13.417721518987342,13.417721518987342,5.834810737062605,-0.14407502783851722,19.51588502269289,16.830423440644235,14.003171377479768,1,1,24.707602339181285,TRUE,TRUE,FALSE,FALSE,FALSE,validation
114,Tomatoes,1917,Nuwara Eliya,Central,Nuwara Eliya,2025-02-01,257.5,-24.707602339181285,24.707602339181285,5.551019720103791,-0.2837910169588138,-13.417721518987342,22.977527729001622,19.213736293620507,2,2,39.80582524271845,TRUE,TRUE,FALSE,FALSE,FALSE,validation
114,Tomatoes,1917,Nuwara Eliya,Central,Nuwara Eliya,2025-03-01,360,39.80582524271845,39.80582524271845,5.886104031450156,0.33508431134636485,-24.707602339181285,34.45332513511259,25.97704970029569,3,3,75.92500000000001,TRUE,TRUE,FALSE,FALSE,FALSE,validation
114,Tomatoes,1917,Nuwara Eliya,Central,Nuwara Eliya,2025-04-01,633.33,75.92500000000001,75.92500000000001,6.450991613314677,0.5648875818645216,39.80582524271845,50.9795674381215,46.81280919396658,4,4,9.342680750951315,FALSE,TRUE,FALSE,TRUE,FALSE,test
114,Tomatoes,1917,Nuwara Eliya,Central,Nuwara Eliya,2025-05-01,692.5,9.342680750951315,9.342680750951315,6.540308238061494,0.08931662474681623,75.92500000000001,33.331174581902474,41.69116866455659,5,5,47.2202166064982,TRUE,TRUE,FALSE,FALSE,FALSE,test
114,Tomatoes,1917,Nuwara Eliya,Central,Nuwara Eliya,2025-06-01,365.5,-47.2202166064982,47.2202166064982,5.901266279189834,-0.63904195887166,9.342680750951315,61.64050476636415,44.16263245248317,6,6,51.02599179206566,TRUE,TRUE,FALSE,FALSE,FALSE,test
114,Tomatoes,1917,Nuwara Eliya,Central,Nuwara Eliya,2025-07-01,179,-51.02599179206566,51.02599179206566,5.187385805840755,-0.7138804733490787,-47.2202166064982,33.80882997787822,35.86296304983839,7,7,40.78212290502793,TRUE,TRUE,FALSE,TRUE,FALSE,test
114,Tomatoes,1917,Nuwara Eliya,Central,Nuwara Eliya,2025-08-01,252,40.78212290502793,40.78212290502793,5.529429087511423,0.34204328167066844,-51.02599179206566,51.941674996255315,46.342777101197264,8,8,2.222222222222231,FALSE,TRUE,FALSE,FALSE,FALSE,test
114,Tomatoes,1917,Nuwara Eliya,Central,Nuwara Eliya,2025-09-01,257.6,2.222222222222231,2.222222222222231,5.551407994230199,0.02197890671877545,40.78212290502793,46.099472449284306,31.343445639771943,9,9,NA,FALSE,TRUE,TRUE,FALSE,FALSE,inference
114,Tomatoes,1918,Puttalam,North Western,Puttalam,2023-06-01,378,NA,NA,5.934894195619588,NA,NA,NA,NA,6,6,29.312169312169317,TRUE,TRUE,FALSE,FALSE,FALSE,train
114,Tomatoes,1918,Puttalam,North Western,Puttalam,2023-07-01,488.8,29.312169312169317,29.312169312169317,6.191953407857386,0.25705921223779793,NA,NA,NA,7,7,42.716857610474634,TRUE,TRUE,FALSE,FALSE,FALSE,train
114,Tomatoes,1918,Puttalam,North Western,Puttalam,2023-08-01,280,-42.716857610474634,42.716857610474634,5.634789603169249,-0.5571638046881366,29.312169312169317,50.93221337926994,36.014513461321975,8,8,17.321428571428573,TRUE,TRUE,FALSE,FALSE,FALSE,train
114,Tomatoes,1918,Puttalam,North Western,Puttalam,2023-09-01,231.5,-17.321428571428573,17.321428571428573,5.444579873526289,-0.19020972964296057,-42.716857610474634,36.532636064824054,29.78348516469084,9,9,17.84017278617711,TRUE,TRUE,FALSE,FALSE,FALSE,train
114,Tomatoes,1918,Puttalam,North Western,Puttalam,2023-10-01,272.8,17.84017278617711,17.84017278617711,5.608738925969307,0.16415905244301854,-17.321428571428573,30.40948305098648,25.95948632269344,10,10,30.86510263929618,TRUE,TRUE,FALSE,FALSE,FALSE,train
114,Tomatoes,1918,Puttalam,North Western,Puttalam,2023-11-01,357,30.86510263929618,30.86510263929618,5.877735781779639,0.2689968558103315,17.84017278617711,24.926320753479313,22.00890133230062,11,11,115.57422969187675,TRUE,TRUE,FALSE,FALSE,FALSE,train
114,Tomatoes,1918,Puttalam,North Western,Puttalam,2024-01-01,769.6,115.57422969187675,115.57422969187675,6.645870899351497,0.768135117571858,30.86510263929618,53.06792955407161,54.75983503911668,1,1,15.059771309771307,TRUE,TRUE,FALSE,FALSE,FALSE,train
114,Tomatoes,1918,Puttalam,North Western,Puttalam,2024-02-01,885.5,15.059771309771307,15.059771309771307,6.786152457222888,0.14028155787139163,115.57422969187675,54.05028684520602,53.83303454698141,2,2,50.81874647092038,TRUE,TRUE,FALSE,FALSE,FALSE,train
114,Tomatoes,1918,Puttalam,North Western,Puttalam,2024-03-01,435.5,-50.81874647092038,50.81874647092038,6.0764947962925575,-0.7096576609303309,15.059771309771307,83.79514501165137,60.48424915752281,3,3,41.03329506314581,TRUE,TRUE,FALSE,TRUE,FALSE,train
114,Tomatoes,1918,Puttalam,North Western,Puttalam,2024-04-01,256.8,-41.03329506314581,41.03329506314581,5.548297571815806,-0.5281972244767514,-50.81874647092038,35.54847924396418,35.63727094794583,4,4,2.6479750778816245,FALSE,TRUE,FALSE,FALSE,FALSE,train
114,Tomatoes,1918,Puttalam,North Western,Puttalam,2024-05-01,250,-2.6479750778816245,2.6479750778816245,5.521460917862246,-0.026836653953560052,-41.03329506314581,25.461117631352582,31.50000553731594,5,5,0,FALSE,TRUE,FALSE,FALSE,FALSE,train
114,Tomatoes,1918,Puttalam,North Western,Puttalam,2024-06-01,250,0,0,5.521460917862246,0,-2.6479750778816245,22.964377726250245,14.560423380342478,6,6,83.752,TRUE,TRUE,FALSE,FALSE,FALSE,train
114,Tomatoes,1918,Puttalam,North Western,Puttalam,2024-07-01,459.38,83.752,83.752,6.129877754261608,0.6084168363993623,0,49.136485034835445,28.799991692627206,7,7,28.854107710392274,TRUE,TRUE,FALSE,TRUE,FALSE,train
114,Tomatoes,1918,Puttalam,North Western,Puttalam,2024-08-01,326.83,-28.854107710392274,28.854107710392274,5.7894401580381585,-0.3404375962234498,83.752,58.490871836904866,37.53536923679742,8,8,17.38824465318361,TRUE,TRUE,FALSE,FALSE,FALSE,train
114,Tomatoes,1918,Puttalam,North Western,Puttalam,2024-09-01,270,-17.38824465318361,17.38824465318361,5.598421958998375,-0.19101819903978345,-28.854107710392274,61.96901187668581,43.33145078785863,9,9,37.03703703703704,TRUE,TRUE,FALSE,FALSE,FALSE,train
114,Tomatoes,1918,Puttalam,North Western,Puttalam,2024-10-01,370,37.03703703703704,37.03703703703704,5.91350300563827,0.3150810466398948,-17.38824465318361,35.202320612030704,27.759796466870974,10,10,0.8999999999999957,FALSE,TRUE,FALSE,FALSE,FALSE,train
114,Tomatoes,1918,Puttalam,North Western,Puttalam,2024-11-01,366.67,-0.8999999999999957,0.8999999999999957,5.904462260986121,-0.009040744652148547,37.03703703703704,27.90815973257231,18.44176056340688,11,11,46.58957645839583,TRUE,TRUE,FALSE,FALSE,FALSE,train
114,Tomatoes,1918,Puttalam,North Western,Puttalam,2024-12-01,537.5,46.58957645839583,46.58957645839583,6.2869287600018176,0.3824664990156963,-0.8999999999999957,25.11881652182933,28.175537831810956,12,12,16.89860465116279,TRUE,TRUE,FALSE,FALSE,FALSE,train
114,Tomatoes,1918,Puttalam,North Western,Puttalam,2025-01-01,446.67,-16.89860465116279,16.89860465116279,6.101820066935569,-0.18510869306624844,46.58957645839583,33.02010590428743,21.46272703651954,1,1,33.022141625808764,TRUE,TRUE,FALSE,FALSE,FALSE,validation
114,Tomatoes,1918,Puttalam,North Western,Puttalam,2025-02-01,299.17,-33.022141625808764,33.022141625808764,5.701011973693533,-0.4008080932420359,-16.89860465116279,42.08868264647034,32.1701075784558,2,2,19.219841561653908,TRUE,TRUE,FALSE,FALSE,FALSE,validation
114,Tomatoes,1918,Puttalam,North Western,Puttalam,2025-03-01,356.67,19.219841561653908,19.219841561653908,5.876810984538563,0.17579901084503025,-33.022141625808764,26.751122745161062,23.046862612875152,3,3,78.03571929234306,TRUE,TRUE,FALSE,FALSE,FALSE,validation
114,Tomatoes,1918,Puttalam,North Western,Puttalam,2025-04-01,635,78.03571929234306,78.03571929234306,6.453624998892692,0.5768140143541283,19.219841561653908,55.56134860420216,43.42590082660191,4,4,51.574803149606296,TRUE,TRUE,FALSE,TRUE,FALSE,test
114,Tomatoes,1918,Puttalam,North Western,Puttalam,2025-05-01,962.5,51.574803149606296,51.574803149606296,6.869534066161939,0.41590906726924715,78.03571929234306,29.457118821834893,49.61012133453442,5,5,40.77922077922078,TRUE,TRUE,FALSE,TRUE,FALSE,test
114,Tomatoes,1918,Puttalam,North Western,Puttalam,2025-06-01,570,-40.77922077922078,40.77922077922078,6.345636360828596,-0.5238977053333427,51.574803149606296,62.37846290075956,56.79658107372338,6,6,54.3859649122807,TRUE,TRUE,FALSE,FALSE,FALSE,test
114,Tomatoes,1918,Puttalam,North Western,Puttalam,2025-07-01,260,-54.3859649122807,54.3859649122807,5.560681631015528,-0.7849547298130686,-40.77922077922078,57.6513856295087,48.913329613702594,7,7,18.076923076923077,TRUE,TRUE,FALSE,TRUE,FALSE,test
114,Tomatoes,1918,Puttalam,North Western,Puttalam,2025-09-01,307,18.076923076923077,18.076923076923077,5.726847747587197,0.16616611657166924,-54.3859649122807,38.514194983264616,37.74736958947485,9,9,NA,FALSE,TRUE,TRUE,FALSE,FALSE,inference
114,Tomatoes,1919,Rathnapura,Sabaragamuwa,Ratnapura,2023-08-01,269,NA,NA,5.594711379601839,NA,NA,NA,NA,8,8,184.01486988847583,TRUE,TRUE,FALSE,FALSE,FALSE,train
114,Tomatoes,1919,Rathnapura,Sabaragamuwa,Ratnapura,2024-01-01,764,184.01486988847583,184.01486988847583,6.638567789166521,1.0438564095646816,NA,NA,NA,1,1,23.232984293193716,TRUE,TRUE,FALSE,FALSE,FALSE,train
114,Tomatoes,1919,Rathnapura,Sabaragamuwa,Ratnapura,2024-02-01,941.5,23.232984293193716,23.232984293193716,6.847474348097207,0.20890655893068644,184.01486988847583,113.68996159638367,103.62392709083477,2,2,81.62506638343069,TRUE,TRUE,FALSE,FALSE,FALSE,train
114,Tomatoes,1919,Rathnapura,Sabaragamuwa,Ratnapura,2024-05-01,173,-81.62506638343069,81.62506638343069,5.153291594497779,-1.6941827535994278,23.232984293193716,133.79748457390025,96.29097352170008,5,5,63.005780346820806,TRUE,TRUE,FALSE,FALSE,FALSE,train
114,Tomatoes,1919,Rathnapura,Sabaragamuwa,Ratnapura,2024-08-01,282,63.005780346820806,63.005780346820806,5.641907070938114,0.48861547644033454,-81.62506638343069,74.71631674042652,55.9546103411484,8,8,5.53191489361703,FALSE,TRUE,FALSE,FALSE,FALSE,train
114,Tomatoes,1919,Rathnapura,Sabaragamuwa,Ratnapura,2024-09-01,266.4,-5.53191489361703,5.53191489361703,5.584998938666234,-0.05690813227187963,63.005780346820806,72.34830705049056,50.054253874622844,9,9,40.015015015015024,TRUE,TRUE,FALSE,FALSE,FALSE,train
114,Tomatoes,1919,Rathnapura,Sabaragamuwa,Ratnapura,2024-10-01,373,40.015015015015024,40.015015015015024,5.921578419643816,0.3365794809775817,-5.53191489361703,34.88197668212803,36.18423675181762,10,10,10.857908847184987,TRUE,TRUE,FALSE,FALSE,FALSE,train
114,Tomatoes,1919,Rathnapura,Sabaragamuwa,Ratnapura,2024-11-01,332.5,-10.857908847184987,10.857908847184987,5.806639860095909,-0.1149385595479071,40.015015015015024,27.961114122963945,18.80161291860568,11,11,30.04511278195488,TRUE,TRUE,FALSE,FALSE,FALSE,train
114,Tomatoes,1919,Rathnapura,Sabaragamuwa,Ratnapura,2024-12-01,432.4,30.04511278195488,30.04511278195488,6.069351085765053,0.2627112256691442,-10.857908847184987,26.958333625615232,26.972678881384965,12,12,17.20629047178538,TRUE,TRUE,FALSE,FALSE,FALSE,train
114,Tomatoes,1919,Rathnapura,Sabaragamuwa,Ratnapura,2025-01-01,358,-17.20629047178538,17.20629047178538,5.8805329864007,-0.18881809936435268,30.04511278195488,25.645188753100854,19.369770700308415,1,1,20.391061452513966,TRUE,TRUE,FALSE,FALSE,FALSE,validation
114,Tomatoes,1919,Rathnapura,Sabaragamuwa,Ratnapura,2025-02-01,285,-20.391061452513966,20.391061452513966,5.652489180268651,-0.22804380613204955,-17.20629047178538,28.244897908167903,22.547488235418076,2,2,69.26315789473684,TRUE,TRUE,FALSE,FALSE,FALSE,validation
114,Tomatoes,1919,Rathnapura,Sabaragamuwa,Ratnapura,2025-06-01,482.4,69.26315789473684,69.26315789473684,6.178773645412976,0.5262844651443253,-20.391061452513966,50.867454090304314,35.620169939678725,6,6,61.131840796019894,TRUE,TRUE,FALSE,FALSE,FALSE,test
114,Tomatoes,1919,Rathnapura,Sabaragamuwa,Ratnapura,2025-07-01,187.5,-61.131840796019894,61.131840796019894,5.233778845410465,-0.9449948000025108,69.26315789473684,66.70900218091964,50.2620200477569,7,7,0,FALSE,TRUE,FALSE,TRUE,FALSE,test
114,Tomatoes,1919,Rathnapura,Sabaragamuwa,Ratnapura,2025-08-01,187.5,0,0,5.233778845410465,0,-61.131840796019894,65.23974080806833,43.46499956358558,8,8,33.97333333333333,TRUE,TRUE,FALSE,FALSE,FALSE,test
114,Tomatoes,1919,Rathnapura,Sabaragamuwa,Ratnapura,2025-09-01,251.2,33.97333333333333,33.97333333333333,5.526249434594043,0.29247058918357816,0,48.19454236574631,31.701724709784408,9,9,NA,FALSE,TRUE,TRUE,FALSE,FALSE,inference
114,Tomatoes,5287,Dammbagalla,Uva,Moneragala,2023-06-01,321.5,NA,NA,5.772997543677674,NA,NA,NA,NA,6,6,39.346811819595644,TRUE,TRUE,FALSE,FALSE,FALSE,train
114,Tomatoes,5287,Dammbagalla,Uva,Moneragala,2023-07-01,448,39.346811819595644,39.346811819595644,6.104793232414985,0.33179568873731125,NA,NA,NA,7,7,51.11607142857143,TRUE,TRUE,FALSE,FALSE,FALSE,train
114,Tomatoes,5287,Dammbagalla,Uva,Moneragala,2023-08-01,219,-51.11607142857143,51.11607142857143,5.389071729816501,-0.715721502598484,39.346811819595644,63.96691819046587,45.23144162408354,8,8,15.068493150684931,TRUE,TRUE,FALSE,TRUE,FALSE,train
114,Tomatoes,5287,Dammbagalla,Uva,Moneragala,2023-09-01,186,-15.068493150684931,15.068493150684931,5.225746673713202,-0.16332505610329928,-51.11607142857143,45.54116555432843,35.177125466284004,9,9,23.440860215053757,TRUE,TRUE,FALSE,FALSE,FALSE,train
114,Tomatoes,5287,Dammbagalla,Uva,Moneragala,2023-10-01,229.6,23.440860215053757,23.440860215053757,5.436338664445412,0.21059199073221002,-15.068493150684931,37.28523893012685,29.875141598103372,10,10,37.63066202090592,TRUE,TRUE,FALSE,FALSE,FALSE,train
114,Tomatoes,5287,Dammbagalla,Uva,Moneragala,2023-11-01,316,37.63066202090592,37.63066202090592,5.755742213586912,0.3194035491415006,23.440860215053757,27.26879085369728,25.380005128881535,11,11,108.70253164556962,TRUE,TRUE,FALSE,FALSE,FALSE,train
114,Tomatoes,5287,Dammbagalla,Uva,Moneragala,2023-12-01,659.5,108.70253164556962,108.70253164556962,6.491481972157369,0.7357397585704568,37.63066202090592,45.683902603214264,56.591351293843104,12,12,1.0765731614859777,FALSE,TRUE,FALSE,TRUE,FALSE,train
114,Tomatoes,5287,Dammbagalla,Uva,Moneragala,2024-01-01,652.4,-1.0765731614859777,1.0765731614859777,6.4806578707468585,-0.0108241014105106,108.70253164556962,55.679009449475494,49.13658894265384,1,1,74.18761496014716,TRUE,TRUE,FALSE,FALSE,FALSE,train
114,Tomatoes,5287,Dammbagalla,Uva,Moneragala,2024-04-01,168.4,-74.18761496014716,74.18761496014716,5.126342101808226,-1.3543157689386325,-1.0765731614859777,92.05567338173194,61.32223992240092,4,4,16.9833729216152,TRUE,TRUE,FALSE,FALSE,FALSE,train
114,Tomatoes,5287,Dammbagalla,Uva,Moneragala,2024-05-01,197,16.9833729216152,16.9833729216152,5.2832037287379885,0.15686162692976247,-74.18761496014716,48.27617617546389,30.749187014416112,5,5,0,FALSE,TRUE,FALSE,FALSE,FALSE,train
114,Tomatoes,5287,Dammbagalla,Uva,Moneragala,2024-06-01,197,0,0,5.2832037287379885,0,16.9833729216152,48.48433802202893,30.390329293920786,6,6,128.22335025380713,TRUE,TRUE,FALSE,FALSE,FALSE,train
114,Tomatoes,5287,Dammbagalla,Uva,Moneragala,2024-07-01,449.6,128.22335025380713,128.22335025380713,6.108358298579481,0.8251545698414926,0,69.6467217019482,48.40224105847411,7,7,37.72241992882563,TRUE,TRUE,FALSE,TRUE,FALSE,train
114,Tomatoes,5287,Dammbagalla,Uva,Moneragala,2024-08-01,280,-37.72241992882563,37.72241992882563,5.634789603169249,-0.47356869541023183,128.22335025380713,86.98870344006775,55.31525672754425,8,8,13.999999999999996,TRUE,TRUE,FALSE,FALSE,FALSE,train
114,Tomatoes,5287,Dammbagalla,Uva,Moneragala,2024-09-01,240.8,-13.999999999999996,13.999999999999996,5.483966713434666,-0.15082288973458358,-37.72241992882563,89.7480113114898,59.98192339421092,9,9,26.245847176079728,TRUE,TRUE,FALSE,FALSE,FALSE,train
114,Tomatoes,5287,Dammbagalla,Uva,Moneragala,2024-10-01,304,26.245847176079728,26.245847176079728,5.717027701406222,0.23306098797155617,-13.999999999999996,32.337853512059276,25.989422368301785,10,10,9.046052631578947,FALSE,TRUE,FALSE,FALSE,FALSE,train
114,Tomatoes,5287,Dammbagalla,Uva,Moneragala,2024-11-01,331.5,9.046052631578947,9.046052631578947,5.803627809625917,0.08660010821969522,26.245847176079728,20.193570301752445,16.430633269219555,11,11,37.07390648567119,TRUE,TRUE,FALSE,FALSE,FALSE,train
114,Tomatoes,5287,Dammbagalla,Uva,Moneragala,2024-12-01,454.4,37.07390648567119,37.07390648567119,6.118977867406942,0.3153500577810249,9.046052631578947,14.134121788845025,24.121935431109954,12,12,43.95466549295775,TRUE,TRUE,FALSE,FALSE,FALSE,train
114,Tomatoes,5287,Dammbagalla,Uva,Moneragala,2025-02-01,254.67,-43.95466549295775,43.95466549295775,5.539968589417986,-0.5790092779889555,37.07390648567119,41.150670691737204,30.024874870069297,2,2,153.398515726234,TRUE,TRUE,FALSE,FALSE,FALSE,validation
114,Tomatoes,5287,Dammbagalla,Uva,Moneragala,2025-04-01,645.33,153.398515726234,153.398515726234,6.469761813865817,0.9297932244478302,-43.95466549295775,99.20124522840814,78.14236256828764,4,4,27.686609951497676,TRUE,TRUE,FALSE,FALSE,FALSE,test
114,Tomatoes,5287,Dammbagalla,Uva,Moneragala,2025-05-01,824,27.686609951497676,27.686609951497676,6.714170529909472,0.24440871604365544,153.398515726234,99.90348153606364,75.01326372356314,5,5,43.810679611650485,TRUE,TRUE,FALSE,FALSE,FALSE,test
114,Tomatoes,5287,Dammbagalla,Uva,Moneragala,2025-06-01,463,-43.810679611650485,43.810679611650485,6.137727054086234,-0.576443475823238,27.686609951497676,99.83888053109096,74.96526842979405,6,6,65.01079913606911,TRUE,TRUE,FALSE,FALSE,FALSE,test
114,Tomatoes,5287,Dammbagalla,Uva,Moneragala,2025-07-01,162,-65.01079913606911,65.01079913606911,5.087596335232384,-1.0501307188538505,-43.810679611650485,48.56973875139746,45.50269623307243,7,7,18.51851851851852,TRUE,TRUE,FALSE,TRUE,FALSE,test
114,Tomatoes,5287,Dammbagalla,Uva,Moneragala,2025-08-01,192,18.51851851851852,18.51851851851852,5.2574953720277815,0.16989903679539786,-65.01079913606911,43.41950582253807,42.4466657554127,8,8,1.6666666666666607,FALSE,TRUE,FALSE,FALSE,FALSE,test
114,Tomatoes,5287,Dammbagalla,Uva,Moneragala,2025-09-01,195.2,1.6666666666666607,1.6666666666666607,5.274024673978992,0.01652930195121094,18.51851851851852,44.172042939233194,28.398661440418095,9,9,NA,FALSE,TRUE,TRUE,FALSE,FALSE,inference
114,Tomatoes,5346,Thambuttegama,North Central,Anuradhapura,2023-06-01,307.5,NA,NA,5.728475087246572,NA,NA,NA,NA,6,6,35.02439024390243,TRUE,TRUE,FALSE,FALSE,FALSE,train
114,Tomatoes,5346,Thambuttegama,North Central,Anuradhapura,2023-07-01,415.2,35.02439024390243,35.02439024390243,6.028760331851679,0.3002852446051065,NA,NA,NA,7,7,54.359344894026975,TRUE,TRUE,FALSE,FALSE,FALSE,train
114,Tomatoes,5346,Thambuttegama,North Central,Anuradhapura,2023-08-01,189.5,-54.359344894026975,54.359344894026975,5.244389024522481,-0.7843713073291978,35.02439024390243,63.20384524381217,44.6918675689647,8,8,14.775725593667547,TRUE,TRUE,FALSE,TRUE,FALSE,train
114,Tomatoes,5346,Thambuttegama,North Central,Anuradhapura,2023-09-01,161.5,-14.775725593667547,14.775725593667547,5.084505142662711,-0.15988388185976987,-54.359344894026975,44.78907337278943,34.71982024386565,9,9,22.848297213622295,TRUE,TRUE,FALSE,FALSE,FALSE,train
114,Tomatoes,5346,Thambuttegama,North Central,Anuradhapura,2023-10-01,198.4,22.848297213622295,22.848297213622295,5.290285194850773,0.20578005218806172,-14.775725593667547,38.607965518664045,30.661122567105608,10,10,48.185483870967744,TRUE,TRUE,FALSE,FALSE,FALSE,train
114,Tomatoes,5346,Thambuttegama,North Central,Anuradhapura,2023-11-01,294,48.185483870967744,48.185483870967744,5.683579767338681,0.39329457248790867,22.848297213622295,31.67978855454034,28.603168892752528,11,11,111.56462585034014,TRUE,TRUE,FALSE,FALSE,FALSE,train
114,Tomatoes,5346,Thambuttegama,North Central,Anuradhapura,2023-12-01,622,111.56462585034014,111.56462585034014,6.432940092739179,0.7493603254004979,48.185483870967744,45.697329667659886,60.86613564497672,12,12,2.90514469453377,FALSE,TRUE,FALSE,TRUE,FALSE,train
114,Tomatoes,5346,Thambuttegama,North Central,Anuradhapura,2024-01-01,603.93,-2.90514469453377,2.90514469453377,6.4034582971788465,-0.029481795560332813,111.56462585034014,57.34471253430951,54.218418138613885,1,1,23.082145281737965,TRUE,TRUE,FALSE,FALSE,FALSE,train
114,Tomatoes,5346,Thambuttegama,North Central,Anuradhapura,2024-02-01,743.33,23.082145281737965,23.082145281737965,6.611140091471068,0.20768179429222133,-2.90514469453377,60.01085592968433,45.850638608870625,2,2,58.80026367831247,TRUE,TRUE,FALSE,FALSE,FALSE,train
114,Tomatoes,5346,Thambuttegama,North Central,Anuradhapura,2024-03-01,306.25,-58.80026367831247,58.80026367831247,5.724401761858937,-0.8867383296121307,23.082145281737965,41.84163091073801,28.262517884861403,3,3,46.164897959183676,TRUE,TRUE,FALSE,TRUE,FALSE,train
114,Tomatoes,5346,Thambuttegama,North Central,Anuradhapura,2024-04-01,164.87,-46.164897959183676,46.164897959183676,5.105157284573087,-0.6192444772858501,-58.80026367831247,44.082374334056226,42.6824356397447,4,4,32.41341663128525,TRUE,TRUE,FALSE,FALSE,FALSE,train
114,Tomatoes,5346,Thambuttegama,North Central,Anuradhapura,2024-05-01,111.43,-32.41341663128525,32.41341663128525,4.713396591058963,-0.391760693514124,-46.164897959183676,13.197357075382449,45.79285942292713,5,5,144.09943462263303,TRUE,TRUE,FALSE,FALSE,FALSE,train
114,Tomatoes,5346,Thambuttegama,North Central,Anuradhapura,2024-07-01,272,144.09943462263303,144.09943462263303,5.605802066295998,0.8924054752370347,-32.41341663128525,106.10247102785713,74.22591640436733,7,7,8.272058823529411,FALSE,TRUE,FALSE,FALSE,FALSE,train
114,Tomatoes,5346,Thambuttegama,North Central,Anuradhapura,2024-08-01,249.5,-8.272058823529411,8.272058823529411,5.519458915191573,-0.08634315110442436,144.09943462263303,95.70498404785745,61.5949700258159,8,8,13.747494989979964,TRUE,TRUE,FALSE,FALSE,FALSE,train
114,Tomatoes,5346,Thambuttegama,North Central,Anuradhapura,2024-09-01,215.2,-13.747494989979964,13.747494989979964,5.371567828287629,-0.14789108690394404,-8.272058823529411,89.59418285093066,55.3729961453808,9,9,41.03159851301116,TRUE,TRUE,FALSE,FALSE,FALSE,train
114,Tomatoes,5346,Thambuttegama,North Central,Anuradhapura,2024-10-01,303.5,41.03159851301116,41.03159851301116,5.715381610499553,0.3438137822119236,-13.747494989979964,30.170570961842188,21.017050775506846,10,10,0.32948929159802304,FALSE,TRUE,FALSE,FALSE,FALSE,train
114,Tomatoes,5346,Thambuttegama,North Central,Anuradhapura,2024-11-01,302.5,-0.32948929159802304,0.32948929159802304,5.7120812774708964,-0.0033003330286565102,41.03159851301116,28.552675141195454,18.369527598196385,11,11,38.04958677685951,TRUE,TRUE,FALSE,FALSE,FALSE,train
114,Tomatoes,5346,Thambuttegama,North Central,Anuradhapura,2024-12-01,417.6,38.04958677685951,38.04958677685951,6.034524036568429,0.32244275909753295,-0.32948929159802304,23.06724032852502,26.470224860489566,12,12,16.039272030651343,TRUE,TRUE,FALSE,FALSE,FALSE,train
114,Tomatoes,5346,Thambuttegama,North Central,Anuradhapura,2025-01-01,350.62,-16.039272030651343,16.039272030651343,5.859703015925728,-0.17482102064270144,38.04958677685951,27.824915096233305,18.139449366369625,1,1,40.819120415264386,TRUE,TRUE,FALSE,FALSE,FALSE,validation
114,Tomatoes,5346,Thambuttegama,North Central,Anuradhapura,2025-02-01,207.5,-40.819120415264386,40.819120415264386,5.335131339670753,-0.5245716762549746,-16.039272030651343,40.3317875197307,31.635993074258415,2,2,40.9156626506024,TRUE,TRUE,FALSE,FALSE,FALSE,validation
114,Tomatoes,5346,Thambuttegama,North Central,Anuradhapura,2025-03-01,292.4,40.9156626506024,40.9156626506024,5.678122727875623,0.34299138820486963,-40.819120415264386,41.90958568421349,32.591351698839375,3,3,94.70930232558143,TRUE,TRUE,FALSE,FALSE,FALSE,validation
114,Tomatoes,5346,Thambuttegama,North Central,Anuradhapura,2025-04-01,569.33,94.70930232558143,94.70930232558143,6.344460230862329,0.666337502986706,40.9156626506024,68.24256223565955,58.81469513048274,4,4,53.42595682644511,TRUE,TRUE,FALSE,TRUE,FALSE,test
114,Tomatoes,5346,Thambuttegama,North Central,Anuradhapura,2025-05-01,873.5,53.42595682644511,53.42595682644511,6.772508129574112,0.4280478987117826,94.70930232558143,28.150126540416185,63.016973934209645,5,5,45.41499713795077,TRUE,TRUE,FALSE,TRUE,FALSE,test
114,Tomatoes,5346,Thambuttegama,North Central,Anuradhapura,2025-06-01,476.8,-45.41499713795077,45.41499713795077,6.16709711575114,-0.6054110138229714,53.42595682644511,72.00540268657917,64.5167520966591,6,6,65.81375838926175,TRUE,TRUE,FALSE,FALSE,FALSE,test
114,Tomatoes,5346,Thambuttegama,North Central,Anuradhapura,2025-07-01,163,-65.81375838926175,65.81375838926175,5.093750200806762,-1.073346914944378,-45.41499713795077,63.77532611428797,54.884904117885874,7,7,16.024539877300615,TRUE,TRUE,FALSE,TRUE,FALSE,test
114,Tomatoes,5346,Thambuttegama,North Central,Anuradhapura,2025-08-01,189.12,16.024539877300615,16.024539877300615,5.242381734217734,0.14863153341097135,-65.81375838926175,42.59975201884642,42.41776513483771,8,8,5.086717428087988,FALSE,TRUE,FALSE,FALSE,FALSE,test
114,Tomatoes,5346,Thambuttegama,North Central,Anuradhapura,2025-09-01,179.5,-5.086717428087988,5.086717428087988,5.190175207928333,-0.05220652628940048,16.024539877300615,42.48718581737562,28.975005231550117,9,9,NA,FALSE,TRUE,TRUE,FALSE,FALSE,inference
114,Tomatoes,7833,Embilipitiya,Sabaragamuwa,Ratnapura,2023-06-01,329.5,NA,NA,5.797576353942562,NA,NA,NA,NA,6,6,64.85584218512899,TRUE,TRUE,FALSE,FALSE,FALSE,train
114,Tomatoes,7833,Embilipitiya,Sabaragamuwa,Ratnapura,2023-07-01,543.2,64.85584218512899,64.85584218512899,6.297477576244487,0.4999012223019248,NA,NA,NA,7,7,61.60346097201768,TRUE,TRUE,FALSE,TRUE,FALSE,train
114,Tomatoes,7833,Embilipitiya,Sabaragamuwa,Ratnapura,2023-08-01,208.57,-61.60346097201768,61.60346097201768,5.340274716308544,-0.9572028599359426,64.85584218512899,89.42023080654378,63.22965157857334,8,8,20.372057342858504,TRUE,TRUE,FALSE,TRUE,FALSE,train
114,Tomatoes,7833,Embilipitiya,Sabaragamuwa,Ratnapura,2023-09-01,166.08,-20.372057342858504,20.372057342858504,5.112469599977524,-0.2278051163310204,-61.60346097201768,64.49260792030677,48.94378683333506,9,9,0.5720134874759254,FALSE,TRUE,FALSE,FALSE,FALSE,train
114,Tomatoes,7833,Embilipitiya,Sabaragamuwa,Ratnapura,2023-10-01,165.13,-0.5720134874759254,0.5720134874759254,5.106733042474897,-0.0057365575026269156,-20.372057342858504,31.13654863116145,27.51584393411737,10,10,103.50027251256589,TRUE,TRUE,FALSE,FALSE,FALSE,train
114,Tomatoes,7833,Embilipitiya,Sabaragamuwa,Ratnapura,2023-11-01,336.04,103.50027251256589,103.50027251256589,5.817230200496646,0.7104971580217496,-0.5720134874759254,66.54251342031979,41.481447780966775,11,11,107.52886561123675,TRUE,TRUE,FALSE,TRUE,FALSE,train
114,Tomatoes,7833,Embilipitiya,Sabaragamuwa,Ratnapura,2023-12-01,697.38,107.52886561123675,107.52886561123675,6.547330455883672,0.7301002553870255,103.50027251256589,61.2822300746631,70.53371720375952,12,12,14.42255298402593,TRUE,TRUE,FALSE,TRUE,FALSE,train
114,Tomatoes,7833,Embilipitiya,Sabaragamuwa,Ratnapura,2024-01-01,596.8,-14.42255298402593,14.42255298402593,6.391582048889551,-0.15574840699412107,107.52886561123675,69.27502054955943,75.15056370260952,1,1,30.92828418230564,TRUE,TRUE,FALSE,FALSE,FALSE,train
114,Tomatoes,7833,Embilipitiya,Sabaragamuwa,Ratnapura,2024-02-01,781.38,30.92828418230564,30.92828418230564,6.661061587207667,0.2694795383181159,-14.42255298402593,61.6394029880433,50.959900925856104,2,2,57.500831861578234,TRUE,TRUE,FALSE,FALSE,FALSE,train
114,Tomatoes,7833,Embilipitiya,Sabaragamuwa,Ratnapura,2024-03-01,332.08,-57.500831861578234,57.500831861578234,5.805375903744784,-0.855685683462883,30.92828418230564,44.219424666545905,34.28388967596993,3,3,55.031920019272455,TRUE,TRUE,FALSE,TRUE,FALSE,train
114,Tomatoes,7833,Embilipitiya,Sabaragamuwa,Ratnapura,2024-04-01,149.33,-55.031920019272455,55.031920019272455,5.006158622069178,-0.799217281675606,-57.500831861578234,50.3569935499939,47.820345354385445,4,4,27.904640728587683,TRUE,TRUE,FALSE,TRUE,FALSE,train
114,Tomatoes,7833,Embilipitiya,Sabaragamuwa,Ratnapura,2024-05-01,191,27.904640728587683,27.904640728587683,5.25227342804663,0.24611480597745228,-55.031920019272455,48.611835634815925,46.81246420314612,5,5,162.6544502617801,TRUE,TRUE,FALSE,FALSE,FALSE,train
114,Tomatoes,7833,Embilipitiya,Sabaragamuwa,Ratnapura,2024-06-01,501.67,162.6544502617801,162.6544502617801,6.2179425330110645,0.9656691049644346,27.904640728587683,109.86608521593811,81.86367033654675,6,6,22.020451691350896,TRUE,TRUE,FALSE,TRUE,FALSE,train
114,Tomatoes,7833,Embilipitiya,Sabaragamuwa,Ratnapura,2024-07-01,391.2,-22.020451691350896,22.020451691350896,5.969218938160663,-0.24872359485040185,162.6544502617801,95.52909280577794,70.8598475605729,7,7,43.65541922290389,TRUE,TRUE,FALSE,FALSE,FALSE,train
114,Tomatoes,7833,Embilipitiya,Sabaragamuwa,Ratnapura,2024-08-01,220.42,-43.65541922290389,43.65541922290389,5.395534817263396,-0.5736841208972665,-22.020451691350896,113.38478254618742,76.1101070586783,8,8,2.291080664186558,FALSE,TRUE,FALSE,FALSE,FALSE,train
114,Tomatoes,7833,Embilipitiya,Sabaragamuwa,Ratnapura,2024-09-01,225.47,2.291080664186558,2.291080664186558,5.418187112398421,0.022652295135024758,-43.65541922290389,22.98623964259233,22.655650526147113,9,9,37.04705725817182,TRUE,TRUE,FALSE,FALSE,FALSE,train
114,Tomatoes,7833,Embilipitiya,Sabaragamuwa,Ratnapura,2024-10-01,309,37.04705725817182,37.04705725817182,5.733341276897746,0.315154164499325,2.291080664186558,40.48034187737432,27.664519048420754,10,10,1.6181229773462784,FALSE,TRUE,FALSE,FALSE,FALSE,train
114,Tomatoes,7833,Embilipitiya,Sabaragamuwa,Ratnapura,2024-11-01,304,-1.6181229773462784,1.6181229773462784,5.717027701406222,-0.016313575491524013,37.04705725817182,21.284798741346385,13.652086966568218,11,11,33.45394736842105,TRUE,TRUE,FALSE,FALSE,FALSE,train
114,Tomatoes,7833,Embilipitiya,Sabaragamuwa,Ratnapura,2024-12-01,405.7,33.45394736842105,33.45394736842105,6.005613970212401,0.28858626880617955,-1.6181229773462784,21.361791122092175,24.039709201313048,12,12,25.395612521567653,TRUE,TRUE,FALSE,FALSE,FALSE,train
114,Tomatoes,7833,Embilipitiya,Sabaragamuwa,Ratnapura,2025-01-01,302.67,-25.395612521567653,25.395612521567653,5.712643103088397,-0.2929708671240041,33.45394736842105,29.604869606787595,20.15589428911166,1,1,26.652790167509174,TRUE,TRUE,FALSE,FALSE,FALSE,validation
114,Tomatoes,7833,Embilipitiya,Sabaragamuwa,Ratnapura,2025-02-01,222,-26.652790167509174,26.652790167509174,5.402677381872279,-0.309965721216118,-25.395612521567653,34.34547784908523,28.50078335249929,2,2,30.842342342342356,TRUE,TRUE,FALSE,FALSE,FALSE,validation
114,Tomatoes,7833,Embilipitiya,Sabaragamuwa,Ratnapura,2025-03-01,290.47,30.842342342342356,30.842342342342356,5.671500300735477,0.2688229188631981,-26.652790167509174,32.83793112959976,27.630248343806393,3,3,128.85323785588872,TRUE,TRUE,FALSE,FALSE,FALSE,validation
114,Tomatoes,7833,Embilipitiya,Sabaragamuwa,Ratnapura,2025-04-01,664.75,128.85323785588872,128.85323785588872,6.499411030123129,0.8279107293876518,30.842342342342356,78.62776296502666,62.11612345524675,4,4,27.398270026325687,TRUE,TRUE,FALSE,TRUE,FALSE,test
114,Tomatoes,7833,Embilipitiya,Sabaragamuwa,Ratnapura,2025-05-01,846.88,27.398270026325687,27.398270026325687,6.741559008109677,0.24214797798654786,128.85323785588872,57.606579153749045,62.36461674151892,5,5,48.36340449650482,TRUE,TRUE,FALSE,FALSE,FALSE,test
114,Tomatoes,7833,Embilipitiya,Sabaragamuwa,Ratnapura,2025-06-01,437.3,-48.36340449650482,48.36340449650482,6.080619458418875,-0.6609395496908022,27.398270026325687,88.91820225208592,68.20497079290641,6,6,67.12782986508118,TRUE,TRUE,FALSE,FALSE,FALSE,test
114,Tomatoes,7833,Embilipitiya,Sabaragamuwa,Ratnapura,2025-07-01,143.75,-67.12782986508118,67.12782986508118,4.96807567967746,-1.112543778741415,-48.36340449650482,50.04517716789569,47.62983479597057,7,7,29.91304347826087,TRUE,TRUE,FALSE,TRUE,FALSE,test
114,Tomatoes,7833,Embilipitiya,Sabaragamuwa,Ratnapura,2025-08-01,186.75,29.91304347826087,29.91304347826087,5.229770824012927,0.2616951443354667,-67.12782986508118,51.47205887048109,48.468092613282295,8,8,25.14056224899598,TRUE,TRUE,FALSE,FALSE,FALSE,test
114,Tomatoes,7833,Embilipitiya,Sabaragamuwa,Ratnapura,2025-09-01,139.8,-25.14056224899598,25.14056224899598,4.94021282979971,-0.28955799421321693,29.91304347826087,48.666828615042576,40.72714519744601,9,9,NA,FALSE,TRUE,TRUE,FALSE,FALSE,inference
114,Tomatoes,7834,Tissamaharama,Southern,Hambantota,2023-06-01,295.62,NA,NA,5.689074845783927,NA,NA,NA,NA,6,6,59.49529801772546,TRUE,TRUE,FALSE,FALSE,FALSE,train
114,Tomatoes,7834,Tissamaharama,Southern,Hambantota,2023-07-01,471.5,59.49529801772546,59.49529801772546,6.155919102073512,0.46684425628958515,NA,NA,NA,7,7,50.95440084835631,TRUE,TRUE,FALSE,TRUE,FALSE,train
114,Tomatoes,7834,Tissamaharama,Southern,Hambantota,2023-08-01,231.25,-50.95440084835631,50.95440084835631,5.443499376392535,-0.7124197256809772,59.49529801772546,78.09973104821854,55.22484943304089,8,8,7.7275675675675695,FALSE,TRUE,FALSE,TRUE,FALSE,train
114,Tomatoes,7834,Tissamaharama,Southern,Hambantota,2023-09-01,213.38,-7.7275675675675695,7.7275675675675695,5.363074613763315,-0.08042476262922005,-50.95440084835631,55.65759719420106,39.392422144549776,9,9,13.768863061205359,TRUE,TRUE,FALSE,FALSE,FALSE,train
114,Tomatoes,7834,Tissamaharama,Southern,Hambantota,2023-10-01,184,-13.768863061205359,13.768863061205359,5.214935757608986,-0.1481388561543291,-7.7275675675675695,23.408761134976025,24.15027715904308,10,10,61.41304347826087,TRUE,TRUE,FALSE,FALSE,FALSE,train
114,Tomatoes,7834,Tissamaharama,Southern,Hambantota,2023-11-01,297,61.41304347826087,61.41304347826087,5.6937321388027,0.4787963811937139,-13.768863061205359,41.77168183099849,27.636491369011264,11,11,102.27272727272727,TRUE,TRUE,FALSE,TRUE,FALSE,train
114,Tomatoes,7834,Tissamaharama,Southern,Hambantota,2023-12-01,600.75,102.27272727272727,102.27272727272727,6.398178874616578,0.7044467358138782,61.41304347826087,58.86068795316766,59.1515446040645,12,12,0.34124011652100783,FALSE,TRUE,FALSE,TRUE,FALSE,train
114,Tomatoes,7834,Tissamaharama,Southern,Hambantota,2024-01-01,602.8,0.34124011652100783,0.34124011652100783,6.401585466752341,0.003406592135762665,102.27272727272727,51.29864682996788,54.675670289169716,1,1,28.110484406104852,TRUE,TRUE,FALSE,FALSE,FALSE,train
114,Tomatoes,7834,Tissamaharama,Southern,Hambantota,2024-02-01,772.25,28.110484406104852,28.110484406104852,6.649308331798691,0.24772286504635055,0.34124011652100783,52.69597908332019,43.57481726511771,2,2,59.145354483651666,TRUE,TRUE,FALSE,FALSE,FALSE,train
114,Tomatoes,7834,Tissamaharama,Southern,Hambantota,2024-03-01,315.5,-59.145354483651666,59.145354483651666,5.754158681981268,-0.895149649817423,28.110484406104852,44.57833421049405,29.19902633542584,3,3,55.752773375594295,TRUE,TRUE,FALSE,TRUE,FALSE,train
114,Tomatoes,7834,Tissamaharama,Southern,Hambantota,2024-04-01,139.6,-55.752773375594295,55.752773375594295,4.938781190328272,-0.8153774916529963,-59.145354483651666,49.42694446131181,47.6695374217836,4,4,24.82091690544413,TRUE,TRUE,FALSE,TRUE,FALSE,train
114,Tomatoes,7834,Tissamaharama,Southern,Hambantota,2024-05-01,174.25,24.82091690544413,24.82091690544413,5.160491049640633,0.22170985931236142,-55.752773375594295,47.528875263827324,46.57301492156336,5,5,20.705882352941185,TRUE,TRUE,FALSE,FALSE,FALSE,train
114,Tomatoes,7834,Tissamaharama,Southern,Hambantota,2024-09-01,210.33,20.705882352941185,20.705882352941185,5.348677725886986,0.1881866762463531,24.82091690544413,45.37800331784794,33.759857544659866,9,9,65.11672134265201,TRUE,TRUE,FALSE,FALSE,FALSE,train
114,Tomatoes,7834,Tissamaharama,Southern,Hambantota,2024-10-01,347.29,65.11672134265201,65.11672134265201,5.850160165785241,0.5014824398982549,20.705882352941185,24.539111585317617,36.88117353367911,10,10,17.216159405684014,TRUE,TRUE,FALSE,TRUE,FALSE,train
114,Tomatoes,7834,Tissamaharama,Southern,Hambantota,2024-11-01,287.5,-17.216159405684014,17.216159405684014,5.661222860237405,-0.18893730554783605,65.11672134265201,41.20903445288151,34.346254367092406,11,11,44.20869565217392,TRUE,TRUE,FALSE,FALSE,FALSE,train
114,Tomatoes,7834,Tissamaharama,Southern,Hambantota,2024-12-01,414.6,44.20869565217392,44.20869565217392,6.027314200001679,0.36609133976427355,-17.216159405684014,42.795758375241405,42.18052546683665,12,12,18.174143753014956,TRUE,TRUE,FALSE,FALSE,FALSE,train
114,Tomatoes,7834,Tissamaharama,Southern,Hambantota,2025-01-01,339.25,-18.174143753014956,18.174143753014956,5.826737298714979,-0.20057690128670025,44.20869565217392,35.74341245866659,26.532999603624297,1,1,29.992630803242445,TRUE,TRUE,FALSE,FALSE,FALSE,validation
114,Tomatoes,7834,Tissamaharama,Southern,Hambantota,2025-02-01,237.5,-29.992630803242445,29.992630803242445,5.470167623474696,-0.3565696752402827,-18.174143753014956,39.86881014893985,30.79182340281044,2,2,3.1999999999999975,FALSE,TRUE,FALSE,FALSE,FALSE,validation
114,Tomatoes,7834,Tissamaharama,Southern,Hambantota,2025-03-01,245.1,3.1999999999999975,3.1999999999999975,5.501666290534067,0.03149866705937132,-29.992630803242445,16.823997726319895,17.122258185419135,3,3,59.1187270501836,TRUE,TRUE,FALSE,FALSE,FALSE,validation
114,Tomatoes,7834,Tissamaharama,Southern,Hambantota,2025-04-01,390,59.1187270501836,59.1187270501836,5.966146739123692,0.464480448589625,3.1999999999999975,45.03607604471969,30.77045261780868,4,4,8.974358974358974,FALSE,TRUE,FALSE,TRUE,FALSE,test
114,Tomatoes,7834,Tissamaharama,Southern,Hambantota,2025-06-01,355,-8.974358974358974,8.974358974358974,5.872117789475416,-0.09402894964827624,59.1187270501836,36.31296236812975,23.764362008180857,6,6,55.10422535211268,TRUE,TRUE,FALSE,FALSE,FALSE,test
114,Tomatoes,7834,Tissamaharama,Southern,Hambantota,2025-07-01,159.38,-55.10422535211268,55.10422535211268,5.071291287969602,-0.8008265015058136,-8.974358974358974,57.46232938756835,41.06577045888508,7,7,16.46379721420505,TRUE,TRUE,FALSE,TRUE,FALSE,test
114,Tomatoes,7834,Tissamaharama,Southern,Hambantota,2025-08-01,185.62,16.46379721420505,16.46379721420505,5.223701573167247,0.15241028519764477,-55.10422535211268,36.27911753878107,26.8474605135589,8,8,4.374528606831163,FALSE,TRUE,FALSE,FALSE,FALSE,test
114,Tomatoes,7834,Tissamaharama,Southern,Hambantota,2025-09-01,177.5,-4.374528606831163,4.374528606831163,5.178970608915471,-0.044730964251776584,16.46379721420505,36.809690320495896,25.314183724382964,9,9,NA,FALSE,TRUE,TRUE,FALSE,FALSE,inference
114,Tomatoes,7835,Galenbindunuwewa,North Central,Anuradhapura,2023-06-01,332,NA,NA,5.805134968916488,NA,NA,NA,NA,6,6,34.4578313253012,TRUE,TRUE,FALSE,FALSE,FALSE,train
114,Tomatoes,7835,Galenbindunuwewa,North Central,Anuradhapura,2023-07-01,446.4,34.4578313253012,34.4578313253012,6.101215411067101,0.2960804421506129,NA,NA,NA,7,7,44.89247311827956,TRUE,TRUE,FALSE,FALSE,FALSE,train
114,Tomatoes,7835,Galenbindunuwewa,North Central,Anuradhapura,2023-08-01,246,-44.89247311827956,44.89247311827956,5.5053315359323625,-0.5958838751347386,34.4578313253012,56.10913836127299,39.675152221790384,8,8,27.235772357723576,TRUE,TRUE,FALSE,FALSE,FALSE,train
114,Tomatoes,7835,Galenbindunuwewa,North Central,Anuradhapura,2023-09-01,179,-27.235772357723576,27.235772357723576,5.187385805840755,-0.31794573009160754,-44.89247311827956,41.66199433623507,35.52869226710145,9,9,18.435754189944134,TRUE,TRUE,FALSE,FALSE,FALSE,train
114,Tomatoes,7835,Galenbindunuwewa,North Central,Anuradhapura,2023-10-01,212,18.435754189944134,18.435754189944134,5.356586274672012,0.1692004688312574,-27.235772357723576,32.6805543428713,30.18799988864909,10,10,47.64150943396226,TRUE,TRUE,FALSE,FALSE,FALSE,train
114,Tomatoes,7835,Galenbindunuwewa,North Central,Anuradhapura,2023-11-01,313,47.64150943396226,47.64150943396226,5.746203190540153,0.3896169158681406,18.435754189944134,37.73917461798226,31.10434532720999,11,11,103.19488817891374,TRUE,TRUE,FALSE,FALSE,FALSE,train
114,Tomatoes,7835,Galenbindunuwewa,North Central,Anuradhapura,2023-12-01,636,103.19488817891374,103.19488817891374,6.455198563340122,0.7089953727999694,47.64150943396226,43.05667742234961,56.42405060094005,12,12,4.9056603773584975,FALSE,TRUE,FALSE,TRUE,FALSE,train
114,Tomatoes,7835,Galenbindunuwewa,North Central,Anuradhapura,2024-01-01,667.2,4.9056603773584975,4.9056603773584975,6.503089851044537,0.047891287704414864,103.19488817891374,49.283707562092076,51.91401933007817,1,1,14.433453237410065,TRUE,TRUE,FALSE,FALSE,FALSE,train
114,Tomatoes,7835,Galenbindunuwewa,North Central,Anuradhapura,2024-02-01,763.5,14.433453237410065,14.433453237410065,6.637913124658687,0.13482327361414992,4.9056603773584975,54.2066162497483,40.84466726456077,2,2,49.05042567125082,TRUE,TRUE,FALSE,FALSE,FALSE,train
114,Tomatoes,7835,Galenbindunuwewa,North Central,Anuradhapura,2024-03-01,389,-49.05042567125082,49.05042567125082,5.963579343618446,-0.6743337810402412,14.433453237410065,34.235072026014734,22.796513095339794,3,3,53.11053984575835,TRUE,TRUE,FALSE,FALSE,FALSE,train
114,Tomatoes,7835,Galenbindunuwewa,North Central,Anuradhapura,2024-04-01,182.4,-53.11053984575835,53.11053984575835,5.206202077640231,-0.7573772659782145,-49.05042567125082,37.878926441181555,38.86480625147308,4,4,1.3157894736842135,FALSE,TRUE,FALSE,TRUE,FALSE,train
114,Tomatoes,7835,Galenbindunuwewa,North Central,Anuradhapura,2024-05-01,180,-1.3157894736842135,1.3157894736842135,5.19295685089021,-0.013245226750020933,-53.11053984575835,28.803287387986195,34.49225166356446,5,5,190,TRUE,TRUE,FALSE,FALSE,FALSE,train
114,Tomatoes,7835,Galenbindunuwewa,North Central,Anuradhapura,2024-06-01,522,190,190,6.257667587882639,1.0647107369924287,-1.3157894736842135,128.05413051527637,81.47544310648085,6,6,28.735632183908045,TRUE,TRUE,FALSE,TRUE,FALSE,train
114,Tomatoes,7835,Galenbindunuwewa,North Central,Anuradhapura,2024-07-01,672,28.735632183908045,28.735632183908045,6.5102583405231496,0.25259075264051045,190,102.88425176924572,73.35047388586409,7,7,14.732142857142858,TRUE,TRUE,FALSE,FALSE,FALSE,train
114,Tomatoes,7835,Galenbindunuwewa,North Central,Anuradhapura,2024-12-01,573,-14.732142857142858,14.732142857142858,6.35088571671474,-0.15937262380840966,28.735632183908045,107.86634794428146,77.8225916803503,12,12,39.46247818499128,TRUE,TRUE,FALSE,FALSE,FALSE,train
114,Tomatoes,7835,Galenbindunuwewa,North Central,Anuradhapura,2025-01-01,346.88,-39.46247818499128,39.46247818499128,5.848978898811227,-0.5019068179035129,-14.732142857142858,34.5253993709361,27.64341774201406,1,1,16.939575645756456,TRUE,TRUE,FALSE,FALSE,FALSE,validation
114,Tomatoes,7835,Galenbindunuwewa,North Central,Anuradhapura,2025-02-01,288.12,-16.939575645756456,16.939575645756456,5.663377060021162,-0.1856018387900651,-39.46247818499128,13.685414277835754,23.71139889596353,2,2,11.758989310009717,TRUE,TRUE,FALSE,FALSE,FALSE,validation
114,Tomatoes,7835,Galenbindunuwewa,North Central,Anuradhapura,2025-03-01,322,11.758989310009717,11.758989310009717,5.7745515455444085,0.1111744855232466,-16.939575645756456,25.672707627795592,22.720347713585817,3,3,27.32919254658385,TRUE,TRUE,FALSE,FALSE,FALSE,validation
114,Tomatoes,7835,Galenbindunuwewa,North Central,Anuradhapura,2025-04-01,410,27.32919254658385,27.32919254658385,6.016157159698354,0.24160561415394533,11.758989310009717,22.45648642974421,18.675919167450008,4,4,24.329268292682926,TRUE,TRUE,FALSE,FALSE,FALSE,test
114,Tomatoes,7835,Galenbindunuwewa,North Central,Anuradhapura,2025-06-01,509.75,24.329268292682926,24.329268292682926,6.233920409454565,0.21776324975621097,27.32919254658385,8.260777687962177,21.139150049758832,6,6,52.52574791564492,TRUE,TRUE,FALSE,FALSE,FALSE,test
114,Tomatoes,7835,Galenbindunuwewa,North Central,Anuradhapura,2025-07-01,242,-52.52574791564492,52.52574791564492,5.488937726156687,-0.7449826832978781,24.329268292682926,45.26312807377469,34.72806958497057,7,7,13.016528925619834,TRUE,TRUE,FALSE,TRUE,FALSE,test
114,Tomatoes,7835,Galenbindunuwewa,North Central,Anuradhapura,2025-08-01,210.5,-13.016528925619834,13.016528925619834,5.349485653122436,-0.139452073034251,-52.52574791564492,38.43258268590746,29.957181711315894,8,8,4.133016627078379,FALSE,TRUE,FALSE,FALSE,FALSE,test
114,Tomatoes,7835,Galenbindunuwewa,North Central,Anuradhapura,2025-09-01,219.2,4.133016627078379,4.133016627078379,5.389984555073861,0.040498901951425026,-13.016528925619834,29.05540941423699,23.225097822781045,9,9,NA,FALSE,TRUE,TRUE,FALSE,FALSE,inference
114,Tomatoes,7836,Bandarawela,Uva,Badulla,2023-06-01,253,NA,NA,5.53338948872752,NA,NA,NA,NA,6,6,21.73913043478261,TRUE,TRUE,FALSE,FALSE,FALSE,train
114,Tomatoes,7836,Bandarawela,Uva,Badulla,2023-07-01,308,21.73913043478261,21.73913043478261,5.730099782973574,0.19671029424605369,NA,NA,NA,7,7,37.33766233766234,TRUE,TRUE,FALSE,FALSE,FALSE,train
114,Tomatoes,7836,Bandarawela,Uva,Badulla,2023-08-01,193,-37.33766233766234,37.33766233766234,5.262690188904886,-0.46740959406868843,21.73913043478261,41.77360078014824,29.538396386222473,8,8,5.181347150259067,FALSE,TRUE,FALSE,FALSE,FALSE,train
114,Tomatoes,7836,Bandarawela,Uva,Badulla,2023-09-01,183,-5.181347150259067,5.181347150259067,5.209486152841421,-0.053204036063464244,-37.33766233766234,29.577041107692402,21.419379974234673,9,9,2.73224043715847,FALSE,TRUE,FALSE,FALSE,FALSE,train
114,Tomatoes,7836,Bandarawela,Uva,Badulla,2023-10-01,188,2.73224043715847,2.73224043715847,5.236441962829949,0.026955809988527868,-5.181347150259067,21.222042720243117,15.083749975026624,10,10,34.57446808510638,TRUE,TRUE,FALSE,FALSE,FALSE,train
114,Tomatoes,7836,Bandarawela,Uva,Badulla,2023-11-01,253,34.57446808510638,34.57446808510638,5.53338948872752,0.2969475258975711,2.73224043715847,21.043911134878513,14.16268522417464,11,11,110.67193675889328,TRUE,TRUE,FALSE,FALSE,FALSE,train
114,Tomatoes,7836,Bandarawela,Uva,Badulla,2023-12-01,533,110.67193675889328,110.67193675889328,6.278521424165844,0.7451319354383239,34.57446808510638,55.461293172461055,49.32621509371938,12,12,7.4671669793620925,FALSE,TRUE,FALSE,TRUE,FALSE,train
114,Tomatoes,7836,Bandarawela,Uva,Badulla,2024-01-01,572.8,7.4671669793620925,7.4671669793620925,6.350536615646436,0.07201519148059177,110.67193675889328,53.50522562803484,50.90452394112059,1,1,29.18994413407822,TRUE,TRUE,FALSE,FALSE,FALSE,train
114,Tomatoes,7836,Bandarawela,Uva,Badulla,2024-02-01,740,29.18994413407822,29.18994413407822,6.606650186198215,0.2561135705517792,7.4671669793620925,54.40958658586724,49.1096826241112,2,2,75.67567567567568,TRUE,TRUE,FALSE,FALSE,FALSE,train
114,Tomatoes,7836,Bandarawela,Uva,Badulla,2024-05-01,180,-75.67567567567568,75.67567567567568,5.19295685089021,-1.4136933353080048,29.18994413407822,55.349510010113114,37.44426226303867,5,5,121.38888888888889,TRUE,TRUE,FALSE,FALSE,FALSE,train
114,Tomatoes,7836,Bandarawela,Uva,Badulla,2024-06-01,398.5,121.38888888888889,121.38888888888889,5.98770749823027,0.7947506473400594,-75.67567567567568,98.60010669281408,75.41816956621426,6,6,7.252195734002504,FALSE,TRUE,FALSE,TRUE,FALSE,train
114,Tomatoes,7836,Bandarawela,Uva,Badulla,2024-07-01,369.6,-7.252195734002504,7.252195734002504,5.912421339767529,-0.075286158462740893,121.38888888888889,100.05393867584948,68.10558676618902,7,7,20.72510822510823,TRUE,TRUE,FALSE,FALSE,FALSE,train
114,Tomatoes,7836,Bandarawela,Uva,Badulla,2024-08-01,293,-20.72510822510823,20.72510822510823,5.680172609017068,-0.23224873075046126,-7.252195734002504,78.45002251929152,49.78873094933321,8,8,19.453924914675767,TRUE,TRUE,FALSE,FALSE,FALSE,train
114,Tomatoes,7836,Bandarawela,Uva,Badulla,2024-09-01,236,-19.453924914675767,19.453924914675767,5.4638318050256105,-0.21634080399145716,-20.72510822510823,7.438833611530419,15.8104096245955,9,9,16.949152542372882,TRUE,TRUE,FALSE,FALSE,FALSE,train
114,Tomatoes,7836,Bandarawela,Uva,Badulla,2024-10-01,276,16.949152542372882,16.949152542372882,5.62040086571715,0.15656906069153909,-19.453924914675767,21.393729142472147,19.04272856071896,10,10,2.536231884057971,FALSE,TRUE,FALSE,FALSE,FALSE,train
114,Tomatoes,7836,Bandarawela,Uva,Badulla,2024-11-01,283,2.536231884057971,2.536231884057971,5.645446897643238,0.02504603192608812,16.949152542372882,18.332499948996134,12.979769780368873,11,11,30.742049469964666,TRUE,TRUE,FALSE,FALSE,FALSE,train
114,Tomatoes,7836,Bandarawela,Uva,Badulla,2024-12-01,370,30.742049469964666,30.742049469964666,5.91350300563827,0.2680561079950321,2.536231884057971,14.104044533676,16.742477965465174,12,12,7.297297297297297,FALSE,TRUE,FALSE,FALSE,FALSE,train
114,Tomatoes,7836,Bandarawela,Uva,Badulla,2025-01-01,343,-7.297297297297297,7.297297297297297,5.8377304471659395,-0.07577255847233033,30.742049469964666,19.74528781055543,13.525192883773311,1,1,27.113702623906704,TRUE,TRUE,FALSE,FALSE,FALSE,validation
114,Tomatoes,7836,Bandarawela,Uva,Badulla,2025-02-01,250,-27.113702623906704,27.113702623906704,5.521460917862246,-0.31626952930369345,-7.297297297297297,29.40229546848335,21.717683130389556,2,2,25.44000000000001,TRUE,TRUE,FALSE,FALSE,FALSE,validation
114,Tomatoes,7836,Bandarawela,Uva,Badulla,2025-03-01,313.6,25.44000000000001,25.44000000000001,5.7481182884762525,0.22665737061400648,-27.113702623906704,26.5402593992665,19.950333307068004,3,3,78.89030612244896,TRUE,TRUE,FALSE,FALSE,FALSE,validation
114,Tomatoes,7836,Bandarawela,Uva,Badulla,2025-04-01,561,78.89030612244896,78.89030612244896,6.329720905522696,0.5816026170464434,25.44000000000001,53.00263634066229,43.814669582118555,4,4,28.609625668449198,TRUE,TRUE,FALSE,TRUE,FALSE,test
114,Tomatoes,7836,Bandarawela,Uva,Badulla,2025-05-01,721.5,28.609625668449198,28.609625668449198,6.581332378213926,0.25161147269122974,78.89030612244896,29.986465220103415,44.313310596966055,5,5,49.133749133749134,TRUE,TRUE,FALSE,FALSE,FALSE,test
114,Tomatoes,7836,Bandarawela,Uva,Badulla,2025-06-01,367,-49.133749133749134,49.133749133749134,5.905361848054571,-0.675970530159355,28.609625668449198,64.50108251907403,52.21122697488243,6,6,67.98365122615805,TRUE,TRUE,FALSE,FALSE,FALSE,test
114,Tomatoes,7836,Bandarawela,Uva,Badulla,2025-07-01,117.5,-67.98365122615805,67.98365122615805,4.7664383335842135,-1.1389235144703571,-49.133749133749134,51.20158245563437,48.57567534278546,7,7,60,TRUE,TRUE,FALSE,TRUE,FALSE,test
114,Tomatoes,7836,Bandarawela,Uva,Badulla,2025-08-01,188,60,60,5.236441962829949,0.4700036292457357,-67.98365122615805,69.09571741439595,59.03913345330239,8,8,8.085106382978717,FALSE,TRUE,FALSE,TRUE,FALSE,test
114,Tomatoes,7836,Bandarawela,Uva,Badulla,2025-09-01,203.2,8.085106382978717,8.085106382978717,5.314190715704327,0.07774875287437766,60,64.37057692849416,45.35625253637892,9,9,NA,FALSE,TRUE,TRUE,FALSE,FALSE,inference
114,Tomatoes,7837,Dehiattakandiya,Eastern,Ampara,2023-06-01,318.33,NA,NA,5.7630885805536085,NA,NA,NA,NA,6,6,56.651902114158275,TRUE,TRUE,FALSE,FALSE,FALSE,train
114,Tomatoes,7837,Dehiattakandiya,Eastern,Ampara,2023-07-01,498.67,56.651902114158275,56.651902114158275,6.21194455433595,0.4488559737823419,NA,NA,NA,7,7,59.057091864359194,TRUE,TRUE,FALSE,TRUE,FALSE,train
114,Tomatoes,7837,Dehiattakandiya,Eastern,Ampara,2023-08-01,204.17,-59.057091864359194,59.057091864359194,5.318952980148108,-0.8929915741878425,56.651902114158275,81.8186142864831,57.854496989258735,8,8,18.36704706861929,TRUE,TRUE,FALSE,TRUE,FALSE,train
114,Tomatoes,7837,Dehiattakandiya,Eastern,Ampara,2023-09-01,166.67,-18.36704706861929,18.36704706861929,5.116015809554085,-0.20293717059402283,-59.057091864359194,58.69709500121233,44.69201368237892,9,9,15.599688006239877,TRUE,TRUE,FALSE,FALSE,FALSE,train
114,Tomatoes,7837,Dehiattakandiya,Eastern,Ampara,2023-10-01,192.67,15.599688006239877,15.599688006239877,5.260978880892669,0.14496307133858366,-18.36704706861929,37.37881221978586,31.007942313072785,10,10,76.4675351637515,TRUE,TRUE,FALSE,FALSE,FALSE,train
114,Tomatoes,7837,Dehiattakandiya,Eastern,Ampara,2023-11-01,340,76.4675351637515,76.4675351637515,5.8289456176102075,0.5679667367175387,15.599688006239877,48.04898871017676,36.81142341287023,11,11,112.74411764705884,TRUE,TRUE,FALSE,TRUE,FALSE,train
114,Tomatoes,7837,Dehiattakandiya,Eastern,Ampara,2023-12-01,723.33,112.74411764705884,112.74411764705884,6.583865549560847,0.7549199319506394,76.4675351637515,49.08822918055886,68.27044693901674,12,12,5.068226120857711,FALSE,TRUE,FALSE,TRUE,FALSE,train
114,Tomatoes,7837,Dehiattakandiya,Eastern,Ampara,2024-01-01,686.67,-5.068226120857711,5.068226120857711,6.531853827472666,-0.05201172208818061,112.74411764705884,60.33768743361362,64.75995964388936,1,1,12.074213231974614,TRUE,TRUE,FALSE,FALSE,FALSE,train
114,Tomatoes,7837,Dehiattakandiya,Eastern,Ampara,2024-02-01,769.58,12.074213231974614,12.074213231974614,6.645844911487828,0.11399108401516145,-5.068226120857711,63.650139075519014,43.295518999963726,2,2,50.622417422490194,TRUE,TRUE,FALSE,FALSE,FALSE,train
114,Tomatoes,7837,Dehiattakandiya,Eastern,Ampara,2024-03-01,380,-50.622417422490194,50.622417422490194,5.940171252720432,-0.7056736587673962,12.074213231974614,32.40348506856847,22.588285591774174,3,3,54.560526315789474,TRUE,TRUE,FALSE,TRUE,FALSE,train
114,Tomatoes,7837,Dehiattakandiya,Eastern,Ampara,2024-04-01,172.67,-54.560526315789474,54.560526315789474,5.151382258424339,-0.7887889942960928,-50.622417422490194,37.38663912789393,39.08571899008476,4,4,2.316557595413216,FALSE,TRUE,FALSE,TRUE,FALSE,train
114,Tomatoes,7837,Dehiattakandiya,Eastern,Ampara,2024-05-01,176.67,2.316557595413216,2.316557595413216,5.174283585624589,0.022901327200250066,-54.560526315789474,31.76225866192893,35.833167111230964,5,5,224.520292069961,TRUE,TRUE,FALSE,FALSE,FALSE,train
114,Tomatoes,7837,Dehiattakandiya,Eastern,Ampara,2024-06-01,573.33,224.520292069961,224.520292069961,6.351461467169,1.1771778815444112,2.316557595413216,147.4763288800034,93.79912532705455,6,6,29.534474037639757,TRUE,TRUE,FALSE,TRUE,FALSE,train
114,Tomatoes,7837,Dehiattakandiya,Eastern,Ampara,2024-07-01,404,-29.534474037639757,29.534474037639757,6.0014148779611505,-0.3500465892078495,224.520292069961,138.4032827239012,85.45710790100465,7,7,36.26237623762376,TRUE,TRUE,FALSE,FALSE,FALSE,train
114,Tomatoes,7837,Dehiattakandiya,Eastern,Ampara,2024-08-01,257.5,-36.26237623762376,36.26237623762376,5.551019720103791,-0.4503951578573595,-29.534474037639757,148.6588314114032,96.7723807817415,8,8,6.796116504854369,FALSE,TRUE,FALSE,FALSE,FALSE,train
114,Tomatoes,7837,Dehiattakandiya,Eastern,Ampara,2024-09-01,240,-6.796116504854369,6.796116504854369,5.480638923341991,-0.07038079676179976,-36.26237623762376,15.441060164058008,24.19765559337263,9,9,21.529166666666676,TRUE,TRUE,FALSE,FALSE,FALSE,train
114,Tomatoes,7837,Dehiattakandiya,Eastern,Ampara,2024-10-01,291.67,21.529166666666676,21.529166666666676,5.675623026195628,0.19498410285363654,-6.796116504854369,28.89764857978449,21.529219803048267,10,10,14.855830219083204,TRUE,TRUE,FALSE,FALSE,FALSE,train
114,Tomatoes,7837,Dehiattakandiya,Eastern,Ampara,2024-11-01,335,14.855830219083204,14.855830219083204,5.814130531825066,0.13850750562943848,21.529166666666676,14.808003933828772,14.39370446353475,11,11,26.17014925373135,TRUE,TRUE,FALSE,FALSE,FALSE,train
114,Tomatoes,7837,Dehiattakandiya,Eastern,Ampara,2024-12-01,422.67,26.17014925373135,26.17014925373135,6.046591732733295,0.23246120090822853,14.855830219083204,5.687500240789516,20.851715379827077,12,12,13.168665862256598,TRUE,TRUE,FALSE,FALSE,FALSE,train
114,Tomatoes,7837,Dehiattakandiya,Eastern,Ampara,2025-01-01,478.33,13.168665862256598,13.168665862256598,6.170300870860216,0.1237091381269213,26.17014925373135,7.069876344552066,18.06488177835705,1,1,37.6309242573119,TRUE,TRUE,FALSE,FALSE,FALSE,validation
114,Tomatoes,7837,Dehiattakandiya,Eastern,Ampara,2025-02-01,298.33,-37.6309242573119,37.6309242573119,5.698200256359968,-0.4721006145002482,13.168665862256598,33.71501620904375,25.656579791099947,2,2,3.6871920356652033,FALSE,TRUE,FALSE,FALSE,FALSE,validation
114,Tomatoes,7837,Dehiattakandiya,Eastern,Ampara,2025-03-01,309.33,3.6871920356652033,3.6871920356652033,5.734408668197962,0.03620841183799417,-37.6309242573119,27.011366237939164,18.162260718411233,3,3,124.1392687421201,TRUE,TRUE,FALSE,FALSE,FALSE,validation
114,Tomatoes,7837,Dehiattakandiya,Eastern,Ampara,2025-04-01,693.33,124.1392687421201,124.1392687421201,6.541506076323389,0.8070974081254274,3.6871920356652033,84.04907778590945,55.15246167836573,4,4,31.009764470021487,TRUE,TRUE,FALSE,TRUE,FALSE,test
114,Tomatoes,7837,Dehiattakandiya,Eastern,Ampara,2025-05-01,908.33,31.009764470021487,31.009764470021487,6.811607748697731,0.27010167237434146,124.1392687421201,63.151049494175965,52.945408415935596,5,5,52.44019244107319,TRUE,TRUE,FALSE,FALSE,FALSE,test
114,Tomatoes,7837,Dehiattakandiya,Eastern,Ampara,2025-06-01,432,-52.44019244107319,52.44019244107319,6.068425588244111,-0.7431821604536202,31.009764470021487,88.33393646288805,69.19640855107158,6,6,62.38425925925926,TRUE,TRUE,FALSE,TRUE,FALSE,test
114,Tomatoes,7837,Dehiattakandiya,Eastern,Ampara,2025-07-01,162.5,-62.38425925925926,62.38425925925926,5.090678001769792,-0.9777475864743188,-52.44019244107319,51.29201276627379,48.61140539011798,7,7,37.950769230769225,TRUE,TRUE,FALSE,TRUE,FALSE,test
114,Tomatoes,7837,Dehiattakandiya,Eastern,Ampara,2025-08-01,224.17,37.950769230769225,37.950769230769225,5.412404692585804,0.32172669081601235,-62.38425925925926,55.2818963117521,50.92507364370056,8,8,10.188696078868704,TRUE,TRUE,FALSE,FALSE,FALSE,test
114,Tomatoes,7837,Dehiattakandiya,Eastern,Ampara,2025-09-01,201.33,-10.188696078868704,10.188696078868704,5.304945352838257,-0.10745933974754696,37.950769230769225,50.18117654743793,36.84124152296573,9,9,NA,FALSE,TRUE,TRUE,FALSE,FALSE,inference
114,Tomatoes,7839,Keppetipola (DEC},Uva,Badulla,2023-06-01,250,NA,NA,5.521460917862246,NA,NA,NA,NA,6,6,46.24000000000001,TRUE,TRUE,FALSE,FALSE,FALSE,train
114,Tomatoes,7839,Keppetipola (DEC},Uva,Badulla,2023-07-01,365.6,46.24000000000001,46.24000000000001,5.901539839579995,0.3800789217177494,NA,NA,NA,7,7,39.68818380743983,TRUE,TRUE,FALSE,FALSE,FALSE,train
114,Tomatoes,7839,Keppetipola (DEC},Uva,Badulla,2023-08-01,220.5,-39.68818380743983,39.68818380743983,5.395897694886901,-0.5056421446930948,46.24000000000001,60.760401465284794,42.96409190371992,8,8,7.029478458049887,FALSE,TRUE,FALSE,FALSE,FALSE,train
114,Tomatoes,7839,Keppetipola (DEC},Uva,Badulla,2023-09-01,205,-7.029478458049887,7.029478458049887,5.3230099791384085,-0.07288771574849218,-39.68818380743983,43.374111216131524,30.985887421829908,9,9,0.4878048780487805,FALSE,TRUE,FALSE,FALSE,FALSE,train
114,Tomatoes,7839,Keppetipola (DEC},Uva,Badulla,2023-10-01,204,-0.4878048780487805,0.4878048780487805,5.318119993844216,-0.004889985294192378,-7.029478458049887,21.00021522323601,15.735155714512832,10,10,23.284313725490197,TRUE,TRUE,FALSE,FALSE,FALSE,train
114,Tomatoes,7839,Keppetipola (DEC},Uva,Badulla,2023-11-01,251.5,23.284313725490197,23.284313725490197,5.527442989539794,0.20932299569557777,-0.4878048780487805,15.952184347161072,10.267199020529622,11,11,108.74751491053678,TRUE,TRUE,FALSE,FALSE,FALSE,train
114,Tomatoes,7839,Keppetipola (DEC},Uva,Badulla,2023-12-01,525,108.74751491053678,108.74751491053678,6.263398262591624,0.7359552730518297,23.284313725490197,57.44769718188743,44.17321117135859,12,12,14.514285714285723,TRUE,TRUE,FALSE,TRUE,FALSE,train
114,Tomatoes,7839,Keppetipola (DEC},Uva,Badulla,2024-01-01,601.2,14.514285714285723,14.514285714285723,6.3989276578788195,0.13552939528719588,108.74751491053678,52.05889874758244,48.84870478343757,1,1,20.093147039254816,TRUE,TRUE,FALSE,FALSE,FALSE,train
114,Tomatoes,7839,Keppetipola (DEC},Uva,Badulla,2024-02-01,722,20.093147039254816,20.093147039254816,6.582025138892826,0.18309748101400647,14.514285714285723,52.86874016702909,47.78498255469244,2,2,54.986149584487535,TRUE,TRUE,FALSE,FALSE,FALSE,train
114,Tomatoes,7839,Keppetipola (DEC},Uva,Badulla,2024-03-01,325,-54.986149584487535,54.986149584487535,5.783825182329737,-0.7981999565630886,20.093147039254816,41.829684399793756,29.864527446009358,3,3,61.69230769230769,TRUE,TRUE,FALSE,TRUE,FALSE,train
114,Tomatoes,7839,Keppetipola (DEC},Uva,Badulla,2024-04-01,124.5,-61.69230769230769,61.69230769230769,4.824305715904762,-0.9595194664249753,-54.986149584487535,45.40692668109025,45.59053477201668,4,4,5.622489959839357,FALSE,TRUE,FALSE,TRUE,FALSE,train
114,Tomatoes,7839,Keppetipola (DEC},Uva,Badulla,2024-05-01,131.5,5.622489959839357,5.622489959839357,4.879006851617819,0.05470113571305735,-61.69230769230769,37.08023221549619,40.766982412211526,5,5,223.95437262357413,TRUE,TRUE,FALSE,FALSE,FALSE,train
114,Tomatoes,7839,Keppetipola (DEC},Uva,Badulla,2024-06-01,426,223.95437262357413,223.95437262357413,6.054439346269371,1.1754324946515515,5.622489959839357,149.32856332370127,97.0897234252404,6,6,17.46478873239436,TRUE,TRUE,FALSE,TRUE,FALSE,train
114,Tomatoes,7839,Keppetipola (DEC},Uva,Badulla,2024-07-01,351.6,-17.46478873239436,17.46478873239436,5.862494165811022,-0.19194518045834918,223.95437262357413,133.21977136466572,82.34721710526928,7,7,25.341296928327647,TRUE,TRUE,FALSE,FALSE,FALSE,train
114,Tomatoes,7839,Keppetipola (DEC},Uva,Badulla,2024-08-01,262.5,-25.341296928327647,25.341296928327647,5.570251082031678,-0.2922430837793435,-17.46478873239436,141.7119035864141,88.92015276143205,8,8,5.37142857142857,FALSE,TRUE,FALSE,FALSE,FALSE,train
114,Tomatoes,7839,Keppetipola (DEC},Uva,Badulla,2024-09-01,248.4,-5.37142857142857,5.37142857142857,5.515040350059324,-0.05521073197235449,-25.341296928327647,10.058863285144085,16.05917141071686,9,9,10.909822866344603,TRUE,TRUE,FALSE,FALSE,FALSE,train
114,Tomatoes,7839,Keppetipola (DEC},Uva,Badulla,2024-10-01,275.5,10.909822866344603,10.909822866344603,5.6185876285929695,0.10354727853364576,-5.37142857142857,18.15680991134157,13.874182788700274,10,10,4.718693284936479,FALSE,TRUE,FALSE,FALSE,FALSE,train
114,Tomatoes,7839,Keppetipola (DEC},Uva,Badulla,2024-11-01,288.5,4.718693284936479,4.718693284936479,5.664695085948154,0.046107457355184955,10.909822866344603,8.218067422353359,6.999981574236551,11,11,22.0103986135182,TRUE,TRUE,FALSE,FALSE,FALSE,train
114,Tomatoes,7839,Keppetipola (DEC},Uva,Badulla,2024-12-01,352,22.0103986135182,22.0103986135182,5.863631175598097,0.19893608964994236,4.718693284936479,8.761239834093372,12.54630492159976,12,12,13.210227272727273,TRUE,TRUE,FALSE,FALSE,FALSE,train
114,Tomatoes,7839,Keppetipola (DEC},Uva,Badulla,2025-01-01,305.5,-13.210227272727273,13.210227272727273,5.72194977861165,-0.14168139698644655,22.0103986135182,17.611273630605595,13.313106390393983,1,1,35.84288052373159,TRUE,TRUE,FALSE,FALSE,FALSE,validation
114,Tomatoes,7839,Keppetipola (DEC},Uva,Badulla,2025-02-01,196,-35.84288052373159,35.84288052373159,5.278114659230517,-0.4438351193811334,-13.210227272727273,29.153991687622018,23.687835469992354,2,2,48.77551020408164,TRUE,TRUE,FALSE,FALSE,FALSE,validation
114,Tomatoes,7839,Keppetipola (DEC},Uva,Badulla,2025-03-01,291.6,48.77551020408164,48.77551020408164,5.675383000134503,0.39726834090398633,-35.84288052373159,43.80780123275027,32.6095393335135,3,3,35.716735253772285,TRUE,TRUE,FALSE,FALSE,FALSE,validation
114,Tomatoes,7839,Keppetipola (DEC},Uva,Badulla,2025-04-01,395.75,35.716735253772285,35.716735253772285,5.9807826987611215,0.3053996986266183,48.77551020408164,45.55506240216645,40.11170866052851,4,4,48.07327858496526,TRUE,TRUE,FALSE,FALSE,FALSE,test
114,Tomatoes,7839,Keppetipola (DEC},Uva,Badulla,2025-05-01,586,48.07327858496526,48.07327858496526,6.373319789577012,0.3925370908158907,35.716735253772285,7.345167294956182,44.18850801427306,5,5,51.02389078498293,TRUE,TRUE,FALSE,FALSE,FALSE,test
114,Tomatoes,7839,Keppetipola (DEC},Uva,Badulla,2025-06-01,287,-51.02389078498293,51.02389078498293,5.659482215759621,-0.7138375738173908,48.07327858496526,54.00134156640158,44.93796820790683,6,6,55.749128919860624,TRUE,TRUE,FALSE,TRUE,FALSE,test
114,Tomatoes,7839,Keppetipola (DEC},Uva,Badulla,2025-07-01,127,-55.749128919860624,55.749128919860624,4.844187086458591,-0.8152951293010302,-51.02389078498293,58.625462546385116,51.6154327632696,7,7,30.708661417322833,TRUE,TRUE,FALSE,TRUE,FALSE,test
114,Tomatoes,7839,Keppetipola (DEC},Uva,Badulla,2025-08-01,166,30.708661417322833,30.708661417322833,5.111987788356544,0.26780070189795246,-55.749128919860624,48.609819781127754,45.82722704072213,8,8,8.674698795180726,FALSE,TRUE,FALSE,FALSE,FALSE,test
114,Tomatoes,7839,Keppetipola (DEC},Uva,Badulla,2025-09-01,180.4,8.674698795180726,8.674698795180726,5.1951766076285235,0.08318881927197985,30.708661417322833,44.92748712514359,31.71082971078806,9,9,NA,FALSE,TRUE,TRUE,FALSE,FALSE,inference
114,Tomatoes,7840,Hanguranketha,Central,Nuwara Eliya,2023-06-01,222,NA,NA,5.402677381872279,NA,NA,NA,NA,6,6,55.49549549549549,TRUE,TRUE,FALSE,FALSE,FALSE,train
114,Tomatoes,7840,Hanguranketha,Central,Nuwara Eliya,2023-07-01,345.2,55.49549549549549,55.49549549549549,5.844123959209273,0.44144657733699333,NA,NA,NA,7,7,55.82271147161066,TRUE,TRUE,FALSE,TRUE,FALSE,train
114,Tomatoes,7840,Hanguranketha,Central,Nuwara Eliya,2023-08-01,152.5,-55.82271147161066,55.82271147161066,5.0271645960474665,-0.8169593631618062,55.49549549549549,78.71385901596834,55.659103483553075,8,8,12.131147540983607,TRUE,TRUE,FALSE,TRUE,FALSE,train
114,Tomatoes,7840,Hanguranketha,Central,Nuwara Eliya,2023-09-01,134,-12.131147540983607,12.131147540983607,4.897839799950911,-0.12932479609655534,-55.82271147161066,56.08633049365196,41.149784836029916,9,9,19.104477611940297,TRUE,TRUE,FALSE,FALSE,FALSE,train
114,Tomatoes,7840,Hanguranketha,Central,Nuwara Eliya,2023-10-01,159.6,19.104477611940297,19.104477611940297,5.072670685015709,0.1748308850647975,-12.131147540983607,37.635755829973355,29.019445541511523,10,10,49.74937343358397,TRUE,TRUE,FALSE,FALSE,FALSE,train
114,Tomatoes,7840,Hanguranketha,Central,Nuwara Eliya,2023-11-01,239,49.74937343358397,49.74937343358397,5.476463551931511,0.4037928669158024,19.104477611940297,30.94073042312044,26.994999528835958,11,11,128.76569037656904,TRUE,TRUE,FALSE,FALSE,FALSE,train
114,Tomatoes,7840,Hanguranketha,Central,Nuwara Eliya,2023-12-01,546.75,128.76569037656904,128.76569037656904,6.3039916595568775,0.8275281076253664,49.74937343358397,56.58072340789284,65.8731804740311,12,12,9.666209419295843,FALSE,TRUE,FALSE,TRUE,FALSE,train
114,Tomatoes,7840,Hanguranketha,Central,Nuwara Eliya,2024-01-01,599.6,9.666209419295843,9.666209419295843,6.396262766228443,0.09227110667156513,128.76569037656904,60.60105162030671,62.72709107648295,1,1,21.831220813875913,TRUE,TRUE,FALSE,FALSE,FALSE,train
114,Tomatoes,7840,Hanguranketha,Central,Nuwara Eliya,2024-02-01,730.5,21.831220813875913,21.831220813875913,6.593729231190754,0.19746646496231168,9.666209419295843,65.53326718440628,53.42104020324693,2,2,57.90554414784394,TRUE,TRUE,FALSE,FALSE,FALSE,train
114,Tomatoes,7840,Hanguranketha,Central,Nuwara Eliya,2024-03-01,307.5,-57.90554414784394,57.90554414784394,5.728475087246572,-0.8652541439441821,21.831220813875913,42.957112466833486,29.800991460338565,3,3,56.3349593495935,TRUE,TRUE,FALSE,TRUE,FALSE,train
114,Tomatoes,7840,Hanguranketha,Central,Nuwara Eliya,2024-04-01,134.27,-56.3349593495935,56.3349593495935,4.899852698084617,-0.8286223891619553,-57.90554414784394,45.5894178958908,45.35724143710445,4,4,2.435391375586512,FALSE,TRUE,FALSE,TRUE,FALSE,train
114,Tomatoes,7840,Hanguranketha,Central,Nuwara Eliya,2024-05-01,131,-2.435391375586512,2.435391375586512,4.875197323201151,-0.024655374883465697,-56.3349593495935,31.582083562706543,38.89196495767465,5,5,40.458015267175576,TRUE,TRUE,FALSE,FALSE,FALSE,train
114,Tomatoes,7840,Hanguranketha,Central,Nuwara Eliya,2024-06-01,184,40.458015267175576,40.458015267175576,5.214935757608986,0.3397384344078347,-2.435391375586512,48.5006661403883,33.076121997451864,6,6,89.23913043478261,TRUE,TRUE,FALSE,FALSE,FALSE,train
114,Tomatoes,7840,Hanguranketha,Central,Nuwara Eliya,2024-07-01,348.2,89.23913043478261,89.23913043478261,5.8527770273340884,0.6378412697251026,40.458015267175576,45.86876111904581,44.04417902584823,7,7,50.89029293509478,TRUE,TRUE,FALSE,TRUE,FALSE,train
114,Tomatoes,7840,Hanguranketha,Central,Nuwara Eliya,2024-08-01,171,-50.89029293509478,50.89029293509478,5.14166355650266,-0.7111134708314282,89.23913043478261,71.13410562965636,60.19581287901765,8,8,5.964912280701748,FALSE,TRUE,FALSE,TRUE,FALSE,train
114,Tomatoes,7840,Hanguranketha,Central,Nuwara Eliya,2024-09-01,181.2,5.964912280701748,5.964912280701748,5.199601393608879,0.057937837106218915,-50.89029293509478,70.47856064468367,48.69811188352638,9,9,19.205298013245038,TRUE,TRUE,FALSE,FALSE,FALSE,train
114,Tomatoes,7840,Hanguranketha,Central,Nuwara Eliya,2024-10-01,216,19.205298013245038,19.205298013245038,5.375278407684165,0.17567701407528613,5.964912280701748,37.240690212172154,25.353501076347186,10,10,6.597222222222222,FALSE,TRUE,FALSE,FALSE,FALSE,train
114,Tomatoes,7840,Hanguranketha,Central,Nuwara Eliya,2024-11-01,230.25,6.597222222222222,6.597222222222222,5.439165675135416,0.06388726745125073,19.205298013245038,7.468502810256519,10.589144172056336,11,11,65.38545059717698,TRUE,TRUE,FALSE,FALSE,FALSE,train
114,Tomatoes,7840,Hanguranketha,Central,Nuwara Eliya,2024-12-01,380.8,65.38545059717698,65.38545059717698,5.942274302917211,0.5031086277817947,6.597222222222222,30.950567747332325,30.39599027754808,12,12,27.52100840336135,TRUE,TRUE,FALSE,TRUE,FALSE,train
114,Tomatoes,7840,Hanguranketha,Central,Nuwara Eliya,2025-01-01,276,-27.52100840336135,27.52100840336135,5.62040086571715,-0.3218734372000611,65.38545059717698,46.99595652909063,33.167893740920185,1,1,37.27536231884058,TRUE,TRUE,FALSE,FALSE,FALSE,validation
114,Tomatoes,7840,Hanguranketha,Central,Nuwara Eliya,2025-02-01,173.12,-37.27536231884058,37.27536231884058,5.153984995658116,-0.4664158700590333,-27.52100840336135,56.66568634383112,43.39394043979297,2,2,48.45194085027726,TRUE,TRUE,FALSE,FALSE,FALSE,validation
114,Tomatoes,7840,Hanguranketha,Central,Nuwara Eliya,2025-03-01,257,48.45194085027726,48.45194085027726,5.54907608489522,0.3950910892371038,-37.27536231884058,46.9329432049142,37.7494371908264,3,3,79.63813229571984,TRUE,TRUE,FALSE,FALSE,FALSE,validation
114,Tomatoes,7840,Hanguranketha,Central,Nuwara Eliya,2025-04-01,461.67,79.63813229571984,79.63813229571984,6.1348503501438705,0.5857742652486504,48.45194085027726,60.53995136617153,55.12181182161256,4,4,69.49336105876492,TRUE,TRUE,FALSE,TRUE,FALSE,test
114,Tomatoes,7840,Hanguranketha,Central,Nuwara Eliya,2025-05-01,782.5,69.49336105876492,69.49336105876492,6.662493922414308,0.5276435722704376,79.63813229571984,15.907211596799405,65.86114473492067,5,5,82.85367412140576,TRUE,TRUE,FALSE,TRUE,FALSE,test
114,Tomatoes,7840,Hanguranketha,Central,Nuwara Eliya,2025-08-01,134.17,-82.85367412140576,82.85367412140576,4.89910765260238,-1.763386269811928,69.49336105876492,91.02758067781703,77.32838915863017,8,8,18.260415890288442,TRUE,TRUE,FALSE,FALSE,FALSE,test
114,Tomatoes,7840,Hanguranketha,Central,Nuwara Eliya,2025-09-01,158.67,18.260415890288442,18.260415890288442,5.066826573745998,0.16771892114361808,-82.85367412140576,77.52256982939149,56.86915035681971,9,9,NA,FALSE,TRUE,TRUE,FALSE,FALSE,inference
114,Tomatoes,7841,Meegoda(DEC),Western,Colombo,2023-06-01,295,NA,NA,5.68697535633982,NA,NA,NA,NA,6,6,52.54237288135593,TRUE,TRUE,FALSE,FALSE,FALSE,train
114,Tomatoes,7841,Meegoda(DEC),Western,Colombo,2023-07-01,450,52.54237288135593,52.54237288135593,6.1092475827643655,0.4222722264245453,NA,NA,NA,7,7,44.888888888888886,TRUE,TRUE,FALSE,TRUE,FALSE,train
114,Tomatoes,7841,Meegoda(DEC),Western,Colombo,2023-08-01,248,-44.888888888888886,44.888888888888886,5.5134287461649825,-0.5958188365993831,52.54237288135593,68.89430589730173,48.71563088512241,8,8,13.709677419354838,TRUE,TRUE,FALSE,FALSE,FALSE,train
114,Tomatoes,7841,Meegoda(DEC),Western,Colombo,2023-09-01,214,-13.709677419354838,13.709677419354838,5.365976015021851,-0.1474527311431313,-44.888888888888886,49.75662127973824,37.04697972986655,9,9,9.158878504672895,FALSE,TRUE,FALSE,FALSE,FALSE,train
114,Tomatoes,7841,Meegoda(DEC),Western,Colombo,2023-10-01,233.6,9.158878504672895,9.158878504672895,5.453610250954072,0.08763423593222086,-13.709677419354838,27.130165370367315,22.585814937638872,10,10,37.62842465753425,TRUE,TRUE,FALSE,FALSE,FALSE,train
114,Tomatoes,7841,Meegoda(DEC),Western,Colombo,2023-11-01,321.5,37.62842465753425,37.62842465753425,5.772997543677674,0.31938729272360167,9.158878504672895,25.719922994497768,20.165660193853995,11,11,118.11819595645412,TRUE,TRUE,FALSE,FALSE,FALSE,train
114,Tomatoes,7841,Meegoda(DEC),Western,Colombo,2023-12-01,701.25,118.11819595645412,118.11819595645412,6.552864456836906,0.779866913159232,37.62842465753425,56.511431294120136,54.96849970622042,12,12,3.657754010695184,FALSE,TRUE,FALSE,TRUE,FALSE,train
114,Tomatoes,7841,Meegoda(DEC),Western,Colombo,2024-01-01,675.6,-3.657754010695184,3.657754010695184,6.5156011849336455,-0.037263271903260176,118.11819595645412,61.93078639790692,53.134791541561185,1,1,24.259917110716394,TRUE,TRUE,FALSE,FALSE,FALSE,train
114,Tomatoes,7841,Meegoda(DEC),Western,Colombo,2024-02-01,839.5,24.259917110716394,24.259917110716394,6.732806476517595,0.21720529158394974,-3.657754010695184,63.7941413965384,48.67862235928857,2,2,55.36033353186421,TRUE,TRUE,FALSE,FALSE,FALSE,train
114,Tomatoes,7841,Meegoda(DEC),Western,Colombo,2024-03-01,374.75,-55.36033353186421,55.36033353186421,5.926259136982707,-0.8065473395348883,24.259917110716394,40.39789062639587,27.75933488442526,3,3,50.26017344896598,TRUE,TRUE,FALSE,TRUE,FALSE,train
114,Tomatoes,7841,Meegoda(DEC),Western,Colombo,2024-04-01,186.4,-50.26017344896598,50.26017344896598,5.2278949022514904,-0.6983642347312164,-55.36033353186421,44.56949600022009,43.29347469718219,4,4,37.33905579399141,TRUE,TRUE,FALSE,TRUE,FALSE,train
114,Tomatoes,7841,Meegoda(DEC),Western,Colombo,2024-05-01,256,37.33905579399141,37.33905579399141,5.545177444479562,0.31728254222807184,-50.26017344896598,52.11016116238423,47.6531875916072,5,5,129.1015625,TRUE,TRUE,FALSE,FALSE,FALSE,train
114,Tomatoes,7841,Meegoda(DEC),Western,Colombo,2024-06-01,586.5,129.1015625,129.1015625,6.3741726680935304,0.8289952236139682,37.33905579399141,89.68892064942867,72.23359724765247,6,6,19.249786871270246,TRUE,TRUE,FALSE,TRUE,FALSE,train
114,Tomatoes,7841,Meegoda(DEC),Western,Colombo,2024-07-01,473.6,-19.249786871270246,19.249786871270246,6.160363083569796,-0.21380958452373466,129.1015625,74.8674134848185,61.89680172175389,7,7,32.960304054054056,TRUE,TRUE,FALSE,FALSE,FALSE,train
114,Tomatoes,7841,Meegoda(DEC),Western,Colombo,2024-08-01,317.5,-32.960304054054056,32.960304054054056,5.760477818332746,-0.3998852652370495,-19.249786871270246,89.8704157223797,60.43721780844143,8,8,5.007874015748024,FALSE,TRUE,FALSE,FALSE,FALSE,train
114,Tomatoes,7841,Meegoda(DEC),Western,Colombo,2024-09-01,301.6,-5.007874015748024,5.007874015748024,5.709101636133801,-0.05137618219894513,-32.960304054054056,13.977056844761064,19.07265498035744,9,9,26.714190981432356,TRUE,TRUE,FALSE,FALSE,FALSE,train
114,Tomatoes,7841,Meegoda(DEC),Western,Colombo,2024-10-01,382.17,26.714190981432356,26.714190981432356,5.945865535789805,0.23676389965600375,-5.007874015748024,29.857084894744894,21.56078968374481,10,10,4.7544286574037775,FALSE,TRUE,FALSE,FALSE,FALSE,train
114,Tomatoes,7841,Meegoda(DEC),Western,Colombo,2024-11-01,364,-4.7544286574037775,4.7544286574037775,5.8971538676367405,-0.04871166815306438,26.714190981432356,18.24201955289283,12.15883121819472,11,11,31.098901098901095,TRUE,TRUE,FALSE,FALSE,FALSE,train
114,Tomatoes,7841,Meegoda(DEC),Western,Colombo,2024-12-01,477.2,31.098901098901095,31.098901098901095,6.167935690223761,0.2707818225870202,-4.7544286574037775,19.55744086616955,20.85584024591241,12,12,10.938809723386418,TRUE,TRUE,FALSE,FALSE,FALSE,train
114,Tomatoes,7841,Meegoda(DEC),Western,Colombo,2025-01-01,425,-10.938809723386418,10.938809723386418,6.052089168924417,-0.11584652129934359,31.098901098901095,22.69683147843141,15.597379826563763,1,1,34.588235294117645,TRUE,TRUE,FALSE,FALSE,FALSE,validation
114,Tomatoes,7841,Meegoda(DEC),Western,Colombo,2025-02-01,278,-34.588235294117645,34.588235294117645,5.627621113690637,-0.4244680552337803,-10.938809723386418,33.269766927644866,25.54198203880172,2,2,31.79856115107913,TRUE,TRUE,FALSE,FALSE,FALSE,validation
114,Tomatoes,7841,Meegoda(DEC),Western,Colombo,2025-03-01,366.4,31.79856115107913,31.79856115107913,5.903725632799975,0.27610451910933786,-34.588235294117645,33.64764712265224,25.7752020561944,3,3,87.04421397379915,TRUE,TRUE,FALSE,FALSE,FALSE,validation
114,Tomatoes,7841,Meegoda(DEC),Western,Colombo,2025-04-01,685.33,87.04421397379915,87.04421397379915,6.529900474081888,0.6261748412819133,31.79856115107913,60.90120635501519,51.1436701396653,4,4,36.06583689609384,TRUE,TRUE,FALSE,TRUE,FALSE,test
114,Tomatoes,7841,Meegoda(DEC),Western,Colombo,2025-05-01,932.5,36.06583689609384,36.06583689609384,6.837869151517971,0.307968677436083,87.04421397379915,30.738376468645868,51.63620400699071,5,5,41.96246648793565,TRUE,TRUE,FALSE,FALSE,FALSE,test
114,Tomatoes,7841,Meegoda(DEC),Western,Colombo,2025-06-01,541.2,-41.96246648793565,41.96246648793565,6.293788896296633,-0.5440802552213384,36.06583689609384,64.97427011546314,55.02417245260955,6,6,63.04508499630452,TRUE,TRUE,FALSE,FALSE,FALSE,test
114,Tomatoes,7841,Meegoda(DEC),Western,Colombo,2025-07-01,200,-63.04508499630452,63.04508499630452,5.298317366548036,-0.9954715297485963,-41.96246648793565,52.21089887900267,47.02446279344467,7,7,16.5,TRUE,TRUE,FALSE,TRUE,FALSE,test
114,Tomatoes,7841,Meegoda(DEC),Western,Colombo,2025-08-01,233,16.5,16.5,5.4510384535657,0.15272108701766385,-63.04508499630452,41.21034930308107,40.50251716141339,8,8,11.244635193133043,TRUE,TRUE,FALSE,FALSE,FALSE,test
114,Tomatoes,7841,Meegoda(DEC),Western,Colombo,2025-09-01,259.2,11.244635193133043,11.244635193133043,5.557599964478119,0.10656151091241917,16.5,44.48595645846655,30.263240063145854,9,9,NA,FALSE,TRUE,TRUE,FALSE,FALSE,inference
114,Tomatoes,7842,Nikaweratiya,North Western,Kurunegala,2023-06-01,355,NA,NA,5.872117789475416,NA,NA,NA,NA,6,6,25.633802816901408,TRUE,TRUE,FALSE,FALSE,FALSE,train
114,Tomatoes,7842,Nikaweratiya,North Western,Kurunegala,2023-07-01,446,25.633802816901408,25.633802816901408,6.100318952020064,0.22820116254464828,NA,NA,NA,7,7,34.97757847533632,TRUE,TRUE,FALSE,FALSE,FALSE,train
114,Tomatoes,7842,Nikaweratiya,North Western,Kurunegala,2023-08-01,290,-34.97757847533632,34.97757847533632,5.66988092298052,-0.43043802903954465,25.633802816901408,42.85871872882475,30.305690646118865,8,8,21.551724137931036,TRUE,TRUE,FALSE,FALSE,FALSE,train
114,Tomatoes,7842,Nikaweratiya,North Western,Kurunegala,2023-09-01,227.5,-21.551724137931036,21.551724137931036,5.427150238391005,-0.24273068458951474,-34.97757847533632,31.834119695821833,27.387701810056257,9,9,15.164835164835164,TRUE,TRUE,FALSE,FALSE,FALSE,train
114,Tomatoes,7842,Nikaweratiya,North Western,Kurunegala,2023-10-01,262,15.164835164835164,15.164835164835164,5.568344503761097,0.14119426537009172,-21.551724137931036,25.957082968446294,23.898045926034175,10,10,27.862595419847327,TRUE,TRUE,FALSE,FALSE,FALSE,train
114,Tomatoes,7842,Nikaweratiya,North Western,Kurunegala,2023-11-01,335,27.862595419847327,27.862595419847327,5.814130531825066,0.24578602806396965,15.164835164835164,25.66162446106881,21.526384907537842,11,11,90.74626865671642,TRUE,TRUE,FALSE,FALSE,FALSE,train
114,Tomatoes,7842,Nikaweratiya,North Western,Kurunegala,2023-12-01,639,90.74626865671642,90.74626865671642,6.459904454377535,0.6457739225524683,27.862595419847327,40.47250623147926,44.5912330804663,12,12,3.599374021909233,FALSE,TRUE,FALSE,TRUE,FALSE,train
114,Tomatoes,7842,Nikaweratiya,North Western,Kurunegala,2024-01-01,662,3.599374021909233,3.599374021909233,6.495265555937008,0.035361101559473695,90.74626865671642,44.97710809744752,40.73607936615766,1,1,32.087613293051355,TRUE,TRUE,FALSE,FALSE,FALSE,train
114,Tomatoes,7842,Nikaweratiya,North Western,Kurunegala,2024-02-01,874.42,32.087613293051355,32.087613293051355,6.773560809427831,0.27829525349082296,3.599374021909233,44.4353441724289,42.14441865722567,2,2,51.396354154754,TRUE,TRUE,FALSE,FALSE,FALSE,train
114,Tomatoes,7842,Nikaweratiya,North Western,Kurunegala,2024-03-01,425,-51.396354154754,51.396354154754,6.052089168924417,-0.7214716405034141,32.087613293051355,42.4375673102608,29.027780489904863,3,3,46.8235294117647,TRUE,TRUE,FALSE,TRUE,FALSE,train
114,Tomatoes,7842,Nikaweratiya,North Western,Kurunegala,2024-04-01,226,-46.8235294117647,46.8235294117647,5.420534999272286,-0.631554169652131,-51.396354154754,46.93515382939914,43.43583228652335,4,4,1.7699115044247788,FALSE,TRUE,FALSE,FALSE,FALSE,train
114,Tomatoes,7842,Nikaweratiya,North Western,Kurunegala,2024-05-01,230,1.7699115044247788,1.7699115044247788,5.438079308923196,0.017544309650909362,-46.8235294117647,29.46434294291906,33.329931690314496,5,5,110.49130434782609,TRUE,TRUE,FALSE,FALSE,FALSE,train
114,Tomatoes,7842,Nikaweratiya,North Western,Kurunegala,2024-07-01,484.13,110.49130434782609,110.49130434782609,6.1823534656927635,0.7442741567695679,1.7699115044247788,80.54979896798014,53.028248421338525,7,7,29.87420734100345,TRUE,TRUE,FALSE,FALSE,FALSE,train
114,Tomatoes,7842,Nikaweratiya,North Western,Kurunegala,2024-08-01,339.5,-29.87420734100345,29.87420734100345,5.827473946998751,-0.3548795186940126,110.49130434782609,73.62536744784336,47.37847439775144,8,8,17.849779086892493,TRUE,TRUE,FALSE,FALSE,FALSE,train
114,Tomatoes,7842,Nikaweratiya,North Western,Kurunegala,2024-09-01,278.9,-17.849779086892493,17.849779086892493,5.630853294633443,-0.1966206523653078,-29.87420734100345,77.80156108513354,52.73843025857401,9,9,18.501254930082474,TRUE,TRUE,FALSE,FALSE,FALSE,train
114,Tomatoes,7842,Nikaweratiya,North Western,Kurunegala,2024-10-01,330.5,18.501254930082474,18.501254930082474,5.800606659291741,0.16975336465829827,-17.849779086892493,25.18653707467143,22.075080452659474,10,10,1.6641452344931922,FALSE,TRUE,FALSE,FALSE,FALSE,train
114,Tomatoes,7842,Nikaweratiya,North Western,Kurunegala,2024-11-01,336,1.6641452344931922,1.6641452344931922,5.817111159963204,0.016504500671462807,18.501254930082474,18.191935848178012,12.671726417156053,11,11,31.696428571428573,TRUE,TRUE,FALSE,FALSE,FALSE,train
114,Tomatoes,7842,Nikaweratiya,North Western,Kurunegala,2024-12-01,442.5,31.696428571428573,31.696428571428573,6.092440464447984,0.27532930448477977,1.6641452344931922,15.052900677037565,17.287276245334745,12,12,21.016949152542374,TRUE,TRUE,FALSE,FALSE,FALSE,train
114,Tomatoes,7842,Nikaweratiya,North Western,Kurunegala,2025-03-01,349.5,-21.016949152542374,21.016949152542374,5.856503561673865,-0.23593690277411916,31.696428571428573,26.441981380920314,18.125840986154714,3,3,75.3934191702432,TRUE,TRUE,FALSE,FALSE,FALSE,validation
114,Tomatoes,7842,Nikaweratiya,North Western,Kurunegala,2025-04-01,613,75.3934191702432,75.3934191702432,6.418364935936212,0.5618613742623468,-21.016949152542374,48.27540142867467,42.702265631404714,4,4,47.63458401305057,TRUE,TRUE,FALSE,TRUE,FALSE,test
114,Tomatoes,7842,Nikaweratiya,North Western,Kurunegala,2025-05-01,905,47.63458401305057,47.63458401305057,6.807934943699926,0.3895700077637141,75.3934191702432,49.62953598984829,48.01498411194538,5,5,46.78453038674033,TRUE,TRUE,FALSE,FALSE,FALSE,test
114,Tomatoes,7842,Nikaweratiya,North Western,Kurunegala,2025-06-01,481.6,-46.78453038674033,46.78453038674033,6.177113893994611,-0.6308210497053146,47.63458401305057,64.04812442124256,56.604177856678035,6,6,54.31893687707642,TRUE,TRUE,FALSE,FALSE,FALSE,test
114,Tomatoes,7842,Nikaweratiya,North Western,Kurunegala,2025-07-01,220,-54.31893687707642,54.31893687707642,5.393627546352362,-0.7834863476422491,-46.78453038674033,56.81293407182321,49.57935042562244,7,7,8.863636363636363,FALSE,TRUE,FALSE,TRUE,FALSE,test
114,Tomatoes,7842,Nikaweratiya,North Western,Kurunegala,2025-08-01,239.5,8.863636363636363,8.863636363636363,5.4785534168509695,0.08492587049860756,-54.31893687707642,34.509716760059966,36.65570120915103,8,8,3.2150313152400787,FALSE,TRUE,FALSE,FALSE,FALSE,test
114,Tomatoes,7842,Nikaweratiya,North Western,Kurunegala,2025-09-01,247.2,3.2150313152400787,3.2150313152400787,5.510197725583535,0.03164430873256574,8.863636363636363,34.96212664266218,22.132534851984285,9,9,NA,FALSE,TRUE,TRUE,FALSE,FALSE,inference
114,Tomatoes,7843,Mullativu,Northern,Mullattivu,2023-06-01,347.5,NA,NA,5.850764665004847,NA,NA,NA,NA,6,6,28.690647482014384,TRUE,TRUE,FALSE,FALSE,FALSE,train
114,Tomatoes,7843,Mullativu,Northern,Mullattivu,2023-07-01,447.2,28.690647482014384,28.690647482014384,6.103005921840889,0.2522412568360428,NA,NA,NA,7,7,34.14579606440071,TRUE,TRUE,FALSE,FALSE,FALSE,train
114,Tomatoes,7843,Mullativu,Northern,Mullattivu,2023-08-01,294.5,-34.14579606440071,34.14579606440071,5.685279003091641,-0.4177269187492483,28.690647482014384,44.43207533731579,31.41822177320755,8,8,26.6553480475382,TRUE,TRUE,FALSE,FALSE,FALSE,train
114,Tomatoes,7843,Mullativu,Northern,Mullattivu,2023-09-01,216,-26.6553480475382,26.6553480475382,5.375278407684165,-0.3100005954074758,-34.14579606440071,34.32128753949553,29.83059719798443,9,9,7.560185185185191,FALSE,TRUE,FALSE,FALSE,FALSE,train
114,Tomatoes,7843,Mullativu,Northern,Mullattivu,2024-05-01,199.67,-7.560185185185191,7.560185185185191,5.296666003798806,-0.0786124038853595,-26.6553480475382,13.708432697030977,22.787109765708035,5,5,207.75780037061156,TRUE,TRUE,FALSE,FALSE,FALSE,train
114,Tomatoes,7843,Mullativu,Northern,Mullattivu,2024-06-01,614.5,207.75780037061156,207.75780037061156,6.42080892900609,1.124142925207284,-7.560185185185191,130.17679279852175,80.65777786777832,6,6,20.716029292107407,TRUE,TRUE,FALSE,TRUE,FALSE,train
114,Tomatoes,7843,Mullativu,Northern,Mullattivu,2024-07-01,487.2,-20.716029292107407,20.716029292107407,6.1886747163956874,-0.23213421261040246,207.75780037061156,128.28042327827544,78.67800494930138,7,7,37.5,TRUE,TRUE,FALSE,FALSE,FALSE,train
114,Tomatoes,7843,Mullativu,Northern,Mullattivu,2024-08-01,304.5,-37.5,37.5,5.718671087149952,-0.4700036292457357,-20.716029292107407,137.01178851720707,88.65794322090632,8,8,7.389162561576355,FALSE,TRUE,FALSE,FALSE,FALSE,train
114,Tomatoes,7843,Mullativu,Northern,Mullattivu,2024-09-01,282,-7.389162561576355,7.389162561576355,5.641907070938114,-0.07676401621183793,-37.5,15.088459059934445,21.868397284561254,9,9,31.73758865248227,TRUE,TRUE,FALSE,FALSE,FALSE,train
114,Tomatoes,7843,Mullativu,Northern,Mullattivu,2024-10-01,371.5,31.73758865248227,31.73758865248227,5.917548864157814,0.27564179321969995,-7.389162561576355,34.71649193639904,25.542250404686207,10,10,3.3647375504710633,FALSE,TRUE,FALSE,FALSE,FALSE,train
114,Tomatoes,7843,Mullativu,Northern,Mullattivu,2024-11-01,359,-3.3647375504710633,3.3647375504710633,5.883322388488279,-0.034226475669535183,31.73758865248227,21.52236031857485,14.163829588176563,11,11,28.27298050139276,TRUE,TRUE,FALSE,FALSE,FALSE,train
114,Tomatoes,7843,Mullativu,Northern,Mullattivu,2024-12-01,460.5,28.27298050139276,28.27298050139276,6.1323128556953614,0.24899046720708284,-3.3647375504710633,19.34391384918596,21.12510223478203,12,12,9.229098805646037,FALSE,TRUE,FALSE,FALSE,FALSE,train
114,Tomatoes,7843,Mullativu,Northern,Mullattivu,2025-01-01,418,-9.229098805646037,9.229098805646037,6.035481432524756,-0.09683142317060511,28.27298050139276,20.173174798941353,13.622272285836619,1,1,25.598086124401913,TRUE,TRUE,FALSE,FALSE,FALSE,validation
114,Tomatoes,7843,Mullativu,Northern,Mullattivu,2025-02-01,311,-25.598086124401913,25.598086124401913,5.739792912179234,-0.2956885203455224,-9.229098805646037,27.61775249603603,21.033388477146904,2,2,8.424437299035366,FALSE,TRUE,FALSE,FALSE,FALSE,validation
114,Tomatoes,7843,Mullativu,Northern,Mullattivu,2025-03-01,284.8,-8.424437299035366,8.424437299035366,5.651787179537821,-0.0880057326414132,-25.598086124401913,9.691279928874422,14.41720740969444,3,3,121.73455056179775,TRUE,TRUE,FALSE,FALSE,FALSE,validation
114,Tomatoes,7843,Mullativu,Northern,Mullattivu,2025-04-01,631.5,121.73455056179775,121.73455056179775,6.448097941790546,0.796310762252725,-8.424437299035366,80.56384855901686,51.919024661745006,4,4,51.93982581155978,TRUE,TRUE,FALSE,TRUE,FALSE,test
114,Tomatoes,7843,Mullativu,Northern,Mullattivu,2025-05-01,959.5,51.93982581155978,51.93982581155978,6.8664123154477545,0.4183143736572088,121.73455056179775,65.1364081304293,60.6996045574643,5,5,41.01094319958312,TRUE,TRUE,FALSE,TRUE,FALSE,test
114,Tomatoes,7843,Mullativu,Northern,Mullattivu,2025-06-01,566,-41.01094319958312,41.01094319958312,6.338594078203183,-0.5278182372445714,51.93982581155978,81.64684603253207,71.56177319098022,6,6,57.06713780918728,TRUE,TRUE,FALSE,FALSE,FALSE,test
114,Tomatoes,7843,Mullativu,Northern,Mullattivu,2025-07-01,243,-57.06713780918728,57.06713780918728,5.493061443340548,-0.8455326348626349,-41.01094319958312,58.85032563336586,50.00596894011006,7,7,14.814814814814815,TRUE,TRUE,FALSE,TRUE,FALSE,test
114,Tomatoes,7843,Mullativu,Northern,Mullattivu,2025-08-01,207,-14.814814814814815,14.814814814814815,5.332718793265369,-0.16034265007517945,-57.06713780918728,21.327983676043708,37.63096527452841,8,8,15.458937198067632,TRUE,TRUE,FALSE,FALSE,FALSE,test
114,Tomatoes,7843,Mullativu,Northern,Mullattivu,2025-09-01,239,15.458937198067632,15.458937198067632,5.476463551931511,0.14374475866614222,-14.814814814814815,36.42753174755839,29.113629940689908,9,9,NA,FALSE,TRUE,TRUE,FALSE,FALSE,inference
